480.51,164.9,". The AI's re",3,6063.3000000119,0,1763412217465
482.59,163.04,". The AI's re",3,6172.3000000119,1,1763412217574
481.77,157.22,". The AI's re",3,6266.400000006,1,1763412217668
470.55,148.73,". The AI's r",2,6353.7000000179,1,1763412217755
450.27,135.07,". The AI's",0,6422.5,1,1763412217824
481.91,117.18,". The AI's re",3,6512.8000000119,1,1763412217915
569.68,43.16,"patiently. It might",36,6587.1000000238,1,1763412217989
-1,-1,,,6692.8000000119,1,1763412218094
-1,-1,,,6765.1000000238,1,1763412218167
-1,-1,,,6866.3000000119,1,1763412218268
-1,-1,,,6942.6000000238,1,1763412218344
-1,-1,,,7034.5,1,1763412218436
-1,-1,,,7112.6000000238,1,1763412218514
-1,-1,,,7196.5,1,1763412218598
-1,-1,,,7274.400000006,1,1763412218676
-1,-1,,,7381.7000000179,1,1763412218783
-1,-1,,,7480.900000006,1,1763412218883
-1,-1,,,7555.400000006,1,1763412218957
-1,-1,,,7660.3000000119,1,1763412219062
-1,-1,,,7737.1000000238,1,1763412219139
-1,-1,,,7814.3000000119,1,1763412219216
-1,-1,,,7902.2000000179,1,1763412219304
-1,-1,,,7998.6000000238,1,1763412219400
-1,-1,,,8030.5,1,1763412220417
-1,-1,,,8159.7000000179,1,1763412223331
-1,-1,,,8273,1,1763412223444
-1,-1,,,8381.8000000119,1,1763412223553
-1,-1,,,8493.1000000238,1,1763412223664
-1,-1,,,8591.5,1,1763412223763
-1,-1,,,8709.1000000238,1,1763412223881
-1,-1,,,8826.900000006,1,1763412223998
-1,-1,,,8932.900000006,1,1763412224104
812.9,21.73,"ake up to 1",58,9007.900000006,1,1763412224179
776.43,39.73,"t take up to 1",55,9090.5,1,1763412224262
762.59,60.69,"ght take up to 1",53,9167.400000006,1,1763412224339
738.25,67.16,"might take up to 1",51,9290.900000006,1,1763412224463
749.91,81.4,"se will show up here",27,9416.3000000119,1,1763412224588
788.89,63.42,"take up to 1",56,9482.6000000238,1,1763412224654
907.89,97.15,"w up here.",38,9600.400000006,1,1763412224772
719.23,85.62,"ponse will show up h",24,9673,1,1763412224844
647.2,172.12,"'s response will sho",18,9764.2000000179,1,1763412224936
639.51,204.19,"I's response will sh",17,9839.3000000119,1,1763412225011
791.33,186.09,"ill show up here.",31,9932.400000006,1,1763412225104
543.75,120.72,". The AI's respons",8,10007.400000006,1,1763412225179
415.88,199.85,"answer",3,10114.100000024,1,1763412225285
345.34,245.66,"rating their",31,10200.800000012,1,1763412225372
264.67,345.9,"ish generating their",23,10285,1,1763412225456
281.73,400.57,"h generating their",25,10376.600000024,1,1763412225548
289.2,372.47,"h generating their",25,10483,1,1763412225654
453.98,273.91,". The AI's",0,10559.200000018,1,1763412225731
641.67,154.49,"I's response will sh",17,10631.600000024,1,1763412225803
652.27,98.21,"'s response will sho",18,10711.700000018,1,1763412225883
603.77,74.74,"tiently. It might ta",39,10784.600000024,1,1763412225956
593.44,71.26,"atiently. It might t",38,10876.700000018,1,1763412226048
664.63,76.49,"ly. It might take up",44,10962.800000012,1,1763412226134
681.68,111.61,"response will show u",21,11048,1,1763412226219
843.47,115.77,"how up here.",36,11117.900000006,1,1763412226289
-1,-1,,,11218.800000012,1,1763412226390
-1,-1,,,11289,1,1763412226460
-1,-1,,,11411,1,1763412226582
-1,-1,,,11507.300000012,1,1763412226679
-1,-1,,,11588.600000024,1,1763412226760
-1,-1,,,11678.700000018,1,1763412226850
-1,-1,,,11770.900000006,1,1763412226942
-1,-1,,,11852.300000012,1,1763412227024
-1,-1,,,12016.400000006,1,1763412227188
-1,-1,,,12162.200000018,1,1763412227333
-1,-1,,,12240.200000018,1,1763412227411
-1,-1,,,12333.200000018,1,1763412227504
-1,-1,,,12431.700000018,1,1763412227603
-1,-1,,,12500.900000006,1,1763412227672
-1,-1,,,12588.5,1,1763412227760
-1,-1,,,12673.900000006,1,1763412227845
-1,-1,,,12764.400000006,1,1763412227936
-1,-1,,,12836.800000012,1,1763412228008
-1,-1,,,12910.400000006,1,1763412228082
594.39,34.38,"atiently. It might t",38,13000.400000006,1,1763412228172
589.95,147.61,"he AI's response wil",13,13103.900000006,1,1763412228275
522.63,176.04,". The AI's respon",7,13179.100000024,1,1763412228351
561.7,118.79,". The AI's response",10,13251.400000006,1,1763412228423
617.87,35.42,"iently. It might tak",40,13342.300000012,1,1763412228514
-1,-1,,,13435.600000024,1,1763412228607
-1,-1,,,13505.900000006,1,1763412228677
-1,-1,,,13609.800000012,1,1763412228781
-1,-1,,,13685.200000018,1,1763412228856
-1,-1,,,13788.100000024,1,1763412228959
-1,-1,,,13882.800000012,1,1763412229054
-1,-1,,,13963,1,1763412229134
-1,-1,,,14043.100000024,1,1763412229214
-1,-1,,,14143.100000024,1,1763412229314
-1,-1,,,14246.700000018,1,1763412229418
-1,-1,,,14353.700000018,1,1763412229525
-1,-1,,,14419.800000012,1,1763412229591
-1,-1,,,14527.900000006,1,1763412229699
-1,-1,,,14596.100000024,1,1763412229767
-1,-1,,,14686.600000024,1,1763412229858
-1,-1,,,14771.100000024,1,1763412229942
-1,-1,,,14835.600000024,1,1763412230007
-1,-1,,,14937.900000006,1,1763412230109
-1,-1,,,15007.800000012,1,1763412230179
883.93,47.8,"minute",5,15090.600000024,1,1763412230262
860.14,35.35,"minute",3,15191.200000018,1,1763412230363
-1,-1,,,15261.600000024,1,1763412230433
-1,-1,,,15348.600000024,1,1763412230520
830.77,33.36,"through leading",75,15438.800000012,1,1763412230610
-1,-1,,,15538.200000018,1,1763412230709
-1,-1,,,15619.300000012,1,1763412230790
-1,-1,,,15692.900000006,1,1763412230864
-1,-1,,,15789.5,1,1763412230961
-1,-1,,,15857.400000006,1,1763412231029
-1,-1,,,15938.700000018,1,1763412231110
-1,-1,,,16037.600000024,1,1763412231209
-1,-1,,,16121.100000024,1,1763412231292
-1,-1,,,16192.300000012,1,1763412231363
-1,-1,,,16269.100000024,1,1763412231440
-1,-1,,,16363.5,1,1763412231535
-1,-1,,,16444.5,1,1763412231616
-1,-1,,,16518,1,1763412231689
658.35,58.45,"n Bale his breakthro",59,16620,1,1763412231791
711.34,53.95,"e his breakthrough l",64,16684,1,1763412231855
893.83,151.37,"the Sun."",126,16793.900000006,1,1763412231965
-1,-1,,,16880.600000024,1,1763412232052
-1,-1,,,16979.100000024,1,1763412232150
-1,-1,,,17045.600000024,1,1763412232217
-1,-1,,,17117.400000006,1,1763412232289
-1,-1,,,17244.700000018,1,1763412232416
-1,-1,,,17350.400000006,1,1763412232522
-1,-1,,,17452.700000018,1,1763412232624
795.87,262.39,"the Sun."",126,17539.5,1,1763412232711
663.48,149.85,"the Sun."",126,17659.200000018,1,1763412232831
548.71,47.75,"e Christian Bale his",49,17786.700000018,1,1763412232958
-1,-1,,,17885.300000012,1,1763412233056
-1,-1,,,17956.200000018,1,1763412233127
-1,-1,,,18059.100000024,1,1763412233230
-1,-1,,,18137.400000006,1,1763412233309
-1,-1,,,18224.800000012,1,1763412233396
460.44,5.73,"that gave Christian",41,18298,1,1763412233469
406.42,116.72,"Empire of the Sun."",117,18392.700000018,1,1763412233564
285.24,93.36,"of 13 is "Empire of",106,18465.700000018,1,1763412233637
628.2,75.57,"tian Bale his breakt",56,18532.5,1,1763412233704
794.24,55.81,"reakthrough leading",71,18607.700000018,1,1763412233779
-1,-1,,,18705.200000018,1,1763412233877
-1,-1,,,18772.900000006,1,1763412233944
-1,-1,,,18861.800000012,1,1763412234033
-1,-1,,,18955.300000012,1,1763412234126
-1,-1,,,19035.900000006,1,1763412234207
-1,-1,,,19122.900000006,1,1763412234294
-1,-1,,,19226.200000018,1,1763412234397
294.16,40.84,"Spielberg film that",26,19348.100000024,1,1763412234520
364.1,60.32,"erg film that gave C",32,19539,1,1763412234711
422.01,176.37,"pire of the Sun."",119,19717.900000006,1,1763412234890
547.48,253.96,"the Sun."",126,19881.900000006,1,1763412235053
616.37,202.84,"the Sun."",126,19945.200000018,1,1763412235117
858.3,177.54,"the Sun."",126,20023.600000024,1,1763412235195
652.2,143.44,"the Sun."",126,20122.100000024,1,1763412235293
498.06,135.37,"f the Sun."",125,20204,1,1763412235375
463.72,251.53,"e of the Sun."",122,20297.300000012,1,1763412235469
528.14,185.91,"the Sun."",126,20380.200000018,1,1763412235552
660.52,109.92,"the Sun."",126,20464.400000006,1,1763412235636
844.49,76.85,"hrough leading",76,20559.800000012,1,1763412235731
-1,-1,,,20630.700000018,1,1763412235802
-1,-1,,,20713.300000012,1,1763412235884
-1,-1,,,20796,1,1763412235967
-1,-1,,,20870.700000018,1,1763412236042
-1,-1,,,20975.800000012,1,1763412236147
-1,-1,,,21053.200000018,1,1763412236224
-1,-1,,,21118.5,1,1763412236290
-1,-1,,,21228.700000018,1,1763412236400
-1,-1,,,21330.400000006,1,1763412236502
591.79,68.04,"ristian Bale his bre",53,21455.400000006,1,1763412236627
596.02,97.87,"the Sun."",126,21541.200000018,1,1763412236713
509.21,119.67,"the Sun."",126,21639.300000012,1,1763412236811
322.86,86.4,"13 is "Empire of the",110,21734.900000006,1,1763412236906
313.02,177.81,"13 is "Empire of th",109,21820.200000018,1,1763412236992
396.56,214.45,""Empire of the Sun."",116,21913.900000006,1,1763412237085
436.39,184.15,"ire of the Sun."",120,21998.300000012,1,1763412237170
530.69,101.76,"the Sun."",126,22083.5,1,1763412237255
573.51,34.73,"Christian Bale his b",51,22183.900000006,1,1763412237355
-1,-1,,,22274.400000006,1,1763412237446
-1,-1,,,22352.400000006,1,1763412237524
-1,-1,,,22454.100000024,1,1763412237625
-1,-1,,,22553.300000012,1,1763412237724
-1,-1,,,22622.5,1,1763412237794
-1,-1,,,22706.800000012,1,1763412237878
-1,-1,,,22804.200000018,1,1763412237975
-1,-1,,,22876.200000018,1,1763412238047
-1,-1,,,22964.300000012,1,1763412238136
-1,-1,,,23044.5,1,1763412238216
-1,-1,,,23124.700000018,1,1763412238296
-1,-1,,,23214.600000024,1,1763412238386
-1,-1,,,23307.100000024,1,1763412238478
-1,-1,,,23370.600000024,1,1763412238542
-1,-1,,,23475.700000018,1,1763412238647
-1,-1,,,23539.600000024,1,1763412238711
-1,-1,,,23634.900000006,1,1763412238806
-1,-1,,,23700,1,1763412238871
-1,-1,,,23792.100000024,1,1763412238964
-1,-1,,,23867,1,1763412239038
-1,-1,,,23976,1,1763412239147
-1,-1,,,24057.900000006,1,1763412239229
783.31,109.79,"the Sun."",126,24142.5,1,1763412239314
825.72,73.84,"kthrough leading",74,24212.400000006,1,1763412239384
-1,-1,,,24308.300000012,1,1763412239480
-1,-1,,,24376.700000018,1,1763412239548
-1,-1,,,24461.200000018,1,1763412239632
-1,-1,,,24562.700000018,1,1763412239734
-1,-1,,,24655.900000006,1,1763412239827
-1,-1,,,24721.400000006,1,1763412239893
-1,-1,,,24822.5,1,1763412239994
-1,-1,,,24890.100000024,1,1763412240061
-1,-1,,,24979.600000024,1,1763412240151
-1,-1,,,25062,1,1763412240233
-1,-1,,,25167.5,1,1763412240339
-1,-1,,,25265,1,1763412240437
-1,-1,,,25370.100000024,1,1763412240541
-1,-1,,,25455,1,1763412240626
715.3,47.43,"e his breakthrough l",64,25533.800000012,1,1763412240705
286.7,32,"Spielberg film that",25,25639.5,1,1763412240811
87.36,2.06,"The 1987 Steven S",7,25716.700000018,1,1763412240888
-1,-1,,,25784,1,1763412240955
-1,-1,,,25877.600000024,1,1763412241049
-1,-1,,,25975.400000006,1,1763412241147
-1,-1,,,26052.100000024,1,1763412241223
-1,-1,,,26141.800000012,1,1763412241313
-1,-1,,,26212.900000006,1,1763412241384
-1,-1,,,26294.900000006,1,1763412241466
-1,-1,,,26376.400000006,1,1763412241547
-1,-1,,,26475.700000018,1,1763412241647
-1,-1,,,26569.700000018,1,1763412241741
-1,-1,,,26640.400000006,1,1763412241812
-1,-1,,,26746.600000024,1,1763412241918
-1,-1,,,26822.600000024,1,1763412241994
-1,-1,,,26895.200000018,1,1763412242066
-1,-1,,,26995.900000006,1,1763412242167
-1,-1,,,27074.900000006,1,1763412242246
-1,-1,,,27137.100000024,1,1763412242308
-1,-1,,,27218.900000006,1,1763412242390
-1,-1,,,27287.100000024,1,1763412242458
-1,-1,,,27373.200000018,1,1763412242544
-1,-1,,,27455.700000018,1,1763412242627
-1,-1,,,27544.200000018,1,1763412242715
-1,-1,,,27642.100000024,1,1763412242813
-1,-1,,,27720.400000006,1,1763412242892
-1,-1,,,27780,1,1763412242951
-1,-1,,,27855.900000006,1,1763412243027
-1,-1,,,27934.600000024,1,1763412243106
-1,-1,,,28039.400000006,1,1763412243211
-1,-1,,,28124.900000006,1,1763412243296
-1,-1,,,28200.900000006,1,1763412243372
-1,-1,,,28292.100000024,1,1763412243463
-1,-1,,,28385.300000012,1,1763412243557
-1,-1,,,28456.900000006,1,1763412243628
-1,-1,,,28559.700000018,1,1763412243731
-1,-1,,,28641.5,1,1763412243813
424.13,62.25,"lm that gave Christi",38,28726.600000024,1,1763412243898
427.47,121.03,"pire of the Sun."",119,28806.600000024,1,1763412243978
339,87.84,"3 is "Empire of the",111,28888,1,1763412244059
457.18,95.8,"e of the Sun."",122,28956.700000018,1,1763412244128
465.7,14.42,"hat gave Christian B",42,29055.300000012,1,1763412244227
504.34,12.17,"gave Christian Bale",45,29125.800000012,1,1763412244297
-1,-1,,,29212.700000018,1,1763412244384
-1,-1,,,29298.700000018,1,1763412244470
-1,-1,,,29391.900000006,1,1763412244563
-1,-1,,,29477.200000018,1,1763412244648
-1,-1,,,29599.5,1,1763412244771
-1,-1,,,29699.900000006,1,1763412244871
-1,-1,,,29724,1,1763412244959
-1,-1,,,29833.300000012,1,1763412262027
-1,-1,,,29929.5,1,1763412262123
-1,-1,,,30150.100000024,1,1763412262343
-1,-1,,,30231.200000018,1,1763412262424
-1,-1,,,30340.400000006,1,1763412262534
-1,-1,,,30447.300000012,1,1763412262641
-1,-1,,,30546.200000018,1,1763412262740
-1,-1,,,30630.600000024,1,1763412262824
-1,-1,,,30718.900000006,1,1763412262912
-1,-1,,,30793.200000018,1,1763412262987
-1,-1,,,30865.900000006,1,1763412263059
-1,-1,,,30972.800000012,1,1763412263166
-1,-1,,,31054.600000024,1,1763412263248
-1,-1,,,31180.400000036,1,1763412264302
-1,-1,,,31297.100000024,1,1763412264419
-1,-1,,,31510.700000018,1,1763412264633
-1,-1,,,31604.50000003,1,1763412264726
-1,-1,,,31674.800000012,1,1763412264797
-1,-1,,,31787.800000012,1,1763412264910
-1,-1,,,31866.800000012,1,1763412264989
-1,-1,,,31957.900000036,1,1763412265080
-1,-1,,,32024.900000036,1,1763412265147
-1,-1,,,32126.50000003,1,1763412265248
-1,-1,,,32216.50000003,1,1763412265339
-1,-1,,,32298.100000024,1,1763412265420
-1,-1,,,32415.00000003,1,1763412265537
-1,-1,,,32577.900000036,1,1763412265700
-1,-1,,,32698.50000003,1,1763412265821
-1,-1,,,32817.700000018,1,1763412265940
-1,-1,,,32912.50000003,1,1763412266035
-1,-1,,,32997.300000012,1,1763412266119
882.82,361.33,"the Sun."",126,33207.200000018,1,1763412266330
-1,-1,,,33310.600000024,1,1763412266433
-1,-1,,,33425.300000012,1,1763412266547
-1,-1,,,33526.600000024,1,1763412266649
-1,-1,,,33639.600000024,1,1763412266762
-1,-1,,,33711.100000024,1,1763412266833
-1,-1,,,33803.100000024,1,1763412266925
-1,-1,,,33900.50000003,1,1763412267022
-1,-1,,,33980.800000012,1,1763412267103
-1,-1,,,34075.900000036,1,1763412267198
-1,-1,,,34182.600000024,1,1763412267305
-1,-1,,,34269.200000018,1,1763412267391
-1,-1,,,34376.300000012,1,1763412267498
-1,-1,,,34515.100000024,1,1763412267637
-1,-1,,,34614.400000036,1,1763412267736
-1,-1,,,34690.800000012,1,1763412267813
-1,-1,,,34783.300000012,1,1763412267905
-1,-1,,,34879.100000024,1,1763412268001
-1,-1,,,34972.100000024,1,1763412268094
-1,-1,,,35049.100000024,1,1763412268171
-1,-1,,,35164.700000018,1,1763412268287
-1,-1,,,35248.600000024,1,1763412268371
-1,-1,,,35319.900000036,1,1763412268442
-1,-1,,,35408.800000012,1,1763412268531
-1,-1,,,35502.700000018,1,1763412268625
-1,-1,,,35588.300000012,1,1763412268710
-1,-1,,,35688.900000036,1,1763412268811
-1,-1,,,35813.100000024,1,1763412268935
-1,-1,,,35892.400000036,1,1763412269015
-1,-1,,,35961.700000018,1,1763412269084
-1,-1,,,36082.200000018,1,1763412269205
-1,-1,,,36183.200000018,1,1763412269305
-1,-1,,,36268.200000018,1,1763412269390
-1,-1,,,36354.700000018,1,1763412269477
-1,-1,,,36457.800000012,1,1763412269580
-1,-1,,,36532.300000012,1,1763412269654
-1,-1,,,36612.700000018,1,1763412269735
-1,-1,,,36695.100000024,1,1763412269817
-1,-1,,,36770.100000024,1,1763412269892
-1,-1,,,36863.300000012,1,1763412269986
-1,-1,,,36963.400000036,1,1763412270086
-1,-1,,,37039.900000036,1,1763412270162
-1,-1,,,37127.50000003,1,1763412270250
-1,-1,,,37208.200000018,1,1763412270330
-1,-1,,,37281.300000012,1,1763412270404
-1,-1,,,37372.100000024,1,1763412270494
-1,-1,,,37443.300000012,1,1763412270565
-1,-1,,,37527.300000012,1,1763412270649
-1,-1,,,37606.200000018,1,1763412270728
-1,-1,,,37697.600000024,1,1763412270820
-1,-1,,,37769.800000012,1,1763412270892
-1,-1,,,37876.700000018,1,1763412270999
-1,-1,,,37948.600000024,1,1763412271071
-1,-1,,,38040.600000024,1,1763412271163
-1,-1,,,38105.50000003,1,1763412271228
-1,-1,,,38200.900000036,1,1763412271323
-1,-1,,,38274.700000018,1,1763412271397
-1,-1,,,38375.900000036,1,1763412271499
-1,-1,,,38494.50000003,1,1763412271617
-1,-1,,,38596.700000018,1,1763412271719
840.76,95.91,"the Sun."",126,38667.900000036,1,1763412271790
912.49,68,"h leading",81,38766.900000036,1,1763412271889
-1,-1,,,38832.400000036,1,1763412271955
-1,-1,,,38930.400000036,1,1763412272053
-1,-1,,,38998.900000036,1,1763412272121
-1,-1,,,39090.50000003,1,1763412272213
-1,-1,,,39177.200000018,1,1763412272300
-1,-1,,,39253.200000018,1,1763412272375
-1,-1,,,39353.300000012,1,1763412272476
-1,-1,,,39435.800000012,1,1763412272558
-1,-1,,,39499.100000024,1,1763412272621
-1,-1,,,39592.300000012,1,1763412272715
-1,-1,,,39674.800000012,1,1763412272797
-1,-1,,,39759.700000018,1,1763412272882
-1,-1,,,39830.300000012,1,1763412272952
-1,-1,,,39927.50000003,1,1763412273050
-1,-1,,,40000.600000024,1,1763412273123
-1,-1,,,40081.700000018,1,1763412273204
861.74,21.27,"ough leading",78,40145.400000036,1,1763412273268
-1,-1,,,40216.900000036,1,1763412273339
-1,-1,,,40311.800000012,1,1763412273434
-1,-1,,,40415.800000012,1,1763412273538
-1,-1,,,40489.50000003,1,1763412273611
-1,-1,,,40584.800000012,1,1763412273707
-1,-1,,,40664.600000024,1,1763412273787
-1,-1,,,40738.200000018,1,1763412273860
-1,-1,,,40813.300000012,1,1763412273935
-1,-1,,,40887.200000018,1,1763412274009
-1,-1,,,40976.00000003,1,1763412274098
-1,-1,,,41073.50000003,1,1763412274195
-1,-1,,,41147.400000036,1,1763412274269
-1,-1,,,41252.600000024,1,1763412274375
-1,-1,,,41334.300000012,1,1763412274456
-1,-1,,,41417.200000018,1,1763412274539
-1,-1,,,41526.800000012,1,1763412274649
-1,-1,,,41602.00000003,1,1763412274724
-1,-1,,,41708.100000024,1,1763412274830
-1,-1,,,41790.00000003,1,1763412274912
-1,-1,,,41862.50000003,1,1763412274985
-1,-1,,,41951.100000024,1,1763412275073
-1,-1,,,42061.200000018,1,1763412275183
-1,-1,,,42181.00000003,1,1763412275303
-1,-1,,,42310.900000036,1,1763412275433
-1,-1,,,42546.50000003,1,1763412275669
-1,-1,,,42679.600000024,1,1763412275802
-1,-1,,,42792.700000018,1,1763412275915
-1,-1,,,42957.900000006,1,1763412283202
-1,-1,,,43187.600000024,1,1763412283433
-1,-1,,,43270.00000003,1,1763412283514
-1,-1,,,43351.600000024,1,1763412283596
-1,-1,,,43472.200000018,1,1763412283717
-1,-1,,,43588.600000024,1,1763412283833
-1,-1,,,43687.200000018,1,1763412283932
-1,-1,,,43770.900000006,1,1763412284015
-1,-1,,,43886.700000018,1,1763412284131
-1,-1,,,43983.100000024,1,1763412284228
-1,-1,,,44085.200000018,1,1763412284330
-1,-1,,,44170.300000012,1,1763412284415
-1,-1,,,44253.700000018,1,1763412284498
-1,-1,,,44336.400000006,1,1763412284581
-1,-1,,,44476.600000024,1,1763412284721
-1,-1,,,44589.600000024,1,1763412284834
-1,-1,,,44673.400000006,1,1763412284918
-1,-1,,,44786.700000018,1,1763412285031
-1,-1,,,44863.800000012,1,1763412285108
-1,-1,,,44956.700000018,1,1763412285201
-1,-1,,,45029.300000012,1,1763412285274
734.48,40.05,"his breakthrough lea",66,45114.200000018,1,1763412285359
-1,-1,,,45238.100000024,1,1763412285482
-1,-1,,,45314.800000012,1,1763412285559
-1,-1,,,45454.600000024,1,1763412285699
-1,-1,,,45530.700000018,1,1763412285775
-1,-1,,,45607.400000006,1,1763412285852
-1,-1,,,45726.00000003,1,1763412285970
-1,-1,,,45855.400000006,1,1763412286100
-1,-1,,,45941.50000003,1,1763412286186
-1,-1,,,46028.50000003,1,1763412286273
-1,-1,,,46098.50000003,1,1763412286343
-1,-1,,,46189.900000006,1,1763412286434
-1,-1,,,46268.50000003,1,1763412286513
-1,-1,,,46394.50000003,1,1763412286639
-1,-1,,,46519.600000024,1,1763412286765
-1,-1,,,46627.00000003,1,1763412286872
-1,-1,,,46706.600000024,1,1763412286951
-1,-1,,,46789.50000003,1,1763412287034
-1,-1,,,46905.700000018,1,1763412287150
-1,-1,,,47010.100000024,1,1763412287255
-1,-1,,,47108.50000003,1,1763412287353
-1,-1,,,47179.900000006,1,1763412287424
-1,-1,,,47254.200000018,1,1763412287499
-1,-1,,,47376.400000006,1,1763412287621
-1,-1,,,47466.800000012,1,1763412287711
-1,-1,,,47543.800000012,1,1763412287788
-1,-1,,,47646.800000012,1,1763412287891
-1,-1,,,47719.800000012,1,1763412287964
-1,-1,,,47798.700000018,1,1763412288043
-1,-1,,,47895.50000003,1,1763412288140
-1,-1,,,48006.50000003,1,1763412288251
864.36,115.62,"the Sun."",126,48098.400000006,1,1763412288343
-1,-1,,,48187.100000024,1,1763412288432
-1,-1,,,48273.50000003,1,1763412288518
-1,-1,,,48357.400000006,1,1763412288602
-1,-1,,,48458.300000012,1,1763412288703
-1,-1,,,48561.200000018,1,1763412288806
-1,-1,,,48654.400000006,1,1763412288899
-1,-1,,,48735.700000018,1,1763412288980
-1,-1,,,48815.700000018,1,1763412289060
-1,-1,,,48911.300000012,1,1763412289156
-1,-1,,,48981.700000018,1,1763412289226
-1,-1,,,49080.100000024,1,1763412289325
-1,-1,,,49144.900000006,1,1763412289389
-1,-1,,,49239.900000006,1,1763412289484
-1,-1,,,49321.100000024,1,1763412289565
-1,-1,,,49416.50000003,1,1763412289661
-1,-1,,,49483.800000012,1,1763412289728
-1,-1,,,49578.00000003,1,1763412289822
-1,-1,,,49659.400000006,1,1763412289904
-1,-1,,,49737.400000006,1,1763412289982
-1,-1,,,49823.300000012,1,1763412290068
-1,-1,,,49916.800000012,1,1763412290161
-1,-1,,,49986.100000024,1,1763412290231
-1,-1,,,50070.100000024,1,1763412290315
-1,-1,,,50185.600000024,1,1763412290430
-1,-1,,,50295.800000012,1,1763412290540
752.69,74.07,"s breakthrough leadi",68,50382.400000006,1,1763412290627
630.58,58.83,"ian Bale his breakth",57,50474.700000018,1,1763412290719
454.51,170.6,"e of the Sun."",122,50558.600000024,1,1763412290803
387.54,215.9,"ret Easton Ellis**",93,50630.400000006,1,1763412290875
269.29,262.29,"by Christian Bale: *",126,50708.900000006,1,1763412290954
363.55,232.24,"tian Bale: **Patrick",134,50810.00000003,1,1763412291055
473.82,122.46,": **2000**",58,50895.800000012,1,1763412291140
529.31,9.99,"n Psycho**",33,50989.50000003,1,1763412291234
-1,-1,,,51066.400000006,1,1763412291311
-1,-1,,,51162.800000012,1,1763412291407
-1,-1,,,51250.50000003,1,1763412291495
-1,-1,,,51337.700000018,1,1763412291582
-1,-1,,,51421.50000003,1,1763412291666
-1,-1,,,51506.200000018,1,1763412291751
-1,-1,,,51576.200000018,1,1763412291821
-1,-1,,,51644.800000012,1,1763412291889
-1,-1,,,51721.50000003,1,1763412291966
-1,-1,,,51817.200000018,1,1763412292062
-1,-1,,,51885.400000006,1,1763412292130
-1,-1,,,51967.50000003,1,1763412292212
-1,-1,,,52061.900000006,1,1763412292306
-1,-1,,,52148.400000006,1,1763412292393
-1,-1,,,52269.100000024,1,1763412292514
-1,-1,,,52381.50000003,1,1763412292626
-1,-1,,,52481.700000018,1,1763412292726
-1,-1,,,52556.200000018,1,1763412292801
-1,-1,,,52646.800000012,1,1763412292891
-1,-1,,,52737.600000024,1,1763412292982
-1,-1,,,52831.100000024,1,1763412293075
-1,-1,,,52933.00000003,1,1763412293177
-1,-1,,,53021.300000012,1,1763412293266
-1,-1,,,53144.600000024,1,1763412293389
-1,-1,,,53274.700000018,1,1763412293519
177.04,473.73,"e Played by Christia",117,53357.200000018,1,1763412293602
491.71,525.74,"*Patrick Bateman**",146,53436.800000012,1,1763412293681
626.33,554.2,"Bateman**",154,53521.00000003,1,1763412293766
-1,-1,,,53628.00000003,1,1763412293872
-1,-1,,,53704.800000012,1,1763412293949
-1,-1,,,53775.200000018,1,1763412294020
-1,-1,,,53854.400000006,1,1763412294099
-1,-1,,,53955.00000003,1,1763412294199
-1,-1,,,54058.200000018,1,1763412294303
-1,-1,,,54186.100000024,1,1763412294431
-1,-1,,,54291.700000018,1,1763412294536
-1,-1,,,54395.50000003,1,1763412294640
-1,-1,,,54493.900000006,1,1763412294738
-1,-1,,,54582.600000024,1,1763412294827
-1,-1,,,54676.600000024,1,1763412294921
-1,-1,,,54764.400000006,1,1763412295009
-1,-1,,,54852.800000012,1,1763412295097
-1,-1,,,54936.600000024,1,1763412295181
-1,-1,,,55011.00000003,1,1763412295255
-1,-1,,,55090.100000024,1,1763412295335
-1,-1,,,55165.600000024,1,1763412295410
-1,-1,,,55270.00000003,1,1763412295514
-1,-1,,,55343.100000024,1,1763412295588
-1,-1,,,55438.200000018,1,1763412295683
-1,-1,,,55530.400000006,1,1763412295775
-1,-1,,,55619.50000003,1,1763412295864
-1,-1,,,55708.800000012,1,1763412295953
-1,-1,,,55814.900000006,1,1763412296059
-1,-1,,,55908.700000018,1,1763412296153
-1,-1,,,55985.50000003,1,1763412296230
-1,-1,,,56077.700000018,1,1763412296322
-1,-1,,,56172.00000003,1,1763412296416
-1,-1,,,56281.600000024,1,1763412296526
-1,-1,,,56374.900000006,1,1763412296619
-1,-1,,,56491.50000003,1,1763412296736
-1,-1,,,56567.100000024,1,1763412296811
-1,-1,,,56666.100000024,1,1763412296911
-1,-1,,,56743.900000006,1,1763412296988
-1,-1,,,56824.600000024,1,1763412297069
-1,-1,,,56905.800000012,1,1763412297150
-1,-1,,,56994.300000012,1,1763412297239
-1,-1,,,57083.50000003,1,1763412297328
-1,-1,,,57192.00000003,1,1763412297436
-1,-1,,,57286.700000018,1,1763412297531
-1,-1,,,57360.400000006,1,1763412297605
-1,-1,,,57458.800000012,1,1763412297703
-1,-1,,,57557.900000006,1,1763412297802
-1,-1,,,57654.800000012,1,1763412297899
-1,-1,,,57756.200000018,1,1763412298001
-1,-1,,,57835.700000018,1,1763412298080
-1,-1,,,57937.400000006,1,1763412298182
-1,-1,,,58039.00000003,1,1763412298283
-1,-1,,,58146.300000012,1,1763412298391
-1,-1,,,58302.100000024,1,1763412298546
-1,-1,,,58408.50000003,1,1763412298653
-1,-1,,,58498.00000003,1,1763412298742
819.35,330.89,"Bateman**",154,58772.300000012,1,1763412299017
-1,-1,,,58864.700000018,1,1763412299109
-1,-1,,,59021.800000012,1,1763412299267
-1,-1,,,59173.300000012,1,1763412299418
-1,-1,,,59210.700000018,1,1763412300457
-1,-1,,,59334.100000024,1,1763412303892
-1,-1,,,59415.300000012,1,1763412303973
-1,-1,,,59553.900000006,1,1763412304112
-1,-1,,,59650.600000024,1,1763412304209
-1,-1,,,59769.800000012,1,1763412304328
-1,-1,,,59896.900000006,1,1763412304455
-1,-1,,,59977.700000018,1,1763412304536
-1,-1,,,60213.600000024,1,1763412304772
-1,-1,,,60326.600000024,1,1763412304885
-1,-1,,,60471.800000012,1,1763412305030
-1,-1,,,60583.100000024,1,1763412305141
785.71,15.68,"n Psycho**",33,60681.400000006,1,1763412305240
828.58,57.37,"n Psycho**",33,60774.00000003,1,1763412305332
737.44,84.57,": **2000**",58,60846.800000012,1,1763412305405
709.19,97.77,": **2000**",58,60913.400000006,1,1763412305471
706.57,142.73,": **2000**",58,61018.600000024,1,1763412305577
819.58,141.56,": **2000**",58,61104.200000018,1,1763412305662
829.8,154.71,"on Ellis**",101,61195.700000018,1,1763412305754
731.75,142.29,": **2000**",58,61275.200000018,1,1763412305833
789.81,109.83,": **2000**",58,61351.200000018,1,1763412305909
719.38,23.47,"n Psycho**",33,61456.900000006,1,1763412306015
-1,-1,,,61543.600000024,1,1763412306101
-1,-1,,,61612.50000003,1,1763412306171
747.48,20.15,"n Psycho**",33,61689.00000003,1,1763412306247
711.92,2.52,"n Psycho**",33,61762.600000024,1,1763412306321
629.51,13.43,"n Psycho**",33,61870.700000018,1,1763412306429
689,19.28,"n Psycho**",33,61991.900000006,1,1763412306550
908.64,2.78,"n Psycho**",33,62065.700000018,1,1763412306624
-1,-1,,,62143.900000006,1,1763412306702
-1,-1,,,62227.900000006,1,1763412306786
-1,-1,,,62311.300000012,1,1763412306869
-1,-1,,,62386.800000012,1,1763412306945
-1,-1,,,62479.200000018,1,1763412307037
-1,-1,,,62559.50000003,1,1763412307118
-1,-1,,,62644.50000003,1,1763412307203
-1,-1,,,62727.300000012,1,1763412307285
-1,-1,,,62809.400000006,1,1763412307368
-1,-1,,,62883.800000012,1,1763412307442
-1,-1,,,62970.50000003,1,1763412307529
-1,-1,,,63060.200000018,1,1763412307618
-1,-1,,,63174.400000006,1,1763412307733
-1,-1,,,63253.00000003,1,1763412307811
-1,-1,,,63351.600000024,1,1763412307910
-1,-1,,,63498.600000024,1,1763412308057
-1,-1,,,63599.300000012,1,1763412308157
-1,-1,,,63678.700000018,1,1763412308237
-1,-1,,,63784.800000012,1,1763412308343
-1,-1,,,63891.00000003,1,1763412308449
-1,-1,,,63996.50000003,1,1763412308555
887.1,57.16,"n Psycho**",33,64089.100000024,1,1763412308647
693.2,127.5,": **2000**",58,64157.100000024,1,1763412308715
665.4,158.55,"on Ellis**",101,64224.700000018,1,1763412308783
706.29,102.39,": **2000**",58,64316.200000018,1,1763412308874
647.04,77.22,"n Psycho**",33,64401.00000003,1,1763412308959
461.77,68.59,"n Psycho**",33,64475.300000012,1,1763412309034
-1,-1,,,64559.800000012,1,1763412309118
-1,-1,,,64642.300000012,1,1763412309200
-1,-1,,,64748.200000018,1,1763412309306
-1,-1,,,64820.700000018,1,1763412309379
-1,-1,,,64915.00000003,1,1763412309473
-1,-1,,,65000.100000024,1,1763412309558
-1,-1,,,65080.50000003,1,1763412309639
-1,-1,,,65157.600000024,1,1763412309716
-1,-1,,,65237.50000003,1,1763412309796
-1,-1,,,65345.900000006,1,1763412309904
-1,-1,,,65435.900000006,1,1763412309994
-1,-1,,,65517.50000003,1,1763412310075
-1,-1,,,65619.800000012,1,1763412310178
-1,-1,,,65704.800000012,1,1763412310263
-1,-1,,,65771.100000024,1,1763412310329
-1,-1,,,65863.100000024,1,1763412310421
876.23,107.4,": **2000**",58,65974.200000018,1,1763412310533
-1,-1,,,66081.00000003,1,1763412310639
755.97,153.62,"on Ellis**",101,66160.00000003,1,1763412310718
575.59,110.71,": **2000**",58,66231.100000024,1,1763412310789
482.32,65.6,"n Psycho**",33,66330.800000012,1,1763412310889
-1,-1,,,66394.300000012,1,1763412310952
-1,-1,,,66488.600000024,1,1763412311047
-1,-1,,,66558.400000006,1,1763412311116
-1,-1,,,66653.600000024,1,1763412311212
-1,-1,,,66724.200000018,1,1763412311282
-1,-1,,,66813.200000018,1,1763412311371
-1,-1,,,66911.400000006,1,1763412311470
102.34,87.03,"- Release Year: **",42,66986.00000003,1,1763412311544
136.41,216,"Based on: **Novel by",71,67058.900000006,1,1763412311617
421.84,218.34,"Easton Ellis**",97,67153.300000012,1,1763412311711
544.53,254.75,"ick Bateman**",151,67229.50000003,1,1763412311788
404.63,257.23,"Bale: **Patrick Bat",138,67319.700000018,1,1763412311878
386.2,347.33,"an Bale: **Patrick B",136,67414.800000012,1,1763412311973
215.33,317.52,"ayed by Christian Ba",121,67498.400000006,1,1763412312057
227.51,242.89,"yed by Christian Bal",122,67595.00000003,1,1763412312153
244.83,127.17,"ear: **2000**",55,67658.700000018,1,1763412312217
332.37,53.13,"rican Psycho**",29,67747.400000006,1,1763412312306
-1,-1,,,67831.400000006,1,1763412312389
-1,-1,,,67938.400000006,1,1763412312496
-1,-1,,,68024.700000018,1,1763412312583
-1,-1,,,68107.100000024,1,1763412312665
-1,-1,,,68202.900000006,1,1763412312761
-1,-1,,,68281.600000024,1,1763412312840
-1,-1,,,68350.50000003,1,1763412312909
-1,-1,,,68438.700000018,1,1763412312997
-1,-1,,,68524.300000012,1,1763412313082
-1,-1,,,68621.100000024,1,1763412313179
-1,-1,,,68726.50000003,1,1763412313285
-1,-1,,,68798.700000018,1,1763412313357
-1,-1,,,68888.100000024,1,1763412313446
-1,-1,,,68976.800000012,1,1763412313535
-1,-1,,,69049.400000006,1,1763412313607
-1,-1,,,69130.800000012,1,1763412313689
-1,-1,,,69230.50000003,1,1763412313789
-1,-1,,,69315.100000024,1,1763412313873
-1,-1,,,69414.600000024,1,1763412313973
-1,-1,,,69502.300000012,1,1763412314060
-1,-1,,,69601.400000006,1,1763412314159
-1,-1,,,69676.100000024,1,1763412314234
-1,-1,,,69755.900000006,1,1763412314314
-1,-1,,,69837.50000003,1,1763412314396
-1,-1,,,69934.300000012,1,1763412314492
-1,-1,,,70040.50000003,1,1763412314599
-1,-1,,,70121.00000003,1,1763412314679
344.11,51.9,"ican Psycho**",30,70221.700000018,1,1763412314780
327.56,37.55,"rican Psycho**",29,70331.300000012,1,1763412314889
-1,-1,,,70421.200000018,1,1763412314979
-1,-1,,,70520.400000006,1,1763412315078
-1,-1,,,70598.300000012,1,1763412315156
-1,-1,,,70669.00000003,1,1763412315227
-1,-1,,,70766.50000003,1,1763412315325
-1,-1,,,70859.700000018,1,1763412315418
-1,-1,,,70937.800000012,1,1763412315496
-1,-1,,,71007.300000012,1,1763412315565
-1,-1,,,71092.50000003,1,1763412315651
-1,-1,,,71188.00000003,1,1763412315746
-1,-1,,,71268.400000006,1,1763412315826
-1,-1,,,71360.50000003,1,1763412315918
-1,-1,,,71442.600000024,1,1763412316001
-1,-1,,,71539.100000024,1,1763412316098
-1,-1,,,71648.50000003,1,1763412316208
-1,-1,,,71736.900000006,1,1763412316295
-1,-1,,,71889.900000006,1,1763412316448
-1,-1,,,72037.400000006,1,1763412316596
-1,-1,,,72148.200000018,1,1763412316706
-1,-1,,,72238.00000003,1,1763412316796
-1,-1,,,72316.50000003,1,1763412316875
-1,-1,,,72394.300000012,1,1763412316953
-1,-1,,,72507.100000024,1,1763412317065
-1,-1,,,72579.300000012,1,1763412317137
-1,-1,,,72671.00000003,1,1763412317229
-1,-1,,,72750.300000012,1,1763412317308
-1,-1,,,72841.900000006,1,1763412317400
-1,-1,,,72915.700000018,1,1763412317474
-1,-1,,,73010.900000006,1,1763412317569
-1,-1,,,73078.300000012,1,1763412317636
-1,-1,,,73164.50000003,1,1763412317723
-1,-1,,,73257.100000024,1,1763412317815
-1,-1,,,73346.600000024,1,1763412317905
-1,-1,,,73407.400000006,1,1763412317965
-1,-1,,,73490.300000012,1,1763412318048
-1,-1,,,73553.100000024,1,1763412318111
-1,-1,,,73625.600000024,1,1763412318184
-1,-1,,,73724.600000024,1,1763412318283
-1,-1,,,73809.00000003,1,1763412318367
-1,-1,,,73872.800000012,1,1763412318431
-1,-1,,,73975.700000018,1,1763412318534
851.67,30.54,"n Psycho**",33,74075.100000024,1,1763412318633
-1,-1,,,74163.600000024,1,1763412318722
448.85,19.04,"n Psycho**",33,74246.00000003,1,1763412318804
498.19,148.42,": **2000**",58,74340.700000018,1,1763412318899
715.46,125.83,": **2000**",58,74416.900000006,1,1763412318975
870.72,47.9,"n Psycho**",33,74507.50000003,1,1763412319066
-1,-1,,,74591.00000003,1,1763412319149
-1,-1,,,74683.900000006,1,1763412319242
-1,-1,,,74751.700000018,1,1763412319310
-1,-1,,,74834.400000006,1,1763412319392
-1,-1,,,74917.600000024,1,1763412319476
-1,-1,,,75003.100000024,1,1763412319561
-1,-1,,,75090.200000018,1,1763412319648
-1,-1,,,75178.400000006,1,1763412319736
-1,-1,,,75242.200000018,1,1763412319800
-1,-1,,,75341.300000012,1,1763412319899
-1,-1,,,75412.400000006,1,1763412319970
556,96.94,": **2000**",58,75516.200000018,1,1763412320074
332.79,146.77,": **2000**",58,75599.100000024,1,1763412320157
524.34,150.29,"on Ellis**",101,75685.700000018,1,1763412320244
621.39,130.63,": **2000**",58,75787.800000012,1,1763412320346
870.63,178.93,"on Ellis**",101,75865.400000006,1,1763412320424
-1,-1,,,75932.800000012,1,1763412320491
-1,-1,,,76039.100000024,1,1763412320597
-1,-1,,,76118.00000003,1,1763412320676
-1,-1,,,76223.00000003,1,1763412320781
-1,-1,,,76300.400000006,1,1763412320858
-1,-1,,,76365.100000024,1,1763412320923
-1,-1,,,76444.900000006,1,1763412321003
-1,-1,,,76517.400000006,1,1763412321076
-1,-1,,,76618.600000024,1,1763412321177
-1,-1,,,76695.900000006,1,1763412321254
-1,-1,,,76787.600000024,1,1763412321346
-1,-1,,,76859.800000012,1,1763412321418
-1,-1,,,76944.00000003,1,1763412321502
-1,-1,,,77026.800000012,1,1763412321585
-1,-1,,,77120.50000003,1,1763412321679
-1,-1,,,77204.800000012,1,1763412321763
-1,-1,,,77273.200000018,1,1763412321831
-1,-1,,,77356.700000018,1,1763412321915
-1,-1,,,77455.00000003,1,1763412322013
-1,-1,,,77525.700000018,1,1763412322084
-1,-1,,,77616.600000024,1,1763412322175
-1,-1,,,77691.300000012,1,1763412322249
-1,-1,,,77787.700000018,1,1763412322346
-1,-1,,,77869.700000018,1,1763412322428
-1,-1,,,77970.300000012,1,1763412322528
897.09,143.07,": **2000**",58,78032.200000018,1,1763412322590
840.74,175.43,"on Ellis**",101,78104.300000012,1,1763412322662
831.68,183.27,"on Ellis**",101,78191.50000003,1,1763412322750
808.31,205.18,"on Ellis**",101,78287.800000012,1,1763412322846
724.49,232.82,"Bateman**",154,78367.600000024,1,1763412322926
584.01,266.72,"Bateman**",154,78469.00000003,1,1763412323027
704.71,294.43,"Bateman**",154,78534.50000003,1,1763412323093
644.93,373.59,"Bateman**",154,78634.800000012,1,1763412323193
560.05,352.91,"ck Bateman**",152,78725.900000006,1,1763412323284
543.56,300.5,"ick Bateman**",151,78826.400000006,1,1763412323385
653.54,296.82,"Bateman**",154,78913.100000024,1,1763412323471
711.69,332.9,"Bateman**",154,78990.200000018,1,1763412323548
731.9,312.73,"Bateman**",154,79082.00000003,1,1763412323640
719.09,298.95,"Bateman**",154,79165.900000006,1,1763412323724
629.36,257.13,"Bateman**",154,79257.50000003,1,1763412323816
610.26,145.24,": **2000**",58,79329.700000018,1,1763412323888
537.25,123.22,": **2000**",58,79417.00000003,1,1763412323975
412.17,86,": **2000**",58,79497.200000018,1,1763412324055
297.16,75.43,"American Psycho**",26,79585.50000003,1,1763412324144
121.22,26.03,"- Film Title: **Amer",10,79683.100000024,1,1763412324241
-1,-1,,,79787.600000024,1,1763412324346
70.08,125.24,"- Release Year:",40,79931.100000024,1,1763412324489
269.45,30.1,"**American Psycho**",24,80056.400000006,1,1763412324615
-1,-1,,,80147.800000012,1,1763412324706
-1,-1,,,80212.800000012,1,1763412324771
-1,-1,,,80305.300000012,1,1763412324863
-1,-1,,,80379.600000024,1,1763412324938
-1,-1,,,80462.600000024,1,1763412325021
-1,-1,,,80543.50000003,1,1763412325101
-1,-1,,,80625.900000006,1,1763412325184
-1,-1,,,80712.300000012,1,1763412325270
-1,-1,,,80793.300000012,1,1763412325351
-1,-1,,,80874.00000003,1,1763412325432
-1,-1,,,80965.50000003,1,1763412325524
-1,-1,,,81052.700000018,1,1763412325611
-1,-1,,,81121.400000006,1,1763412325679
-1,-1,,,81222.700000018,1,1763412325781
-1,-1,,,81307.900000006,1,1763412325866
-1,-1,,,81401.400000006,1,1763412325959
-1,-1,,,81518.200000018,1,1763412326076
-1,-1,,,81620.600000024,1,1763412326179
-1,-1,,,81712.100000024,1,1763412326270
-1,-1,,,81836.400000006,1,1763412339582
-1,-1,,,81906.100000024,1,1763412339652
-1,-1,,,82037.00000003,1,1763412339783
-1,-1,,,82142.600000024,1,1763412339888
-1,-1,,,82259.200000018,1,1763412340005
-1,-1,,,82348.900000006,1,1763412340094
-1,-1,,,82418.600000024,1,1763412340164
-1,-1,,,82512.900000006,1,1763412340258
-1,-1,,,82579.800000012,1,1763412340325
-1,-1,,,82681.700000018,1,1763412340427
-1,-1,,,82764.00000003,1,1763412340510
-1,-1,,,82867.200000018,1,1763412340613
-1,-1,,,83012.700000018,1,1763412340758
-1,-1,,,83103.400000006,1,1763412340849
437.97,9.74,"n Psycho**",33,83215.200000018,1,1763412340961
339.15,38,"ican Psycho**",30,83283.600000024,1,1763412341029
348,16.22,"can Psycho**",31,83389.50000003,1,1763412341135
264.29,12.06,"**American Psycho**",23,83466.400000006,1,1763412341212
251.67,122.88,"ar: **2000**",56,83541.300000012,1,1763412341287
336.92,126.11,": **2000**",58,83675.600000024,1,1763412341421
241.81,67.68,"e: **American Psycho",21,83792.300000012,1,1763412341538
249.93,24.02,": **American Psycho*",22,83907.200000018,1,1763412341653
-1,-1,,,84024.400000006,1,1763412341770
-1,-1,,,84132.900000006,1,1763412341878
-1,-1,,,84222.300000012,1,1763412341968
582.43,54.82,"n Psycho**",33,84285.400000006,1,1763412342031
825.49,68.1,"n Psycho**",33,84376.100000024,1,1763412342122
-1,-1,,,84449.00000003,1,1763412342195
-1,-1,,,84556.700000018,1,1763412342303
-1,-1,,,84642.800000012,1,1763412342389
-1,-1,,,84720.00000003,1,1763412342466
-1,-1,,,84809.900000006,1,1763412342556
-1,-1,,,84914.700000018,1,1763412342660
-1,-1,,,84997.700000018,1,1763412342743
-1,-1,,,85137.600000024,1,1763412342883
-1,-1,,,85271.600000024,1,1763412343017
-1,-1,,,85429.200000018,1,1763412343175
-1,-1,,,85661.50000003,1,1763412343407
-1,-1,,,85891.00000003,1,1763412343637
-1,-1,,,86007.200000018,1,1763412343753
893.11,551.7,"Bateman**",154,86118.700000018,1,1763412343864
-1,-1,,,86236.400000006,1,1763412343982
-1,-1,,,86318.900000006,1,1763412344064
-1,-1,,,86395.100000024,1,1763412344141
-1,-1,,,86470.100000024,1,1763412344216
-1,-1,,,86560.200000018,1,1763412344306
-1,-1,,,86642.400000006,1,1763412344388
-1,-1,,,86745.50000003,1,1763412344491
-1,-1,,,86829.200000018,1,1763412344575
-1,-1,,,86929.600000024,1,1763412344675
-1,-1,,,87081.200000018,1,1763412344827
-1,-1,,,87226.800000012,1,1763412346914
-1,-1,,,87301.100000024,1,1763412346989
-1,-1,,,87420.00000003,1,1763412347108
-1,-1,,,87524.600000024,1,1763412347212
-1,-1,,,87637.800000012,1,1763412347325
-1,-1,,,87758.600000024,1,1763412347446
-1,-1,,,87848.100000024,1,1763412347536
-1,-1,,,88068.400000006,1,1763412347756
-1,-1,,,88243.100000024,1,1763412347931
-1,-1,,,88411.700000018,1,1763412348099
-1,-1,,,88568.50000003,1,1763412348256
-1,-1,,,88677.600000024,1,1763412348365
-1,-1,,,88794.400000006,1,1763412348482
-1,-1,,,88892.800000012,1,1763412348580
-1,-1,,,88961.400000006,1,1763412348649
492.22,65.43,"n Psycho**",33,89029.300000012,1,1763412348717
777,185.6,"on Ellis**",101,89117.50000003,1,1763412348805
895.48,234.64,"Bateman**",154,89204.300000012,1,1763412348892
-1,-1,,,89300.200000018,1,1763412348988
896.88,242.51,"Bateman**",154,89376.600000024,1,1763412349064
611.74,193.11,"on Ellis**",101,89466.00000003,1,1763412349154
608.65,194.58,"on Ellis**",101,89551.800000012,1,1763412349240
843.36,107.48,": **2000**",58,89642.900000006,1,1763412349331
848.41,76,"n Psycho**",33,89726.700000018,1,1763412349414
-1,-1,,,89837.800000012,1,1763412349525
-1,-1,,,89926.800000012,1,1763412349614
-1,-1,,,90009.400000006,1,1763412349697
-1,-1,,,90170.400000006,1,1763412349858
-1,-1,,,90267.00000003,1,1763412349955
-1,-1,,,90307.100000024,1,1763412350075
-1,-1,,,90447.800000012,1,1763412351071
-1,-1,,,90530.900000036,1,1763412351154
-1,-1,,,90635.800000012,1,1763412351259
-1,-1,,,90719.50000003,1,1763412351343
-1,-1,,,90829.200000018,1,1763412351452
-1,-1,,,90949.100000024,1,1763412351572
-1,-1,,,91059.600000024,1,1763412351683
-1,-1,,,91165.50000003,1,1763412351789
-1,-1,,,91240.400000036,1,1763412351863
-1,-1,,,91326.600000024,1,1763412351950
-1,-1,,,91421.900000036,1,1763412352045
-1,-1,,,91501.200000018,1,1763412352124
-1,-1,,,91577.300000012,1,1763412352200
-1,-1,,,91681.800000012,1,1763412352305
-1,-1,,,91757.900000036,1,1763412352381
-1,-1,,,91849.200000018,1,1763412352473
-1,-1,,,91948.300000012,1,1763412352572
-1,-1,,,92053.400000036,1,1763412352677
-1,-1,,,92135.900000036,1,1763412352759
-1,-1,,,92202.50000003,1,1763412352826
-1,-1,,,92305.50000003,1,1763412352929
-1,-1,,,92379.700000018,1,1763412353003
864.55,146.6,"hontas."**",93,92464.800000012,1,1763412353088
834.18,137.58,"hontas."**",93,92542.50000003,1,1763412353166
744.97,115.57,"hontas."**",93,92616.800000012,1,1763412353240
639.42,67.31,"he 1994 Disney anima",57,92718.00000003,1,1763412353341
-1,-1,,,92789.100000024,1,1763412353412
-1,-1,,,92903.900000036,1,1763412353527
-1,-1,,,93032.400000036,1,1763412353656
-1,-1,,,93154.700000018,1,1763412353778
-1,-1,,,93225.900000036,1,1763412353849
-1,-1,,,93303.200000018,1,1763412353926
-1,-1,,,93420.100000024,1,1763412354043
-1,-1,,,93506.900000036,1,1763412354130
-1,-1,,,93615.50000003,1,1763412354239
-1,-1,,,93692.600000024,1,1763412354316
-1,-1,,,93760.400000036,1,1763412354384
-1,-1,,,93859.300000012,1,1763412354482
-1,-1,,,93926.400000036,1,1763412354550
-1,-1,,,94026.800000012,1,1763412354650
763.04,42.17,"ey animated film",69,94098.300000012,1,1763412354722
552.4,59.11,"mas in the 1994 Disn",49,94192.50000003,1,1763412354816
504.81,67.67,"Thomas in the 1994",45,94285.100000024,1,1763412354908
425.54,213.02,"hontas."**",93,94374.600000024,1,1763412354998
337.74,219.31,"hontas."**",93,94445.800000012,1,1763412355069
181.08,254.54,"ahontas."**",92,94524.900000036,1,1763412355148
162.7,432.93,"ocahontas."**",90,94590.400000036,1,1763412355214
187.64,378.64,"ahontas."**",92,94675.00000003,1,1763412355298
218.14,331.76,"hontas."**",93,94799.700000018,1,1763412355423
193.04,229.9,"hontas."**",93,94946.700000018,1,1763412355570
-1,-1,,,95091.900000036,1,1763412355715
-1,-1,,,95176.100000024,1,1763412355799
-1,-1,,,95248.50000003,1,1763412355872
-1,-1,,,95355.00000003,1,1763412355978
-1,-1,,,95447.800000012,1,1763412356071
-1,-1,,,95527.900000036,1,1763412356151
-1,-1,,,95595.700000018,1,1763412356219
-1,-1,,,95682.50000003,1,1763412356306
-1,-1,,,95764.200000018,1,1763412356387
-1,-1,,,95864.300000012,1,1763412356488
-1,-1,,,95946.600000024,1,1763412356570
139.21,110.97,""Pocahontas."**",88,96052.600000024,1,1763412356676
69.55,211.56,"**"Pocahontas."*",82,96134.700000018,1,1763412356758
49.98,190.55,"**"Pocahontas.",80,96240.100000024,1,1763412356864
117.86,114.13,"**"Pocahontas."**",86,96315.400000036,1,1763412356939
83.39,3.61,"Christian Bale vo",7,96388.200000018,1,1763412357012
-1,-1,,,96477.300000012,1,1763412357101
-1,-1,,,96556.400000036,1,1763412357180
-1,-1,,,96644.400000036,1,1763412357268
-1,-1,,,96740.200000018,1,1763412357364
-1,-1,,,96825.800000012,1,1763412357449
-1,-1,,,96911.900000036,1,1763412357535
745.52,23.31,"sney animated film",67,97007.700000018,1,1763412357631
-1,-1,,,97092.700000018,1,1763412357716
-1,-1,,,97187.800000012,1,1763412357811
-1,-1,,,97260.600000024,1,1763412357884
-1,-1,,,97358.00000003,1,1763412357982
-1,-1,,,97424.00000003,1,1763412358047
-1,-1,,,97531.400000036,1,1763412358155
-1,-1,,,97611.300000012,1,1763412358235
-1,-1,,,97686.900000036,1,1763412358310
-1,-1,,,97768.00000003,1,1763412358391
-1,-1,,,97846.100000024,1,1763412358470
-1,-1,,,97938.700000018,1,1763412358562
-1,-1,,,98031.700000018,1,1763412358655
-1,-1,,,98101.900000036,1,1763412358725
-1,-1,,,98193.900000036,1,1763412358817
-1,-1,,,98267.700000018,1,1763412358891
-1,-1,,,98349.900000036,1,1763412358973
-1,-1,,,98498.50000003,1,1763412359122
-1,-1,,,98595.100000024,1,1763412359218
-1,-1,,,98664.50000003,1,1763412359288
-1,-1,,,98733.100000024,1,1763412359356
-1,-1,,,98861.400000036,1,1763412359485
-1,-1,,,98942.800000012,1,1763412359566
-1,-1,,,99027.600000024,1,1763412359651
-1,-1,,,99112.00000003,1,1763412359735
-1,-1,,,99217.200000018,1,1763412359840
-1,-1,,,99343.300000012,1,1763412359966
-1,-1,,,99460.800000012,1,1763412360084
-1,-1,,,99549.300000012,1,1763412360172
-1,-1,,,99635.50000003,1,1763412360259
-1,-1,,,99739.400000036,1,1763412360363
-1,-1,,,99824.400000036,1,1763412360447
-1,-1,,,99926.800000012,1,1763412360550
-1,-1,,,100009.40000004,1,1763412360633
-1,-1,,,100082.00000003,1,1763412360705
-1,-1,,,100161.30000001,1,1763412360784
-1,-1,,,100246.00000003,1,1763412360869
-1,-1,,,100343.20000002,1,1763412360966
-1,-1,,,100430.40000004,1,1763412361053
-1,-1,,,100516.20000002,1,1763412361139
-1,-1,,,100619.20000002,1,1763412361242
-1,-1,,,100689.10000002,1,1763412361312
-1,-1,,,100782.30000001,1,1763412361405
-1,-1,,,100862.30000001,1,1763412361485
-1,-1,,,100957.10000002,1,1763412361580
-1,-1,,,101031.60000002,1,1763412361655
-1,-1,,,101133.80000001,1,1763412361757
-1,-1,,,101211.80000001,1,1763412361835
-1,-1,,,101313.00000003,1,1763412361936
-1,-1,,,101392.40000004,1,1763412362016
-1,-1,,,101481.90000004,1,1763412362105
-1,-1,,,101573.00000003,1,1763412362196
-1,-1,,,101663.70000002,1,1763412362287
-1,-1,,,101747.80000001,1,1763412362371
-1,-1,,,101827.10000002,1,1763412362450
-1,-1,,,101921.20000002,1,1763412362544
-1,-1,,,101994.20000002,1,1763412362617
-1,-1,,,102091.70000002,1,1763412362715
-1,-1,,,102168.20000002,1,1763412362791
-1,-1,,,102240.90000004,1,1763412362864
-1,-1,,,102351.70000002,1,1763412362975
-1,-1,,,102422.70000002,1,1763412363046
-1,-1,,,102523.00000003,1,1763412363146
-1,-1,,,102627.60000002,1,1763412363251
-1,-1,,,102718.50000003,1,1763412363342
-1,-1,,,102822.70000002,1,1763412363446
-1,-1,,,102939.40000004,1,1763412363562
-1,-1,,,103019.90000004,1,1763412363643
-1,-1,,,103098.20000002,1,1763412363721
-1,-1,,,103172.00000003,1,1763412363795
-1,-1,,,103278.20000002,1,1763412363901
-1,-1,,,103426.30000001,1,1763412364049
-1,-1,,,103497.70000002,1,1763412364121
-1,-1,,,103612.80000001,1,1763412364236
-1,-1,,,103737.10000002,1,1763412364360
-1,-1,,,103823.80000001,1,1763412364447
-1,-1,,,103917.10000002,1,1763412364540
-1,-1,,,103990.90000004,1,1763412364614
-1,-1,,,104111.40000004,1,1763412364735
-1,-1,,,104283.90000004,1,1763412364907
-1,-1,,,104375.50000003,1,1763412364999
-1,-1,,,104462.70000002,1,1763412365086
-1,-1,,,104554.40000004,1,1763412365178
-1,-1,,,104662.90000004,1,1763412365286
-1,-1,,,104757.30000001,1,1763412365381
-1,-1,,,104819.90000004,1,1763412365443
-1,-1,,,104896.50000003,1,1763412365520
-1,-1,,,104965.00000003,1,1763412365588
-1,-1,,,105032.00000003,1,1763412365656
-1,-1,,,105111.30000001,1,1763412365735
-1,-1,,,105218.30000001,1,1763412365842
-1,-1,,,105314.50000003,1,1763412365938
-1,-1,,,105406.90000004,1,1763412366030
-1,-1,,,105469.80000001,1,1763412366093
-1,-1,,,105590.20000002,1,1763412366214
-1,-1,,,105697.30000001,1,1763412366321
-1,-1,,,105775.00000003,1,1763412366399
-1,-1,,,105874.20000002,1,1763412366498
-1,-1,,,105989.20000002,1,1763412366613
-1,-1,,,106114.60000002,1,1763412366738
-1,-1,,,106177.60000002,1,1763412366801
-1,-1,,,106278.00000003,1,1763412366901
-1,-1,,,106367.30000001,1,1763412366991
-1,-1,,,106486.50000003,1,1763412367110
-1,-1,,,106620.40000004,1,1763412367244
-1,-1,,,106693.40000004,1,1763412367317
-1,-1,,,106765.10000002,1,1763412367389
808.96,528.35,"hontas."**",93,106841.70000002,1,1763412367465
841.08,412.61,"hontas."**",93,106939.80000001,1,1763412367563
895.58,411.69,"hontas."**",93,107023.20000002,1,1763412367647
-1,-1,,,107132.40000004,1,1763412367756
-1,-1,,,107264.60000002,1,1763412367888
-1,-1,,,107329.30000001,1,1763412367953
-1,-1,,,107448.10000002,1,1763412368072
894.09,412.91,"hontas."**",93,107541.20000002,1,1763412368165
-1,-1,,,107642.80000001,1,1763412368266
-1,-1,,,107719.40000004,1,1763412368343
-1,-1,,,107800.00000003,1,1763412368424
-1,-1,,,107900.30000001,1,1763412368524
-1,-1,,,107968.80000001,1,1763412368592
-1,-1,,,108042.60000002,1,1763412368666
-1,-1,,,108118.20000002,1,1763412368742
-1,-1,,,108213.30000001,1,1763412368837
-1,-1,,,108281.20000002,1,1763412368905
-1,-1,,,108355.70000002,1,1763412368979
-1,-1,,,108424.70000002,1,1763412369048
-1,-1,,,108505.50000003,1,1763412369129
-1,-1,,,108587.30000001,1,1763412369211
-1,-1,,,108694.80000001,1,1763412369319
-1,-1,,,108792.20000002,1,1763412369416
-1,-1,,,108901.90000004,1,1763412369526
-1,-1,,,109009.70000002,1,1763412369634
-1,-1,,,109088.70000002,1,1763412369712
-1,-1,,,109175.10000002,1,1763412369799
-1,-1,,,109277.00000003,1,1763412369901
-1,-1,,,109381.00000003,1,1763412370005
-1,-1,,,109527.20000002,1,1763412370151
-1,-1,,,109612.10000002,1,1763412370236
-1,-1,,,109816.60000002,1,1763412370441
-1,-1,,,109926.50000003,1,1763412370550
-1,-1,,,110007.70000002,1,1763412370631
-1,-1,,,110113.60000002,1,1763412370737
-1,-1,,,110206.50000003,1,1763412370830
-1,-1,,,110309.90000004,1,1763412370933
-1,-1,,,110417.20000002,1,1763412371041
-1,-1,,,110526.40000004,1,1763412371150
-1,-1,,,110596.40000004,1,1763412371220
-1,-1,,,110695.40000004,1,1763412371319
-1,-1,,,110778.90000004,1,1763412371403
-1,-1,,,110862.60000002,1,1763412371486
-1,-1,,,110948.30000001,1,1763412371572
-1,-1,,,111020.10000002,1,1763412371644
-1,-1,,,111103.40000004,1,1763412371727
-1,-1,,,111183.10000002,1,1763412371807
-1,-1,,,111258.40000004,1,1763412371882
-1,-1,,,111348.30000001,1,1763412371972
-1,-1,,,111455.30000001,1,1763412372079
-1,-1,,,111517.70000002,1,1763412372141
-1,-1,,,111600.20000002,1,1763412372224
-1,-1,,,111673.90000004,1,1763412372298
-1,-1,,,111742.00000003,1,1763412372366
-1,-1,,,111820.70000002,1,1763412372445
-1,-1,,,111894.20000002,1,1763412372518
-1,-1,,,111972.50000003,1,1763412372596
-1,-1,,,112064.00000003,1,1763412372688
-1,-1,,,112134.60000002,1,1763412372758
919.58,105.74,"hontas."**",93,112236.30000001,1,1763412372860
918.71,174.13,"hontas."**",93,112340.90000004,1,1763412372964
-1,-1,,,112443.00000003,1,1763412373066
-1,-1,,,112524.70000002,1,1763412373149
-1,-1,,,112613.60000002,1,1763412373237
-1,-1,,,112704.20000002,1,1763412373328
-1,-1,,,112779.10000002,1,1763412373403
-1,-1,,,112905.50000003,1,1763412373529
-1,-1,,,113029.80000001,1,1763412373653
-1,-1,,,113151.70000002,1,1763412373776
-1,-1,,,113283.30000001,1,1763412373907
-1,-1,,,113367.30000001,1,1763412373991
-1,-1,,,113444.70000002,1,1763412374068
-1,-1,,,113525.30000001,1,1763412374149
-1,-1,,,113603.10000002,1,1763412374227
-1,-1,,,113674.90000004,1,1763412374299
-1,-1,,,113763.20000002,1,1763412374387
-1,-1,,,113862.10000002,1,1763412374486
-1,-1,,,113932.30000001,1,1763412374556
-1,-1,,,114008.60000002,1,1763412374632
-1,-1,,,114115.60000002,1,1763412374739
-1,-1,,,114187.10000002,1,1763412374811
-1,-1,,,114279.80000001,1,1763412374904
-1,-1,,,114368.40000004,1,1763412374992
-1,-1,,,114444.80000001,1,1763412375068
-1,-1,,,114569.00000003,1,1763412375193
-1,-1,,,114697.40000004,1,1763412375321
-1,-1,,,114797.40000004,1,1763412375421
-1,-1,,,114925.50000003,1,1763412375549
-1,-1,,,115061.30000001,1,1763412375685
-1,-1,,,115174.30000001,1,1763412375798
-1,-1,,,115283.10000002,1,1763412375907
-1,-1,,,115379.50000003,1,1763412376003
-1,-1,,,115470.60000002,1,1763412376094
-1,-1,,,115551.40000004,1,1763412376175
-1,-1,,,115692.00000003,1,1763412376316
-1,-1,,,115817.70000002,1,1763412376442
-1,-1,,,115963.90000004,1,1763412376588
-1,-1,,,116142.00000003,1,1763412376767
-1,-1,,,116306.60000002,1,1763412376931
-1,-1,,,116427.60000002,1,1763412377051
-1,-1,,,116493.90000004,1,1763412377117
-1,-1,,,116581.00000003,1,1763412377205
-1,-1,,,116675.50000003,1,1763412377299
-1,-1,,,116796.70000002,1,1763412377421
-1,-1,,,116925.70000002,1,1763412377550
-1,-1,,,117050.30000001,1,1763412377674
-1,-1,,,117127.90000004,1,1763412377752
-1,-1,,,117237.80000001,1,1763412377862
-1,-1,,,117318.40000004,1,1763412377942
-1,-1,,,117386.10000002,1,1763412378010
-1,-1,,,117479.30000001,1,1763412378103
-1,-1,,,117571.10000002,1,1763412378195
-1,-1,,,117642.90000004,1,1763412378266
-1,-1,,,117725.20000002,1,1763412378349
-1,-1,,,117809.50000003,1,1763412378433
-1,-1,,,117901.20000002,1,1763412378525
-1,-1,,,117984.20000002,1,1763412378608
-1,-1,,,118060.00000003,1,1763412378684
-1,-1,,,118192.40000004,1,1763412378816
-1,-1,,,118261.20000002,1,1763412378885
-1,-1,,,118325.50000003,1,1763412378949
-1,-1,,,118429.00000003,1,1763412379053
-1,-1,,,118531.30000001,1,1763412379155
-1,-1,,,118596.70000002,1,1763412379220
-1,-1,,,118695.10000002,1,1763412379319
-1,-1,,,118779.40000004,1,1763412379403
-1,-1,,,118922.00000003,1,1763412379546
-1,-1,,,119067.60000002,1,1763412379692
-1,-1,,,119185.40000004,1,1763412379809
-1,-1,,,119318.00000003,1,1763412379942
-1,-1,,,119478.00000003,1,1763412380102
-1,-1,,,119545.80000001,1,1763412380169
-1,-1,,,119633.20000002,1,1763412380257
-1,-1,,,119723.40000004,1,1763412380347
-1,-1,,,119809.10000002,1,1763412380433
-1,-1,,,119890.00000003,1,1763412380513
-1,-1,,,119969.00000003,1,1763412380592
-1,-1,,,120054.20000002,1,1763412380677
-1,-1,,,120150.10000002,1,1763412380773
-1,-1,,,120264.30000001,1,1763412380888
-1,-1,,,120341.30000001,1,1763412380965
-1,-1,,,120449.50000003,1,1763412381073
-1,-1,,,120528.10000002,1,1763412381151
-1,-1,,,120626.80000001,1,1763412381250
-1,-1,,,120703.70000002,1,1763412381327
-1,-1,,,120781.20000002,1,1763412381404
-1,-1,,,120901.50000003,1,1763412381525
-1,-1,,,121028.60000002,1,1763412381652
-1,-1,,,121141.20000002,1,1763412381764
-1,-1,,,121233.80000001,1,1763412381857
-1,-1,,,121318.90000004,1,1763412381942
-1,-1,,,121391.90000004,1,1763412382015
-1,-1,,,121481.70000002,1,1763412382105
-1,-1,,,122804.30000001,1,1763412383428
-1,-1,,,122915.00000003,1,1763412383539
-1,-1,,,123050.30000001,1,1763412383674
-1,-1,,,123098.30000001,1,1763412384431
-1,-1,,,123239.20000002,1,1763412387172
-1,-1,,,123316.60000002,1,1763412387249
-1,-1,,,123385.60000002,1,1763412387318
-1,-1,,,123508.40000001,1,1763412387441
-1,-1,,,123614.40000001,1,1763412387547
909.75,414.7,"hontas."**",93,123699.30000001,1,1763412387632
915.72,282.59,"hontas."**",93,123842.00000003,1,1763412387775
-1,-1,,,123973.00000003,1,1763412387905
-1,-1,,,124073.70000002,1,1763412388006
-1,-1,,,124167.30000001,1,1763412388100
-1,-1,,,124281.10000002,1,1763412388214
-1,-1,,,124363.30000001,1,1763412388296
919.5,100.7,"hontas."**",93,124447.70000002,1,1763412388380
876.06,101.87,"hontas."**",93,124525.00000003,1,1763412388457
842.84,66.66,"ated film",76,124629.70000002,1,1763412388562
909.85,53.69,"ated film",76,124709.20000002,1,1763412388641
-1,-1,,,124785.20000002,1,1763412388718
-1,-1,,,124864.80000001,1,1763412388797
-1,-1,,,124947.80000001,1,1763412388880
-1,-1,,,125043.80000001,1,1763412388976
-1,-1,,,125117.40000001,1,1763412389050
-1,-1,,,125214.90000001,1,1763412389147
-1,-1,,,125282.10000002,1,1763412389215
870.71,183.9,"hontas."**",93,125371.50000003,1,1763412389304
-1,-1,,,125450.40000001,1,1763412389383
-1,-1,,,125552.70000002,1,1763412389486
-1,-1,,,125679.50000003,1,1763412389612
-1,-1,,,125774.90000001,1,1763412389707
-1,-1,,,125872.60000002,1,1763412389805
-1,-1,,,125951.70000002,1,1763412389884
-1,-1,,,126040.90000001,1,1763412389973
-1,-1,,,126141.90000001,1,1763412390074
-1,-1,,,126213.20000002,1,1763412390146
-1,-1,,,126283.90000001,1,1763412390217
-1,-1,,,126367.40000001,1,1763412390300
-1,-1,,,126460.10000002,1,1763412390392
-1,-1,,,126552.30000001,1,1763412390485
-1,-1,,,126653.00000003,1,1763412390585
-1,-1,,,126731.90000001,1,1763412390664
-1,-1,,,126805.40000001,1,1763412390738
-1,-1,,,126883.90000001,1,1763412390816
-1,-1,,,126966.40000001,1,1763412390899
-1,-1,,,127077.10000002,1,1763412391010
-1,-1,,,127165.80000001,1,1763412391098
-1,-1,,,127270.00000003,1,1763412391202
-1,-1,,,127371.50000003,1,1763412391304
-1,-1,,,127458.40000001,1,1763412391391
-1,-1,,,127552.10000002,1,1763412391485
-1,-1,,,127656.90000001,1,1763412391589
-1,-1,,,127750.50000003,1,1763412391683
-1,-1,,,127827.50000003,1,1763412391760
-1,-1,,,127965.70000002,1,1763412391898
-1,-1,,,128083.70000002,1,1763412392016
-1,-1,,,128174.60000002,1,1763412392107
-1,-1,,,128248.20000002,1,1763412392180
-1,-1,,,128365.10000002,1,1763412392298
-1,-1,,,128465.10000002,1,1763412392398
-1,-1,,,128551.00000003,1,1763412392483
-1,-1,,,128656.30000001,1,1763412392589
-1,-1,,,128742.50000003,1,1763412392675
-1,-1,,,128822.10000002,1,1763412392754
-1,-1,,,128925.80000001,1,1763412392858
-1,-1,,,128998.80000001,1,1763412392931
-1,-1,,,129066.40000001,1,1763412392999
-1,-1,,,129132.80000001,1,1763412393065
-1,-1,,,129201.90000001,1,1763412393134
-1,-1,,,129287.60000002,1,1763412393220
-1,-1,,,129378.50000003,1,1763412393311
-1,-1,,,129455.10000002,1,1763412393387
-1,-1,,,129549.00000003,1,1763412393481
-1,-1,,,129675.10000002,1,1763412393607
-1,-1,,,129844.40000001,1,1763412393777
-1,-1,,,129979.70000002,1,1763412393912
-1,-1,,,130087.90000001,1,1763412394020
-1,-1,,,130285.10000002,1,1763412411979
-1,-1,,,130427.5,1,1763412412122
-1,-1,,,130546.10000002,1,1763412412240
-1,-1,,,130646.40000001,1,1763412412340
-1,-1,,,130725.90000001,1,1763412412420
-1,-1,,,130848.5,1,1763412412543
-1,-1,,,130958.80000001,1,1763412412653
-1,-1,,,131069.80000001,1,1763412412764
-1,-1,,,131155.5,1,1763412412850
726.07,78.16,"achinist**",31,131225.30000001,1,1763412412920
686.3,107.07,": **2004**",56,131313.20000002,1,1763412413007
605.7,182.76,"0 pounds**",90,131424,1,1763412413118
577.84,167.49,"0 pounds**",90,131502.5,1,1763412413197
498.05,142.26,": **2004**",56,131601.80000001,1,1763412413296
387.77,119.75,": **2004**",56,131688.20000002,1,1763412413383
410.76,64.67,"achinist**",31,131761.70000002,1,1763412413456
373.42,117.75,": **2004**",56,131856.60000002,1,1763412413551
263.1,173.95,": **Over 60 pounds**",80,131954.30000001,1,1763412413649
204.51,136.23,"e Year: **2004**",50,132044.90000001,1,1763412413739
137.61,105.62,"Release Year: **2004",44,132140.70000002,1,1763412413835
90.37,123.64,"- Release Year: *",39,132215.30000001,1,1763412413910
95.82,47.08,"- Film Title: **Th",8,132285.90000001,1,1763412413980
164.39,53.74,"lm Title: **The Mach",14,132387.20000002,1,1763412414082
233.89,46.71,"le: **The Machinist*",20,132456.80000001,1,1763412414151
357.05,16.83,"achinist**",31,132555.70000002,1,1763412414250
276.93,99.5,": **2004**",56,132659,1,1763412414353
279.31,45.33,"*The Machinist**",25,132781.20000002,1,1763412414476
-1,-1,,,132885.20000002,1,1763412414579
-1,-1,,,132973.80000001,1,1763412414668
-1,-1,,,133038,1,1763412414732
-1,-1,,,133132.80000001,1,1763412414827
-1,-1,,,133222.30000001,1,1763412414916
-1,-1,,,133286,1,1763412414980
604.37,10.78,"achinist**",31,133379.40000001,1,1763412415074
535.07,19.87,"achinist**",31,133457.40000001,1,1763412415152
-1,-1,,,133545.40000001,1,1763412415239
-1,-1,,,133640.60000002,1,1763412415335
-1,-1,,,133707.10000002,1,1763412415401
-1,-1,,,133826.10000002,1,1763412415520
-1,-1,,,133933.40000001,1,1763412415628
-1,-1,,,134023.70000002,1,1763412415718
615.39,77.15,"achinist**",31,134113.30000001,1,1763412415807
689.13,93.39,": **2004**",56,134182,1,1763412415876
735.43,217.82,"0 pounds**",90,134290.80000001,1,1763412415985
797.61,214.4,"0 pounds**",90,134370.90000001,1,1763412416065
-1,-1,,,134464,1,1763412416158
-1,-1,,,134539.60000002,1,1763412416234
-1,-1,,,134641.70000002,1,1763412416336
-1,-1,,,134716.40000001,1,1763412416411
-1,-1,,,134783.70000002,1,1763412416478
-1,-1,,,134881.20000002,1,1763412416575
-1,-1,,,134953.30000001,1,1763412416647
-1,-1,,,135041.40000001,1,1763412416736
-1,-1,,,135141.60000002,1,1763412416836
-1,-1,,,135211.80000001,1,1763412416906
-1,-1,,,135305.40000001,1,1763412417000
-1,-1,,,135366.30000001,1,1763412417061
-1,-1,,,135475,1,1763412417169
-1,-1,,,135553.40000001,1,1763412417248
-1,-1,,,135647.40000001,1,1763412417342
-1,-1,,,135723.10000002,1,1763412417417
-1,-1,,,135829.10000002,1,1763412417523
-1,-1,,,135951.20000002,1,1763412417645
-1,-1,,,136052.10000002,1,1763412417746
-1,-1,,,136121.90000001,1,1763412417816
-1,-1,,,136217.5,1,1763412417912
-1,-1,,,136305.10000002,1,1763412417999
-1,-1,,,136386.40000001,1,1763412418081
-1,-1,,,136454.90000001,1,1763412418149
-1,-1,,,136545.60000002,1,1763412418240
-1,-1,,,136633,1,1763412418327
-1,-1,,,136713.30000001,1,1763412418407
-1,-1,,,136794.90000001,1,1763412418489
711.69,261.75,"al worker suffering",155,136875.10000002,1,1763412418569
495.02,271.17,"*Trevor, an industri",135,136961.30000001,1,1763412418655
470.11,254.39,"**Trevor, an indust",133,137044.10000002,1,1763412418738
356.47,204.93,"60 pounds**",89,137112.90000001,1,1763412418807
277.47,161.97,"**Over 60 pounds**",81,137191.90000001,1,1763412418886
397.2,53.52,"achinist**",31,137294.5,1,1763412418989
-1,-1,,,137372.60000002,1,1763412419067
-1,-1,,,137475,1,1763412419169
-1,-1,,,137549.10000002,1,1763412419243
-1,-1,,,137641.60000002,1,1763412419336
-1,-1,,,137742.10000002,1,1763412419436
-1,-1,,,137938.20000002,1,1763412419632
-1,-1,,,138113,1,1763412419807
-1,-1,,,138296.30000001,1,1763412419990
-1,-1,,,138417.40000001,1,1763412420112
-1,-1,,,138533,1,1763412420227
-1,-1,,,138638.60000002,1,1763412420333
-1,-1,,,138741.60000002,1,1763412420436
-1,-1,,,138827.30000001,1,1763412420521
-1,-1,,,138909.10000002,1,1763412420603
-1,-1,,,139008.80000001,1,1763412420703
-1,-1,,,139071.20000002,1,1763412420765
-1,-1,,,139151.90000001,1,1763412420846
-1,-1,,,139228.40000001,1,1763412420922
-1,-1,,,139311.5,1,1763412421006
-1,-1,,,139401.40000001,1,1763412421095
-1,-1,,,139489,1,1763412421183
-1,-1,,,139568.80000001,1,1763412421263
-1,-1,,,139654.30000001,1,1763412421348
-1,-1,,,139744.90000001,1,1763412421439
-1,-1,,,139866.60000002,1,1763412421561
-1,-1,,,139952.60000002,1,1763412421647
-1,-1,,,140046,1,1763412421740
-1,-1,,,140127.60000002,1,1763412421822
-1,-1,,,140201.5,1,1763412421896
-1,-1,,,140296.70000002,1,1763412421991
-1,-1,,,140382,1,1763412422076
-1,-1,,,140450.10000002,1,1763412422144
-1,-1,,,140546.5,1,1763412422241
-1,-1,,,140614.20000002,1,1763412422308
-1,-1,,,140694.5,1,1763412422389
-1,-1,,,140762,1,1763412422456
-1,-1,,,140870.10000002,1,1763412422564
-1,-1,,,140953.20000002,1,1763412422647
-1,-1,,,141042.80000001,1,1763412422737
-1,-1,,,141111.5,1,1763412422806
-1,-1,,,141176.70000002,1,1763412422871
-1,-1,,,141249.10000002,1,1763412422943
-1,-1,,,141349,1,1763412423043
-1,-1,,,141450.40000001,1,1763412423145
-1,-1,,,141553.30000001,1,1763412423247
-1,-1,,,141625.30000001,1,1763412423319
582.2,0.76,"achinist**",31,141716.30000001,1,1763412423411
552.47,120.85,": **2004**",56,141780.90000001,1,1763412423475
828.02,172.54,"0 pounds**",90,141842.10000002,1,1763412423536
828.49,148.71,": **2004**",56,141922.90000001,1,1763412423617
738.13,61.68,"achinist**",31,142012.60000002,1,1763412423707
840.95,12.73,"achinist**",31,142090.80000001,1,1763412423785
-1,-1,,,142177.5,1,1763412423872
-1,-1,,,142240.70000002,1,1763412423935
-1,-1,,,142348.80000001,1,1763412424043
-1,-1,,,142433.30000001,1,1763412424127
-1,-1,,,142518.80000001,1,1763412424213
-1,-1,,,142585.80000001,1,1763412424280
-1,-1,,,142684.70000002,1,1763412424379
-1,-1,,,142763.70000002,1,1763412424458
-1,-1,,,142864.30000001,1,1763412424558
-1,-1,,,142933.40000001,1,1763412424628
-1,-1,,,143012.40000001,1,1763412424706
-1,-1,,,143121,1,1763412424815
-1,-1,,,143195.60000002,1,1763412424890
-1,-1,,,143280.30000001,1,1763412424974
-1,-1,,,143341.40000001,1,1763412425035
-1,-1,,,143410.5,1,1763412425105
-1,-1,,,143515,1,1763412425209
-1,-1,,,143595.90000001,1,1763412425290
-1,-1,,,143673.10000002,1,1763412425367
-1,-1,,,143762.40000001,1,1763412425456
-1,-1,,,143866.5,1,1763412425561
-1,-1,,,143957.60000002,1,1763412425652
-1,-1,,,144037.5,1,1763412425732
-1,-1,,,144122.80000001,1,1763412425817
-1,-1,,,144214.70000002,1,1763412425909
458.76,53.97,"achinist**",31,144314.80000001,1,1763412426009
506.93,119.25,": **2004**",56,144395.30000001,1,1763412426090
688.29,36.81,"achinist**",31,144480.20000002,1,1763412426174
485.49,151.92,"0 pounds**",90,144577.80000001,1,1763412426272
562.2,147.46,": **2004**",56,144657,1,1763412426351
610.95,90.73,": **2004**",56,144724.80000001,1,1763412426419
650.62,75.73,"achinist**",31,144812.70000002,1,1763412426507
668.12,0.26,"achinist**",31,144911.30000001,1,1763412426606
-1,-1,,,144997.20000002,1,1763412426691
-1,-1,,,145066.30000001,1,1763412426760
-1,-1,,,145144.5,1,1763412426839
-1,-1,,,145229.5,1,1763412426924
408.86,10.54,"achinist**",31,145323.10000002,1,1763412427017
-1,-1,,,145388.5,1,1763412427083
-1,-1,,,145480.90000001,1,1763412427175
-1,-1,,,145562.70000002,1,1763412427257
-1,-1,,,145640.70000002,1,1763412427335
-1,-1,,,145744.40000001,1,1763412427439
-1,-1,,,145861.60000002,1,1763412427556
-1,-1,,,145969.80000001,1,1763412427664
-1,-1,,,146045.40000001,1,1763412427740
460.88,19.6,"achinist**",31,146131.5,1,1763412427826
587.27,26.92,"achinist**",31,146203.90000001,1,1763412427898
-1,-1,,,146293.30000001,1,1763412427988
-1,-1,,,146390.30000001,1,1763412428084
-1,-1,,,146485.80000001,1,1763412428180
-1,-1,,,146578.60000002,1,1763412428273
-1,-1,,,146683.20000002,1,1763412428378
-1,-1,,,146797.30000001,1,1763412428492
-1,-1,,,146873,1,1763412428567
-1,-1,,,146952.40000001,1,1763412428647
-1,-1,,,147070,1,1763412428764
-1,-1,,,147162.80000001,1,1763412428857
-1,-1,,,147245.90000001,1,1763412428940
-1,-1,,,147349,1,1763412429043
-1,-1,,,147417.20000002,1,1763412429111
-1,-1,,,147503.20000002,1,1763412429197
-1,-1,,,147595.60000002,1,1763412429290
-1,-1,,,147720.70000002,1,1763412429415
-1,-1,,,147850,1,1763412429544
-1,-1,,,147968.20000002,1,1763412429663
-1,-1,,,148057,1,1763412429752
-1,-1,,,148138.90000001,1,1763412429833
864.15,243.09,"ering from",169,148217.60000002,1,1763412429912
-1,-1,,,148282.30000001,1,1763412429977
-1,-1,,,148378.5,1,1763412430073
-1,-1,,,148458.5,1,1763412430153
-1,-1,,,148533.20000002,1,1763412430228
-1,-1,,,148639.70000002,1,1763412430334
-1,-1,,,148709.40000001,1,1763412430404
-1,-1,,,148785.90000001,1,1763412430480
-1,-1,,,148876.5,1,1763412430571
-1,-1,,,148961.20000002,1,1763412430656
-1,-1,,,149068.80000001,1,1763412430763
-1,-1,,,149169.10000002,1,1763412430863
-1,-1,,,149242.70000002,1,1763412430937
-1,-1,,,149326.60000002,1,1763412431021
-1,-1,,,149420.70000002,1,1763412431115
-1,-1,,,149505.10000002,1,1763412431199
-1,-1,,,149597.40000001,1,1763412431292
-1,-1,,,149679,1,1763412431373
-1,-1,,,149754.70000002,1,1763412431449
-1,-1,,,149829.10000002,1,1763412431523
-1,-1,,,149917.60000002,1,1763412431612
-1,-1,,,150001.30000001,1,1763412431696
-1,-1,,,150088.5,1,1763412431783
-1,-1,,,150163.20000002,1,1763412431858
-1,-1,,,150261.70000002,1,1763412431956
-1,-1,,,150332.5,1,1763412432027
-1,-1,,,150409,1,1763412432103
-1,-1,,,150496.90000001,1,1763412432191
-1,-1,,,150586.20000002,1,1763412432281
-1,-1,,,150666,1,1763412432360
-1,-1,,,150764.40000001,1,1763412432459
852.48,173.44,"0 pounds**",90,150844.90000001,1,1763412432539
629.72,143.78,": **2004**",56,150913.40000001,1,1763412432608
571.25,182.52,"0 pounds**",90,151005.5,1,1763412432700
459.8,146.37,": **2004**",56,151078.20000002,1,1763412432773
415.28,162.25,"0 pounds**",90,151158.20000002,1,1763412432853
284.34,203.6,"**Over 60 pounds**",82,151264.30000001,1,1763412432959
238.97,208.14,"ss: **Over 60 pounds",78,151342.60000002,1,1763412433037
213.9,215.19,"Loss: **Over 60 poun",76,151428.5,1,1763412433123
284.49,95.08,": **2004**",56,151501.60000002,1,1763412433196
227.44,176.97,"oss: **Over 60 pound",77,151575.40000001,1,1763412433270
204.51,118.09,"e Year: **2004**",50,151667,1,1763412433361
192.14,96.53,"se Year: **2004**",49,151742.10000002,1,1763412433436
146.68,70.79,"ilm Title: **The Mac",13,151848,1,1763412433542
159.17,74.17,"lm Title: **The Mach",14,151949.70000002,1,1763412433644
37.52,60.16,"- Film Title:",3,152051.80000001,1,1763412433746
-1,-1,,,152122.60000002,1,1763412433817
267.86,7.58,"**The Machinist**",24,152215.30000001,1,1763412433910
307.41,43.95,"he Machinist**",27,152291.90000001,1,1763412433986
463.45,41.92,"achinist**",31,152379,1,1763412434073
507.66,20.53,"achinist**",31,152446.30000001,1,1763412434141
-1,-1,,,152536,1,1763412434230
-1,-1,,,152605.10000002,1,1763412434299
704.02,45.09,"achinist**",31,152700.90000001,1,1763412434395
677.93,79.36,": **2004**",56,152766.80000001,1,1763412434461
572.86,78.44,"achinist**",31,152845.90000001,1,1763412434540
497.9,137.57,": **2004**",56,152939.40000001,1,1763412434634
545.62,193.4,"0 pounds**",90,153011.80000001,1,1763412434706
422.98,145.26,": **2004**",56,153102.5,1,1763412434797
400.45,66.62,"achinist**",31,153201.90000001,1,1763412434896
349.53,69.2,"achinist**",31,153289.80000001,1,1763412434984
308.66,54.35,"he Machinist**",27,153389,1,1763412435083
287.42,57.81,"*The Machinist**",25,153469.80000001,1,1763412435164
219.09,84.36,"Year: **2004**",51,153539,1,1763412435233
342.85,86.42,": **2004**",56,153621.30000001,1,1763412435316
466.04,126.03,": **2004**",56,153741,1,1763412435436
527.52,177.13,"0 pounds**",90,153889.80000001,1,1763412435584
488.29,209.6,"0 pounds**",90,153962.5,1,1763412435657
551.32,157.43,"0 pounds**",90,154054.90000001,1,1763412435749
535.06,131.66,": **2004**",56,154143.40000001,1,1763412435838
518.31,73.23,"achinist**",31,154227.60000002,1,1763412435922
587.32,17.67,"achinist**",31,154307.5,1,1763412436002
-1,-1,,,154402.90000001,1,1763412436097
651.74,32.73,"achinist**",31,154476,1,1763412436170
620.69,138.08,": **2004**",56,154552.80000001,1,1763412436247
526.38,212.32,"0 pounds**",90,154681,1,1763412436375
480.17,269.95,"**Trevor, an industr",134,154776.30000001,1,1763412436471
352.88,254.01,"stian Bale: **Trevor",122,154845.40000001,1,1763412436540
290.06,189.79,"*Over 60 pounds**",83,154942.30000001,1,1763412436637
162.32,207.97,"ight Loss: **Over 60",71,155010.40000001,1,1763412436705
325.47,191.33,"er 60 pounds**",86,155102,1,1763412436796
295.17,200.12,"*Over 60 pounds**",83,155182.80000001,1,1763412436877
387.9,130.17,": **2004**",56,155272.5,1,1763412436967
537.56,79.06,": **2004**",56,155368.10000002,1,1763412437063
569.39,75.85,"achinist**",31,155446.30000001,1,1763412437141
437.76,128.52,": **2004**",56,155507.20000002,1,1763412437202
448.65,184.01,"0 pounds**",90,155578.80000001,1,1763412437273
455.57,178.01,"0 pounds**",90,155673.90000001,1,1763412437368
442.45,190.22,"0 pounds**",90,155758.20000002,1,1763412437453
378.95,165.24,"0 pounds**",90,155826.10000002,1,1763412437520
449.57,101.73,": **2004**",56,155931.10000002,1,1763412437626
436.34,135.55,": **2004**",56,156015,1,1763412437709
812.96,42.76,"achinist**",31,156104.90000001,1,1763412437799
904.62,92.1,": **2004**",56,156192.20000002,1,1763412437886
-1,-1,,,156272.40000001,1,1763412437967
-1,-1,,,156353.20000002,1,1763412438048
-1,-1,,,156434.40000001,1,1763412438129
-1,-1,,,156528,1,1763412438222
-1,-1,,,156595.30000001,1,1763412438290
-1,-1,,,156699.60000002,1,1763412438394
-1,-1,,,156781.40000001,1,1763412438476
-1,-1,,,156851.70000002,1,1763412438546
-1,-1,,,156930.20000002,1,1763412438624
816.03,32.71,"achinist**",31,157043.60000002,1,1763412438738
776.77,53.57,"achinist**",31,157114.20000002,1,1763412438809
682.15,37.81,"achinist**",31,157210.40000001,1,1763412438905
668.3,41.07,"achinist**",31,157304.20000002,1,1763412438999
559.43,49.85,"achinist**",31,157382.90000001,1,1763412439077
455.84,32.19,"achinist**",31,157453.10000002,1,1763412439147
379.02,106.56,": **2004**",56,157536.70000002,1,1763412439231
438.02,235.28,"le: **Trevor, an ind",130,157599.70000002,1,1763412439294
383.36,283.37,"an Bale: **Trevor, a",125,157688.20000002,1,1763412439383
375.94,327.09,"insomnia**",180,157750.30000001,1,1763412439445
440.37,341.01,"insomnia**",180,157867.30000001,1,1763412439562
502.76,304.28,"insomnia**",180,157966.40000001,1,1763412439661
627.42,238.55,"industrial worker su",147,158039.20000002,1,1763412439734
523.05,199.96,"0 pounds**",90,158136.90000001,1,1763412439831
442.9,174.61,"0 pounds**",90,158219.60000002,1,1763412439914
679.49,184.32,"0 pounds**",90,158295.80000001,1,1763412439990
821.76,210.71,"0 pounds**",90,158376.80000001,1,1763412440071
-1,-1,,,158456.30000001,1,1763412440151
-1,-1,,,158537,1,1763412440231
-1,-1,,,158627.5,1,1763412440322
873.11,305.74,"insomnia**",180,158707.20000002,1,1763412440402
818.74,374.89,"insomnia**",180,158789.90000001,1,1763412440484
739.73,324.45,"insomnia**",180,158877.10000002,1,1763412440572
733.34,315.26,"insomnia**",180,158958.80000001,1,1763412440653
627.04,264.55,"industrial worker su",147,159049.90000001,1,1763412440744
573.7,237.43,", an industrial work",142,159129.10000002,1,1763412440824
589.81,220.31,"an industrial worker",144,159211,1,1763412440905
810.21,267.32,"suffering from",164,159297.10000002,1,1763412440992
841.56,310.63,"insomnia**",180,159375.30000001,1,1763412441070
849.19,201.97,"0 pounds**",90,159446.90000001,1,1763412441141
-1,-1,,,159536.10000002,1,1763412441230
-1,-1,,,159621,1,1763412441315
-1,-1,,,159739.5,1,1763412441434
-1,-1,,,159844.20000002,1,1763412441539
-1,-1,,,159987.70000002,1,1763412441682
-1,-1,,,160051,1,1763412441745
-1,-1,,,160140.30000001,1,1763412441835
-1,-1,,,160224.70000002,1,1763412441919
-1,-1,,,160303.60000002,1,1763412441998
-1,-1,,,160405,1,1763412442099
-1,-1,,,160489.30000001,1,1763412442184
791.07,290.45,"insomnia**",180,160573.90000001,1,1763412442268
635.52,303.31,"insomnia**",180,160636.90000001,1,1763412442331
716.37,343.57,"insomnia**",180,160723.20000002,1,1763412442418
583.05,363.82,"insomnia**",180,160812.5,1,1763412442507
572.71,343.94,"insomnia**",180,160901.20000002,1,1763412442596
493.53,329.33,"insomnia**",180,160995.5,1,1763412442690
519.58,318.43,"insomnia**",180,161071.60000002,1,1763412442766
432.61,372.83,"insomnia**",180,161167.70000002,1,1763412442862
460.34,278.84,": **Trevor, an indus",132,161246,1,1763412442940
506.08,161.98,"0 pounds**",90,161327.90000001,1,1763412443022
418.82,211.97,"0 pounds**",90,161430.60000002,1,1763412443125
550.89,135.3,": **2004**",56,161507.30000001,1,1763412443202
510.11,77.98,"achinist**",31,161584.30000001,1,1763412443279
564.62,76.67,"achinist**",31,161676.70000002,1,1763412443371
-1,-1,,,161740.80000001,1,1763412443435
731.92,31.31,"achinist**",31,161845.90000001,1,1763412443540
759.64,15.27,"achinist**",31,161950.90000001,1,1763412443645
-1,-1,,,162027.70000002,1,1763412443722
671.01,1.3,"achinist**",31,162098.60000002,1,1763412443793
-1,-1,,,162188,1,1763412443882
-1,-1,,,162281.10000002,1,1763412443975
-1,-1,,,162361.5,1,1763412444056
-1,-1,,,162428.40000001,1,1763412444123
-1,-1,,,162518,1,1763412444212
-1,-1,,,162600.80000001,1,1763412444295
-1,-1,,,162679.90000001,1,1763412444374
-1,-1,,,162782.60000002,1,1763412444477
-1,-1,,,162864.90000001,1,1763412444559
528.42,1.22,"achinist**",31,162933.40000001,1,1763412444628
-1,-1,,,163009.70000002,1,1763412444704
-1,-1,,,163116.40000001,1,1763412444811
500.15,64.09,"achinist**",31,163193.60000002,1,1763412444888
321.71,190.09,"ver 60 pounds**",85,163262.30000001,1,1763412444957
292.73,242.04,"Christian Bale: **T",117,163353.10000002,1,1763412445048
329.1,244.1,"ristian Bale: **Trev",120,163439.80000001,1,1763412445134
273.41,254.2,"by Christian Bale: *",115,163514.30000001,1,1763412445209
353,297.34,"insomnia**",180,163617.10000002,1,1763412445312
397.78,337.24,"insomnia**",180,163702.40000001,1,1763412445397
430.16,258.17,"ale: **Trevor, an in",129,163823,1,1763412445518
426.6,279.86,"ale: **Trevor, an in",129,163932.30000001,1,1763412445627
511.17,284.63,"revor, an industrial",137,164034.40000001,1,1763412445729
531.71,252.13,"vor, an industrial w",139,164097.80000001,1,1763412445792
