-1,-1,,,12254.4,0,1768857116838
-1,-1,,,12356.9,1,1768857116939
-1,-1,,,12434,1,1768857117016
-1,-1,,,12514,1,1768857117097
-1,-1,,,12593.4,1,1768857117176
-1,-1,,,12686.5,1,1768857117269
-1,-1,,,12758.8,1,1768857117341
-1,-1,,,12832,1,1768857117414
-1,-1,,,12910.9,1,1768857117493
-1,-1,,,12987.4,1,1768857117570
-1,-1,,,13077,1,1768857117659
-1,-1,,,13150.2,1,1768857117732
-1,-1,,,13227.600000001,1,1768857117810
-1,-1,,,13297.9,1,1768857117880
-1,-1,,,13367.5,1,1768857117950
-1,-1,,,13442.8,1,1768857118025
-1,-1,,,13521.3,1,1768857118104
-1,-1,,,13605.4,1,1768857118188
-1,-1,,,13680.7,1,1768857118263
-1,-1,,,13761.5,1,1768857118344
-1,-1,,,13848.4,1,1768857118431
-1,-1,,,13925.8,1,1768857118508
-1,-1,,,14010,1,1768857118592
-1,-1,,,14092.9,1,1768857118675
-1,-1,,,14167.100000001,1,1768857118749
-1,-1,,,14247.9,1,1768857118830
-1,-1,,,14333.2,1,1768857118915
-1,-1,,,14423.5,1,1768857119006
-1,-1,,,14504.600000001,1,1768857119087
-1,-1,,,14590.7,1,1768857119173
-1,-1,,,14682.8,1,1768857119265
-1,-1,,,14772.600000001,1,1768857119355
-1,-1,,,14867.3,1,1768857119449
-1,-1,,,14956,1,1768857119538
-1,-1,,,15040.2,1,1768857119622
-1,-1,,,15148.3,1,1768857119730
-1,-1,,,15248.600000001,1,1768857119831
-1,-1,,,15344.2,1,1768857119926
-1,-1,,,15437.9,1,1768857120020
-1,-1,,,15527.4,1,1768857120110
-1,-1,,,15639.2,1,1768857120221
-1,-1,,,15755.100000001,1,1768857120337
-1,-1,,,15851.5,1,1768857120434
-1,-1,,,15947.100000001,1,1768857120529
-1,-1,,,16046.3,1,1768857120628
-1,-1,,,16129.9,1,1768857120712
-1,-1,,,16221.5,1,1768857120804
-1,-1,,,16307.2,1,1768857120889
-1,-1,,,16392.4,1,1768857120975
-1,-1,,,16478.3,1,1768857121060
-1,-1,,,16568.4,1,1768857121151
-1,-1,,,16654.7,1,1768857121237
-1,-1,,,16731.100000001,1,1768857121313
-1,-1,,,16810.100000001,1,1768857121392
-1,-1,,,16894.4,1,1768857121477
-1,-1,,,16973.8,1,1768857121556
-1,-1,,,17063.600000001,1,1768857121646
-1,-1,,,17149.100000001,1,1768857121731
-1,-1,,,17235.8,1,1768857121819
-1,-1,,,17321.100000001,1,1768857121903
-1,-1,,,17406.3,1,1768857121989
-1,-1,,,17486.600000001,1,1768857122069
-1,-1,,,17569.4,1,1768857122152
-1,-1,,,17674.3,1,1768857122257
-1,-1,,,17772.9,1,1768857122355
426.76,14.06,"please wait patient",39,17864.2,1,1768857122447
502.76,29.06,"wait patiently. It",46,17953.100000001,1,1768857122536
518.76,32.06,"wait patiently. It m",47,18050.7,1,1768857122633
566.76,42.06,"patiently. It might",52,18143.7,1,1768857122726
580.76,44.06,"atiently. It might t",53,18232.100000001,1,1768857122815
601.76,49.06,"iently. It might tak",55,18323.100000001,1,1768857122906
626.76,51.06,"ntly. It might take",57,18424.8,1,1768857123007
700.76,66.06,"t might take up to",64,18526.3,1,1768857123109
-1,-1,,,18617.3,1,1768857123200
-1,-1,,,18693,1,1768857123275
-1,-1,,,18785.100000001,1,1768857123368
-1,-1,,,18883,1,1768857123466
-1,-1,,,18976.4,1,1768857123559
-1,-1,,,19069.3,1,1768857123652
-1,-1,,,19153.100000001,1,1768857123735
-1,-1,,,19235.8,1,1768857123819
-1,-1,,,19321.600000001,1,1768857123904
-1,-1,,,19395.3,1,1768857123978
-1,-1,,,19472,1,1768857124054
-1,-1,,,19547.8,1,1768857124130
-1,-1,,,19618.5,1,1768857124201
-1,-1,,,19742.4,1,1768857124325
-1,-1,,,19845.600000001,1,1768857124429
-1,-1,,,19926.9,1,1768857124509
-1,-1,,,20017.9,1,1768857124600
-1,-1,,,20124.2,1,1768857124707
-1,-1,,,20198.2,1,1768857124781
-1,-1,,,20298.3,1,1768857124881
-1,-1,,,20382.100000001,1,1768857124964
-1,-1,,,20457,1,1768857125039
-1,-1,,,20534.7,1,1768857125117
-1,-1,,,20619.5,1,1768857125202
-1,-1,,,20692.9,1,1768857125276
-1,-1,,,20770.3,1,1768857125353
-1,-1,,,20848.8,1,1768857125431
-1,-1,,,20928.4,1,1768857125511
-1,-1,,,21005.8,1,1768857125588
-1,-1,,,21093.8,1,1768857125676
-1,-1,,,21167.8,1,1768857125750
-1,-1,,,21264.100000001,1,1768857125846
-1,-1,,,21343.4,1,1768857125926
-1,-1,,,21423.100000001,1,1768857126005
-1,-1,,,21496.5,1,1768857126079
-1,-1,,,21596.4,1,1768857126179
-1,-1,,,21687.8,1,1768857126270
-1,-1,,,21764.100000001,1,1768857126347
-1,-1,,,21854.9,1,1768857126437
-1,-1,,,21936.2,1,1768857126518
-1,-1,,,22017.600000001,1,1768857126600
-1,-1,,,22114.3,1,1768857126696
-1,-1,,,22224.3,1,1768857126806
-1,-1,,,22310.8,1,1768857126893
-1,-1,,,22408.4,1,1768857126990
-1,-1,,,22497.3,1,1768857127079
-1,-1,,,22585.8,1,1768857127168
-1,-1,,,22670,1,1768857127252
-1,-1,,,22747.2,1,1768857127329
-1,-1,,,22850,1,1768857127432
-1,-1,,,23022.2,1,1768857127604
-1,-1,,,23078.600000001,1,1768857127725
-1,-1,,,23257.700000001,1,1768857144874
-1,-1,,,23387.500000001,1,1768857145003
-1,-1,,,23500.800000001,1,1768857145117
-1,-1,,,23621.200000001,1,1768857145237
-1,-1,,,23710.200000001,1,1768857145326
762.76,124.06,"response",142,23810.700000001,1,1768857145427
722.76,157.06,"w up here.",160,23899.000000001,1,1768857145515
722.76,157.06,"w up here.",160,23983.600000001,1,1768857145600
722.76,157.06,"w up here.",160,24065.000000001,1,1768857145681
722.76,157.06,"w up here.",160,24159.900000001,1,1768857145776
722.76,157.06,"w up here.",160,24242.000000001,1,1768857145858
721.76,159.06,"w up here.",160,24355.400000001,1,1768857145971
602.76,124.06,"swer. The AI's respo",128,24454.200000001,1,1768857146070
503.76,114.06,"their answer. The A",119,24542.600000001,1,1768857146159
366.76,104.06,"sh generating their",106,24635.100000001,1,1768857146251
286.76,104.06,,,24747.000000001,1,1768857146363
266.76,97.06,,,24836.100000001,1,1768857146452
258.76,95.06,,,24931.300000001,1,1768857146547
231.76,87.06,,,25015.000000001,1,1768857146631
231.76,87.06,,,25111.600000001,1,1768857146728
231.76,86.06,,,25197.600000001,1,1768857146814
231.76,86.06,,,25301.900000001,1,1768857146918
266.76,85.06,,,25393.500000001,1,1768857147010
352.76,92.06,"ish generating their",105,25488.100000001,1,1768857147104
383.76,97.06,"generating their an",108,25577.600000001,1,1768857147194
400.76,86.06,"generating their ans",109,25674.000000001,1,1768857147290
421.76,40.06,", please wait patien",38,25770.800000001,1,1768857147387
-1,-1,,,25859.800000001,1,1768857147476
-1,-1,,,25951.900000001,1,1768857147568
-1,-1,,,26039.500000001,1,1768857147655
-1,-1,,,26140.700000001,1,1768857147757
-1,-1,,,26235.800000001,1,1768857147852
-1,-1,,,26324.900000001,1,1768857147941
-1,-1,,,26414.500000001,1,1768857148030
-1,-1,,,26500.600000001,1,1768857148116
-1,-1,,,26601.700000001,1,1768857148218
-1,-1,,,26701.600000001,1,1768857148318
405.76,171.56,"w up here.",160,26803.400000001,1,1768857148419
-1,-1,,,26894.500000001,1,1768857148510
-1,-1,,,26985.400000001,1,1768857148601
-1,-1,,,27084.900000001,1,1768857148701
-1,-1,,,27173.600000001,1,1768857148790
-1,-1,,,27256.200000001,1,1768857148872
-1,-1,,,27332.600000001,1,1768857148948
-1,-1,,,27414.200000001,1,1768857149030
-1,-1,,,27511.900000001,1,1768857149129
405.76,201.56,"w up here.",160,27592.300000001,1,1768857149209
405.76,106.56,"enerating their answ",110,27689.500000001,1,1768857149306
-1,-1,,,27769.600000001,1,1768857149385
-1,-1,,,27847.000000001,1,1768857149463
-1,-1,,,27935.400000001,1,1768857149551
-1,-1,,,28033.300000001,1,1768857149649
-1,-1,,,28115.800000001,1,1768857149732
405.76,11.06,"n, please wait patie",37,28196.600000001,1,1768857149813
405.76,41.06,"n, please wait patie",37,28282.200000001,1,1768857149898
405.76,41.06,"n, please wait patie",37,28372.600000001,1,1768857149989
405.76,41.06,"n, please wait patie",37,28453.600000001,1,1768857150070
405.76,41.06,"n, please wait patie",37,28541.700000001,1,1768857150159
405.76,41.06,"n, please wait patie",37,28616.600000001,1,1768857150233
405.76,41.06,"n, please wait patie",37,28706.500000001,1,1768857150323
405.76,41.06,"n, please wait patie",37,28790.800000001,1,1768857150407
375.76,22.06,"tion, please wait pa",34,28872.300000001,1,1768857150489
-1,-1,,,28961.300000001,1,1768857150577
-1,-1,,,29045.200000001,1,1768857150661
-1,-1,,,29135.900000001,1,1768857150752
-1,-1,,,29221.400000001,1,1768857150838
-1,-1,,,29314.000000001,1,1768857150930
-1,-1,,,29443.500000001,1,1768857151060
-1,-1,,,29544.900000001,1,1768857151161
-1,-1,,,29629.400000001,1,1768857151245
-1,-1,,,29711.100000001,1,1768857151327
-1,-1,,,29803.100000001,1,1768857151419
-1,-1,,,29885.500000001,1,1768857151502
-1,-1,,,29967.000000001,1,1768857151583
-1,-1,,,30041.800000001,1,1768857151658
-1,-1,,,30117.900000001,1,1768857151734
-1,-1,,,30191.300000001,1,1768857151807
-1,-1,,,30267.800000001,1,1768857151884
-1,-1,,,30361.100000001,1,1768857151977
-1,-1,,,30443.100000001,1,1768857152059
-1,-1,,,30521.200000001,1,1768857152138
-1,-1,,,30606.200000001,1,1768857152222
-1,-1,,,30693.000000001,1,1768857152309
-1,-1,,,30788.600000001,1,1768857152404
-1,-1,,,30877.000000001,1,1768857152494
-1,-1,,,30966.600000001,1,1768857152583
-1,-1,,,31065.100000001,1,1768857152682
446.76,80.06,"ating their answer.",114,31168.800000001,1,1768857152785
483.76,107.06,"ng their answer. The",117,31288.000000001,1,1768857152904
497.76,130.06,"g their answer. The",118,31379.900000001,1,1768857152996
507.76,155.06,"w up here.",160,31469.700000001,1,1768857153086
523.76,189.06,"w up here.",160,31572.200000001,1,1768857153188
523.76,189.06,"w up here.",160,31688.900000001,1,1768857153306
523.76,189.06,"w up here.",160,31790.800000001,1,1768857153407
523.76,189.06,"w up here.",160,31924.000000001,1,1768857153540
-1,-1,,,32027.400000001,1,1768857153644
-1,-1,,,32127.900000001,1,1768857153744
-1,-1,,,32227.900000001,1,1768857153844
-1,-1,,,32337.300000001,1,1768857153953
-1,-1,,,32430.200000001,1,1768857154046
-1,-1,,,32518.000000001,1,1768857154134
-1,-1,,,32612.200000001,1,1768857154228
-1,-1,,,32704.400000001,1,1768857154320
-1,-1,,,32803.400000001,1,1768857154419
-1,-1,,,32914.700000001,1,1768857154531
-1,-1,,,33006.800000001,1,1768857154623
-1,-1,,,33205.000000001,1,1768857154877
-1,-1,,,33342.600000001,1,1768857195480
-1,-1,,,33427.700000001,1,1768857195565
-1,-1,,,33516.600000001,1,1768857195654
701.76,120.06,"AI's response",137,33607.500000001,1,1768857195745
751.76,120.06,"s response",141,33698.400000001,1,1768857195836
753.76,112.06,"response",142,33781.400000001,1,1768857195919
703.76,52.06,"t might take up to",64,33869.600000001,1,1768857196008
-1,-1,,,33951.300000001,1,1768857196089
-1,-1,,,34079.900000001,1,1768857196218
-1,-1,,,34175.000000001,1,1768857196313
-1,-1,,,34276.700000001,1,1768857196415
-1,-1,,,34427.400000001,1,1768857196565
-1,-1,,,34566.000000001,1,1768857196704
-1,-1,,,34679.600000001,1,1768857196818
-1,-1,,,34774.900000001,1,1768857196913
-1,-1,,,34886.300000001,1,1768857197024
-1,-1,,,35002.500000001,1,1768857197140
-1,-1,,,35094.000000001,1,1768857197232
-1,-1,,,35173.300000001,1,1768857197311
-1,-1,,,35249.300000001,1,1768857197387
-1,-1,,,35342.900000001,1,1768857197481
-1,-1,,,35426.400000001,1,1768857197564
-1,-1,,,35494.100000001,1,1768857197632
-1,-1,,,35574.500000001,1,1768857197712
-1,-1,,,35660.200000001,1,1768857197798
-1,-1,,,35754.900000001,1,1768857197893
-1,-1,,,35835.200000001,1,1768857197973
-1,-1,,,35916.400000001,1,1768857198054
-1,-1,,,35998.500000001,1,1768857198137
-1,-1,,,36087.100000001,1,1768857198227
-1,-1,,,36188.000000001,1,1768857198326
-1,-1,,,36283.300000001,1,1768857198421
-1,-1,,,36368.600000001,1,1768857198507
-1,-1,,,36474.400000001,1,1768857198612
-1,-1,,,36564.800000001,1,1768857198702
-1,-1,,,36653.600000001,1,1768857198791
-1,-1,,,36751.100000001,1,1768857198889
-1,-1,,,36850.800000001,1,1768857198988
-1,-1,,,36941.700000001,1,1768857199079
-1,-1,,,37030.900000001,1,1768857199169
-1,-1,,,37150.200000001,1,1768857199288
-1,-1,,,37245.800000001,1,1768857199383
-1,-1,,,37331.600000001,1,1768857199469
-1,-1,,,37419.000000001,1,1768857199557
-1,-1,,,37509.200000001,1,1768857199647
-1,-1,,,37586.900000001,1,1768857199725
-1,-1,,,37662.700000001,1,1768857199800
-1,-1,,,37750.400000001,1,1768857199888
-1,-1,,,37841.500000001,1,1768857199980
-1,-1,,,37923.600000001,1,1768857200062
-1,-1,,,38018.400000001,1,1768857200156
-1,-1,,,38102.300000001,1,1768857200240
-1,-1,,,38196.600000001,1,1768857200334
-1,-1,,,38304.100000001,1,1768857200442
-1,-1,,,38389.600000001,1,1768857200527
-1,-1,,,38467.100000001,1,1768857200605
-1,-1,,,38547.000000001,1,1768857200685
-1,-1,,,38627.200000001,1,1768857200765
-1,-1,,,38703.900000001,1,1768857200841
-1,-1,,,38790.500000001,1,1768857200928
-1,-1,,,38873.000000001,1,1768857201011
-1,-1,,,39059.500000001,1,1768857201197
-1,-1,,,39095.500000001,1,1768857201274
-1,-1,,,39206.500000001,1,1768857212027
-1,-1,,,39272.600000001,1,1768857212093
-1,-1,,,39355.4,1,1768857212175
-1,-1,,,39441.000000001,1,1768857212261
-1,-1,,,39532.4,1,1768857212352
-1,-1,,,39620.700000001,1,1768857212441
-1,-1,,,39697.300000001,1,1768857212517
-1,-1,,,39781.000000001,1,1768857212601
703.76,161.06,"w up here.",160,39866.4,1,1768857212687
655.76,89.06,"The AI's response",133,39948.700000001,1,1768857212769
602.76,40.06,"iently. It might tak",55,40034.500000001,1,1768857212855
597.76,32.06,"tiently. It might ta",54,40116.500000001,1,1768857212938
570.76,1.06,"patiently. It might",52,40208.100000001,1,1768857213028
-1,-1,,,40306.9,1,1768857213127
-1,-1,,,40393.300000001,1,1768857213214
-1,-1,,,40483.700000001,1,1768857213304
-1,-1,,,40571.000000001,1,1768857213391
-1,-1,,,40654.4,1,1768857213474
-1,-1,,,40738.500000001,1,1768857213559
-1,-1,,,40827.700000001,1,1768857213648
-1,-1,,,40910.600000001,1,1768857213731
-1,-1,,,40996.600000001,1,1768857213817
-1,-1,,,41099.100000001,1,1768857213919
-1,-1,,,41189.500000001,1,1768857214010
-1,-1,,,41274.800000001,1,1768857214095
-1,-1,,,41356.600000001,1,1768857214177
-1,-1,,,41436.800000001,1,1768857214257
-1,-1,,,41512.4,1,1768857214332
-1,-1,,,41598.300000001,1,1768857214418
-1,-1,,,41674.100000001,1,1768857214494
-1,-1,,,41762.9,1,1768857214583
-1,-1,,,41845.000000001,1,1768857214665
-1,-1,,,41919.800000001,1,1768857214740
-1,-1,,,42004.300000001,1,1768857214824
-1,-1,,,42083.500000001,1,1768857214904
-1,-1,,,42174.600000001,1,1768857214995
-1,-1,,,42261.700000001,1,1768857215082
-1,-1,,,42340.000000001,1,1768857215160
-1,-1,,,42410.500000001,1,1768857215230
-1,-1,,,42489.4,1,1768857215310
-1,-1,,,42571.100000001,1,1768857215391
-1,-1,,,42654.800000001,1,1768857215475
-1,-1,,,42741.300000001,1,1768857215561
-1,-1,,,42815.000000001,1,1768857215635
-1,-1,,,42897.600000001,1,1768857215718
-1,-1,,,42972.200000001,1,1768857215792
-1,-1,,,43053.300000001,1,1768857215874
-1,-1,,,43122.800000001,1,1768857215943
-1,-1,,,43200.800000001,1,1768857216021
-1,-1,,,43274.000000001,1,1768857216094
-1,-1,,,43346.500000001,1,1768857216167
-1,-1,,,43417.000000001,1,1768857216237
-1,-1,,,43501.100000001,1,1768857216321
-1,-1,,,43590.500000001,1,1768857216411
-1,-1,,,43670.100000001,1,1768857216491
-1,-1,,,43755.600000001,1,1768857216576
-1,-1,,,43830.200000001,1,1768857216651
-1,-1,,,43906.000000001,1,1768857216726
-1,-1,,,43975.100000001,1,1768857216796
-1,-1,,,44051.600000001,1,1768857216872
-1,-1,,,44123.700000001,1,1768857216944
-1,-1,,,44195.800000001,1,1768857217016
-1,-1,,,44266.000000001,1,1768857217086
-1,-1,,,44347.200000001,1,1768857217167
-1,-1,,,44427.200000001,1,1768857217247
-1,-1,,,44509.100000001,1,1768857217329
-1,-1,,,44598.200000001,1,1768857217418
-1,-1,,,44679.800000001,1,1768857217500
-1,-1,,,44756.700000001,1,1768857217577
-1,-1,,,44842.500000001,1,1768857217663
-1,-1,,,44934.200000001,1,1768857217755
-1,-1,,,45010.300000001,1,1768857217831
-1,-1,,,45084.500000001,1,1768857217905
-1,-1,,,45190.100000001,1,1768857218010
-1,-1,,,45270.000000001,1,1768857218090
-1,-1,,,45349.300000001,1,1768857218170
-1,-1,,,45429.200000001,1,1768857218250
-1,-1,,,45508.100000001,1,1768857218328
-1,-1,,,45587.200000001,1,1768857218408
-1,-1,,,45658.100000001,1,1768857218479
-1,-1,,,45751.100000001,1,1768857218571
-1,-1,,,45850.700000001,1,1768857218671
-1,-1,,,45936.000000001,1,1768857218756
-1,-1,,,46013.600000001,1,1768857218834
-1,-1,,,46086.800000001,1,1768857218907
-1,-1,,,46174.4,1,1768857218995
-1,-1,,,46248.500000001,1,1768857219069
-1,-1,,,46333.100000001,1,1768857219153
-1,-1,,,46398.4,1,1768857219219
-1,-1,,,46470.300000001,1,1768857219291
-1,-1,,,46558.200000001,1,1768857219378
-1,-1,,,46637.300000001,1,1768857219458
-1,-1,,,46730.200000001,1,1768857219550
-1,-1,,,46823.200000001,1,1768857219643
-1,-1,,,46907.800000001,1,1768857219728
-1,-1,,,46980.000000001,1,1768857219800
-1,-1,,,47054.800000001,1,1768857219875
-1,-1,,,47130.4,1,1768857219951
-1,-1,,,47199.200000001,1,1768857220019
-1,-1,,,47266.9,1,1768857220087
-1,-1,,,47367.000000001,1,1768857220187
-1,-1,,,47447.100000001,1,1768857220267
-1,-1,,,47516.200000001,1,1768857220336
-1,-1,,,47608.000000001,1,1768857220428
-1,-1,,,47695.800000001,1,1768857220516
-1,-1,,,47773.9,1,1768857220594
-1,-1,,,47851.600000001,1,1768857220672
-1,-1,,,47931.100000001,1,1768857220751
-1,-1,,,48016.100000001,1,1768857220836
-1,-1,,,48096.600000001,1,1768857220917
-1,-1,,,48178.700000001,1,1768857220999
-1,-1,,,48261.800000001,1,1768857221082
-1,-1,,,48341.700000001,1,1768857221162
-1,-1,,,48415.9,1,1768857221236
-1,-1,,,48508.500000001,1,1768857221328
-1,-1,,,48605.600000001,1,1768857221426
-1,-1,,,48700.800000001,1,1768857221521
-1,-1,,,48803.800000001,1,1768857221624
-1,-1,,,48908.600000001,1,1768857221729
-1,-1,,,48991.100000001,1,1768857221811
-1,-1,,,49069.000000001,1,1768857221889
-1,-1,,,49158.200000001,1,1768857221978
-1,-1,,,49231.000000001,1,1768857222051
-1,-1,,,49303.600000001,1,1768857222124
-1,-1,,,49379.700000001,1,1768857222200
-1,-1,,,49458.4,1,1768857222279
-1,-1,,,49541.800000001,1,1768857222362
-1,-1,,,49618.600000001,1,1768857222439
-1,-1,,,49714.300000001,1,1768857222535
585.76,20.06,"Trade-offs",37,49795.100000001,1,1768857222616
591.76,27.06,"Trade-offs",37,49888.000000001,1,1768857222709
595.76,30.06,"Trade-offs",37,49981.100000001,1,1768857222803
596.76,40.81,"Trade-offs",37,50077.500000001,1,1768857222898
596.76,153.31,"ine needs:",120,50164.000000001,1,1768857222986
596.76,273.31,"tection (infrastruct",175,50255.000000001,1,1768857223075
596.76,392.06,"cing visitor impact",261,50335.200000001,1,1768857223156
623.76,407.06,"g visitor impact",264,50421.9,1,1768857223242
701.76,369.06,"tor impact",270,50504.700000001,1,1768857223325
732.76,315.06,,,50603.300000001,1,1768857223424
738.76,306.06,,,50695.100000001,1,1768857223516
741.76,406.06,"tor impact",270,50798.600000001,1,1768857223619
741.76,437.31,"overtourism",338,50894.9,1,1768857223715
781.76,649.06,"sk Factors",459,50993.700000001,1,1768857223814
-1,-1,,,51084.200000001,1,1768857223905
-1,-1,,,51168.100000001,1,1768857223989
-1,-1,,,51269.200000001,1,1768857224089
-1,-1,,,51361.500000001,1,1768857224182
-1,-1,,,51451.300000001,1,1768857224272
-1,-1,,,51538.700000001,1,1768857224359
-1,-1,,,51629.200000001,1,1768857224451
-1,-1,,,51721.9,1,1768857224542
-1,-1,,,51816.800000001,1,1768857224637
-1,-1,,,51912.600000001,1,1768857224733
-1,-1,,,51997.600000001,1,1768857224818
-1,-1,,,52079.9,1,1768857224900
-1,-1,,,52168.9,1,1768857224989
-1,-1,,,52277.4,1,1768857225098
-1,-1,,,52365.500000001,1,1768857225186
-1,-1,,,52455.000000001,1,1768857225275
-1,-1,,,52544.200000001,1,1768857225364
-1,-1,,,52640.4,1,1768857225461
-1,-1,,,52729.300000001,1,1768857225550
-1,-1,,,52826.200000001,1,1768857225646
-1,-1,,,52938.700000001,1,1768857225759
-1,-1,,,53029.9,1,1768857225850
-1,-1,,,53133.200000001,1,1768857225953
-1,-1,,,53220.000000001,1,1768857226040
-1,-1,,,53315.700000001,1,1768857226136
-1,-1,,,53404.9,1,1768857226225
-1,-1,,,53492.300000001,1,1768857226313
-1,-1,,,53599.600000001,1,1768857226420
-1,-1,,,53685.000000001,1,1768857226505
-1,-1,,,53771.9,1,1768857226592
-1,-1,,,53866.200000001,1,1768857226686
-1,-1,,,53954.700000001,1,1768857226775
-1,-1,,,54049.4,1,1768857226870
-1,-1,,,54142.700000001,1,1768857226963
-1,-1,,,54229.800000001,1,1768857227050
-1,-1,,,54333.4,1,1768857227154
-1,-1,,,54418.800000001,1,1768857227239
-1,-1,,,54513.600000001,1,1768857227334
-1,-1,,,54599.000000001,1,1768857227419
-1,-1,,,54694.800000001,1,1768857227515
-1,-1,,,54788.100000001,1,1768857227608
-1,-1,,,54885.200000001,1,1768857227705
-1,-1,,,54973.000000001,1,1768857227793
-1,-1,,,55056.600000001,1,1768857227877
-1,-1,,,55143.4,1,1768857227964
-1,-1,,,55233.200000001,1,1768857228053
-1,-1,,,55313.9,1,1768857228134
-1,-1,,,55395.500000001,1,1768857228216
-1,-1,,,55476.9,1,1768857228297
-1,-1,,,55562.600000001,1,1768857228383
-1,-1,,,55641.100000001,1,1768857228461
-1,-1,,,55725.700000001,1,1768857228546
-1,-1,,,55803.100000001,1,1768857228623
-1,-1,,,55892.200000001,1,1768857228713
-1,-1,,,55984.100000001,1,1768857228804
-1,-1,,,56065.200000001,1,1768857228885
-1,-1,,,56149.600000001,1,1768857228970
-1,-1,,,56231.600000001,1,1768857229052
-1,-1,,,56323.9,1,1768857229144
-1,-1,,,56419.9,1,1768857229240
-1,-1,,,56503.9,1,1768857229324
-1,-1,,,56578.200000001,1,1768857229399
-1,-1,,,56660.700000001,1,1768857229481
-1,-1,,,56757.300000001,1,1768857229578
-1,-1,,,56864.600000001,1,1768857229685
-1,-1,,,56957.300000001,1,1768857229778
-1,-1,,,57041.500000001,1,1768857229862
-1,-1,,,57166.600000001,1,1768857229987
-1,-1,,,57263.800000001,1,1768857230084
-1,-1,,,57366.000000001,1,1768857230186
-1,-1,,,57452.9,1,1768857230274
-1,-1,,,57546.800000001,1,1768857230367
-1,-1,,,57629.100000001,1,1768857230450
-1,-1,,,57717.4,1,1768857230538
-1,-1,,,57813.300000001,1,1768857230634
-1,-1,,,57904.600000001,1,1768857230725
-1,-1,,,57999.100000001,1,1768857230820
-1,-1,,,58087.500000001,1,1768857230908
672.76,544.06,"that many travelers",401,58175.4,1,1768857230996
491.76,655.06,"sk Factors",459,58267.800000001,1,1768857231089
440.76,787.06,"(Maldives, Palau, N",560,58370.500000001,1,1768857231191
436.76,819.06,"(Maldives, Palau, N",560,58456.600000001,1,1768857231277
436.76,829.06,"(Maldives, Palau, N",560,58557.300000001,1,1768857231378
436.76,829.06,"(Maldives, Palau, N",560,58643.300000001,1,1768857231464
436.76,829.06,"(Maldives, Palau, N",560,58725.700000001,1,1768857231546
436.76,829.06,"(Maldives, Palau, N",560,58820.4,1,1768857231641
436.76,829.06,"(Maldives, Palau, N",560,59002.600000001,1,1768857231823
436.76,829.06,"(Maldives, Palau, N",560,59143.300000001,1,1768857241732
436.76,829.06,"(Maldives, Palau, N",560,59215.900000001,1,1768857241805
436.76,829.06,"(Maldives, Palau, N",560,59303.600000001,1,1768857241893
436.76,829.06,"(Maldives, Palau, N",560,59373.100000001,1,1768857241962
436.76,829.06,"(Maldives, Palau, N",560,59437.200000001,1,1768857242026
436.76,829.06,"(Maldives, Palau, N",560,59507.000000001,1,1768857242096
542.76,806.06,"s, Palau, New Zealan",569,59599.800000001,1,1768857242189
546.76,677.06,"sk Factors",459,59674.400000001,1,1768857242264
546.76,539.06,"tion link** that man",390,59758.300000001,1,1768857242348
533.76,396.06,"eriencing visitor im",256,59843.100000001,1,1768857242432
528.76,375.06,"periencing visitor i",255,59921.100000001,1,1768857242511
528.76,371.06,"periencing visitor i",255,60005.600000001,1,1768857242595
528.76,367.06,"periencing visitor i",255,60106.000000001,1,1768857242696
528.76,352.06,,,60232.500000001,1,1768857242822
527.76,349.06,,,60355.300000001,1,1768857242944
525.76,341.06,,,60460.400000001,1,1768857243050
525.76,341.06,,,60565.300000001,1,1768857243154
525.76,341.06,,,60663.400000001,1,1768857243252
525.76,341.06,,,60746.800000001,1,1768857243336
525.76,341.06,,,60839.100000001,1,1768857243430
525.76,341.06,,,60928.200000001,1,1768857243517
525.76,341.06,,,61000.900000001,1,1768857243590
525.76,341.06,,,61102.800000001,1,1768857243692
525.76,341.06,,,61179.400000001,1,1768857243768
525.76,341.06,,,61260.500000001,1,1768857243850
525.76,341.06,,,61337.200000001,1,1768857243927
525.76,341.06,,,61409.300000001,1,1768857243998
525.76,341.06,,,61477.100000001,1,1768857244066
525.76,341.06,,,61597.300000001,1,1768857244187
601.76,547.06,"link** that many tra",395,61669.700000001,1,1768857244259
601.76,547.06,"link** that many tra",395,61742.300000001,1,1768857244333
615.76,544.06,"ink** that many trav",396,61831.700000001,1,1768857244421
726.76,522.06,"many travelers",406,61918.500000001,1,1768857244508
-1,-1,,,61996.700000001,1,1768857244586
-1,-1,,,62078.300000001,1,1768857244668
-1,-1,,,62167.000000001,1,1768857244757
-1,-1,,,62260.400000001,1,1768857244850
-1,-1,,,62352.700000001,1,1768857244942
-1,-1,,,62445.000000001,1,1768857245034
-1,-1,,,62533.000000001,1,1768857245122
-1,-1,,,62622.000000001,1,1768857245211
-1,-1,,,62731.000000001,1,1768857245320
-1,-1,,,62830.300000001,1,1768857245419
-1,-1,,,62922.400000001,1,1768857245511
-1,-1,,,63014.700000001,1,1768857245603
-1,-1,,,63111.100000001,1,1768857245700
-1,-1,,,63209.400000001,1,1768857245798
-1,-1,,,63288.800000001,1,1768857245877
-1,-1,,,63366.700000001,1,1768857245955
-1,-1,,,63438.500000001,1,1768857246027
-1,-1,,,63515.800000001,1,1768857246104
-1,-1,,,63592.000000001,1,1768857246181
-1,-1,,,63671.500000001,1,1768857246260
-1,-1,,,63740.200000001,1,1768857246329
-1,-1,,,63816.600000001,1,1768857246405
-1,-1,,,63893.000000001,1,1768857246482
-1,-1,,,63986.400000001,1,1768857246575
-1,-1,,,64066.600000001,1,1768857246655
-1,-1,,,64150.500000001,1,1768857246739
-1,-1,,,64234.500000001,1,1768857246823
-1,-1,,,64321.900000001,1,1768857246911
-1,-1,,,64402.700000001,1,1768857246991
-1,-1,,,64498.000000001,1,1768857247087
-1,-1,,,64586.200000001,1,1768857247175
-1,-1,,,64678.000000001,1,1768857247267
-1,-1,,,64765.700000001,1,1768857247354
-1,-1,,,64852.100000001,1,1768857247441
-1,-1,,,64942.100000001,1,1768857247531
-1,-1,,,65031.800000001,1,1768857247620
-1,-1,,,65121.900000001,1,1768857247711
-1,-1,,,65204.900000001,1,1768857247794
-1,-1,,,65289.000000001,1,1768857247878
-1,-1,,,65364.400000001,1,1768857247953
-1,-1,,,65464.800000001,1,1768857248053
-1,-1,,,65550.900000001,1,1768857248140
-1,-1,,,65624.600000001,1,1768857248213
-1,-1,,,65700.900000001,1,1768857248290
-1,-1,,,65776.200000001,1,1768857248365
-1,-1,,,65851.500000001,1,1768857248440
-1,-1,,,65931.200000001,1,1768857248520
-1,-1,,,66013.300000001,1,1768857248602
-1,-1,,,66096.200000001,1,1768857248685
-1,-1,,,66179.000000001,1,1768857248768
-1,-1,,,66263.400000001,1,1768857248852
-1,-1,,,66341.200000001,1,1768857248930
-1,-1,,,66428.200000001,1,1768857249017
-1,-1,,,66506.300000001,1,1768857249095
-1,-1,,,66595.800000001,1,1768857249185
-1,-1,,,66689.700000001,1,1768857249278
-1,-1,,,66776.200000001,1,1768857249365
-1,-1,,,66859.000000001,1,1768857249448
-1,-1,,,66946.600000001,1,1768857249535
-1,-1,,,67034.500000001,1,1768857249624
-1,-1,,,67123.400000001,1,1768857249712
-1,-1,,,67211.700000001,1,1768857249801
-1,-1,,,67295.600000001,1,1768857249885
-1,-1,,,67372.200000001,1,1768857249961
-1,-1,,,67451.200000001,1,1768857250040
-1,-1,,,67528.800000001,1,1768857250118
-1,-1,,,67607.200000001,1,1768857250196
-1,-1,,,67690.200000001,1,1768857250279
-1,-1,,,67765.800000001,1,1768857250355
-1,-1,,,67845.700000001,1,1768857250434
-1,-1,,,67929.400000001,1,1768857250518
-1,-1,,,68004.100000001,1,1768857250593
-1,-1,,,68072.100000001,1,1768857250661
-1,-1,,,68156.500000001,1,1768857250745
-1,-1,,,68230.000000001,1,1768857250819
-1,-1,,,68306.800000001,1,1768857250895
-1,-1,,,68372.600000001,1,1768857250961
-1,-1,,,68456.700000001,1,1768857251045
-1,-1,,,68533.500000001,1,1768857251122
-1,-1,,,68613.200000001,1,1768857251202
-1,-1,,,68683.200000001,1,1768857251272
-1,-1,,,68748.600000001,1,1768857251337
-1,-1,,,68829.000000001,1,1768857251418
-1,-1,,,68899.900000001,1,1768857251489
-1,-1,,,68963.100000001,1,1768857251552
-1,-1,,,69031.900000001,1,1768857251621
-1,-1,,,69099.200000001,1,1768857251688
-1,-1,,,69169.300000001,1,1768857251758
-1,-1,,,69247.000000001,1,1768857251836
-1,-1,,,69315.700000001,1,1768857251904
-1,-1,,,69404.800000001,1,1768857251993
-1,-1,,,69479.000000001,1,1768857252068
-1,-1,,,69554.400000001,1,1768857252143
-1,-1,,,69621.500000001,1,1768857252210
-1,-1,,,69702.800000001,1,1768857252292
-1,-1,,,69793.300000001,1,1768857252382
-1,-1,,,69865.200000001,1,1768857252454
-1,-1,,,69934.500000001,1,1768857252524
-1,-1,,,70018.600000001,1,1768857252608
-1,-1,,,70100.000000001,1,1768857252689
-1,-1,,,70170.600000001,1,1768857252759
-1,-1,,,70255.600000001,1,1768857252844
-1,-1,,,70331.900000001,1,1768857252921
-1,-1,,,70398.800000001,1,1768857252988
-1,-1,,,70468.400000001,1,1768857253057
-1,-1,,,70544.600000001,1,1768857253133
-1,-1,,,70619.700000001,1,1768857253209
-1,-1,,,70695.800000001,1,1768857253285
-1,-1,,,70771.800000001,1,1768857253360
-1,-1,,,70841.500000001,1,1768857253430
-1,-1,,,70914.600000001,1,1768857253503
-1,-1,,,70982.700000001,1,1768857253571
-1,-1,,,71046.300000001,1,1768857253635
-1,-1,,,71117.200000001,1,1768857253706
-1,-1,,,71180.100000001,1,1768857253769
-1,-1,,,71249.200000001,1,1768857253838
-1,-1,,,71320.500000001,1,1768857253909
-1,-1,,,71397.600000001,1,1768857253986
-1,-1,,,71471.000000001,1,1768857254060
-1,-1,,,71550.300000001,1,1768857254139
-1,-1,,,71621.100000001,1,1768857254210
-1,-1,,,71704.600000001,1,1768857254293
-1,-1,,,71778.400000001,1,1768857254367
-1,-1,,,71854.300000001,1,1768857254443
-1,-1,,,71933.400000001,1,1768857254522
-1,-1,,,72006.900000001,1,1768857254596
-1,-1,,,72086.500000001,1,1768857254675
-1,-1,,,72151.100000001,1,1768857254740
-1,-1,,,72239.100000001,1,1768857254828
-1,-1,,,72323.800000001,1,1768857254912
-1,-1,,,72404.400000001,1,1768857254993
-1,-1,,,72486.700000001,1,1768857255075
-1,-1,,,72553.700000001,1,1768857255142
-1,-1,,,72639.900000001,1,1768857255228
-1,-1,,,72715.400000001,1,1768857255304
-1,-1,,,72789.300000001,1,1768857255378
-1,-1,,,72865.800000001,1,1768857255455
-1,-1,,,72941.100000001,1,1768857255530
-1,-1,,,73025.800000001,1,1768857255615
-1,-1,,,73098.900000001,1,1768857255688
-1,-1,,,73169.200000001,1,1768857255758
-1,-1,,,73256.800000001,1,1768857255846
-1,-1,,,73335.400000001,1,1768857255924
-1,-1,,,73416.100000001,1,1768857256005
-1,-1,,,73493.900000001,1,1768857256083
-1,-1,,,73581.200000001,1,1768857256170
-1,-1,,,73649.900000001,1,1768857256239
-1,-1,,,73735.400000001,1,1768857256324
-1,-1,,,73823.500000001,1,1768857256412
-1,-1,,,73905.400000001,1,1768857256494
-1,-1,,,73987.500000001,1,1768857256576
-1,-1,,,74068.200000001,1,1768857256657
-1,-1,,,74149.100000001,1,1768857256738
-1,-1,,,74219.300000001,1,1768857256808
-1,-1,,,74294.500000001,1,1768857256883
-1,-1,,,74367.000000001,1,1768857256956
-1,-1,,,74435.800000001,1,1768857257024
-1,-1,,,74510.300000001,1,1768857257099
-1,-1,,,74582.700000001,1,1768857257171
-1,-1,,,74646.300000001,1,1768857257235
-1,-1,,,74716.100000001,1,1768857257305
-1,-1,,,74785.700000001,1,1768857257374
-1,-1,,,74858.100000001,1,1768857257447
-1,-1,,,74936.300000001,1,1768857257525
-1,-1,,,75006.900000001,1,1768857257596
-1,-1,,,75084.600000001,1,1768857257673
-1,-1,,,75157.200000001,1,1768857257746
-1,-1,,,75226.200000001,1,1768857257815
-1,-1,,,75294.300000001,1,1768857257883
-1,-1,,,75364.100000001,1,1768857257953
-1,-1,,,75439.000000001,1,1768857258028
-1,-1,,,75506.100000001,1,1768857258095
-1,-1,,,75583.900000001,1,1768857258173
-1,-1,,,75664.100000001,1,1768857258253
-1,-1,,,75733.000000001,1,1768857258322
-1,-1,,,75802.600000001,1,1768857258391
-1,-1,,,75886.400000001,1,1768857258475
-1,-1,,,75961.300000001,1,1768857258550
-1,-1,,,76033.100000001,1,1768857258622
-1,-1,,,76107.200000001,1,1768857258696
-1,-1,,,76183.800000001,1,1768857258773
-1,-1,,,76264.200000001,1,1768857258853
-1,-1,,,76337.800000001,1,1768857258927
-1,-1,,,76419.600000001,1,1768857259008
-1,-1,,,76502.100000001,1,1768857259091
-1,-1,,,76572.900000001,1,1768857259162
-1,-1,,,76646.900000001,1,1768857259236
-1,-1,,,76713.300000001,1,1768857259302
-1,-1,,,76780.500000001,1,1768857259369
-1,-1,,,76853.000000001,1,1768857259442
-1,-1,,,76928.800000001,1,1768857259518
-1,-1,,,77000.200000001,1,1768857259589
-1,-1,,,77071.200000001,1,1768857259660
-1,-1,,,77145.800000001,1,1768857259735
-1,-1,,,77212.100000001,1,1768857259801
-1,-1,,,77287.300000001,1,1768857259876
-1,-1,,,77353.800000001,1,1768857259943
-1,-1,,,77436.100000001,1,1768857260025
-1,-1,,,77540.100000001,1,1768857260129
-1,-1,,,77623.400000001,1,1768857260212
-1,-1,,,77697.200000001,1,1768857260286
-1,-1,,,77763.200000001,1,1768857260352
-1,-1,,,77831.300000001,1,1768857260420
-1,-1,,,77897.700000001,1,1768857260486
-1,-1,,,77959.600000001,1,1768857260548
-1,-1,,,78044.400000001,1,1768857260634
-1,-1,,,78122.800000001,1,1768857260712
-1,-1,,,78198.400000001,1,1768857260788
-1,-1,,,78264.900000001,1,1768857260854
-1,-1,,,78353.500000001,1,1768857260942
-1,-1,,,78431.000000001,1,1768857261020
-1,-1,,,78503.800000001,1,1768857261093
-1,-1,,,78584.600000001,1,1768857261173
-1,-1,,,78662.000000001,1,1768857261251
-1,-1,,,78730.500000001,1,1768857261320
-1,-1,,,78818.400000001,1,1768857261407
-1,-1,,,78903.000000001,1,1768857261492
-1,-1,,,78984.000000001,1,1768857261573
-1,-1,,,79078.500000001,1,1768857261668
-1,-1,,,79150.500000001,1,1768857261739
-1,-1,,,79230.700000001,1,1768857261819
-1,-1,,,79296.000000001,1,1768857261885
-1,-1,,,79359.500000001,1,1768857261948
-1,-1,,,79429.100000001,1,1768857262018
-1,-1,,,79494.200000001,1,1768857262083
-1,-1,,,79569.200000001,1,1768857262158
-1,-1,,,79641.900000001,1,1768857262231
-1,-1,,,79714.400000001,1,1768857262303
-1,-1,,,79788.200000001,1,1768857262377
-1,-1,,,79865.400000001,1,1768857262454
-1,-1,,,79929.500000001,1,1768857262518
-1,-1,,,79995.300000001,1,1768857262584
-1,-1,,,80061.300000001,1,1768857262650
-1,-1,,,80128.700000001,1,1768857262718
-1,-1,,,80203.100000001,1,1768857262792
-1,-1,,,80284.400000001,1,1768857262873
-1,-1,,,80363.600000001,1,1768857262952
-1,-1,,,80429.300000001,1,1768857263018
-1,-1,,,80496.300000001,1,1768857263085
-1,-1,,,80569.700000001,1,1768857263159
-1,-1,,,80645.300000001,1,1768857263234
-1,-1,,,80715.800000001,1,1768857263305
-1,-1,,,80796.400000001,1,1768857263385
-1,-1,,,80867.900000001,1,1768857263457
-1,-1,,,80943.900000001,1,1768857263533
-1,-1,,,81013.600000001,1,1768857263602
-1,-1,,,81080.100000001,1,1768857263669
-1,-1,,,81146.400000001,1,1768857263735
-1,-1,,,81221.600000001,1,1768857263810
-1,-1,,,81302.000000001,1,1768857263891
-1,-1,,,81380.700000001,1,1768857263970
-1,-1,,,81478.200000001,1,1768857264067
-1,-1,,,81549.400000001,1,1768857264138
-1,-1,,,81629.500000001,1,1768857264218
-1,-1,,,81701.600000001,1,1768857264290
-1,-1,,,81783.900000001,1,1768857264373
-1,-1,,,81861.900000001,1,1768857264450
-1,-1,,,81925.400000001,1,1768857264514
-1,-1,,,81997.000000001,1,1768857264586
-1,-1,,,82066.500000001,1,1768857264655
-1,-1,,,82144.400000001,1,1768857264733
-1,-1,,,82212.000000001,1,1768857264801
-1,-1,,,82285.200000001,1,1768857264874
-1,-1,,,82369.200000001,1,1768857264958
-1,-1,,,82442.200000001,1,1768857265031
-1,-1,,,82511.500000001,1,1768857265100
-1,-1,,,82583.100000001,1,1768857265172
-1,-1,,,82673.400000001,1,1768857265263
-1,-1,,,82742.500000001,1,1768857265331
-1,-1,,,82825.700000001,1,1768857265415
-1,-1,,,82891.100000001,1,1768857265480
-1,-1,,,82966.100000001,1,1768857265555
-1,-1,,,83043.700000001,1,1768857265633
-1,-1,,,83110.700000001,1,1768857265700
-1,-1,,,83176.300000001,1,1768857265765
-1,-1,,,83245.700000001,1,1768857265835
-1,-1,,,83320.600000001,1,1768857265909
-1,-1,,,83396.400000001,1,1768857265985
-1,-1,,,83461.100000001,1,1768857266050
-1,-1,,,83532.400000001,1,1768857266121
-1,-1,,,83603.600000001,1,1768857266193
-1,-1,,,83687.200000001,1,1768857266276
-1,-1,,,83765.400000001,1,1768857266354
-1,-1,,,83838.000000001,1,1768857266427
-1,-1,,,83907.600000001,1,1768857266497
-1,-1,,,83976.300000001,1,1768857266565
-1,-1,,,84053.900000001,1,1768857266643
-1,-1,,,84128.300000001,1,1768857266717
-1,-1,,,84194.600000001,1,1768857266783
-1,-1,,,84261.500000001,1,1768857266850
-1,-1,,,84331.600000001,1,1768857266920
-1,-1,,,84415.200000001,1,1768857267004
-1,-1,,,84495.400000001,1,1768857267084
-1,-1,,,84567.100000001,1,1768857267156
-1,-1,,,84646.000000001,1,1768857267235
-1,-1,,,84725.400000001,1,1768857267314
-1,-1,,,84809.300000001,1,1768857267398
-1,-1,,,84889.300000001,1,1768857267478
-1,-1,,,84964.200000001,1,1768857267553
-1,-1,,,85042.300000001,1,1768857267631
-1,-1,,,85132.900000001,1,1768857267722
-1,-1,,,85210.900000001,1,1768857267800
-1,-1,,,85290.600000001,1,1768857267880
-1,-1,,,85373.800000001,1,1768857267963
-1,-1,,,85471.500000001,1,1768857268061
-1,-1,,,85558.400000001,1,1768857268147
-1,-1,,,85675.300000001,1,1768857268264
-1,-1,,,85765.100000001,1,1768857268354
-1,-1,,,85851.400000001,1,1768857268442
-1,-1,,,85936.900000001,1,1768857268526
-1,-1,,,86011.700000001,1,1768857268600
-1,-1,,,86095.500000001,1,1768857268684
-1,-1,,,86174.800000001,1,1768857268764
-1,-1,,,86256.700000001,1,1768857268845
-1,-1,,,86345.100000001,1,1768857268934
-1,-1,,,86425.100000001,1,1768857269014
-1,-1,,,86500.400000001,1,1768857269089
-1,-1,,,86596.000000001,1,1768857269185
-1,-1,,,86679.800000001,1,1768857269269
-1,-1,,,86785.800000001,1,1768857269375
-1,-1,,,86869.700000001,1,1768857269459
-1,-1,,,86953.000000001,1,1768857269542
-1,-1,,,87042.400000001,1,1768857269631
-1,-1,,,87119.700000001,1,1768857269709
-1,-1,,,87200.300000001,1,1768857269789
-1,-1,,,87281.200000001,1,1768857269870
-1,-1,,,87361.600000001,1,1768857269950
-1,-1,,,87450.400000001,1,1768857270039
-1,-1,,,87534.300000001,1,1768857270123
-1,-1,,,87623.100000001,1,1768857270212
-1,-1,,,87702.500000001,1,1768857270291
-1,-1,,,87788.900000001,1,1768857270378
-1,-1,,,87873.800000001,1,1768857270463
-1,-1,,,87968.700000001,1,1768857270558
-1,-1,,,88053.000000001,1,1768857270642
-1,-1,,,88138.700000001,1,1768857270727
-1,-1,,,88230.700000001,1,1768857270820
-1,-1,,,88315.500000001,1,1768857270904
-1,-1,,,88393.300000001,1,1768857270982
-1,-1,,,88479.200000001,1,1768857271068
-1,-1,,,88567.800000001,1,1768857271157
-1,-1,,,88645.600000001,1,1768857271234
-1,-1,,,88731.000000001,1,1768857271320
-1,-1,,,88807.400000001,1,1768857271396
-1,-1,,,88888.700000001,1,1768857271477
-1,-1,,,88997.000000001,1,1768857271586
-1,-1,,,89083.600000001,1,1768857271673
-1,-1,,,89180.800000001,1,1768857271770
-1,-1,,,89277.400000001,1,1768857271866
-1,-1,,,89370.100000001,1,1768857271959
-1,-1,,,89465.600000001,1,1768857272055
-1,-1,,,89559.100000001,1,1768857272148
-1,-1,,,89653.700000001,1,1768857272242
-1,-1,,,89753.300000001,1,1768857272342
-1,-1,,,89866.400000001,1,1768857272455
-1,-1,,,89972.600000001,1,1768857272562
-1,-1,,,90080.300000001,1,1768857272669
-1,-1,,,90186.000000001,1,1768857272775
-1,-1,,,90287.400000001,1,1768857272876
-1,-1,,,90386.800000001,1,1768857272976
-1,-1,,,90492.600000001,1,1768857273082
-1,-1,,,90598.400000001,1,1768857273187
-1,-1,,,90705.800000001,1,1768857273295
-1,-1,,,90806.700000001,1,1768857273396
-1,-1,,,90907.100000001,1,1768857273496
-1,-1,,,91005.000000001,1,1768857273594
-1,-1,,,91107.400000001,1,1768857273696
-1,-1,,,91204.500000001,1,1768857273793
-1,-1,,,91290.500000001,1,1768857273879
-1,-1,,,91393.600000001,1,1768857273982
-1,-1,,,91496.900000001,1,1768857274086
-1,-1,,,91601.100000001,1,1768857274190
-1,-1,,,91710.000000001,1,1768857274299
-1,-1,,,91814.100000001,1,1768857274403
-1,-1,,,91911.000000001,1,1768857274500
-1,-1,,,92011.200000001,1,1768857274600
-1,-1,,,92114.900000001,1,1768857274704
-1,-1,,,92214.800000001,1,1768857274804
-1,-1,,,92344.400000001,1,1768857274933
-1,-1,,,92441.300000001,1,1768857275030
-1,-1,,,92537.200000001,1,1768857275126
-1,-1,,,92633.700000001,1,1768857275223
-1,-1,,,92732.100000001,1,1768857275321
-1,-1,,,92875.800000001,1,1768857275465
-1,-1,,,92970.800000001,1,1768857275560
-1,-1,,,93069.800000001,1,1768857275659
-1,-1,,,93155.000000001,1,1768857275744
-1,-1,,,93249.100000001,1,1768857275838
-1,-1,,,93333.100000001,1,1768857275922
-1,-1,,,93416.500000001,1,1768857276005
-1,-1,,,93499.700000001,1,1768857276089
-1,-1,,,93583.700000001,1,1768857276173
-1,-1,,,93669.500000001,1,1768857276258
-1,-1,,,93769.600000001,1,1768857276358
-1,-1,,,93855.800000001,1,1768857276444
-1,-1,,,93941.200000001,1,1768857276530
-1,-1,,,94021.000000001,1,1768857276610
-1,-1,,,94103.500000001,1,1768857276692
-1,-1,,,94183.200000001,1,1768857276772
-1,-1,,,94266.200000001,1,1768857276855
-1,-1,,,94354.000000001,1,1768857276943
-1,-1,,,94438.000000001,1,1768857277027
-1,-1,,,94517.500000001,1,1768857277106
-1,-1,,,94599.500000001,1,1768857277188
-1,-1,,,94682.400000001,1,1768857277271
-1,-1,,,94768.200000001,1,1768857277357
-1,-1,,,94862.000000001,1,1768857277451
-1,-1,,,94941.900000001,1,1768857277531
-1,-1,,,95042.000000001,1,1768857277631
-1,-1,,,95118.300000001,1,1768857277707
-1,-1,,,95215.600000001,1,1768857277804
-1,-1,,,95302.500000001,1,1768857277891
-1,-1,,,95391.900000001,1,1768857277981
-1,-1,,,95473.600000001,1,1768857278062
-1,-1,,,95556.600000001,1,1768857278146
-1,-1,,,95641.900000001,1,1768857278231
-1,-1,,,95718.000000001,1,1768857278307
-1,-1,,,95798.700000001,1,1768857278388
-1,-1,,,95889.900000001,1,1768857278479
-1,-1,,,95974.500000001,1,1768857278563
-1,-1,,,96063.500000001,1,1768857278652
-1,-1,,,96147.800000001,1,1768857278737
-1,-1,,,96233.300000001,1,1768857278822
-1,-1,,,96332.700000001,1,1768857278922
-1,-1,,,96434.100000001,1,1768857279023
-1,-1,,,96531.600000001,1,1768857279120
-1,-1,,,96618.500000001,1,1768857279208
-1,-1,,,96711.700000001,1,1768857279301
-1,-1,,,96805.600000001,1,1768857279395
-1,-1,,,96904.700000001,1,1768857279494
-1,-1,,,96989.800000001,1,1768857279579
-1,-1,,,97087.100000001,1,1768857279676
-1,-1,,,97172.900000001,1,1768857279762
-1,-1,,,97263.100000001,1,1768857279852
-1,-1,,,97350.600000001,1,1768857279940
-1,-1,,,97430.800000001,1,1768857280020
-1,-1,,,97514.700000001,1,1768857280104
-1,-1,,,97596.200000001,1,1768857280185
-1,-1,,,97679.100000001,1,1768857280268
-1,-1,,,97763.600000001,1,1768857280353
-1,-1,,,97849.100000001,1,1768857280438
-1,-1,,,97929.800000001,1,1768857280518
-1,-1,,,98045.900000001,1,1768857280635
-1,-1,,,98131.900000001,1,1768857280721
-1,-1,,,98225.400000001,1,1768857280814
-1,-1,,,98311.500000001,1,1768857280900
-1,-1,,,98398.700000001,1,1768857280988
-1,-1,,,98483.700000001,1,1768857281073
-1,-1,,,98571.300000001,1,1768857281160
-1,-1,,,98664.200000001,1,1768857281253
722.76,107.06,"Dominance",90,98752.200000001,1,1768857281341
607.76,326.06,"ls/golf courses",270,98848.600000001,1,1768857281438
558.76,447.06,"ivate diversion syst",391,98952.200000001,1,1768857281541
558.76,447.06,"ivate diversion syst",391,99036.700000001,1,1768857281626
558.76,447.06,"ivate diversion syst",391,99123.500000001,1,1768857281713
558.76,447.06,"ivate diversion syst",391,99208.300000001,1,1768857281798
558.76,447.06,"ivate diversion syst",391,99288.200000001,1,1768857281877
558.76,447.06,"ivate diversion syst",391,99366.000000001,1,1768857281955
558.76,447.06,"ivate diversion syst",391,99444.700000001,1,1768857282034
558.76,447.06,"ivate diversion syst",391,99525.200000001,1,1768857282114
558.76,447.06,"ivate diversion syst",391,99652.600000001,1,1768857282255
558.76,447.06,"ivate diversion syst",391,99783.100000001,1,1768857282416
558.76,447.06,"ivate diversion syst",391,99906.600000001,1,1768857288631
556.76,445.06,"ivate diversion syst",391,99989.900000001,1,1768857288714
636.76,331.06,"golf courses",273,100069.2,1,1768857288793
693.76,195.06,"in 1800s-1900s to",154,100148.7,1,1768857288873
747.76,135.06,"Dominance",90,100229.7,1,1768857288954
-1,-1,,,100310.2,1,1768857289034
761.76,37.06,"ower Shift",55,100388.4,1,1768857289112
-1,-1,,,100479.9,1,1768857289204
-1,-1,,,100562.3,1,1768857289286
-1,-1,,,100654.6,1,1768857289379
-1,-1,,,100787.2,1,1768857289512
-1,-1,,,100930.4,1,1768857289655
-1,-1,,,101075.7,1,1768857289799
-1,-1,,,101212.4,1,1768857289936
-1,-1,,,101297.9,1,1768857290022
-1,-1,,,101383.1,1,1768857290107
-1,-1,,,101462.6,1,1768857290186
-1,-1,,,101547.5,1,1768857290271
-1,-1,,,101623.8,1,1768857290347
-1,-1,,,101707,1,1768857290431
-1,-1,,,101777.8,1,1768857290502
-1,-1,,,101858.2,1,1768857290582
746.76,177.06,"00s-1900s to",159,101936.3,1,1768857290661
746.76,177.06,"00s-1900s to",159,102004.4,1,1768857290728
746.76,175.06,"00s-1900s to",159,102113.1,1,1768857290837
-1,-1,,,102194.1,1,1768857290918
-1,-1,,,102298.1,1,1768857291023
-1,-1,,,102384.1,1,1768857291108
-1,-1,,,102467.1,1,1768857291191
-1,-1,,,102552.5,1,1768857291276
-1,-1,,,102652.2,1,1768857291376
-1,-1,,,102737.3,1,1768857291461
-1,-1,,,102833.9,1,1768857291558
-1,-1,,,102928.9,1,1768857291653
-1,-1,,,103017.1,1,1768857291741
-1,-1,,,103113.2,1,1768857291837
-1,-1,,,103197,1,1768857291921
-1,-1,,,103281.9,1,1768857292006
-1,-1,,,103393,1,1768857292117
-1,-1,,,103494.3,1,1768857292219
-1,-1,,,103589.4,1,1768857292314
-1,-1,,,103668.1,1,1768857292392
-1,-1,,,103742.8,1,1768857292467
-1,-1,,,103837.7,1,1768857292562
-1,-1,,,103922.9,1,1768857292647
-1,-1,,,104009.8,1,1768857292734
-1,-1,,,104091.8,1,1768857292816
-1,-1,,,104172.8,1,1768857292897
-1,-1,,,104249.7,1,1768857292974
-1,-1,,,104328.9,1,1768857293053
-1,-1,,,104410.9,1,1768857293135
-1,-1,,,104493.6,1,1768857293218
-1,-1,,,104567.3,1,1768857293291
-1,-1,,,104649.6,1,1768857293374
-1,-1,,,104743.1,1,1768857293467
-1,-1,,,104831.5,1,1768857293555
-1,-1,,,104922.1,1,1768857293646
-1,-1,,,105003,1,1768857293727
-1,-1,,,105089.2,1,1768857293813
-1,-1,,,105171.3,1,1768857293895
-1,-1,,,105253.3,1,1768857293978
-1,-1,,,105342,1,1768857294066
-1,-1,,,105422.8,1,1768857294147
-1,-1,,,105520.3,1,1768857294244
-1,-1,,,105604.4,1,1768857294328
-1,-1,,,105715.5,1,1768857294439
-1,-1,,,105813.9,1,1768857294537
-1,-1,,,105894.1,1,1768857294618
-1,-1,,,105973.5,1,1768857294697
-1,-1,,,106054.9,1,1768857294779
-1,-1,,,106125,1,1768857294849
-1,-1,,,106225.5,1,1768857294949
-1,-1,,,106307.6,1,1768857295032
-1,-1,,,106395,1,1768857295119
-1,-1,,,106486.2,1,1768857295210
-1,-1,,,106567.9,1,1768857295293
-1,-1,,,106657.2,1,1768857295381
-1,-1,,,106745.8,1,1768857295469
-1,-1,,,106837.1,1,1768857295561
-1,-1,,,106934,1,1768857295658
-1,-1,,,107034.6,1,1768857295759
-1,-1,,,107126.1,1,1768857295850
-1,-1,,,107212.8,1,1768857295936
-1,-1,,,107293.1,1,1768857296017
-1,-1,,,107375.8,1,1768857296100
-1,-1,,,107458.1,1,1768857296182
-1,-1,,,107558.9,1,1768857296283
-1,-1,,,107642.4,1,1768857296366
-1,-1,,,107724.1,1,1768857296448
-1,-1,,,107804.6,1,1768857296529
-1,-1,,,107888.3,1,1768857296612
-1,-1,,,107974.1,1,1768857296698
-1,-1,,,108060.5,1,1768857296784
-1,-1,,,108141.8,1,1768857296866
-1,-1,,,108218.8,1,1768857296943
-1,-1,,,108296.3,1,1768857297020
-1,-1,,,108377.9,1,1768857297102
-1,-1,,,108459.2,1,1768857297183
-1,-1,,,108547.1,1,1768857297271
-1,-1,,,108637.9,1,1768857297362
-1,-1,,,108719.7,1,1768857297443
-1,-1,,,108808.4,1,1768857297532
-1,-1,,,108893.8,1,1768857297617
-1,-1,,,108973.5,1,1768857297697
-1,-1,,,109075.5,1,1768857297799
-1,-1,,,109158.8,1,1768857297883
-1,-1,,,109241.2,1,1768857297965
-1,-1,,,109321,1,1768857298045
-1,-1,,,109407.7,1,1768857298131
-1,-1,,,109486,1,1768857298210
-1,-1,,,109568.1,1,1768857298292
-1,-1,,,109654.8,1,1768857298378
-1,-1,,,109737.7,1,1768857298461
-1,-1,,,109819.8,1,1768857298543
-1,-1,,,109906.6,1,1768857298630
-1,-1,,,109980.9,1,1768857298704
-1,-1,,,110064.4,1,1768857298788
-1,-1,,,110163.9,1,1768857298888
-1,-1,,,110245.4,1,1768857298969
-1,-1,,,110321.1,1,1768857299045
-1,-1,,,110392.5,1,1768857299116
-1,-1,,,110475.1,1,1768857299199
-1,-1,,,110548.9,1,1768857299273
-1,-1,,,110629.2,1,1768857299353
-1,-1,,,110697.8,1,1768857299422
-1,-1,,,110770.1,1,1768857299494
-1,-1,,,110855.3,1,1768857299579
-1,-1,,,110925.1,1,1768857299649
-1,-1,,,110998.2,1,1768857299722
-1,-1,,,111069.9,1,1768857299794
-1,-1,,,111157.7,1,1768857299882
-1,-1,,,111223.4,1,1768857299947
-1,-1,,,111300.6,1,1768857300025
-1,-1,,,111387.1,1,1768857300111
-1,-1,,,111453.1,1,1768857300177
-1,-1,,,111532.6,1,1768857300256
-1,-1,,,111607.5,1,1768857300332
-1,-1,,,111696.3,1,1768857300420
-1,-1,,,111771.8,1,1768857300496
-1,-1,,,111839.5,1,1768857300563
-1,-1,,,111913.3,1,1768857300637
-1,-1,,,111988,1,1768857300712
-1,-1,,,112063.5,1,1768857300787
-1,-1,,,112135.3,1,1768857300859
-1,-1,,,112227.3,1,1768857300951
-1,-1,,,112300.2,1,1768857301024
-1,-1,,,112404.7,1,1768857301129
-1,-1,,,112477.1,1,1768857301201
-1,-1,,,112554.2,1,1768857301278
-1,-1,,,112640.3,1,1768857301364
-1,-1,,,112719.9,1,1768857301444
-1,-1,,,112786.3,1,1768857301510
-1,-1,,,112864.6,1,1768857301588
-1,-1,,,112935.8,1,1768857301660
-1,-1,,,113016.6,1,1768857301740
-1,-1,,,113083.2,1,1768857301807
-1,-1,,,113166.6,1,1768857301891
-1,-1,,,113256.7,1,1768857301981
-1,-1,,,113324.4,1,1768857302048
-1,-1,,,113400.7,1,1768857302125
-1,-1,,,113474.6,1,1768857302198
-1,-1,,,113548,1,1768857302272
-1,-1,,,113615.5,1,1768857302339
-1,-1,,,113688.4,1,1768857302412
-1,-1,,,113768.5,1,1768857302492
-1,-1,,,113839.6,1,1768857302563
-1,-1,,,113914.1,1,1768857302638
-1,-1,,,113983.2,1,1768857302707
-1,-1,,,114065.2,1,1768857302789
-1,-1,,,114131.1,1,1768857302855
-1,-1,,,114208.6,1,1768857302933
-1,-1,,,114290.8,1,1768857303014
-1,-1,,,114386.1,1,1768857303110
-1,-1,,,114455.8,1,1768857303179
-1,-1,,,114529.1,1,1768857303253
-1,-1,,,114595.3,1,1768857303319
-1,-1,,,114685.5,1,1768857303409
-1,-1,,,114765,1,1768857303489
-1,-1,,,114839.6,1,1768857303564
-1,-1,,,114925.3,1,1768857303649
-1,-1,,,115007,1,1768857303731
-1,-1,,,115080.1,1,1768857303804
-1,-1,,,115145.3,1,1768857303869
-1,-1,,,115245.3,1,1768857303969
-1,-1,,,115314.6,1,1768857304039
-1,-1,,,115387.2,1,1768857304111
-1,-1,,,115461.5,1,1768857304185
-1,-1,,,115533.9,1,1768857304258
-1,-1,,,115598.8,1,1768857304323
-1,-1,,,115683.7,1,1768857304408
-1,-1,,,115761,1,1768857304485
-1,-1,,,115834.1,1,1768857304558
-1,-1,,,115900.6,1,1768857304624
-1,-1,,,115979.2,1,1768857304703
-1,-1,,,116058.1,1,1768857304782
-1,-1,,,116133.8,1,1768857304857
-1,-1,,,116200.1,1,1768857304924
-1,-1,,,116284.8,1,1768857305008
-1,-1,,,116372.1,1,1768857305096
-1,-1,,,116453.6,1,1768857305178
-1,-1,,,116537.8,1,1768857305262
-1,-1,,,116611.1,1,1768857305335
-1,-1,,,116686.5,1,1768857305411
-1,-1,,,116763.9,1,1768857305488
-1,-1,,,116834.7,1,1768857305559
-1,-1,,,116913.8,1,1768857305638
-1,-1,,,116977.8,1,1768857305701
-1,-1,,,117044.5,1,1768857305768
-1,-1,,,117119.2,1,1768857305843
-1,-1,,,117201,1,1768857305925
-1,-1,,,117281.2,1,1768857306005
-1,-1,,,117348.5,1,1768857306073
-1,-1,,,117437.8,1,1768857306162
-1,-1,,,117520.1,1,1768857306244
-1,-1,,,117595.8,1,1768857306320
-1,-1,,,117669.2,1,1768857306393
-1,-1,,,117747.2,1,1768857306471
-1,-1,,,117812.2,1,1768857306536
-1,-1,,,117884.1,1,1768857306608
-1,-1,,,117958.4,1,1768857306682
-1,-1,,,118032.1,1,1768857306756
-1,-1,,,118110.8,1,1768857306835
-1,-1,,,118182.2,1,1768857306906
-1,-1,,,118246.1,1,1768857306970
-1,-1,,,118313.9,1,1768857307038
-1,-1,,,118406.5,1,1768857307131
-1,-1,,,118483.1,1,1768857307207
-1,-1,,,118565.6,1,1768857307290
-1,-1,,,118653.9,1,1768857307378
-1,-1,,,118731.2,1,1768857307455
-1,-1,,,118818.4,1,1768857307542
-1,-1,,,118891.7,1,1768857307616
-1,-1,,,118970.2,1,1768857307694
-1,-1,,,119048.2,1,1768857307773
-1,-1,,,119122.9,1,1768857307847
-1,-1,,,119202,1,1768857307926
-1,-1,,,119269.2,1,1768857307993
-1,-1,,,119347.5,1,1768857308071
-1,-1,,,119419.4,1,1768857308143
-1,-1,,,119498.6,1,1768857308223
-1,-1,,,119563.2,1,1768857308287
-1,-1,,,119634.7,1,1768857308359
-1,-1,,,119718.1,1,1768857308442
-1,-1,,,119794.5,1,1768857308518
-1,-1,,,119862.3,1,1768857308586
-1,-1,,,119929.2,1,1768857308653
-1,-1,,,120003.3,1,1768857308727
-1,-1,,,120078.9,1,1768857308803
-1,-1,,,120147.3,1,1768857308872
-1,-1,,,120213.2,1,1768857308937
-1,-1,,,120284.2,1,1768857309008
-1,-1,,,120352.3,1,1768857309076
-1,-1,,,120430.8,1,1768857309155
-1,-1,,,120501.9,1,1768857309226
-1,-1,,,120571.3,1,1768857309295
-1,-1,,,120652.8,1,1768857309377
-1,-1,,,120732,1,1768857309456
-1,-1,,,120802.8,1,1768857309526
-1,-1,,,120875.1,1,1768857309599
-1,-1,,,120949.9,1,1768857309674
-1,-1,,,121035.4,1,1768857309759
-1,-1,,,121117,1,1768857309841
-1,-1,,,121195.4,1,1768857309919
-1,-1,,,121259.8,1,1768857309984
-1,-1,,,121338.1,1,1768857310062
-1,-1,,,121415.3,1,1768857310139
-1,-1,,,121486.4,1,1768857310210
-1,-1,,,121569.9,1,1768857310294
-1,-1,,,121653.7,1,1768857310378
-1,-1,,,121720,1,1768857310444
-1,-1,,,121798.6,1,1768857310523
-1,-1,,,121877.9,1,1768857310602
-1,-1,,,121942.2,1,1768857310666
-1,-1,,,122011,1,1768857310735
-1,-1,,,122077.7,1,1768857310801
-1,-1,,,122144.2,1,1768857310868
-1,-1,,,122209,1,1768857310933
-1,-1,,,122277.4,1,1768857311001
-1,-1,,,122350.3,1,1768857311074
-1,-1,,,122418.3,1,1768857311142
-1,-1,,,122492.4,1,1768857311216
-1,-1,,,122557.9,1,1768857311282
-1,-1,,,122632.3,1,1768857311356
-1,-1,,,122720.2,1,1768857311444
-1,-1,,,122794.6,1,1768857311518
-1,-1,,,122878.7,1,1768857311603
-1,-1,,,122957.5,1,1768857311681
-1,-1,,,123028.8,1,1768857311753
-1,-1,,,123102.2,1,1768857311826
-1,-1,,,123170.8,1,1768857311895
-1,-1,,,123247.1,1,1768857311971
-1,-1,,,123325.2,1,1768857312049
-1,-1,,,123392.2,1,1768857312116
-1,-1,,,123460.3,1,1768857312184
-1,-1,,,123526.3,1,1768857312250
-1,-1,,,123592.5,1,1768857312316
-1,-1,,,123668.2,1,1768857312392
-1,-1,,,123737.7,1,1768857312462
-1,-1,,,123832.5,1,1768857312556
-1,-1,,,123906.8,1,1768857312631
-1,-1,,,123984.8,1,1768857312709
-1,-1,,,124050.4,1,1768857312774
-1,-1,,,124128.8,1,1768857312853
-1,-1,,,124217.3,1,1768857312941
-1,-1,,,124296.2,1,1768857313021
-1,-1,,,124363.1,1,1768857313087
-1,-1,,,124432.1,1,1768857313156
-1,-1,,,124510.3,1,1768857313234
-1,-1,,,124582.9,1,1768857313307
-1,-1,,,124653.1,1,1768857313377
-1,-1,,,124738.4,1,1768857313462
-1,-1,,,124815.3,1,1768857313539
-1,-1,,,124889.9,1,1768857313614
-1,-1,,,124982.6,1,1768857313707
-1,-1,,,125054.7,1,1768857313779
-1,-1,,,125127.5,1,1768857313851
-1,-1,,,125191.4,1,1768857313915
-1,-1,,,125261.1,1,1768857313985
-1,-1,,,125325.3,1,1768857314049
-1,-1,,,125398.3,1,1768857314122
-1,-1,,,125474.8,1,1768857314199
-1,-1,,,125552.6,1,1768857314276
-1,-1,,,125632.9,1,1768857314356
-1,-1,,,125716.5,1,1768857314440
-1,-1,,,125796.1,1,1768857314520
-1,-1,,,125863.5,1,1768857314587
-1,-1,,,125930.1,1,1768857314654
-1,-1,,,126017.6,1,1768857314741
-1,-1,,,126097.4,1,1768857314821
-1,-1,,,126181.3,1,1768857314905
-1,-1,,,126260.3,1,1768857314984
-1,-1,,,126333.2,1,1768857315057
-1,-1,,,126402.1,1,1768857315126
-1,-1,,,126476.1,1,1768857315200
-1,-1,,,126555.1,1,1768857315279
-1,-1,,,126635.9,1,1768857315360
-1,-1,,,126714.9,1,1768857315439
-1,-1,,,126796.9,1,1768857315521
-1,-1,,,126871.5,1,1768857315595
-1,-1,,,126956.6,1,1768857315680
-1,-1,,,127039.7,1,1768857315764
-1,-1,,,127122.6,1,1768857315846
-1,-1,,,127205.3,1,1768857315929
-1,-1,,,127297.5,1,1768857316022
-1,-1,,,127384.4,1,1768857316109
-1,-1,,,127474,1,1768857316198
-1,-1,,,127563.8,1,1768857316287
-1,-1,,,127658.2,1,1768857316382
-1,-1,,,127743.7,1,1768857316468
-1,-1,,,127832.8,1,1768857316557
-1,-1,,,127910.4,1,1768857316635
-1,-1,,,127987.9,1,1768857316712
-1,-1,,,128115.9,1,1768857316840
-1,-1,,,128207.5,1,1768857316931
-1,-1,,,128300.7,1,1768857317025
-1,-1,,,128383.5,1,1768857317107
-1,-1,,,128464.7,1,1768857317188
-1,-1,,,128551.4,1,1768857317275
-1,-1,,,128647.6,1,1768857317373
-1,-1,,,128737.1,1,1768857317461
-1,-1,,,128828.3,1,1768857317553
-1,-1,,,128916,1,1768857317640
-1,-1,,,129004.6,1,1768857317729
-1,-1,,,129088.6,1,1768857317813
-1,-1,,,129178.5,1,1768857317902
-1,-1,,,129263.1,1,1768857317987
-1,-1,,,129347.4,1,1768857318071
-1,-1,,,129434.2,1,1768857318158
-1,-1,,,129524.3,1,1768857318248
-1,-1,,,129621,1,1768857318345
-1,-1,,,129708.5,1,1768857318432
-1,-1,,,129800.6,1,1768857318524
-1,-1,,,129886.9,1,1768857318611
-1,-1,,,129981.2,1,1768857318705
-1,-1,,,130069.5,1,1768857318793
-1,-1,,,130160.6,1,1768857318885
-1,-1,,,130246.7,1,1768857318971
-1,-1,,,130331.5,1,1768857319055
-1,-1,,,130422.3,1,1768857319146
-1,-1,,,130509.7,1,1768857319234
-1,-1,,,130586.7,1,1768857319310
-1,-1,,,130668.4,1,1768857319392
-1,-1,,,130763.2,1,1768857319487
-1,-1,,,130848.3,1,1768857319572
-1,-1,,,130940.3,1,1768857319664
-1,-1,,,131018.9,1,1768857319743
-1,-1,,,131116.7,1,1768857319841
-1,-1,,,131203.3,1,1768857319927
-1,-1,,,131287.5,1,1768857320012
-1,-1,,,131374.3,1,1768857320098
-1,-1,,,131471.5,1,1768857320195
-1,-1,,,131559.9,1,1768857320284
-1,-1,,,131640.5,1,1768857320364
-1,-1,,,131732.1,1,1768857320456
-1,-1,,,131817.8,1,1768857320542
-1,-1,,,131906.2,1,1768857320630
-1,-1,,,132019.8,1,1768857320744
-1,-1,,,132116,1,1768857320840
-1,-1,,,132207.9,1,1768857320932
-1,-1,,,132300,1,1768857321024
-1,-1,,,132382.6,1,1768857321107
-1,-1,,,132463.4,1,1768857321187
-1,-1,,,132550.9,1,1768857321275
-1,-1,,,132634,1,1768857321358
-1,-1,,,132714.9,1,1768857321439
-1,-1,,,132790.4,1,1768857321514
-1,-1,,,132884.5,1,1768857321609
-1,-1,,,132961.5,1,1768857321686
-1,-1,,,133037,1,1768857321761
-1,-1,,,133115.4,1,1768857321839
-1,-1,,,133197.9,1,1768857321922
-1,-1,,,133271.2,1,1768857321995
-1,-1,,,133344.6,1,1768857322068
-1,-1,,,133413,1,1768857322137
-1,-1,,,133479.8,1,1768857322204
-1,-1,,,133571.2,1,1768857322295
-1,-1,,,133647.9,1,1768857322372
-1,-1,,,133724.1,1,1768857322448
-1,-1,,,133809.3,1,1768857322533
-1,-1,,,133887.5,1,1768857322611
-1,-1,,,133974.4,1,1768857322698
-1,-1,,,134066.8,1,1768857322791
-1,-1,,,134153.7,1,1768857322878
-1,-1,,,134238.4,1,1768857322962
-1,-1,,,134334.2,1,1768857323058
-1,-1,,,134415.6,1,1768857323139
-1,-1,,,134496.9,1,1768857323221
-1,-1,,,134590.7,1,1768857323315
-1,-1,,,134684.7,1,1768857323409
-1,-1,,,134771.1,1,1768857323495
-1,-1,,,134857.5,1,1768857323581
-1,-1,,,134956.3,1,1768857323680
-1,-1,,,135047.9,1,1768857323773
-1,-1,,,135156.5,1,1768857323881
-1,-1,,,135250.6,1,1768857323975
-1,-1,,,135340.6,1,1768857324064
-1,-1,,,135426.4,1,1768857324151
-1,-1,,,135504.7,1,1768857324229
-1,-1,,,135578.3,1,1768857324302
-1,-1,,,135665.1,1,1768857324389
-1,-1,,,135747.9,1,1768857324472
-1,-1,,,135820.9,1,1768857324545
-1,-1,,,135904.3,1,1768857324628
-1,-1,,,135985.9,1,1768857324710
-1,-1,,,136063.4,1,1768857324787
-1,-1,,,136150.9,1,1768857324875
-1,-1,,,136220.3,1,1768857324944
-1,-1,,,136293.1,1,1768857325017
-1,-1,,,136367.7,1,1768857325092
-1,-1,,,136449.6,1,1768857325173
-1,-1,,,136527.3,1,1768857325251
-1,-1,,,136594.1,1,1768857325318
-1,-1,,,139754.2,1,1768857328478
-1,-1,,,139861.5,1,1768857328585
-1,-1,,,139938.7,1,1768857328663
-1,-1,,,140012.5,1,1768857328736
-1,-1,,,140086.7,1,1768857328811
-1,-1,,,140168.7,1,1768857328893
-1,-1,,,140263.3,1,1768857328987
-1,-1,,,140366.7,1,1768857329090
-1,-1,,,140441.7,1,1768857329165
-1,-1,,,140527.7,1,1768857329252
-1,-1,,,140647.4,1,1768857329371
-1,-1,,,140737.3,1,1768857329461
-1,-1,,,140826.6,1,1768857329551
-1,-1,,,140921.7,1,1768857329646
-1,-1,,,141014.9,1,1768857329739
-1,-1,,,141111.6,1,1768857329836
-1,-1,,,141201.9,1,1768857329926
-1,-1,,,141290.3,1,1768857330015
-1,-1,,,141379.3,1,1768857330103
-1,-1,,,141468.5,1,1768857330192
-1,-1,,,141547.5,1,1768857330271
-1,-1,,,141625.3,1,1768857330349
-1,-1,,,141708.8,1,1768857330433
-1,-1,,,141787.7,1,1768857330512
-1,-1,,,141864.7,1,1768857330589
-1,-1,,,141942.4,1,1768857330667
-1,-1,,,142017.6,1,1768857330742
-1,-1,,,142094.5,1,1768857330818
-1,-1,,,142161.5,1,1768857330885
-1,-1,,,142242.1,1,1768857330966
-1,-1,,,142310,1,1768857331034
-1,-1,,,142385.8,1,1768857331110
-1,-1,,,142462.2,1,1768857331186
-1,-1,,,142540.5,1,1768857331265
-1,-1,,,142629.6,1,1768857331353
-1,-1,,,142698.8,1,1768857331423
-1,-1,,,142777.5,1,1768857331501
-1,-1,,,142858.9,1,1768857331583
-1,-1,,,142935.1,1,1768857331659
-1,-1,,,143028.8,1,1768857331753
-1,-1,,,143108.6,1,1768857331832
