226,309,4575.8,1764714429058
177,309,4690.6,1764714429172
175,309,4788.2,1764714429270
175,309,4868.8,1764714429351
175,309,4937,1764714429419
175,309,5019.5,1764714429501
175,309,5107.9,1764714429590
175,309,5185.2,1764714429667
175,309,5270.5,1764714429752
175,309,5349.6,1764714429831
175,309,5433,1764714429915
175,309,5522.3,1764714430004
175,309,5604.3,1764714430086
175,309,5703,1764714430185
175,309,5769.8,1764714430252
175,309,5848.8,1764714430331
175,309,5915.8,1764714430398
175,309,5999.5,1764714430481
175,309,6060,1764714430542
175,309,6133.3,1764714430615
175,309,6215,1764714430697
175,309,6277.8,1764714430760
175,309,6345.9,1764714430828
175,309,6409.2,1764714430891
175,309,6477.1,1764714430959
175,309,6548.4,1764714431030
175,309,6627.6,1764714431109
175,309,6691.7,1764714431174
175,309,6762.3,1764714431244
175,309,6835.2,1764714431317
175,309,6909.2,1764714431391
175,309,6980.9,1764714431463
175,309,7075,1764714431557
175,309,7149.4,1764714431631
175,309,7216.1,1764714431698
175,309,7299.2,1764714431781
175,309,7379.6,1764714431861
175,309,7463.9,1764714431946
175,309,7541.5,1764714432023
175,309,7608.6,1764714432090
175,309,7672.8,1764714432155
175,309,7740.8,1764714432223
175,309,7807.9,1764714432290
175,309,7881,1764714432363
175,309,7956.4,1764714432438
175,309,8029.3,1764714432511
175,309,8093.5,1764714432575
175,309,8159,1764714432641
175,309,8230.6,1764714432712
175,309,8308.3,1764714432790
175,309,8377.3,1764714432859
175,309,8444,1764714432926
175,309,8522.8,1764714433005
175,309,8592.2,1764714433074
175,309,8658.4,1764714433140
175,309,8724.5,1764714433206
175,309,8786.7,1764714433269
175,309,8857.1,1764714433339
175,309,8927.8,1764714433410
175,309,9012,1764714433494
175,309,9089.3,1764714433571
175,309,9154.9,1764714433637
175,309,9221.6,1764714433703
175,309,9315.9,1764714433798
175,309,9385.2,1764714433867
175,309,9460.1,1764714433942
175,309,9524.3,1764714434006
175,309,9607.7,1764714434090
175,309,9674.7,1764714434156
175,309,9763.3,1764714434245
175,309,9846.5,1764714434328
175,309,9925.6,1764714434408
175,309,10005.9,1764714434488
175,309,10070.3,1764714434552
175,309,10134.6,1764714434616
175,309,10199,1764714434681
175,309,10269,1764714434751
175,309,10338.7,1764714434821
175,309,10402.3,1764714434884
175,309,10469.6,1764714434951
175,309,10539.4,1764714435021
175,309,10619.1,1764714435101
175,309,10688.2,1764714435170
175,309,10768.6,1764714435250
175,309,10836.9,1764714435319
175,309,10900.4,1764714435382
175,309,10969.5,1764714435451
175,309,11033.8,1764714435516
175,309,11104.6,1764714435586
175,309,11170,1764714435652
175,309,11236.9,1764714435719
175,309,11301.6,1764714435783
175,309,11370.6,1764714435852
175,309,11439.1,1764714435921
175,309,11505.6,1764714435987
175,309,11572.3,1764714436054
175,309,11652.9,1764714436135
175,309,11722.9,1764714436205
175,309,11785.6,1764714436268
175,309,11851.2,1764714436333
175,309,11916.4,1764714436398
175,309,11984.1,1764714436466
175,309,12051.6,1764714436533
175,309,12116.7,1764714436599
175,309,12184.6,1764714436666
175,309,12250.7,1764714436733
175,309,12317.5,1764714436799
175,309,12379.8,1764714436862
175,309,12447.6,1764714436929
175,309,12518.3,1764714437000
175,309,12581,1764714437063
175,309,12650.4,1764714437132
175,309,12715.8,1764714437198
175,309,12787.8,1764714437270
175,309,12866.1,1764714437348
175,309,12928.8,1764714437411
175,309,12998.5,1764714437480
175,309,13067.4,1764714437549
175,309,13132.4,1764714437614
175,309,13200.9,1764714437683
175,309,13266.9,1764714437749
175,309,13334.8,1764714437817
175,309,13412.7,1764714437895
175,309,13475.9,1764714437958
175,309,13546.6,1764714438028
175,309,13618.1,1764714438100
175,309,13681,1764714438163
175,309,13749.6,1764714438231
175,309,13833.2,1764714438315
175,309,13898.2,1764714438380
175,309,13965.5,1764714438447
175,309,14031.3,1764714438513
175,309,14095.8,1764714438578
175,309,14165.6,1764714438647
175,309,14229.5,1764714438711
175,309,14292.9,1764714438775
175,309,14359.7,1764714438842
175,309,14429.6,1764714438911
175,309,14493.3,1764714438975
175,309,14559.1,1764714439041
175,309,14628.6,1764714439110
175,309,14697.6,1764714439179
175,309,14774.1,1764714439256
175,309,14844.2,1764714439326
175,309,14911.1,1764714439393
175,309,14981.8,1764714439464
175,309,15059,1764714439541
175,309,15122.9,1764714439605
175,309,15192,1764714439674
175,309,15261.7,1764714439744
175,309,15326,1764714439808
175,309,15392.8,1764714439875
175,309,15461.2,1764714439943
175,309,15522,1764714440004
175,309,15588.7,1764714440071
175,309,15664.3,1764714440146
175,309,15732.5,1764714440214
175,309,15808.7,1764714440291
175,309,15877.3,1764714440359
175,309,15942.5,1764714440424
175,309,16009.1,1764714440491
175,309,16074.3,1764714440556
175,309,16146,1764714440628
175,309,16209.9,1764714440692
175,309,16276.6,1764714440758
175,309,16342.6,1764714440824
175,309,16406.2,1764714440888
175,309,16473.7,1764714440956
175,309,16541.7,1764714441024
175,309,16606.2,1764714441088
175,309,16674.9,1764714441157
175,309,16741,1764714441223
175,309,16808,1764714441290
175,309,16877.2,1764714441359
175,309,16951.5,1764714441433
175,309,17026,1764714441508
175,309,17092.7,1764714441575
175,309,17171.7,1764714441654
175,309,17240.3,1764714441722
175,309,17305,1764714441787
175,309,17374.5,1764714441856
175,309,17449.9,1764714441932
175,309,17523.6,1764714442006
175,309,17586,1764714442068
175,309,17652.8,1764714442135
175,309,17727,1764714442209
175,309,17792.9,1764714442275
175,309,17870.3,1764714442352
175,309,17935.7,1764714442418
175,309,18001.2,1764714442483
175,309,18069.6,1764714442551
175,309,18137.6,1764714442619
175,309,18204.4,1764714442686
175,309,18269.8,1764714442752
175,309,18341.5,1764714442823
175,309,18407.7,1764714442890
175,309,18485.1,1764714442967
175,309,18552.5,1764714443034
175,309,18622,1764714443104
175,309,18683,1764714443165
175,309,18745.3,1764714443227
175,309,18825.7,1764714443308
175,309,18893.1,1764714443375
175,309,18968,1764714443450
175,309,19034.5,1764714443516
175,309,19104.7,1764714443587
175,309,19170.2,1764714443652
175,309,19236.7,1764714443719
175,309,19304.7,1764714443787
175,309,19370.1,1764714443852
175,309,19437.8,1764714443920
175,309,19503.7,1764714443986
175,309,19573,1764714444055
175,309,19638.5,1764714444120
175,309,19702.2,1764714444184
175,309,19767.4,1764714444249
175,309,19832.2,1764714444314
175,309,19904.2,1764714444386
175,309,19983.7,1764714444466
175,309,20050.4,1764714444532
175,309,20116.1,1764714444598
175,309,20182,1764714444664
175,309,20249.8,1764714444732
175,309,20313.8,1764714444796
175,309,20382.4,1764714444864
175,309,20452,1764714444934
175,309,20516.1,1764714444998
175,309,20586.1,1764714445068
175,309,20666.1,1764714445148
175,309,20735.7,1764714445218
175,309,20815.7,1764714445298
175,309,20880.2,1764714445362
175,309,20944.3,1764714445426
175,309,21019.9,1764714445502
175,309,21097.9,1764714445580
175,309,21163.8,1764714445646
175,309,21235.8,1764714445718
175,309,21313.3,1764714445795
175,309,21379.6,1764714445861
175,309,21447.1,1764714445929
175,309,21515.2,1764714445997
175,309,21578.8,1764714446061
175,309,21649.4,1764714446131
175,309,21715.4,1764714446197
175,309,21781.2,1764714446263
175,309,21845.3,1764714446327
175,309,21915.9,1764714446398
175,309,21983.6,1764714446465
175,309,22051.4,1764714446533
175,309,22129,1764714446611
175,309,22196.2,1764714446678
175,309,22265.1,1764714446747
175,309,22331.5,1764714446813
175,309,22395.6,1764714446877
175,309,22456.6,1764714446939
175,309,22532.4,1764714447014
175,309,22593.9,1764714447076
175,309,22674.1,1764714447156
175,309,22746,1764714447228
175,309,22816.8,1764714447299
175,309,22894.2,1764714447376
175,309,22987.9,1764714447470
175,309,23075.9,1764714447558
175,309,23175.4,1764714447657
175,309,23261.1,1764714447743
175,309,23346.4,1764714447828
175,309,23446.8,1764714447929
175,309,23552.4,1764714448034
175,309,23666.9,1764714448149
164,306,23787.6,1764714448270
164,306,23940,1764714448422
466,298,24089.5,1764714448571
522,289,24182.2,1764714448664
522,289,24267.5,1764714448749
522,289,24360.3,1764714448842
522,289,24474.9,1764714448957
522,289,24546.2,1764714449028
522,289,24616.4,1764714449098
522,289,24692.6,1764714449175
522,289,24765.5,1764714449247
522,289,24837.4,1764714449319
522,289,24904.1,1764714449386
522,289,24968.6,1764714449450
522,289,25063.2,1764714449545
522,289,25157.2,1764714449639
522,289,25222.7,1764714449705
522,289,25288.3,1764714449770
571,239,25362.1,1764714449844
590,206,25446.5,1764714449928
524,308,25529.4,1764714450011
513,341,25614.3,1764714450096
513,341,25696.2,1764714450178
513,341,25786,1764714450268
513,341,25851.9,1764714450334
513,341,25914.8,1764714450397
513,341,25983.5,1764714450465
513,341,26052.3,1764714450534
513,341,26138.6,1764714450620
513,341,26223,1764714450705
513,341,26303.1,1764714450785
513,341,26390.7,1764714450873
513,341,26454,1764714450936
520,329,26522.5,1764714451004
619,206,26590.6,1764714451073
657,154,26676.3,1764714451158
660,152,26754.8,1764714451237
660,152,26826.4,1764714451308
660,152,26899.1,1764714451381
661,150,26984.3,1764714451466
662,149,27060.4,1764714451542
666,144,27134.6,1764714451616
670,138,27211.3,1764714451693
676,133,27301.8,1764714451784
678,131,27382.1,1764714451864
679,130,27465.5,1764714451947
679,130,27543.9,1764714452026
679,130,27620.8,1764714452103
679,130,27691.4,1764714452173
679,130,27778.1,1764714452260
679,130,27855.5,1764714452337
679,130,27928.2,1764714452410
679,130,27993.7,1764714452476
679,130,28077.4,1764714452559
679,130,28141.8,1764714452624
679,130,28214.8,1764714452697
679,130,28283.3,1764714452765
679,130,28358.5,1764714452840
679,130,28426.1,1764714452908
679,130,28520.9,1764714453003
679,130,28600.9,1764714453083
679,130,28669.1,1764714453151
679,130,28752.5,1764714453234
679,130,28834.2,1764714453316
679,130,28898.5,1764714453380
679,130,28966.9,1764714453449
679,130,29034.3,1764714453516
679,130,29099.2,1764714453581
679,130,29165.7,1764714453647
679,130,29233.3,1764714453715
679,130,29297.1,1764714453779
679,130,29366.3,1764714453848
679,130,29429.9,1764714453912
679,130,29499.2,1764714453981
679,130,29570.7,1764714454053
679,130,29638.9,1764714454121
679,130,29717.8,1764714454200
679,130,29799.4,1764714454281
679,130,29860.4,1764714454342
679,130,29929.1,1764714454411
679,130,30002.1,1764714454484
679,130,30084.6,1764714454566
679,130,30161.3,1764714454643
679,130,30223.7,1764714454706
679,130,30295.5,1764714454777
679,130,30362.1,1764714454844
679,130,30427.7,1764714454909
679,130,30498.7,1764714454981
679,130,30584.4,1764714455066
679,130,30664.1,1764714455146
679,130,30728.1,1764714455210
679,130,30793.8,1764714455276
679,130,30862.3,1764714455344
679,130,30929,1764714455411
679,130,31001.4,1764714455483
679,130,31078.4,1764714455560
679,130,31142.5,1764714455624
679,130,31209.8,1764714455692
679,130,31289.3,1764714455771
679,130,31359.7,1764714455842
679,130,31424.5,1764714455906
679,130,31483.7,1764714455966
679,130,31564.3,1764714456046
679,130,31641.3,1764714456123
679,130,31711.1,1764714456193
679,130,31775.1,1764714456257
679,130,31843.3,1764714456325
679,130,31913.1,1764714456395
679,130,31976.4,1764714456458
679,130,32041.1,1764714456523
679,130,32113.2,1764714456595
679,130,32176.5,1764714456658
679,130,32244,1764714456726
679,130,32314.9,1764714456797
679,130,32379.8,1764714456862
679,130,32460.5,1764714456942
679,130,32525.1,1764714457007
679,130,32589.5,1764714457071
679,130,32660,1764714457142
679,130,32727.4,1764714457209
679,130,32791.9,1764714457274
679,130,32859.5,1764714457341
679,130,32922,1764714457404
679,130,32997.4,1764714457479
679,130,33066.3,1764714457548
679,130,33143.6,1764714457625
679,130,33207.6,1764714457689
679,130,33275.1,1764714457757
679,130,33339.5,1764714457821
679,130,33408.3,1764714457890
679,130,33475.3,1764714457957
679,130,33543.1,1764714458025
679,130,33627.5,1764714458109
679,130,33691.1,1764714458173
679,130,33754.1,1764714458236
679,130,33821.7,1764714458304
679,130,33890.3,1764714458372
679,130,33954.5,1764714458436
679,130,34022.7,1764714458505
679,130,34093,1764714458575
679,130,34176.9,1764714458659
679,130,34241.1,1764714458723
679,130,34307.9,1764714458790
679,130,34386.8,1764714458869
679,130,34457.1,1764714458939
679,130,34522.2,1764714459004
679,130,34584.8,1764714459067
679,130,34648.3,1764714459130
679,130,34723.8,1764714459206
679,130,34803.5,1764714459285
679,130,34873,1764714459355
679,130,34934.2,1764714459416
679,130,35007.2,1764714459489
679,130,35085,1764714459567
679,130,35155.7,1764714459638
679,130,35220,1764714459702
679,130,35287.3,1764714459769
679,130,35349.7,1764714459832
679,130,35419.6,1764714459901
679,130,35484.4,1764714459966
679,130,35555.7,1764714460038
679,130,35637.3,1764714460119
679,130,35699.1,1764714460181
679,130,35766.4,1764714460248
679,130,35844.6,1764714460326
679,130,35919.4,1764714460401
679,130,35989.5,1764714460471
679,130,36070,1764714460552
679,130,36132.4,1764714460614
679,130,36203.4,1764714460685
679,130,36268.2,1764714460750
679,130,36335.4,1764714460817
679,130,36400.7,1764714460883
679,130,36467.2,1764714460949
679,130,36536.7,1764714461018
679,130,36618.6,1764714461100
679,130,36683.7,1764714461166
679,130,36747.8,1764714461230
679,130,36814.7,1764714461297
679,130,36880.1,1764714461362
679,130,36951.8,1764714461434
685,129,37019.7,1764714461502
685,129,37101.6,1764714461583
652,154,37192.1,1764714461674
596,257,37266.9,1764714461749
566,317,37333.2,1764714461815
539,360,37413.5,1764714461895
530,368,37490.1,1764714461972
527,370,37576.2,1764714462058
527,370,37657.2,1764714462139
527,370,37729.7,1764714462212
527,370,37817.3,1764714462299
527,370,37888.3,1764714462370
527,370,37965.2,1764714462447
527,370,38037.5,1764714462519
527,370,38137.9,1764714462620
527,370,38222.4,1764714462704
527,370,38288.8,1764714462771
527,370,38373.3,1764714462855
527,370,38453.1,1764714462935
527,370,38529.7,1764714463012
527,370,38592.2,1764714463074
527,370,38664.4,1764714463146
527,370,38730.2,1764714463212
527,370,38795.6,1764714463277
527,370,38860.9,1764714463343
527,370,38931.1,1764714463413
527,370,38995.5,1764714463477
527,370,39057.9,1764714463540
527,370,39131.3,1764714463613
527,370,39196,1764714463678
527,370,39265.9,1764714463748
527,370,39331.6,1764714463813
527,370,39415.1,1764714463897
527,370,39479.6,1764714463961
527,370,39546.5,1764714464028
527,370,39611.9,1764714464094
527,370,39681.8,1764714464164
527,370,39751.4,1764714464233
527,370,39831.3,1764714464313
527,370,39895.2,1764714464377
527,370,39962.4,1764714464444
527,370,40022.7,1764714464505
527,370,40097.5,1764714464579
527,370,40166.2,1764714464648
527,370,40248.5,1764714464730
527,370,40330.6,1764714464812
527,370,40413,1764714464895
527,370,40481.3,1764714464963
527,370,40561.3,1764714465043
527,370,40645.4,1764714465127
527,370,40710.1,1764714465192
527,370,40773.1,1764714465255
527,370,40842.2,1764714465324
527,370,40909.4,1764714465391
527,370,40974.1,1764714465456
527,370,41046.2,1764714465528
527,370,41123.3,1764714465605
527,370,41189.3,1764714465671
527,370,41255.9,1764714465738
527,370,41327.8,1764714465810
527,370,41407.1,1764714465889
527,370,41475.4,1764714465957
527,370,41541.9,1764714466024
527,370,41609.7,1764714466092
527,370,41691.7,1764714466174
527,370,41757.2,1764714466239
527,370,41822.6,1764714466304
527,370,41887.6,1764714466369
527,370,41960.2,1764714466442
527,370,42038.6,1764714466520
527,370,42111.8,1764714466594
527,370,42172.4,1764714466654
527,370,42239.6,1764714466722
527,370,42321.7,1764714466804
527,370,42389.1,1764714466871
527,370,42457.4,1764714466939
527,370,42538.7,1764714467021
527,370,42604.8,1764714467087
527,370,42692.9,1764714467175
527,370,42754,1764714467236
527,370,42819.1,1764714467301
527,370,42889.3,1764714467371
527,370,42952.6,1764714467434
527,370,43019.8,1764714467502
527,370,43085,1764714467567
527,370,43149,1764714467631
527,370,43218.9,1764714467701
527,370,43286.9,1764714467769
527,370,43350.4,1764714467832
527,370,43424.1,1764714467906
527,370,43491.1,1764714467973
527,370,43562.2,1764714468044
527,370,43637.2,1764714468119
527,370,43701.5,1764714468183
527,370,43769.8,1764714468252
527,370,43835.1,1764714468317
527,370,43901.7,1764714468384
527,370,43971.8,1764714468454
527,370,44053.5,1764714468535
527,370,44121.3,1764714468603
527,370,44185.9,1764714468668
527,370,44255.4,1764714468737
527,370,44319.8,1764714468802
527,370,44384.2,1764714468866
527,370,44452.4,1764714468934
527,370,44521.5,1764714469003
527,370,44589.3,1764714469071
527,370,44651.4,1764714469133
527,370,44735.3,1764714469217
527,370,44819.7,1764714469302
527,370,44902.4,1764714469384
527,370,44968.9,1764714469451
527,370,45035.1,1764714469517
527,370,45100.9,1764714469583
527,370,45165.3,1764714469647
527,370,45236.3,1764714469718
527,370,45301.1,1764714469783
527,370,45369.3,1764714469851
527,370,45437.5,1764714469919
527,370,45506.6,1764714469988
527,370,45565.5,1764714470047
527,370,45651.8,1764714470134
527,370,45733.6,1764714470215
527,370,45798.1,1764714470280
527,370,45863,1764714470345
527,370,45935,1764714470417
527,370,45999.9,1764714470482
527,371,46072.2,1764714470554
527,373,46142.4,1764714470624
527,373,46205.2,1764714470687
527,373,46277.9,1764714470760
527,373,46351,1764714470833
527,373,46434.5,1764714470916
527,373,46533.1,1764714471015
527,373,46614.6,1764714471096
527,373,46682.1,1764714471164
527,373,46745.9,1764714471228
527,373,46815.7,1764714471298
527,373,46880.5,1764714471362
527,373,46950.2,1764714471432
527,373,47028.9,1764714471511
527,373,47095.4,1764714471577
527,373,47168.3,1764714471650
527,373,47236.5,1764714471718
527,373,47308.1,1764714471790
527,373,47370.3,1764714471852
527,373,47435.8,1764714471918
527,373,47504.2,1764714471986
527,373,47572.7,1764714472055
527,373,47634.1,1764714472116
527,373,47697.7,1764714472180
527,373,47768.6,1764714472250
527,373,47836.4,1764714472318
527,373,47904.4,1764714472386
527,373,47997.4,1764714472479
527,373,48093.4,1764714472575
527,373,48163,1764714472645
527,373,48230.9,1764714472713
527,373,48303.8,1764714472786
527,373,48366.1,1764714472848
523,373,48433.6,1764714472915
412,331,48500.2,1764714472982
256,296,48568.8,1764714473051
192,276,48637.2,1764714473119
115,205,48712,1764714473194
94,163,48803.2,1764714473285
62,149,48876,1764714473358
38,148,48952.8,1764714473435
31,155,49037.5,1764714473519
31,157,49119,1764714473601
32,169,49197.7,1764714473680
32,175,49274.2,1764714473756
32,176,49355.1,1764714473837
30,176,49431.6,1764714473914
30,176,49505.7,1764714473988
30,176,49585.8,1764714474068
37,177,49675.3,1764714474157
119,209,49759.2,1764714474241
204,252,49837.7,1764714474320
368,341,49915,1764714474397
428,395,49990.4,1764714474472
436,407,50064.7,1764714474547
436,407,50143.7,1764714474626
436,408,50220.5,1764714474702
436,408,50293.4,1764714474775
436,408,50363,1764714474845
436,408,50432.6,1764714474914
436,408,50507.4,1764714474989
436,408,50585.6,1764714475067
436,408,50660.9,1764714475143
436,408,50729.6,1764714475211
436,408,50802.2,1764714475284
436,408,50869.3,1764714475351
436,408,50942.3,1764714475424
436,408,51014.8,1764714475497
436,408,51075.7,1764714475558
436,408,51142.7,1764714475625
436,408,51210.5,1764714475692
436,408,51278.9,1764714475761
436,408,51346.4,1764714475828
436,408,51415.6,1764714475897
436,408,51485,1764714475967
436,408,51561.8,1764714476044
432,419,51627.6,1764714476109
432,423,51695.5,1764714476177
432,424,51769,1764714476251
432,424,51841.4,1764714476323
432,424,51910.3,1764714476392
432,424,51980,1764714476462
432,424,52049.7,1764714476532
456,425,52124.3,1764714476606
472,425,52197.2,1764714476679
556,460,52272,1764714476754
614,485,52344.1,1764714476826
647,501,52420.7,1764714476903
652,505,52505.1,1764714476987
652,505,52574.2,1764714477056
652,505,52651.4,1764714477133
652,505,52728.1,1764714477210
652,505,52798,1764714477280
652,505,52872.1,1764714477354
652,505,52939.8,1764714477422
652,505,53013,1764714477495
652,505,53084.8,1764714477567
652,505,53160.8,1764714477643
652,505,53225.3,1764714477707
652,505,53295.6,1764714477777
652,505,53361.8,1764714477844
652,505,53433.7,1764714477916
652,505,53503.4,1764714477985
652,505,53561.1,1764714478043
652,506,53633.5,1764714478115
652,506,53705.7,1764714478188
652,506,53779.7,1764714478262
652,506,53846.3,1764714478328
652,506,53912.7,1764714478395
652,506,53979,1764714478461
652,506,54045.1,1764714478527
652,506,54109.9,1764714478592
652,506,54178.1,1764714478660
652,506,54241.5,1764714478723
652,506,54303.3,1764714478785
652,506,54370,1764714478852
652,506,54448.2,1764714478930
652,506,54521.9,1764714479004
652,506,54588.8,1764714479071
652,506,54655,1764714479137
652,506,54724.7,1764714479207
652,506,54791.2,1764714479273
652,506,54856.3,1764714479338
652,506,54925,1764714479407
652,506,54993.4,1764714479475
652,506,55060.4,1764714479542
652,509,55127,1764714479609
652,509,55194.1,1764714479676
652,509,55259.4,1764714479741
652,509,55319.7,1764714479802
652,509,55381.4,1764714479863
652,509,55458.1,1764714479940
652,509,55523.1,1764714480005
652,509,55601.2,1764714480083
652,509,55671.6,1764714480153
652,509,55746.7,1764714480229
652,509,55816.4,1764714480298
652,509,55899.4,1764714480381
652,509,55963.6,1764714480445
652,509,56029.2,1764714480511
652,509,56097.1,1764714480579
652,509,56161.5,1764714480643
652,509,56232.3,1764714480714
652,509,56295.5,1764714480777
652,509,56360.3,1764714480842
654,510,56429,1764714480911
605,349,56500.4,1764714480982
557,218,56577.9,1764714481060
511,91,56646.2,1764714481128
473,3,56745.1,1764714481227
473,3,56822.3,1764714481304
473,3,56903.8,1764714481386
473,3,56961.3,1764714481487
473,3,57075.9,1764714493470
473,3,57172.9,1764714493567
473,3,57265.2,1764714493659
620,202,57357.2,1764714493751
1100,420,57456.1,1764714493850
1117,422,57536.3,1764714493930
1071,403,57611.1,1764714494005
1053,393,57711.9,1764714494106
1053,393,57792.5,1764714494186
1053,393,57872.6,1764714494266
1053,393,57965.7,1764714494359
1053,393,58043.9,1764714494438
1053,393,58125.1,1764714494519
1053,393,58199.1,1764714494593
1053,393,58295.3,1764714494689
1053,393,58378.5,1764714494772
1053,393,58477,1764714494871
1053,393,58586,1764714494980
1053,393,58668.5,1764714495062
1053,393,58741.5,1764714495135
1053,393,58830.8,1764714495225
1053,393,58918.5,1764714495312
1053,393,58997.4,1764714495391
1053,393,59083.6,1764714495477
1053,393,59236,1764714495630
1053,393,59427.4,1764714495821
1053,393,59584.2,1764714495978
1053,393,59694.5,1764714496088
1053,393,59774.5,1764714496168
1053,393,59856.2,1764714496250
1053,393,59941.3,1764714496335
1052,393,60041,1764714496435
1052,397,60130.6,1764714496524
1160,353,60242.3,1764714496636
1216,283,60333.3,1764714496727
1272,242,60421.7,1764714496815
1322,237,60520.3,1764714496914
1273,230,60607.2,1764714497001
944,177,60687.7,1764714497082
851,161,60773.1,1764714497167
850,165,60869.2,1764714497263
836,181,60964.1,1764714497358
789,215,61055.5,1764714497449
784,253,61164.1,1764714497558
784,273,61253,1764714497647
784,274,61345.2,1764714497739
777,274,61439,1764714497833
777,274,61520.4,1764714497914
777,274,61599.6,1764714497993
777,274,61710.1,1764714498104
907,356,61804.9,1764714498199
979,457,61889.4,1764714498283
1011,627,61983.6,1764714498377
1016,662,62075.1,1764714498469
1024,685,62160.9,1764714498555
1028,705,62248,1764714498642
1029,708,62333.6,1764714498727
1029,708,62414.6,1764714498808
1029,708,62498.9,1764714498893
1029,708,62585.9,1764714498980
1029,708,62674.5,1764714499068
1029,708,62760.7,1764714499154
1029,708,62836.8,1764714499231
1029,708,62915,1764714499309
1029,708,62990.5,1764714499384
1029,708,63067.9,1764714499462
1029,708,63145.4,1764714499539
1029,708,63220.7,1764714499615
1029,708,63292.1,1764714499686
1029,708,63365.2,1764714499759
1029,708,63434.6,1764714499828
1029,708,63503.3,1764714499897
1029,708,63573.2,1764714499967
1029,708,63643.9,1764714500038
1029,708,63714.4,1764714500108
1029,708,63785.4,1764714500179
1028,708,63863.6,1764714500257
1024,708,63935.5,1764714500329
1024,708,64001.7,1764714500395
1024,708,64075.2,1764714500469
1024,708,64145,1764714500539
1024,708,64214,1764714500608
1024,708,64278.5,1764714500672
1024,708,64347.8,1764714500742
1024,708,64412.8,1764714500807
1025,705,64493.4,1764714500887
1030,697,64580.5,1764714500974
1030,697,64657.7,1764714501051
1030,697,64735.2,1764714501129
1030,697,64828.1,1764714501222
1031,696,64907.4,1764714501301
1086,574,65003.9,1764714501398
1096,542,65089.5,1764714501483
1103,529,65174.4,1764714501568
1116,526,65263.9,1764714501658
1147,522,65368.2,1764714501762
1171,517,65461.2,1764714501855
1173,517,65546.9,1764714501941
1173,517,65639.2,1764714502033
1173,517,65722.7,1764714502117
1173,517,65811.9,1764714502206
1175,516,65908.5,1764714502302
1175,516,65992.8,1764714502387
1175,516,66066.5,1764714502460
1175,516,66165.6,1764714502559
1175,516,66240.7,1764714502634
1175,516,66320.4,1764714502714
1160,560,66399.4,1764714502793
1152,579,66484.9,1764714502879
1152,593,66577.2,1764714502971
1152,593,66661.5,1764714503055
1152,593,66749,1764714503143
1152,593,66826.4,1764714503220
1152,593,66893.5,1764714503287
1152,593,66992.3,1764714503386
1152,593,67076.5,1764714503470
1152,593,67181.1,1764714503575
1152,593,67260.1,1764714503654
1152,593,67335.8,1764714503730
1152,593,67433.7,1764714503827
1124,549,67509.6,1764714503903
668,21,67592.7,1764714503987
668,21,67691.8,1764714504086
668,21,67781.5,1764714504175
668,21,67865.1,1764714504259
668,21,67947.7,1764714504434
668,21,68067.2,1764714506788
668,21,68148.9,1764714506870
243,50,68235.3,1764714506956
314,211,68328.7,1764714507049
603,589,68416.4,1764714507137
603,589,68498,1764714507219
605,590,68595.2,1764714507316
605,590,68671.7,1764714507392
605,589,68757.6,1764714507478
596,582,68842.1,1764714507563
595,582,68969.5,1764714507690
595,582,69108.2,1764714507829
593,528,69227.7,1764714507948
521,221,69323.5,1764714508044
520,201,69440.9,1764714508162
517,177,69533.3,1764714508254
517,177,69606.6,1764714508327
517,177,69704.7,1764714508425
518,177,69794.9,1764714508516
579,186,69883.3,1764714508604
618,198,69960.8,1764714508681
681,217,70038.4,1764714508759
736,232,70120.6,1764714508841
794,247,70199,1764714508920
830,260,70280.4,1764714509001
917,309,70364.3,1764714509085
997,379,70444,1764714509165
1023,415,70526.7,1764714509247
1053,461,70608.4,1764714509329
1071,489,70697.4,1764714509418
1080,512,70784.8,1764714509505
1098,549,70871.7,1764714509592
1109,585,70970.9,1764714509692
1120,609,71056.4,1764714509777
1120,612,71145.1,1764714509866
1120,613,71240.4,1764714509961
1120,613,71320.2,1764714510041
1120,613,71393.6,1764714510114
1120,613,71466.3,1764714510187
1120,613,71535,1764714510256
1120,613,71607.9,1764714510329
1120,613,71685.7,1764714510406
1120,613,71757.2,1764714510478
1120,613,71822.5,1764714510543
1120,613,71893.9,1764714510615
1120,613,71964.4,1764714510685
1120,613,72035.4,1764714510756
1120,613,72103.1,1764714510824
1116,609,72174.6,1764714510895
1115,605,72244,1764714510965
1115,605,72314.7,1764714511035
1115,605,72382.5,1764714511103
1115,605,72450.4,1764714511171
1115,605,72514.3,1764714511235
1115,605,72582.5,1764714511303
1115,605,72649.9,1764714511371
1115,605,72714.9,1764714511436
1115,605,72804.4,1764714511525
1115,605,72903.4,1764714511624
1115,605,73008.2,1764714511729
1109,597,73227.9,1764714511949
548,17,73393.5,1764714512114
548,17,73583.5,1764714512304
548,17,73623,1764714512412
548,17,73743.9,1764714520179
548,17,73822.4,1764714520258
548,17,73900.3,1764714520336
414,173,73977.7,1764714520413
563,293,74049.4,1764714520485
640,286,74124.2,1764714520559
652,239,74199.2,1764714520634
656,233,74286.7,1764714520722
700,241,74363.9,1764714520799
709,247,74459.6,1764714520895
679,248,74537.4,1764714520973
643,248,74620.4,1764714521056
633,251,74704.9,1764714521140
632,251,74791.6,1764714521227
632,251,74874.4,1764714521310
632,251,74963.8,1764714521399
692,266,75050.7,1764714521486
906,269,75142.8,1764714521578
984,262,75227.8,1764714521663
986,260,75313.1,1764714521748
1066,254,75395.6,1764714521831
1080,241,75493.2,1764714521928
1084,236,75588.7,1764714522024
1084,236,75676.5,1764714522112
1084,236,75759.7,1764714522195
1084,236,75842.9,1764714522278
1084,236,75936.6,1764714522372
1084,236,76041.7,1764714522477
1084,236,76154.1,1764714522589
1021,253,76269,1764714522704
948,281,76359.6,1764714522795
944,285,76439.4,1764714522875
944,289,76549.8,1764714522985
952,293,76638.2,1764714523073
952,293,76721.4,1764714523157
952,293,76801.4,1764714523237
952,293,76912.2,1764714523347
952,293,77023.5,1764714523459
952,293,77150.4,1764714523586
976,285,77276.8,1764714523712
1064,236,77377.3,1764714523813
1072,230,77467.5,1764714523903
1072,230,77547.5,1764714523983
1072,230,77644.3,1764714524080
1072,230,77739.6,1764714524175
1069,237,77835.7,1764714524271
965,299,77929.9,1764714524365
940,347,78045.2,1764714524481
944,385,78164.8,1764714524600
946,439,78295.6,1764714524731
960,475,78404,1764714524839
858,477,78499.6,1764714524935
803,465,78592.4,1764714525028
785,459,78686.6,1764714525122
775,453,78791.4,1764714525227
766,450,78890.5,1764714525326
764,449,78985.4,1764714525421
764,449,79078,1764714525513
764,449,79174.7,1764714525610
764,449,79270.3,1764714525706
774,451,79361.9,1764714525797
895,477,79463,1764714525898
940,491,79562.1,1764714525997
942,492,79659.6,1764714526095
942,492,79756.8,1764714526192
942,492,79847.1,1764714526282
942,492,79931.9,1764714526367
942,492,80035,1764714526470
944,496,80123.9,1764714526559
967,506,80221.1,1764714526656
1084,553,80310.2,1764714526745
1107,557,80405.7,1764714526841
1111,561,80498.8,1764714526934
1111,561,80582.4,1764714527018
934,461,80673.2,1764714527109
237,199,80763.8,1764714527199
236,198,80858.9,1764714527294
236,197,80953.7,1764714527389
236,197,81050.8,1764714527486
236,197,81144,1764714527579
236,197,81237.6,1764714527673
236,197,81325.9,1764714527761
236,197,81411.1,1764714527846
216,180,81523.1,1764714527958
43,25,81612,1764714528047
35,9,81707,1764714528142
42,11,81800.2,1764714528235
115,46,81893.8,1764714528329
115,46,81983.8,1764714528419
115,46,82079.5,1764714528515
115,46,82169,1764714528604
119,50,82281.7,1764714528717
124,54,82385.1,1764714528820
124,50,82483.5,1764714528919
111,41,82588,1764714529023
107,39,82680.7,1764714529116
92,37,82782.1,1764714529217
87,37,82870.8,1764714529306
87,37,82971,1764714529406
165,40,83082.5,1764714529518
178,40,83190.2,1764714529626
179,40,83282.2,1764714529717
179,40,83372.2,1764714529807
200,47,83469.1,1764714529904
914,201,83563.9,1764714529999
1330,257,83654.5,1764714530090
1332,257,83753.8,1764714530189
1389,285,83866.3,1764714530302
1413,300,83970.5,1764714530406
1448,300,84070.4,1764714530506
1459,302,84168.4,1764714530604
1460,303,84290.5,1764714530726
770,225,84392.4,1764714530828
337,169,84497,1764714530932
316,169,84593.9,1764714531029
297,169,84695.9,1764714531131
190,140,84793.3,1764714531229
172,137,84898.2,1764714531333
632,309,85004.6,1764714531440
787,358,85107.9,1764714531543
836,374,85209,1764714531644
837,375,85304.6,1764714531740
844,378,85401.5,1764714531837
870,378,85494.7,1764714531930
910,360,85600.7,1764714532036
910,360,85701,1764714532136
910,360,85796.8,1764714532232
890,361,85900.9,1764714532336
783,325,85999.5,1764714532435
410,90,86098,1764714532533
321,11,86206.4,1764714532642
321,11,86298.8,1764714532734
321,11,86451.7,1764714532887
321,11,86482.6,1764714532973
321,11,86613.2,1764714540245
321,11,86693.4,1764714540325
387,190,86774.6,1764714540407
570,433,86867.1,1764714540499
640,515,86955.7,1764714540588
729,577,87030.3,1764714540662
780,609,87114.3,1764714540746
780,614,87197.7,1764714540830
636,627,87284.7,1764714540917
460,597,87362.6,1764714540995
326,588,87453.1,1764714541085
312,589,87539.7,1764714541172
337,594,87620.7,1764714541253
421,595,87701.3,1764714541333
432,594,87786.1,1764714541418
432,594,87867.1,1764714541499
433,555,87955,1764714541587
421,513,88038.5,1764714541671
419,507,88116.2,1764714541748
418,505,88197.6,1764714541830
418,505,88276,1764714541908
418,505,88356.2,1764714541988
342,372,88442,1764714542074
259,257,88538.8,1764714542171
244,240,88639.2,1764714542271
235,233,88725,1764714542357
235,267,88804.7,1764714542437
235,309,88885.6,1764714542518
235,316,88970,1764714542602
235,316,89045.5,1764714542678
235,316,89164.2,1764714542796
235,316,89241.7,1764714542874
235,316,89322.9,1764714542955
235,316,89396.8,1764714543029
235,316,89480.7,1764714543113
235,316,89556,1764714543188
235,316,89624.9,1764714543257
235,316,89707.9,1764714543340
235,316,89777.2,1764714543409
235,316,89854.5,1764714543487
235,316,89921.7,1764714543554
235,316,90001.8,1764714543634
235,316,90069.4,1764714543702
235,316,90137.5,1764714543769
235,316,90201.1,1764714543833
235,316,90269,1764714543901
235,316,90331.9,1764714543964
235,316,90399.1,1764714544031
235,316,90465.3,1764714544097
235,316,90532.2,1764714544164
235,316,90600.1,1764714544232
235,316,90667.6,1764714544300
235,316,90733.1,1764714544365
235,316,90799.8,1764714544432
235,316,90869.2,1764714544501
235,316,90933.8,1764714544566
235,316,91000.9,1764714544633
235,316,91086.9,1764714544719
235,316,91163.1,1764714544795
235,316,91231.6,1764714544864
235,316,91299.4,1764714544931
235,316,91363.9,1764714544996
235,316,91429.9,1764714545062
235,316,91495.4,1764714545128
235,316,91563.5,1764714545196
235,316,91631.6,1764714545264
235,316,91699.9,1764714545332
235,316,91763.2,1764714545395
235,316,91834,1764714545466
235,316,91901.3,1764714545533
235,316,91982.8,1764714545615
235,316,92050.7,1764714545683
235,316,92113.9,1764714545746
235,316,92184.2,1764714545816
235,316,92250.3,1764714545882
235,316,92332.6,1764714545965
235,316,92396.1,1764714546028
235,316,92465,1764714546097
235,316,92530.1,1764714546162
235,316,92597.8,1764714546230
235,316,92663.5,1764714546296
235,316,92730.8,1764714546363
235,316,92792.7,1764714546425
235,316,92859.5,1764714546492
284,303,92927.5,1764714546560
286,301,92998.9,1764714546631
292,295,93068.9,1764714546701
295,293,93148.9,1764714546781
296,293,93241,1764714546873
296,293,93316.5,1764714546949
296,293,93402.3,1764714547034
296,293,93488.3,1764714547120
296,293,93559.9,1764714547192
296,293,93635.7,1764714547268
331,287,93707,1764714547339
427,264,93783.9,1764714547416
485,255,93858.5,1764714547491
489,255,93939.3,1764714547571
489,255,94014.9,1764714547647
489,255,94087.2,1764714547719
509,255,94170.6,1764714547803
579,278,94251.3,1764714547883
590,281,94334.7,1764714547967
590,281,94410.4,1764714548043
590,281,94483.1,1764714548115
590,281,94554.6,1764714548187
590,281,94638.4,1764714548270
590,281,94711.5,1764714548344
590,281,94784.1,1764714548416
590,281,94854.2,1764714548486
590,281,94924,1764714548556
598,281,95003.8,1764714548636
634,264,95074.1,1764714548706
658,245,95148.6,1764714548781
658,245,95219.5,1764714548851
658,245,95287.5,1764714548920
658,245,95356.7,1764714548989
658,245,95425.1,1764714549057
658,245,95510.9,1764714549143
658,245,95609.7,1764714549242
658,245,95668.7,1764714549301
658,245,95729.3,1764714549361
658,245,95807.2,1764714549439
658,245,95872,1764714549504
658,245,95938.5,1764714549571
658,245,96007.2,1764714549639
658,245,96086,1764714549718
658,245,96155.7,1764714549788
658,247,96223,1764714549855
658,268,96284,1764714549916
661,362,96353.2,1764714549985
665,466,96429.1,1764714550061
632,573,96509.7,1764714550142
601,624,96595.7,1764714550228
590,634,96679.5,1764714550312
583,640,96754,1764714550386
583,640,96825,1764714550457
582,640,96903.5,1764714550536
582,640,96973.1,1764714550605
582,640,97048.9,1764714550681
582,640,97127.8,1764714550760
582,640,97199.8,1764714550832
582,640,97278.1,1764714550910
582,640,97363.2,1764714550995
582,637,97434.2,1764714551066
582,637,97517.2,1764714551149
582,637,97589.8,1764714551222
614,624,97662,1764714551294
814,566,97743,1764714551375
815,566,97815.3,1764714551447
808,568,97888.9,1764714551521
804,573,97964.4,1764714551596
764,596,98039.1,1764714551671
752,604,98114.2,1764714551746
752,605,98190.7,1764714551823
752,605,98262.2,1764714551894
752,605,98340.2,1764714551972
749,605,98419.6,1764714552052
746,605,98494.9,1764714552127
746,605,98576.2,1764714552208
746,605,98651.6,1764714552284
746,605,98723.9,1764714552356
746,605,98805.9,1764714552438
746,605,98881,1764714552513
746,605,98951.9,1764714552584
746,605,99018.1,1764714552650
746,605,99090.5,1764714552723
746,605,99158.6,1764714552791
746,605,99223.9,1764714552856
746,605,99292.3,1764714552924
746,605,99365,1764714552997
746,605,99439.3,1764714553071
776,258,99521.5,1764714553154
780,255,99584,1764714553216
880,273,99654.4,1764714553286
1244,324,99721.7,1764714553354
1344,330,99798.6,1764714553431
1348,330,99869.5,1764714553502
1353,353,99944.8,1764714553577
1369,360,100021.3,1764714553653
1416,341,100119.4,1764714553751
1457,302,100197.6,1764714553830
1471,282,100276.3,1764714553908
1487,267,100359.5,1764714553992
1488,265,100441.7,1764714554074
1491,264,100521.1,1764714554153
1495,261,100600.7,1764714554233
1496,261,100678.9,1764714554311
1496,260,100761.3,1764714554393
1496,260,100840.9,1764714554473
1496,260,100910.4,1764714554542
1496,260,100982.9,1764714554615
1496,260,101076,1764714554708
1496,260,101162.5,1764714554795
1496,260,101230,1764714554862
1496,260,101302.4,1764714554934
1496,260,101388.5,1764714555021
1496,260,101465.5,1764714555098
1496,260,101533.8,1764714555166
1496,260,101598.6,1764714555231
1496,257,101684.7,1764714555317
1496,257,101782.6,1764714555415
1496,257,101851.6,1764714555484
1496,257,101914.1,1764714555546
1496,257,101979.2,1764714555611
1496,257,102040.7,1764714555673
1496,257,102106,1764714555738
1496,257,102178.3,1764714555810
1496,257,102265.5,1764714555898
1498,245,102333.3,1764714555965
1498,245,102401.3,1764714556033
1498,245,102469,1764714556101
1498,245,102535.6,1764714556168
1498,245,102604.6,1764714556237
1498,245,102677.2,1764714556309
1397,226,102763,1764714556395
954,41,102843.1,1764714556475
921,31,102932.3,1764714556564
921,31,103010.2,1764714556642
921,31,103099,1764714556731
921,31,103168.8,1764714556801
921,31,103245.3,1764714556877
921,31,103324.7,1764714556957
921,31,103390.8,1764714557023
921,31,103459.2,1764714557091
921,31,103545.1,1764714557177
921,31,103611.1,1764714557243
921,31,103693.3,1764714557325
921,31,103761.1,1764714557393
921,31,103820.5,1764714557453
921,31,103889.4,1764714557521
921,31,103955.9,1764714557588
921,31,104022.2,1764714557654
921,31,104086.7,1764714557719
921,31,104160,1764714557792
921,31,104236.9,1764714557869
921,31,104306.3,1764714557938
921,31,104369.4,1764714558001
921,31,104440.5,1764714558073
921,31,104506.2,1764714558138
921,31,104571.7,1764714558204
921,31,104636.2,1764714558268
921,31,104706.6,1764714558339
921,31,104773.4,1764714558405
921,31,104837.9,1764714558470
921,31,104903,1764714558535
921,31,104972.4,1764714558605
921,31,105038.4,1764714558670
921,31,105102.5,1764714558735
921,31,105167.3,1764714558799
921,31,105234.1,1764714558866
921,31,105304.2,1764714558936
921,31,105370.2,1764714559002
921,31,105435.1,1764714559067
921,31,105504.9,1764714559137
921,31,105565.4,1764714559197
921,31,105634.3,1764714559266
921,31,105701,1764714559333
921,31,105771.6,1764714559404
921,31,105850.7,1764714559483
921,31,105923.3,1764714559555
921,31,105997.9,1764714559630
921,31,106067.1,1764714559699
921,31,106131.2,1764714559763
921,31,106198.1,1764714559830
921,31,106264.4,1764714559896
921,31,106332.9,1764714559965
921,31,106396,1764714560028
921,31,106469.4,1764714560101
921,31,106531.2,1764714560163
921,31,106600.6,1764714560233
921,31,106667.2,1764714560299
921,31,106734.5,1764714560367
921,31,106797.9,1764714560430
921,31,106868.4,1764714560500
921,31,106937.8,1764714560570
921,31,107001.1,1764714560633
921,31,107066.2,1764714560698
921,31,107130.5,1764714560762
921,31,107197.5,1764714560830
921,31,107261.7,1764714560894
921,31,107328.9,1764714560961
921,31,107400.2,1764714561032
921,31,107467.4,1764714561100
921,31,107534.6,1764714561167
921,31,107599.2,1764714561231
921,31,107666.6,1764714561299
921,31,107730.6,1764714561363
921,31,107799.2,1764714561431
921,31,107864.5,1764714561497
921,31,107930.7,1764714561563
921,31,107999.5,1764714561632
921,31,108060.4,1764714561692
921,31,108129.5,1764714561762
921,31,108194.4,1764714561826
921,31,108264.5,1764714561897
921,31,108332.1,1764714561964
921,31,108391,1764714562023
921,31,108454.2,1764714562086
921,31,108531.4,1764714562163
921,31,108598.1,1764714562230
920,15,108660.2,1764714562292
920,15,108728.5,1764714562361
920,15,108802.8,1764714562435
920,15,108883.8,1764714562516
821,18,108971.9,1764714562604
773,97,109041,1764714562673
576,182,109110.2,1764714562742
399,240,109182.4,1764714562814
255,265,109257.9,1764714562890
156,279,109340.9,1764714562973
140,283,109421.7,1764714563054
104,289,109494.5,1764714563127
76,291,109565.5,1764714563198
54,275,109648.6,1764714563281
36,269,109729.2,1764714563361
31,269,109807,1764714563439
29,273,109890.9,1764714563523
30,275,109975.3,1764714563607
30,275,110048.6,1764714563681
30,275,110128.9,1764714563761
30,275,110215.9,1764714563848
32,277,110307,1764714563939
128,330,110387.9,1764714564020
192,369,110465.4,1764714564097
343,456,110547.2,1764714564179
374,473,110620.8,1764714564253
384,480,110697.3,1764714564329
413,524,110773.6,1764714564406
461,596,110849.3,1764714564481
490,646,110932,1764714564564
497,661,111012.9,1764714564645
505,677,111091.1,1764714564723
514,685,111174,1764714564806
516,685,111249.8,1764714564882
516,685,111324.5,1764714564957
516,685,111400.7,1764714565033
516,685,111473.8,1764714565106
529,673,111549.2,1764714565181
537,651,111626.8,1764714565259
538,650,111709.2,1764714565341
549,654,111787.7,1764714565420
560,669,111864.2,1764714565496
571,690,111944.8,1764714565577
572,693,112025,1764714565657
572,693,112100.4,1764714565732
572,693,112170.8,1764714565803
572,693,112238.7,1764714565871
572,693,112308,1764714565940
572,693,112379.4,1764714566012
572,693,112449.6,1764714566082
572,693,112521.8,1764714566154
580,711,112598.1,1764714566230
583,717,112676.3,1764714566308
591,729,112758.3,1764714566390
595,734,112835.2,1764714566467
598,738,112909.4,1764714566542
598,738,112977.7,1764714566610
598,738,113047.5,1764714566680
598,738,113117.8,1764714566750
598,738,113184,1764714566816
598,738,113257.1,1764714566889
598,738,113324.9,1764714566957
598,738,113397.1,1764714567029
597,736,113475.9,1764714567108
592,717,113550.3,1764714567182
592,717,113620.8,1764714567253
592,717,113700.2,1764714567332
592,717,113771.3,1764714567403
592,717,113842.8,1764714567475
592,717,113909.2,1764714567541
578,681,113981.7,1764714567614
530,618,114053.2,1764714567685
507,609,114130.6,1764714567763
492,603,114203.5,1764714567836
490,603,114279.7,1764714567912
490,603,114359.2,1764714567991
487,602,114457.4,1764714568089
487,602,114529.8,1764714568162
487,602,114600.9,1764714568233
487,602,114671.6,1764714568304
487,602,114751.8,1764714568384
487,602,114822.5,1764714568455
487,602,114896.6,1764714568529
487,602,114974.4,1764714568607
487,602,115056,1764714568688
487,602,115125.7,1764714568758
487,602,115205,1764714568837
487,602,115270.4,1764714568902
487,602,115353.5,1764714568986
487,602,115418.7,1764714569051
487,602,115500.8,1764714569133
487,602,115569.9,1764714569202
489,598,115639.8,1764714569272
494,553,115723.8,1764714569356
412,273,115809.5,1764714569442
333,71,115884.6,1764714569517
313,13,115967.3,1764714569599
309,7,116046.5,1764714569679
309,7,116121.5,1764714569754
309,7,116209.9,1764714569842
309,7,116333.8,1764714590012
309,7,116399.7,1764714590078
309,7,116482.5,1764714590161
545,117,116569.6,1764714590248
1051,360,116640.4,1764714590319
1072,374,116715.8,1764714590394
1088,395,116803.4,1764714590482
1112,385,116885,1764714590563
1149,341,116973.3,1764714590652
1128,290,117046.2,1764714590724
981,237,117126,1764714590804
902,229,117205.3,1764714590884
876,224,117294.7,1764714590973
854,217,117367.4,1764714591046
812,210,117448,1764714591126
787,210,117525.4,1764714591204
781,213,117602.9,1764714591281
780,217,117685.4,1764714591364
780,217,117767.7,1764714591446
780,217,117854.2,1764714591532
780,217,117933.7,1764714591612
813,230,118011.8,1764714591690
948,270,118093.5,1764714591772
1033,328,118174.8,1764714591853
1103,481,118255.4,1764714591934
1156,638,118334.3,1764714592013
1169,693,118410.6,1764714592089
1182,749,118493.6,1764714592172
1184,758,118577.1,1764714592255
1185,759,118652,1764714592330
1185,759,118725.1,1764714592403
1185,759,118796.4,1764714592475
1185,759,118866.9,1764714592545
1185,759,118943,1764714592621
1185,759,119014.9,1764714592693
1185,759,119086.9,1764714592765
1185,759,119154.8,1764714592833
1185,759,119225.1,1764714592903
1185,759,119294.9,1764714592973
1185,759,119363.5,1764714593042
1185,759,119436.4,1764714593115
1172,736,119507.1,1764714593185
1049,604,119584.7,1764714593263
984,508,119658.5,1764714593337
952,411,119731.5,1764714593410
946,341,119811.8,1764714593490
954,251,119891.6,1764714593570
955,173,119963.8,1764714593642
955,149,120046.7,1764714593725
955,145,120121.3,1764714593800
955,145,120192.5,1764714593871
955,145,120264.8,1764714593943
955,145,120337.2,1764714594016
955,145,120408.4,1764714594087
955,145,120480.6,1764714594159
955,145,120552.5,1764714594231
955,145,120633.8,1764714594312
955,145,120701.9,1764714594380
955,145,120778.9,1764714594457
955,145,120856,1764714594534
955,145,120935.8,1764714594614
955,145,121004.7,1764714594683
955,145,121069.2,1764714594747
955,145,121129.9,1764714594808
944,140,121207.4,1764714594886
813,9,121279.2,1764714594958
813,9,121346.7,1764714595025
813,9,121428.6,1764714595107
813,9,121512.6,1764714595191
813,9,121590,1764714595268
813,9,121708.5,1764714597839
813,9,121777.6,1764714597908
321,82,121870.2,1764714598001
684,292,121942.8,1764714598074
793,370,122019.9,1764714598151
799,373,122087.1,1764714598218
799,373,122160.6,1764714598291
799,373,122227.6,1764714598359
787,374,122317.3,1764714598448
628,368,122392.5,1764714598523
572,396,122467.3,1764714598598
563,401,122541.2,1764714598672
560,377,122622.6,1764714598753
617,343,122700.1,1764714598831
630,337,122783.4,1764714598914
630,337,122874,1764714599005
641,337,122957.1,1764714599088
707,373,123032.6,1764714599163
869,469,123114.8,1764714599246
965,536,123191.4,1764714599322
1013,581,123267.5,1764714599398
1071,656,123344.7,1764714599476
1108,741,123427.6,1764714599558
1129,776,123509.1,1764714599640
1134,776,123591.7,1764714599723
1134,776,123668.2,1764714599799
1134,776,123745.9,1764714599877
1134,774,123826.6,1764714599957
1111,719,123904.7,1764714600036
1110,717,123985.7,1764714600117
1110,717,124062.9,1764714600194
1110,717,124137.2,1764714600268
1110,717,124223.4,1764714600354
1110,717,124301.5,1764714600432
1109,713,124401.2,1764714600532
724,273,124499.8,1764714600631
591,129,124602.5,1764714600733
513,8,124755.9,1764714600887
513,8,124951.7,1764714601083
513,8,125086.6,1764714613234
513,8,125185.2,1764714613332
513,8,125256.2,1764714613403
342,78,125336.1,1764714613483
572,248,125409.2,1764714613556
679,282,125485.3,1764714613632
768,289,125555.8,1764714613703
856,276,125639.2,1764714613786
912,264,125725.3,1764714613873
920,254,125800.7,1764714613948
927,249,125879.7,1764714614027
940,237,125956.4,1764714614104
960,235,126052.5,1764714614200
964,235,126127.3,1764714614274
964,235,126202.7,1764714614350
964,237,126283.5,1764714614431
963,238,126379.9,1764714614527
962,238,126456.6,1764714614604
958,240,126536.1,1764714614683
943,248,126613.3,1764714614760
940,249,126693.9,1764714614841
940,249,126767.3,1764714614914
940,249,126849.2,1764714614996
941,249,126940.3,1764714615087
941,249,127019.4,1764714615167
941,249,127089.4,1764714615237
941,249,127162.2,1764714615309
941,249,127235.2,1764714615382
941,249,127307.9,1764714615455
941,249,127378.6,1764714615526
941,249,127459.6,1764714615607
941,249,127539.1,1764714615686
941,296,127612.8,1764714615760
940,349,127684.3,1764714615831
937,349,127764.7,1764714615912
937,324,127836,1764714615983
956,295,127912.8,1764714616060
1016,291,128000,1764714616147
1077,296,128077.2,1764714616224
1078,296,128153.8,1764714616301
1078,296,128228.2,1764714616375
1076,295,128322.1,1764714616469
1074,297,128397.7,1764714616545
1074,297,128475.2,1764714616622
1074,297,128548,1764714616695
1074,297,128624.3,1764714616771
1074,297,128695.1,1764714616842
1074,297,128768.2,1764714616915
787,170,128853.9,1764714617001
520,17,128951.4,1764714617099
520,17,129029.1,1764714617176
520,17,129112.2,1764714617259
520,17,129180.1,1764714617327
520,17,129256.2,1764714617403
520,17,129322.9,1764714617470
520,17,129387.3,1764714617534
520,17,129455.2,1764714617602
520,17,129523.1,1764714617670
520,17,129591.2,1764714617738
520,17,129653.7,1764714617801
520,17,129721,1764714617868
520,17,129853.7,1764714618001
520,17,129977.9,1764714621104
520,17,130048.5,1764714621175
376,4,130124.7,1764714621251
718,111,130193.3,1764714621319
1090,224,130267.5,1764714621393
1092,231,130338.4,1764714621464
1096,249,130419.7,1764714621546
1096,249,130505.8,1764714621632
1094,256,130580.7,1764714621707
1085,277,130654.8,1764714621781
1081,284,130728.3,1764714621854
1080,286,130811.6,1764714621938
1080,287,130894.7,1764714622021
1077,290,130971.3,1764714622097
1076,293,131052.4,1764714622179
1076,293,131122.5,1764714622249
1076,293,131197.3,1764714622323
1076,293,131279.6,1764714622406
1076,293,131355.8,1764714622482
1017,277,131431.5,1764714622557
926,245,131509,1764714622635
927,241,131593.4,1764714622719
940,236,131669.7,1764714622796
949,236,131751.6,1764714622878
950,236,131849,1764714622975
950,236,131931.6,1764714623058
951,241,132010.9,1764714623137
968,324,132090,1764714623216
976,335,132177,1764714623303
973,359,132251.2,1764714623377
932,367,132327.8,1764714623454
888,358,132407.5,1764714623534
868,370,132492.4,1764714623618
848,381,132573.5,1764714623700
808,389,132652.3,1764714623778
800,391,132731.6,1764714623858
800,391,132801.3,1764714623927
800,391,132881.3,1764714624007
800,391,132957,1764714624083
800,391,133047.6,1764714624174
800,391,133119.4,1764714624245
806,392,133193.7,1764714624320
935,415,133272.5,1764714624399
1019,425,133343.6,1764714624470
953,380,133416.9,1764714624543
406,16,133506.7,1764714624633
406,16,133586.6,1764714624713
406,16,133664.9,1764714624791
406,16,133751.1,1764714624877
406,16,133816.6,1764714624943
406,16,133901.9,1764714625028
406,16,133971.8,1764714625098
406,16,133973.9,1764714627421
406,16,133973.9,1764714627489
406,16,133973.9,1764714627570
406,16,133973.9,1764714627637
406,16,133973.9,1764714627714
406,16,133973.9,1764714627781
406,16,133973.9,1764714627858
406,16,134093.4,1764714628291
406,16,134161.9,1764714628360
406,16,134229.5,1764714628427
740,201,134299.5,1764714628497
839,297,134392.8,1764714628591
828,317,134465.1,1764714628663
824,344,134537.3,1764714628735
881,350,134622.7,1764714628821
928,357,134742,1764714628940
933,371,134818.8,1764714629017
939,389,134895.8,1764714629094
942,399,134972.4,1764714629170
942,399,135060.1,1764714629258
933,377,135136.4,1764714629334
933,377,135211.7,1764714629410
936,386,135287.4,1764714629485
937,393,135374.1,1764714629572
935,416,135457.6,1764714629656
934,425,135541.1,1764714629739
932,437,135616,1764714629814
930,449,135695.5,1764714629893
936,456,135773.7,1764714629972
945,454,135851.1,1764714630049
951,453,135929.2,1764714630127
983,453,136004.5,1764714630202
1007,453,136090.4,1764714630288
1012,452,136164.1,1764714630362
1014,452,136255.3,1764714630453
1014,452,136335.9,1764714630534
1015,452,136416.7,1764714630615
1015,452,136488.9,1764714630687
1015,452,136565.1,1764714630763
992,449,136643.6,1764714630841
896,443,136720.1,1764714630918
845,442,136805.6,1764714631004
789,439,136888.9,1764714631087
762,439,136965.3,1764714631163
759,439,137046.4,1764714631244
797,445,137121.4,1764714631319
927,455,137214.1,1764714631412
1016,455,137294.9,1764714631493
1025,455,137372.9,1764714631571
1025,455,137447.3,1764714631645
1018,461,137525,1764714631723
1017,461,137603,1764714631801
1017,461,137680.4,1764714631878
1017,461,137753.2,1764714631951
1017,461,137830.5,1764714632028
1017,461,137917.7,1764714632116
1016,461,137992,1764714632190
952,461,138071.1,1764714632269
832,442,138149.9,1764714632348
712,349,138226.8,1764714632425
655,253,138317.9,1764714632516
443,7,138401.8,1764714632600
443,7,138484.9,1764714632683
443,7,138565.1,1764714632763
443,7,138643,1764714632841
443,7,138725.7,1764714632924
443,7,138797,1764714632995
443,7,138843.2,1764714633125
443,7,138937.2,1764714635848
443,7,139000.9,1764714635911
296,17,139080.3,1764714635991
485,182,139147.4,1764714636058
625,329,139218.3,1764714636129
661,374,139289.7,1764714636200
663,391,139362.8,1764714636273
657,408,139437.6,1764714636348
599,410,139511.2,1764714636422
600,350,139589.9,1764714636500
565,322,139664.1,1764714636575
510,343,139742.8,1764714636653
465,377,139829.2,1764714636740
454,381,139914,1764714636825
455,382,139996.6,1764714636907
543,391,140072.1,1764714636983
552,391,140157.5,1764714637068
566,391,140236.8,1764714637147
683,405,140312,1764714637223
797,420,140392.5,1764714637303
873,439,140468.9,1764714637380
935,455,140547.5,1764714637458
940,457,140626,1764714637537
940,457,140698.1,1764714637609
944,457,140778.7,1764714637689
981,467,140856.6,1764714637767
1000,471,140930.7,1764714637841
1012,473,141011.2,1764714637922
1021,473,141091.4,1764714638002
1023,475,141165.1,1764714638076
1025,475,141243,1764714638154
1030,476,141321.3,1764714638232
1040,477,141401.1,1764714638312
1044,477,141478.8,1764714638389
1046,477,141551.2,1764714638462
1046,477,141620.8,1764714638531
1046,477,141690.1,1764714638601
1046,477,141763.1,1764714638674
1046,477,141828.1,1764714638739
1046,477,141897.4,1764714638808
1046,477,141969,1764714638880
1046,477,142038.4,1764714638949
1046,477,142107.8,1764714639018
1046,477,142189.8,1764714639100
1046,477,142259.6,1764714639170
1046,477,142345.1,1764714639256
1046,477,142414.4,1764714639325
1046,477,142482.5,1764714639393
1046,477,142548.9,1764714639459
1046,477,142611.4,1764714639522
1046,477,142675.4,1764714639586
929,411,142750.3,1764714639661
607,169,142834.7,1764714639745
438,9,142926.6,1764714639837
438,9,142995.7,1764714639906
438,9,143064.8,1764714639975
438,9,143201.3,1764714640112
438,9,143313.2,1764714650923
438,9,143386.5,1764714650996
438,9,143460.8,1764714651070
438,9,143544.9,1764714651154
623,316,143617.7,1764714651227
673,367,143696.8,1764714651306
676,401,143768.4,1764714651378
684,440,143853.4,1764714651463
705,463,143925.5,1764714651535
708,463,144009.6,1764714651619
708,463,144076.2,1764714651686
708,463,144143.8,1764714651753
708,463,144230.7,1764714651840
708,463,144319.2,1764714651929
736,468,144402,1764714652012
757,468,144487.9,1764714652097
770,460,144566.5,1764714652176
772,459,144654.4,1764714652264
772,457,144734.6,1764714652344
766,457,144817.7,1764714652427
764,456,144900.8,1764714652510
757,455,144978.3,1764714652588
757,455,145060.1,1764714652670
757,455,145135.7,1764714652745
757,455,145209.9,1764714652820
757,455,145279,1764714652889
757,455,145356.3,1764714652966
757,455,145432.3,1764714653042
727,399,145515.6,1764714653125
500,18,145594,1764714653204
495,5,145675,1764714653285
495,5,145747.2,1764714653357
495,5,145829.5,1764714653439
495,5,145909,1764714653519
495,5,146030.4,1764714653640
495,5,146061.1,1764714653713
495,5,146151.6,1764714663558
495,5,146220.8,1764714663628
495,5,146304.8,1764714663712
369,39,146381.2,1764714663788
577,209,146455.2,1764714663862
599,239,146541.4,1764714663948
599,239,146622.8,1764714664030
547,212,146699,1764714664106
512,177,146775,1764714664182
512,157,146855.8,1764714664263
512,157,146942.3,1764714664349
539,141,147028.6,1764714664435
589,97,147115.1,1764714664522
589,93,147193.2,1764714664600
592,79,147275.1,1764714664682
605,61,147366.6,1764714664773
605,61,147438,1764714664845
636,62,147516.5,1764714664923
812,147,147601.1,1764714665008
926,226,147682.3,1764714665089
971,268,147761.1,1764714665168
1064,379,147844.7,1764714665251
1096,425,147927,1764714665334
1115,455,148004.3,1764714665411
1127,483,148081.4,1764714665488
1135,501,148162,1764714665569
1135,501,148235.5,1764714665642
1135,501,148307.1,1764714665714
1135,501,148379.8,1764714665787
1135,501,148470.1,1764714665877
1135,501,148548.8,1764714665956
1135,501,148625.7,1764714666032
1135,501,148699.9,1764714666107
1135,501,148772.9,1764714666180
874,331,148856.8,1764714666264
324,9,148939.8,1764714666347
324,9,149013.6,1764714666420
324,9,149085.4,1764714666492
324,9,149171.8,1764714666579
324,9,149245.1,1764714666652
324,9,149371.3,1764714666778
324,9,149472.5,1764714689767
324,9,149538.9,1764714689833
324,9,149609,1764714689903
324,9,149678.8,1764714689973
324,9,149742.3,1764714690037
324,9,149806.7,1764714690101
324,9,149878.4,1764714690173
324,9,149965.3,1764714690260
324,9,150045.1,1764714690339
324,9,150187.2,1764714690482
324,9,150307.6,1764714710786
324,9,150377,1764714710855
324,9,150448.5,1764714710927
324,9,150516.9,1764714710995
499,111,150583.1,1764714711061
760,209,150652.4,1764714711131
848,238,150732.5,1764714711211
865,243,150806.9,1764714711285
906,249,150891.7,1764714711370
956,257,150978.5,1764714711457
1002,257,151053.6,1764714711532
1028,253,151149.3,1764714711628
1038,250,151227.5,1764714711706
1043,248,151314,1764714711792
977,241,151394,1764714711872
919,227,151481.8,1764714711960
917,227,151559.4,1764714712038
917,227,151638.3,1764714712117
914,226,151721.6,1764714712200
943,234,151802.7,1764714712281
924,244,151881.7,1764714712360
873,251,151962.4,1764714712441
873,251,152040,1764714712518
873,251,152120.5,1764714712599
873,251,152206.4,1764714712685
873,251,152282,1764714712760
873,252,152356.4,1764714712835
878,258,152430.3,1764714712909
944,297,152509.3,1764714712988
972,344,152590.5,1764714713069
970,422,152666.2,1764714713145
966,429,152740.4,1764714713219
964,433,152814.1,1764714713292
964,435,152888.3,1764714713367
964,435,152970.7,1764714713449
964,436,153052.2,1764714713530
964,436,153143,1764714713621
964,436,153217.5,1764714713696
964,436,153294.1,1764714713772
964,436,153383.6,1764714713862
964,436,153485,1764714713963
961,533,153565.4,1764714714044
969,554,153654.1,1764714714133
973,557,153722.6,1764714714201
976,557,153797,1764714714275
976,549,153887.3,1764714714366
612,348,153963.1,1764714714441
596,342,154037.3,1764714714516
596,342,154122.3,1764714714601
596,342,154195.1,1764714714673
596,342,154280.5,1764714714759
596,342,154354.8,1764714714833
596,342,154426.7,1764714714905
596,342,154500.8,1764714714979
596,342,154577.4,1764714715056
596,342,154665.8,1764714715144
596,342,154737.7,1764714715216
596,342,154814.4,1764714715293
596,342,154885.6,1764714715364
590,340,154959.4,1764714715438
541,330,155029.7,1764714715508
528,330,155096.4,1764714715575
516,356,155168.2,1764714715647
572,494,155238.7,1764714715717
582,502,155312.9,1764714715791
582,502,155379.2,1764714715858
582,502,155451,1764714715929
582,502,155517.2,1764714715996
582,502,155592.3,1764714716071
582,502,155668.4,1764714716147
582,502,155742.4,1764714716221
582,502,155830.6,1764714716309
582,502,155901.8,1764714716380
582,502,155971.1,1764714716449
582,502,156039.7,1764714716518
582,502,156109.8,1764714716588
582,502,156176.9,1764714716655
582,502,156272.4,1764714716751
582,502,156339.1,1764714716817
582,502,156405.4,1764714716884
582,502,156474.1,1764714716952
582,502,156546.7,1764714717025
582,501,156620.5,1764714717099
582,501,156684,1764714717162
582,501,156773.1,1764714717251
582,501,156843,1764714717321
582,501,156906.3,1764714717385
580,499,156978.8,1764714717457
510,381,157044.9,1764714717523
386,161,157118.7,1764714717597
386,161,157208.8,1764714717687
386,161,157293.3,1764714717772
386,161,157360.8,1764714717839
386,161,157430.9,1764714717909
386,161,157497.4,1764714717976
386,165,157573.2,1764714718051
376,165,157645.1,1764714718123
180,115,157722.1,1764714718200
120,91,157820,1764714718298
108,77,157890.7,1764714718369
111,65,157966.9,1764714718445
89,45,158045.7,1764714718524
55,13,158125.9,1764714718604
72,9,158202.8,1764714718681
98,15,158278.5,1764714718757
137,34,158363.3,1764714718842
156,55,158440.1,1764714718918
132,105,158516.8,1764714718995
136,147,158595.1,1764714719073
167,181,158679.3,1764714719158
484,305,158756.5,1764714719235
1156,403,158833.5,1764714719312
1503,405,158911.2,1764714719390
1535,405,158994.9,1764714719473
1534,405,159077.8,1764714719556
1488,393,159159.3,1764714719638
1494,366,159238.4,1764714719717
1496,348,159318.2,1764714719797
1393,319,159413.1,1764714719891
808,253,159491.4,1764714719970
639,250,159597.1,1764714720075
636,251,159675.5,1764714720154
922,430,159752.8,1764714720231
1034,487,159834.7,1764714720313
1035,493,159911.6,1764714720390
1035,495,159992.1,1764714720470
1035,495,160074.6,1764714720553
1035,495,160154.9,1764714720633
1035,495,160231.9,1764714720710
1035,495,160309.7,1764714720788
1035,496,160388.8,1764714720867
1035,496,160463.5,1764714720942
1035,496,160555.1,1764714721033
1035,496,160625.1,1764714721103
1035,496,160698.1,1764714721176
1035,496,160767.5,1764714721246
1035,496,160830.6,1764714721309
1100,494,160918.4,1764714721397
1123,491,161018.7,1764714721497
1123,491,161086.9,1764714721565
1124,490,161157.7,1764714721636
1116,489,161237.1,1764714721715
1116,489,161307,1764714721785
933,397,161380.9,1764714721859
628,296,161491.4,1764714721970
599,290,161591.1,1764714722069
460,233,161666.1,1764714722144
344,17,161751.4,1764714722230
344,17,161821.6,1764714722300
344,17,161906.7,1764714722385
344,17,161948.1,1764714722490
344,17,162061.2,1764714728251
344,17,162143.2,1764714728333
488,257,162234.8,1764714728424
629,440,162308.6,1764714728498
639,489,162382.1,1764714728572
651,523,162455.8,1764714728645
652,528,162527.4,1764714728717
652,528,162611.6,1764714728801
653,529,162689.6,1764714728879
653,519,162765.8,1764714728955
551,325,162838.9,1764714729028
388,200,162930.1,1764714729120
348,194,163018.8,1764714729208
338,197,163096.9,1764714729286
325,221,163175.2,1764714729365
325,222,163257.1,1764714729447
315,252,163334.9,1764714729525
300,289,163404.7,1764714729594
300,289,163481.4,1764714729671
300,290,163569.1,1764714729759
300,292,163643.6,1764714729833
297,304,163721.2,1764714729911
297,304,163797.5,1764714729987
297,305,163910.3,1764714730100
297,305,163990.6,1764714730180
297,305,164074.7,1764714730264
297,305,164158.7,1764714730348
297,305,164241.1,1764714730431
297,305,164321,1764714730511
297,305,164388.1,1764714730578
297,305,164467.2,1764714730657
297,305,164535.6,1764714730725
297,305,164628.2,1764714730818
297,305,164700,1764714730890
297,305,164767.7,1764714730957
297,305,164837.4,1764714731027
297,305,164899.5,1764714731089
297,305,164969.5,1764714731159
297,305,165029.5,1764714731219
297,305,165098.9,1764714731289
297,305,165166.6,1764714731356
297,305,165229.7,1764714731419
297,305,165300.7,1764714731490
302,305,165384.5,1764714731574
370,318,165451.1,1764714731641
391,333,165536.9,1764714731726
468,349,165621,1764714731811
496,362,165706.1,1764714731896
496,362,165789.9,1764714731979
495,361,165861.9,1764714732051
489,357,165928.8,1764714732118
488,357,166006,1764714732196
501,355,166085.3,1764714732275
520,355,166163.5,1764714732353
540,360,166245.2,1764714732435
540,361,166324.9,1764714732514
540,361,166408.6,1764714732598
543,361,166487.8,1764714732677
549,362,166567.6,1764714732757
549,362,166637.8,1764714732827
549,362,166710.6,1764714732900
549,362,166784.8,1764714732974
549,362,166858.3,1764714733048
549,362,166935,1764714733125
549,362,167004.9,1764714733194
549,362,167087.8,1764714733277
549,362,167159.7,1764714733349
549,362,167229.1,1764714733419
549,362,167296,1764714733486
549,362,167364.2,1764714733554
549,362,167425.2,1764714733615
549,362,167493.8,1764714733683
549,362,167561.5,1764714733751
552,362,167643.7,1764714733833
595,375,167717.5,1764714733907
687,411,167790.9,1764714733980
725,427,167867.5,1764714734057
725,427,167942.1,1764714734132
727,429,168019.5,1764714734209
727,429,168095.7,1764714734285
727,429,168172.2,1764714734362
727,429,168251,1764714734441
727,429,168330.7,1764714734520
727,429,168415.1,1764714734605
727,429,168489.6,1764714734679
727,429,168564.4,1764714734754
727,429,168630.1,1764714734820
727,429,168710.9,1764714734900
727,429,168778.7,1764714734968
727,429,168864,1764714735053
738,427,168935.9,1764714735125
740,425,169009.1,1764714735199
740,425,169076.9,1764714735266
740,425,169144,1764714735334
740,425,169228.8,1764714735418
743,425,169311.6,1764714735501
754,420,169398,1764714735588
756,418,169475.4,1764714735665
758,417,169547.1,1764714735737
760,414,169624.5,1764714735814
760,414,169699,1764714735889
760,414,169773.8,1764714735963
760,414,169849,1764714736039
760,414,169923.3,1764714736113
760,414,170001.2,1764714736191
760,414,170079.5,1764714736269
760,414,170147.3,1764714736337
760,414,170214.1,1764714736404
760,414,170282.2,1764714736472
760,414,170373.9,1764714736563
760,414,170462.4,1764714736652
760,414,170527.6,1764714736717
760,414,170605.3,1764714736795
760,414,170671,1764714736861
760,414,170740.9,1764714736930
760,414,170805.7,1764714736995
760,414,170885.2,1764714737075
760,414,170953.7,1764714737143
760,414,171017.6,1764714737207
760,406,171089.1,1764714737279
751,391,171159.9,1764714737350
749,381,171243.4,1764714737433
748,377,171327.5,1764714737517
748,377,171405,1764714737595
748,377,171489.6,1764714737679
748,377,171553.6,1764714737743
748,377,171639.3,1764714737829
748,377,171713.3,1764714737903
748,377,171792.8,1764714737982
748,377,171878.3,1764714738068
748,377,171946.3,1764714738136
748,377,172020.4,1764714738210
748,377,172129.5,1764714738319
748,377,172207.1,1764714738397
748,377,172276.2,1764714738466
748,377,172338.9,1764714738528
748,377,172404.9,1764714738594
748,377,172472.6,1764714738662
748,377,172538.9,1764714738728
748,377,172602.6,1764714738792
748,377,172668,1764714738858
748,377,172728.3,1764714738918
748,377,172802.4,1764714738992
758,265,172873.3,1764714739063
758,265,172938.9,1764714739128
758,265,173007.8,1764714739197
758,265,173077.5,1764714739267
758,265,173151.1,1764714739341
758,265,173232.1,1764714739422
758,265,173301.2,1764714739491
758,265,173368.3,1764714739558
758,265,173433.7,1764714739623
758,265,173517.5,1764714739707
758,265,173595.4,1764714739785
758,265,173665.2,1764714739855
758,265,173730.6,1764714739920
758,265,173795.6,1764714739985
758,265,173862.9,1764714740053
758,265,173926.4,1764714740116
758,265,173996.4,1764714740186
758,265,174068.1,1764714740258
758,265,174147.3,1764714740337
758,265,174213.5,1764714740403
758,265,174273.7,1764714740463
758,265,174341.9,1764714740531
758,265,174415.2,1764714740605
758,265,174481.7,1764714740671
758,265,174566.2,1764714740756
758,265,174632.6,1764714740822
758,265,174713.6,1764714740903
758,265,174794.1,1764714740984
758,265,174863.8,1764714741053
758,265,174926.7,1764714741116
758,265,174995.6,1764714741185
758,265,175062,1764714741252
758,265,175126.8,1764714741316
758,265,175192.4,1764714741382
758,265,175265.1,1764714741455
758,265,175327.3,1764714741517
758,265,175394.8,1764714741584
758,265,175460.1,1764714741650
758,265,175526.9,1764714741716
758,265,175598.5,1764714741788
758,265,175660.2,1764714741850
758,265,175726.7,1764714741916
758,265,175793.2,1764714741983
758,265,175857.1,1764714742047
758,265,175927.7,1764714742117
758,265,175989.1,1764714742179
758,265,176057.1,1764714742247
758,265,176125.9,1764714742315
758,265,176188.5,1764714742378
758,265,176251.9,1764714742442
758,265,176329.1,1764714742519
758,265,176406.5,1764714742596
758,265,176474.1,1764714742664
758,265,176542.8,1764714742732
758,265,176623.3,1764714742813
758,265,176691.9,1764714742881
758,265,176754.6,1764714742944
758,265,176823.9,1764714743014
758,265,176894.7,1764714743084
758,265,176972.2,1764714743162
758,265,177035.6,1764714743225
758,265,177110.8,1764714743300
758,265,177192.4,1764714743382
758,265,177254,1764714743444
758,265,177320.9,1764714743511
758,265,177394.1,1764714743584
758,265,177454.3,1764714743644
758,265,177513.5,1764714743703
758,265,177588.6,1764714743778
758,265,177654.7,1764714743844
758,265,177721.5,1764714743911
758,265,177788.5,1764714743978
758,265,177854.7,1764714744044
758,265,177919.5,1764714744109
758,265,177990.7,1764714744180
758,265,178060.2,1764714744250
758,265,178125.8,1764714744315
758,265,178206.3,1764714744396
758,265,178272,1764714744462
758,265,178338.1,1764714744528
758,265,178406.2,1764714744596
758,265,178469.7,1764714744659
758,265,178536.9,1764714744726
758,265,178605.3,1764714744795
758,265,178666,1764714744856
758,265,178739.4,1764714744929
758,265,178803.4,1764714744993
758,265,178872.9,1764714745062
758,265,178937.1,1764714745127
758,265,178999.5,1764714745189
758,265,179070.2,1764714745260
758,265,179139.9,1764714745329
758,265,179220.1,1764714745410
758,265,179286.8,1764714745476
758,265,179348.1,1764714745538
758,265,179410.7,1764714745600
758,265,179485.6,1764714745675
758,265,179549.6,1764714745739
758,265,179618.7,1764714745808
758,265,179681.8,1764714745871
758,265,179752.4,1764714745942
758,265,179819.6,1764714746009
758,265,179883.1,1764714746073
758,265,179951.6,1764714746141
758,265,180022.1,1764714746212
758,265,180091.5,1764714746281
758,265,180171.5,1764714746361
758,265,180234.8,1764714746424
758,265,180302,1764714746492
758,265,180369.3,1764714746559
758,265,180436.7,1764714746626
758,265,180518,1764714746708
758,265,180587,1764714746777
758,265,180650.9,1764714746840
758,265,180714.1,1764714746904
758,265,180785.4,1764714746975
758,265,180852.6,1764714747042
758,265,180925.1,1764714747115
758,265,180997.9,1764714747187
917,265,181069.1,1764714747259
1123,232,181138.8,1764714747328
1237,228,181208,1764714747398
1263,236,181290,1764714747480
1312,233,181375.6,1764714747565
1358,233,181460.2,1764714747650
1403,236,181535.3,1764714747725
1460,241,181612.7,1764714747802
1484,242,181691.3,1764714747881
1488,244,181770.2,1764714747960
1497,250,181847.5,1764714748037
1497,250,181926.3,1764714748116
1497,249,182003.7,1764714748193
1497,248,182083.2,1764714748273
1497,248,182156.3,1764714748346
1497,248,182246.3,1764714748436
1497,248,182327.2,1764714748517
1497,248,182401,1764714748591
1497,248,182477.6,1764714748667
1497,248,182556.8,1764714748746
1497,248,182625,1764714748815
1497,248,182693.8,1764714748883
1497,248,182767.7,1764714748957
1497,248,182832,1764714749022
1497,248,182904.4,1764714749094
1497,248,182972.8,1764714749162
1497,248,183038.5,1764714749228
1497,248,183102.4,1764714749292
1497,248,183173.4,1764714749363
1497,248,183236.2,1764714749426
1497,248,183301.8,1764714749491
1497,248,183369.5,1764714749559
1497,248,183436.6,1764714749626
1497,248,183497.9,1764714749687
1497,248,183565.9,1764714749755
1497,248,183629.2,1764714749819
1497,248,183696,1764714749886
1497,248,183765.4,1764714749955
1497,248,183832,1764714750022
1497,248,183897.9,1764714750087
1497,248,183963.5,1764714750153
1497,248,184032.6,1764714750222
1497,248,184094.9,1764714750284
1497,248,184161.2,1764714750351
1497,248,184225.2,1764714750415
1497,248,184289.7,1764714750479
1497,248,184357.6,1764714750547
1497,248,184429.2,1764714750619
1497,248,184497.4,1764714750687
1497,248,184563.1,1764714750753
1497,248,184627.1,1764714750817
1497,248,184697.2,1764714750887
1497,248,184765,1764714750955
1497,248,184826.2,1764714751016
1497,248,184895.3,1764714751085
1497,248,184968.4,1764714751158
1497,248,185042.9,1764714751232
1497,248,185109.5,1764714751299
1497,248,185175.3,1764714751365
1497,248,185237.4,1764714751427
1497,248,185305.3,1764714751495
1497,248,185369.6,1764714751559
1478,247,185444.4,1764714751634
1284,247,185515.4,1764714751705
1071,248,185596.8,1764714751786
872,252,185665.3,1764714751855
840,257,185739.7,1764714751929
822,257,185813,1764714752003
798,260,185891.9,1764714752081
768,265,185971.9,1764714752161
764,268,186049.2,1764714752239
766,273,186135.6,1764714752325
768,276,186218.7,1764714752408
768,276,186299.4,1764714752489
768,276,186377,1764714752567
768,276,186453.9,1764714752643
651,285,186527.3,1764714752717
227,285,186619.8,1764714752809
31,309,186705,1764714752895
0,309,186786.5,1764714752976
0,309,186868.2,1764714753058
9,305,186944.9,1764714753134
36,291,187016.6,1764714753206
42,288,187091,1764714753280
37,285,187166.4,1764714753356
30,283,187238.5,1764714753428
30,283,187315.6,1764714753505
28,282,187400.4,1764714753590
28,282,187489.2,1764714753679
28,282,187567.5,1764714753757
99,282,187655.3,1764714753845
180,297,187743.3,1764714753933
371,365,187838.3,1764714754028
436,400,187932.5,1764714754122
506,440,188021.9,1764714754212
548,504,188119.1,1764714754309
581,600,188233.8,1764714754423
608,685,188389.4,1764714754579
623,721,188547.4,1764714754737
625,727,188681,1764714754871
625,727,188778.1,1764714754968
625,727,188863.1,1764714755053
625,727,188938.8,1764714755128
625,727,189009.4,1764714755199
625,727,189075.4,1764714755265
625,727,189149.2,1764714755339
625,727,189213.9,1764714755403
625,727,189286.7,1764714755476
625,727,189358,1764714755548
625,727,189427.3,1764714755617
625,727,189495.4,1764714755685
625,727,189565,1764714755755
625,727,189635.7,1764714755825
625,727,189701.8,1764714755891
625,727,189770.4,1764714755960
625,727,189852.6,1764714756042
625,727,189961.3,1764714756151
625,727,190076,1764714756266
625,727,190181,1764714756371
625,727,190272.5,1764714756462
625,727,190352.8,1764714756542
625,727,190426.8,1764714756616
625,727,190494.8,1764714756684
625,727,190564.2,1764714756754
625,727,190626.9,1764714756816
625,727,190693.6,1764714756883
625,727,190759.3,1764714756949
625,727,190819.4,1764714757009
625,727,190878.8,1764714757068
625,727,190940.5,1764714757130
625,688,191010.6,1764714757200
631,645,191083.1,1764714757273
646,553,191155.1,1764714757345
676,475,191227,1764714757417
685,452,191302.9,1764714757492
686,451,191379,1764714757569
692,452,191456.1,1764714757646
697,453,191533.4,1764714757723
704,455,191608.5,1764714757798
718,462,191691.1,1764714757881
737,469,191767,1764714757957
737,469,191841.9,1764714758031
740,473,191924.5,1764714758114
742,475,192002.9,1764714758192
744,481,192086.8,1764714758276
744,484,192180.5,1764714758370
744,484,192255.1,1764714758445
744,484,192332.9,1764714758522
744,484,192402.2,1764714758592
744,484,192475.1,1764714758665
789,485,192555.9,1764714758746
898,485,192635.7,1764714758825
933,485,192712.9,1764714758902
943,485,192790.8,1764714758980
943,485,192863,1764714759053
943,485,192931.7,1764714759121
943,485,193001.7,1764714759191
943,485,193071.8,1764714759261
943,485,193145,1764714759335
943,485,193208.8,1764714759398
943,485,193274.8,1764714759464
943,485,193342,1764714759532
943,485,193425.3,1764714759615
943,485,193499.6,1764714759689
943,485,193571.4,1764714759761
943,485,193639.6,1764714759829
943,485,193706.8,1764714759896
943,485,193772.4,1764714759962
943,485,193838.3,1764714760028
944,479,193907.6,1764714760097
944,479,193973.3,1764714760163
944,479,194042.1,1764714760232
944,479,194107.8,1764714760297
944,479,194170,1764714760360
944,479,194241.2,1764714760431
944,479,194324.1,1764714760514
944,479,194408,1764714760598
944,479,194472.8,1764714760662
944,479,194537,1764714760727
944,479,194603.8,1764714760793
944,479,194675.1,1764714760865
944,479,194755.6,1764714760945
944,479,194823.4,1764714761013
944,479,194906.3,1764714761096
943,478,194972,1764714761162
943,458,195043.4,1764714761233
954,416,195107.3,1764714761297
954,412,195175.1,1764714761365
954,412,195241.4,1764714761431
954,412,195314.9,1764714761505
954,412,195393.3,1764714761583
954,412,195463.7,1764714761653
954,412,195528.3,1764714761718
954,412,195597.3,1764714761787
954,412,195665.2,1764714761855
954,412,195731,1764714761921
954,412,195825.4,1764714762015
903,371,195915.4,1764714762105
653,177,195992.6,1764714762182
593,110,196065,1764714762255
558,39,196142.6,1764714762332
539,2,196249.7,1764714762439
539,2,196332.8,1764714762522
539,2,196409.7,1764714762599
496,37,196494.5,1764714762684
720,240,196572.4,1764714762762
880,332,196652,1764714762842
945,376,196725.4,1764714762915
952,379,196816.9,1764714763006
952,379,196891.3,1764714763081
952,379,196964.8,1764714763154
954,383,197046.2,1764714763236
960,427,197120.6,1764714763310
964,454,197201.4,1764714763391
968,461,197276.9,1764714763466
972,466,197363.3,1764714763553
973,469,197450.5,1764714763640
973,469,197533.1,1764714763723
973,469,197612.3,1764714763802
973,469,197684.2,1764714763874
973,469,197769.7,1764714763959
976,481,197844.9,1764714764034
976,484,197926.5,1764714764116
976,484,198001.1,1764714764191
976,484,198074.6,1764714764264
976,484,198151.8,1764714764341
976,484,198237.1,1764714764427
976,484,198321.9,1764714764511
976,484,198387.4,1764714764577
976,484,198456,1764714764646
976,484,198517.1,1764714764707
976,484,198583.4,1764714764773
976,484,198655.4,1764714764845
972,485,198743.6,1764714764933
952,485,198830.9,1764714765021
951,485,198919.9,1764714765110
951,485,199026.6,1764714765216
951,485,199133.1,1764714765323
951,485,199242.2,1764714765432
839,503,199359.8,1764714765549
752,509,199457,1764714765647
636,545,199548.1,1764714765738
612,577,199637.9,1764714765827
611,579,199722.3,1764714765912
611,579,199802.4,1764714765992
611,579,199901.1,1764714766091
611,579,200001.3,1764714766191
611,580,200087.7,1764714766277
614,582,200174.6,1764714766364
578,634,200253.2,1764714766443
506,673,200331.4,1764714766521
482,676,200421.4,1764714766611
481,667,200504.8,1764714766694
482,655,200581.9,1764714766772
482,653,200661.8,1764714766851
482,653,200737.7,1764714766927
482,653,200805.6,1764714766995
482,648,200890.4,1764714767080
312,549,200977.3,1764714767167
261,523,201082.6,1764714767272
216,470,201175.1,1764714767365
222,429,201262.3,1764714767452
222,429,201340.1,1764714767530
222,429,201422.3,1764714767612
191,412,201499.2,1764714767689
95,336,201581.1,1764714767771
62,277,201659.7,1764714767849
38,202,201740.5,1764714767930
26,148,201820.3,1764714768010
12,105,201903.2,1764714768093
0,57,201980.1,1764714768170
0,4,202058,1764714768248
0,-25,202134.2,1764714768324
0,-31,202216.5,1764714768406
0,-31,202291.9,1764714768481
0,-31,202366,1764714768556
0,-31,202441.1,1764714768631
0,-31,202516.3,1764714768706
0,-31,202593,1764714768783
0,-31,202663.9,1764714768853
0,-31,202736.9,1764714768927
0,-31,202803.9,1764714768993
0,-31,202877.8,1764714769067
0,-31,202949,1764714769139
0,-31,203013.7,1764714769203
0,-31,203080.6,1764714769270
0,-31,203149,1764714769339
0,-31,203211,1764714769401
0,-31,203274.9,1764714769464
0,-31,203335.7,1764714769525
0,-31,203398.3,1764714769588
0,-31,203461.3,1764714769651
0,-31,203530.2,1764714769720
0,-31,203592.3,1764714769782
0,-31,203654,1764714769843
0,-31,203720.5,1764714769910
0,-31,203782.3,1764714769972
0,-31,203846.8,1764714770036
0,-31,203910.5,1764714770100
13,69,203980.7,1764714770170
16,212,204056.8,1764714770246
15,266,204125.5,1764714770315
10,290,204197.3,1764714770387
7,325,204273.1,1764714770463
6,364,204351.7,1764714770541
9,372,204426.4,1764714770616
11,373,204499.4,1764714770689
12,373,204577.1,1764714770767
12,373,204646.9,1764714770836
12,373,204719.7,1764714770909
12,373,204789.5,1764714770979
12,373,204874.1,1764714771064
13,373,204948,1764714771138
13,373,205040.1,1764714771230
13,373,205115.7,1764714771305
28,358,205196.5,1764714771386
141,221,205277.5,1764714771467
182,109,205357.5,1764714771547
221,6,205445.8,1764714771635
221,6,205530.7,1764714771720
221,6,205612.1,1764714771802
221,6,205669.5,1764714771911
221,6,205793.9,1764714790242
221,6,205862.2,1764714790311
221,6,205939.4,1764714790388
293,173,206013.2,1764714790462
427,318,206096.3,1764714790545
408,338,206182.5,1764714790631
404,339,206264.4,1764714790713
399,344,206347.3,1764714790796
386,375,206427,1764714790875
386,375,206505.7,1764714790954
386,375,206608.5,1764714791057
386,375,206688.6,1764714791137
386,375,206763.6,1764714791212
386,375,206852.5,1764714791301
386,375,206926.4,1764714791375
386,375,207008.8,1764714791457
405,381,207089.1,1764714791538
344,74,207179.6,1764714791628
327,1,207260.5,1764714791709
327,1,207369.7,1764714791818
327,1,207397.6,1764714791982
327,1,207509.4,1764714794146
327,1,207597.2,1764714794234
544,192,207688.2,1764714794325
907,453,207766.3,1764714794403
1032,545,207871.1,1764714794508
1000,541,207947.9,1764714794584
904,512,208027.6,1764714794664
794,421,208119.1,1764714794756
772,401,208205,1764714794842
762,397,208286.9,1764714794923
753,393,208374.7,1764714795011
816,394,208450,1764714795087
947,453,208537.7,1764714795174
951,454,208619.9,1764714795256
914,440,208706.4,1764714795343
862,422,208788.6,1764714795425
860,421,208875.7,1764714795512
860,421,208963.1,1764714795600
863,427,209056.5,1764714795693
868,433,209141.4,1764714795778
873,437,209228.8,1764714795865
873,437,209312.5,1764714795949
873,437,209420.6,1764714796057
856,424,209525.8,1764714796162
844,412,209605,1764714796242
841,406,209679.3,1764714796316
820,388,209756,1764714796393
813,387,209836.1,1764714796473
804,387,209922.2,1764714796559
795,386,210015.1,1764714796652
783,383,210099.8,1764714796736
780,382,210189.6,1764714796826
778,381,210265.8,1764714796902
778,381,210349,1764714796985
788,383,210432.6,1764714797069
932,424,210510.8,1764714797147
1013,463,210592.6,1764714797229
1076,529,210674.1,1764714797311
1137,633,210754.7,1764714797391
1170,740,210837.7,1764714797474
1190,776,210924.1,1764714797561
1196,776,211006.1,1764714797643
1196,776,211081.2,1764714797718
1196,776,211158.6,1764714797795
1196,776,211234.2,1764714797871
1196,776,211306.6,1764714797943
1196,776,211378.9,1764714798015
1196,776,211451.6,1764714798088
1196,776,211523,1764714798160
1196,776,211598.1,1764714798235
1196,776,211666.6,1764714798303
1196,776,211736.4,1764714798373
1196,776,211799.5,1764714798436
1196,776,211863.9,1764714798500
1196,776,211928.4,1764714798565
1196,776,211994.4,1764714798631
1196,776,212059.5,1764714798696
1196,776,212124.7,1764714798761
1196,776,212189.4,1764714798826
1196,776,212252.1,1764714798889
1196,776,212309.7,1764714798946
1196,776,212375.6,1764714799012
1196,776,212437.6,1764714799074
1196,776,212505.6,1764714799142
1196,776,212568.4,1764714799205
1196,776,212634.3,1764714799271
1196,776,212702.5,1764714799339
1196,776,212765.4,1764714799402
1196,776,212827.6,1764714799464
1196,776,212893,1764714799530
1196,776,212962.5,1764714799599
1196,776,213028.6,1764714799665
1196,776,213091.6,1764714799728
1196,776,213158.3,1764714799795
1196,776,213227.1,1764714799864
1172,750,213297.7,1764714799934
1100,679,213368.4,1764714800005
1010,582,213439.6,1764714800076
987,432,213512.9,1764714800149
988,358,213588.6,1764714800225
998,293,213672.7,1764714800309
1005,241,213759.9,1764714800396
1008,235,213846.4,1764714800483
1008,235,213924.9,1764714800561
1011,345,214004.3,1764714800641
1024,425,214091.8,1764714800728
1028,436,214185.7,1764714800822
1042,469,214280.4,1764714800917
1048,481,214380.2,1764714801017
1056,493,214507.4,1764714801144
1062,501,214660.1,1764714801297
1072,531,214818,1764714801455
1076,543,214948.5,1764714801585
1076,543,215038.8,1764714801675
1076,543,215110.4,1764714801747
1076,543,215180.5,1764714801817
1076,543,215248.2,1764714801885
1076,543,215328.7,1764714801965
1076,543,215396,1764714802033
1076,543,215481.6,1764714802118
1076,543,215565,1764714802202
1076,543,215648.7,1764714802285
985,429,215732.3,1764714802369
714,172,215813.9,1764714802450
565,5,215895.8,1764714802532
565,5,215981.5,1764714802618
565,5,216068.9,1764714802705
565,5,216190.7,1764714802827
565,5,216326.9,1764714819418
565,5,216405.8,1764714819497
565,5,216492.9,1764714819584
530,165,216577.9,1764714819669
