479.89,164.88,"w up here.",160,12539.400000095,1757441978157
477.45,165.1,"w up here.",160,13949.900000095,1757441979548
470.49,164.14,"w up here.",160,14172,1757441979770
455.1,158.84,"w up here.",160,14722.900000095,1757441980320
402.59,158.49,"w up here.",160,14970.300000191,1757441980568
347.82,142.25,"or AI to finish gene",93,15165.100000143,1757441980763
294.93,128.9,"ute for AI to finish",88,15436.700000048,1757441981034
242.32,134,"1 minute for AI to f",83,15603.600000143,1757441981201
172.03,129.16,"up to 1 minute for A",77,15782.600000143,1757441981380
139.08,126.65,"ke up to 1 minute fo",74,15919,1757441981516
69.53,135.84,"take up to 1 mi",67,16085.100000143,1757441981682
24.01,101.65,"take up to",63,16318.700000048,1757441981929
-1,-1,,,16614.5,1757441982211
-1,-1,,,16765.800000191,1757441982363
-1,-1,,,17115.300000191,1757441982712
85.23,55.88,"After you type yo",7,17383.300000191,1757441982981
109.13,44.57,"After you type your",9,17609.700000048,1757441983207
105.16,40.93,"After you type your",9,17847.700000048,1757441983445
83.99,58.62,"After you type yo",7,18012.900000095,1757441983610
69.02,67,"After you type",5,18202.400000095,1757441983800
69.97,53.47,"After you type y",6,18502.5,1757441984100
43.58,61.26,"After you typ",3,18785.400000095,1757441984383
71.98,75.2,"After you type y",6,19030.100000143,1757441984627
62.25,70.46,"After you type",5,19432.300000191,1757441985044
78.81,78.46,"After you type y",6,19887.100000143,1757441985484
89.9,100.28,"take up to 1 minu",69,20345.200000048,1757441985943
119.74,86.64,"take up to 1 minute",72,20483.800000191,1757441986081
118.49,106.02,"take up to 1 minute",72,20623.400000095,1757441986221
87.91,108.78,"take up to 1 minu",69,20762.200000048,1757441986359
68.33,138.96,"take up to 1 mi",67,20946.300000191,1757441986544
137.98,162.12,"e AI's response will",136,21128.600000143,1757441986727
200.04,163.94,"s response will show",141,21346.300000191,1757441986944
269.31,137.68,"inute for AI to fini",86,21515.300000191,1757441987113
262.13,138.97,"minute for AI to fin",85,21647.800000191,1757441987245
229.07,132.35,"1 minute for AI to",82,21839.900000095,1757441987437
227.92,107.53,"1 minute for AI to",82,22189.400000095,1757441987787
236.46,106.66,"1 minute for AI to f",83,22333.200000048,1757441987930
189.06,122.93,"p to 1 minute for AI",78,22449.300000191,1757441988047
170.79,147.73,"up to 1 minute for A",77,22658.400000095,1757441988256
204.67,98.86,"to 1 minute for AI t",80,22833.100000143,1757441988430
175.38,107.08,"up to 1 minute for A",77,22963.600000143,1757441988561
213.73,78.11,"type your question,",19,23155.100000143,1757441988752
235.02,92.17,"1 minute for AI to f",83,23358.400000095,1757441988957
203.96,85.43,"to 1 minute for AI t",80,23495,1757441989092
162.39,119.03,"up to 1 minute for",76,23666.200000048,1757441989263
179.54,150.09,"I's response will sh",139,23856.600000143,1757441989454
147.34,173.63,"AI's response will",137,24116.300000191,1757441989716
154.47,186.65,"AI's response will",137,24309.700000048,1757441989907
129.6,168.96,"he AI's response wil",135,24463.900000095,1757441990061
96.65,166.19,"The AI's response",132,24609.800000191,1757441990207
32.06,166.09,"The AI's res",126,24818.100000143,1757441990415
102.48,118.95,"take up to 1 minut",70,25241.800000191,1757441990839
123.95,115.64,"take up to 1 minute",72,25455.400000095,1757441991053
74.81,122.97,"take up to 1 min",68,25837.200000048,1757441991434
203.87,98.75,"to 1 minute for AI t",80,26047.800000191,1757441991649
321.12,63.51,"r question, please w",28,26405.200000048,1757441992003
-1,-1,,,26754.900000095,1757441992352
-1,-1,,,27169.400000095,1757441992766
-1,-1,,,27956.300000191,1757441993553
-1,-1,,,28456.200000048,1757441994053
-1,-1,,,29189.900000095,1757441994787
-1,-1,,,29707.600000143,1757441995313
-1,-1,,,30372.600000143,1757441995970
-1,-1,,,30575.600000143,1757441996173
-1,-1,,,31007.600000143,1757441996604
-1,-1,,,31187.300000191,1757441996785
-1,-1,,,31419.200000048,1757441997016
578.64,75.12,"patiently. It might",52,31633.600000143,1757441997231
589.45,52.15,"atiently. It might",53,31819.5,1757441997417
664.66,109.47,"eir answer.",122,32022.200000048,1757441997621
-1,-1,,,32249,1757441997846
-1,-1,,,32421.300000191,1757441998019
-1,-1,,,32588.400000095,1757441998185
-1,-1,,,32741.5,1757441998344
-1,-1,,,32924.100000143,1757441998521
-1,-1,,,33120.600000143,1757441998719
-1,-1,,,33318,1757441998915
-1,-1,,,33502.200000048,1757441999099
-1,-1,,,33703.800000191,1757441999301
-1,-1,,,33917.700000048,1757441999515
-1,-1,,,34064.800000191,1757441999662
-1,-1,,,34198,1757441999795
-1,-1,,,34495.100000143,1757442000092
701.25,93.29,"r answer.",124,34816.700000048,1757442000414
646.95,90.5,"their answer.",120,34967.900000095,1757442000565
536.7,95.66,"enerating their answ",110,35116,1757442000713
517.84,100.9,"generating their an",108,35292.800000191,1757442000890
439.27,103.05,"finish generating t",101,35454.300000191,1757442001052
423.34,91.83,"o finish generating",100,35619.300000191,1757442001217
394.24,112.72,"I to finish generati",97,35831.5,1757442001429
467.96,88.42,"nish generating thei",104,35991.700000048,1757442001589
571.97,80.85,"rating their answer.",113,36144.5,1757442001742
623.24,102.13,"g their answer.",118,36302.900000095,1757442001900
607.21,81.6,"ing their answer.",116,36462.100000143,1757442002059
542.31,87.95,"enerating their answ",110,36617.900000095,1757442002215
538.09,64.41,"ait patiently. It mi",48,36796.300000191,1757442002394
463.64,58.79,"lease wait patiently",41,36942,1757442002540
526.29,47.07,"wait patiently. It m",47,37084.400000095,1757442002682
618.19,21.84,"iently. It might",55,37229.900000095,1757442002827
-1,-1,,,37364.800000191,1757442002962
710.96,30.33,"It might",62,37495.300000191,1757442003093
-1,-1,,,37668.400000095,1757442003266
-1,-1,,,37799.200000048,1757442003396
-1,-1,,,40376.100000143,1757442005973
678.93,64.03,"married.",53,40538.600000143,1757442006146
550.13,140.57,"ships, including wit",103,40707.800000191,1757442006305
463.8,151.09,"n Meyer**.",156,40842.5,1757442006440
459.19,124.55,"relationships, inclu",95,40966.300000191,1757442006567
426.73,134.49,"le relationships, in",92,41093.5,1757442006691
379.86,152.17,"**Dylan Meyer**.",149,41216.400000095,1757442006819
367.69,168.71,"d **Dylan Meyer**.",148,41398,1757442006995
311.27,151.17,"n** and **Dylan Meye",142,41589.300000191,1757442007186
378.93,194.92,"**Dylan Meyer**.",149,41790.300000191,1757442007389
276.97,363.72,"en openly about her",273,41964.800000191,1757442007562
291.12,371.53,"openly about her pr",275,42090.200000048,1757442007688
574.22,355.07,"married.",248,42248.300000191,1757442007846
717.48,336.66,"married.",248,42423.400000095,1757442008021
-1,-1,,,42656.300000191,1757442008254
-1,-1,,,42994.300000191,1757442008592
-1,-1,,,43318.100000143,1757442008916
-1,-1,,,43614.200000048,1757442009216
-1,-1,,,43804,1757442009402
-1,-1,,,44017.400000095,1757442009615
-1,-1,,,44176.700000048,1757442009774
-1,-1,,,44393.5,1757442009991
-1,-1,,,44584.800000191,1757442010183
-1,-1,,,44785.5,1757442010383
-1,-1,,,44988.5,1757442010586
-1,-1,,,45144.200000048,1757442010742
695.28,184.91,"Meyer**.",158,45306.200000048,1757442010904
625.76,183.24,"Meyer**.",158,45554.700000048,1757442011152
558.39,207.41,"Meyer**.",158,45764.600000143,1757442011362
518.39,233.28,"er** in 2021, but as",205,46017.200000048,1757442011615
545.65,262.66,"* in 2021, but as of",208,46258.300000191,1757442011856
491.55,243.77,"eyer** in 2021, but",203,46619.600000143,1757442012217
631.68,288.84,"married.",248,46815.5,1757442012413
571.57,310.98,"nce for privacy",300,47008.700000048,1757442012607
514.57,344.28,"eference for privacy",295,47187.800000191,1757442012785
514.61,322.48,"eference for privacy",295,47418.5,1757442013017
514.98,312.06,"eference for privacy",295,47585.300000191,1757442013183
566.92,269.79,"nce for privacy",300,47718.300000191,1757442013316
596.99,274.84,"e for privacy",302,47858.400000095,1757442013456
651.37,279.83,"r privacy",306,48007.100000143,1757442013604
541.6,306.11,"al life.",336,48525.100000143,1757442014130
489.28,281.58,"al life.",336,48925.200000048,1757442014526
514.26,296.11,"ments about a weddin",383,49069.400000095,1757442014667
528.23,302.2,"ents about a wedding",384,49239.900000095,1757442014839
572.22,295.62,"about a wedding sin",388,49436.300000191,1757442015034
621.18,251,"al life.",336,49590.400000095,1757442015194
612.31,236.21,"ut a wedding since",392,49784.900000095,1757442015382
476.26,275.06,"agement.",418,49956.700000048,1757442015554
480.01,258.61,"agement.",418,50097.400000095,1757442015695
407.41,283.9,"agement.",418,50284.5,1757442015882
383.17,278.73,"agement.",418,50456.100000143,1757442016053
391.91,267.08,"agement.",418,50613.5,1757442016211
399.42,256.06,"agement.",418,50782.900000095,1757442016380
476.56,257.57,"agement.",418,50928.900000095,1757442016527
573.99,239,"about a wedding sin",388,51079.900000095,1757442016678
474.1,301.7,"agement.",418,51239,1757442016837
550.56,308.93,"agement.",418,51384.600000143,1757442016982
555.89,306.85,"agement.",418,51539.400000095,1757442017140
532.39,285.07,"agement.",418,51803.300000191,1757442017401
628.68,261.58,"agement.",418,51979.200000048,1757442017577
682.08,277.92,"but as of",219,52111.300000191,1757442017709
-1,-1,,,52304.400000095,1757442017902
-1,-1,,,52469,1757442018067
-1,-1,,,52615.400000095,1757442018213
-1,-1,,,52809.700000048,1757442018407
-1,-1,,,52960.600000143,1757442018558
-1,-1,,,53126.300000191,1757442018724
-1,-1,,,53308.100000143,1757442018906
-1,-1,,,53499.100000143,1757442019098
-1,-1,,,53703.800000191,1757442019304
-1,-1,,,53870.800000191,1757442019471
-1,-1,,,54068,1757442019666
-1,-1,,,54286.700000048,1757442019886
-1,-1,,,54459.300000191,1757442020057
-1,-1,,,54612.100000143,1757442020209
-1,-1,,,54760.200000048,1757442020357
-1,-1,,,54991.900000095,1757442020589
-1,-1,,,55172.600000143,1757442020770
-1,-1,,,55367.200000048,1757442020965
-1,-1,,,55504.900000095,1757442021102
-1,-1,,,55824.900000095,1757442021424
-1,-1,,,56067.900000095,1757442021665
-1,-1,,,56200.300000191,1757442021805
-1,-1,,,56498.700000048,1757442022096
-1,-1,,,56725.900000095,1757442022323
-1,-1,,,56973.200000048,1757442022571
-1,-1,,,57107.100000143,1757442022704
-1,-1,,,57280.400000095,1757442022884
-1,-1,,,57825.100000143,1757442023423
-1,-1,,,57958,1757442023555
-1,-1,,,58106.900000095,1757442023704
694.14,216.67,"Meyer**.",158,58257.200000048,1757442023855
-1,-1,,,58443.300000191,1757442024041
-1,-1,,,58597.200000048,1757442024195
-1,-1,,,58777.900000095,1757442024376
-1,-1,,,59264.600000143,1757442024862
-1,-1,,,59422.100000143,1757442025019
-1,-1,,,59588.700000048,1757442025186
-1,-1,,,59769.900000095,1757442025367
-1,-1,,,59894.900000095,1757442025495
-1,-1,,,60058.900000095,1757442025656
-1,-1,,,60185.300000191,1757442025783
-1,-1,,,60430.100000143,1757442026031
-1,-1,,,60743.600000143,1757442026342
-1,-1,,,60903.900000095,1757442026501
-1,-1,,,61025.100000143,1757442026622
-1,-1,,,61259.800000191,1757442026865
-1,-1,,,61406.400000095,1757442027004
-1,-1,,,61528,1757442027125
-1,-1,,,61657.700000048,1757442027255
-1,-1,,,61832.800000191,1757442027431
-1,-1,,,63038.900000095,1757442028636
-1,-1,,,63450.300000191,1757442029047
-1,-1,,,63704.800000191,1757442029303
-1,-1,,,63971.900000095,1757442029569
-1,-1,,,64323.5,1757442029920
-1,-1,,,64674.300000191,1757442030271
-1,-1,,,65483.200000048,1757442031084
-1,-1,,,65917.400000095,1757442031514
-1,-1,,,66118.400000095,1757442031715
-1,-1,,,66756.700000048,1757442032354
-1,-1,,,67001.900000095,1757442032599
-1,-1,,,67415.800000191,1757442033013
-1,-1,,,67796.200000048,1757442033393
-1,-1,,,68149.900000095,1757442033747
-1,-1,,,68402.5,1757442034000
-1,-1,,,68932.800000191,1757442034530
-1,-1,,,69182.5,1757442034779
-1,-1,,,69479.800000191,1757442035077
-1,-1,,,69710.100000143,1757442035307
-1,-1,,,69907.900000095,1757442035505
-1,-1,,,70152.800000191,1757442035750
-1,-1,,,70433.200000048,1757442036030
-1,-1,,,70660.200000048,1757442036257
-1,-1,,,70834.600000143,1757442036432
-1,-1,,,71013,1757442036610
-1,-1,,,71915.200000048,1757442037512
-1,-1,,,72132.300000191,1757442037729
-1,-1,,,72423.900000095,1757442038021
-1,-1,,,72727,1757442038325
-1,-1,,,72931.100000143,1757442038529
-1,-1,,,74994.900000095,1757442040592
-1,-1,,,75890.200000048,1757442041506
-1,-1,,,76187.5,1757442041785
-1,-1,,,76524.5,1757442042122
-1,-1,,,76777.700000048,1757442042375
-1,-1,,,76975.800000191,1757442042573
-1,-1,,,77178.400000095,1757442042776
-1,-1,,,77443.5,1757442043041
-1,-1,,,77639,1757442043236
-1,-1,,,77811.100000143,1757442043409
-1,-1,,,78026.400000095,1757442043624
-1,-1,,,78256.400000095,1757442043854
-1,-1,,,78770.200000048,1757442044368
-1,-1,,,78977.800000191,1757442044575
-1,-1,,,79208.600000143,1757442044821
-1,-1,,,79476.5,1757442045074
-1,-1,,,79623.900000095,1757442045221
-1,-1,,,79854.400000095,1757442045452
-1,-1,,,80126.800000191,1757442045724
-1,-1,,,80343.600000143,1757442045941
-1,-1,,,80600.700000048,1757442046198
-1,-1,,,80793.5,1757442046391
-1,-1,,,80984.5,1757442046581
-1,-1,,,81169.5,1757442046766
-1,-1,,,81331.300000191,1757442046929
-1,-1,,,81656.700000048,1757442047254
-1,-1,,,81823.100000143,1757442047420
-1,-1,,,81997.800000191,1757442047595
-1,-1,,,82166.300000191,1757442047764
-1,-1,,,82368.400000095,1757442047966
-1,-1,,,82536.700000048,1757442048135
-1,-1,,,82736.600000143,1757442048335
-1,-1,,,82971.5,1757442048569
-1,-1,,,83179.900000095,1757442048777
-1,-1,,,83389,1757442048986
-1,-1,,,83716.5,1757442049314
-1,-1,,,83921.900000095,1757442049519
-1,-1,,,84090.800000191,1757442049694
-1,-1,,,84283.600000143,1757442049881
648.08,213.8,"Meyer**.",158,84485.400000095,1757442050083
698.3,230.24,"but as of",219,84648,1757442050245
-1,-1,,,84797.100000143,1757442050394
-1,-1,,,84949.600000143,1757442050547
-1,-1,,,85120.5,1757442050718
-1,-1,,,85268.300000191,1757442050866
-1,-1,,,85422.700000048,1757442051020
-1,-1,,,85599.5,1757442051197
-1,-1,,,85747.200000048,1757442051345
-1,-1,,,85897.600000143,1757442051495
-1,-1,,,86034,1757442051631
-1,-1,,,86181.900000095,1757442051779
-1,-1,,,86368.600000143,1757442051966
-1,-1,,,86744.100000143,1757442052342
-1,-1,,,86884.700000048,1757442052482
681.59,352.59,"married.",248,87076.200000048,1757442052674
-1,-1,,,87204,1757442052801
-1,-1,,,87333,1757442052930
-1,-1,,,87475.600000143,1757442053074
-1,-1,,,87615.600000143,1757442053213
-1,-1,,,87746.400000095,1757442053344
-1,-1,,,87896.700000048,1757442053494
-1,-1,,,88045.700000048,1757442053643
-1,-1,,,88209.600000143,1757442053808
-1,-1,,,88369.300000191,1757442053967
-1,-1,,,88593.900000095,1757442054191
-1,-1,,,88745.5,1757442054343
-1,-1,,,88866.100000143,1757442054463
-1,-1,,,88994.700000048,1757442054592
-1,-1,,,89128.400000095,1757442054726
-1,-1,,,89262.400000095,1757442054860
-1,-1,,,89399.200000048,1757442054996
-1,-1,,,89528.100000143,1757442055125
-1,-1,,,89659.5,1757442055257
-1,-1,,,89791.700000048,1757442055389
-1,-1,,,89922.800000191,1757442055520
-1,-1,,,90039.5,1757442055637
-1,-1,,,90160.100000143,1757442055757
-1,-1,,,90286.5,1757442055884
-1,-1,,,90416.400000095,1757442056014
-1,-1,,,90764.700000048,1757442056362
-1,-1,,,90875.300000191,1757442056473
-1,-1,,,90996.5,1757442056594
-1,-1,,,91116.200000048,1757442056714
-1,-1,,,91247.5,1757442056845
-1,-1,,,91357.900000095,1757442056955
-1,-1,,,91498.5,1757442057096
-1,-1,,,91625.400000095,1757442057223
-1,-1,,,91753.700000048,1757442057351
-1,-1,,,91885.800000191,1757442057483
-1,-1,,,92004.800000191,1757442057602
-1,-1,,,92119.300000191,1757442057717
-1,-1,,,92243.900000095,1757442057841
635.56,346.53,"married.",248,92359.900000095,1757442057957
546.74,388.5,"rence for privacy",298,92484.300000191,1757442058082
-1,-1,,,92675,1757442058272
-1,-1,,,92852.200000048,1757442058449
-1,-1,,,92973.600000143,1757442058570
-1,-1,,,93087.700000048,1757442058685
-1,-1,,,93218.5,1757442058815
-1,-1,,,93341,1757442058938
-1,-1,,,93478.400000095,1757442059075
457.67,370.73,"er preference for pr",290,93624.900000095,1757442059223
550.23,344.31,"married.",248,93906.200000048,1757442059503
644.98,325.27,"married.",248,94024.600000143,1757442059622
-1,-1,,,94137.400000095,1757442059734
-1,-1,,,94251.400000095,1757442059849
-1,-1,,,94377,1757442059974
-1,-1,,,94534.600000143,1757442060132
-1,-1,,,94678.200000048,1757442060275
-1,-1,,,94825.100000143,1757442060422
-1,-1,,,94946.700000048,1757442060547
-1,-1,,,95146.300000191,1757442060747
-1,-1,,,95291.700000048,1757442060889
-1,-1,,,95425.900000095,1757442061023
-1,-1,,,95574.600000143,1757442061172
-1,-1,,,95706.300000191,1757442061304
-1,-1,,,95822.100000143,1757442061419
-1,-1,,,95925.900000095,1757442061523
-1,-1,,,96043.700000048,1757442061641
-1,-1,,,96161.400000095,1757442061759
-1,-1,,,96278.400000095,1757442061876
-1,-1,,,96405,1757442062002
-1,-1,,,96516.600000143,1757442062114
-1,-1,,,96624.100000143,1757442062221
-1,-1,,,96739.900000095,1757442062337
-1,-1,,,96865.5,1757442062463
-1,-1,,,96984.200000048,1757442062581
-1,-1,,,97122.200000048,1757442062719
-1,-1,,,97247.400000095,1757442062844
-1,-1,,,97465.800000191,1757442063063
-1,-1,,,97620.300000191,1757442063217
-1,-1,,,97759.800000191,1757442063357
-1,-1,,,97900,1757442063497
-1,-1,,,98066.600000143,1757442063664
-1,-1,,,98249.700000048,1757442063847
-1,-1,,,98360.100000143,1757442063957
-1,-1,,,98496.300000191,1757442064093
-1,-1,,,98603.100000143,1757442064200
-1,-1,,,98712.600000143,1757442064309
-1,-1,,,98823.100000143,1757442064420
688.55,386.34,"r privacy",306,98917.400000095,1757442064515
-1,-1,,,99024.5,1757442064622
-1,-1,,,99131.100000143,1757442064728
-1,-1,,,99228,1757442064825
699.53,309.35,"married.",248,99327.5,1757442064925
-1,-1,,,99420.400000095,1757442065018
-1,-1,,,99541.300000191,1757442065139
-1,-1,,,99643.900000095,1757442065241
-1,-1,,,99739.100000143,1757442065336
-1,-1,,,99839.100000143,1757442065436
-1,-1,,,99937.100000143,1757442065534
700.98,324.36,"married.",248,100037,1757442065634
556.24,319.35,"married.",248,100139.5,1757442065737
536.46,316.92,"married.",248,101090.80000019,1757442066689
648.38,356.56,"married.",248,101451.80000019,1757442067049
578.62,343.78,"married.",248,102164.30000019,1757442067761
496.43,379.19,"preference for priva",293,102438.60000014,1757442068036
456.76,352.49,"married.",248,102832.30000019,1757442068430
378.93,343.36,"married.",248,103070.60000014,1757442068668
331.11,350.53,"married.",248,103270.30000019,1757442068868
283.97,378.81,"n openly about her p",274,103797.10000014,1757442069394
-1,-1,,,104019,1757442069616
-1,-1,,,104236.10000014,1757442069833
-1,-1,,,104415.30000019,1757442070012
190.36,386.23,"has spoken openly ab",265,104730.5,1757442070330
260.84,366.05,"ken openly about her",272,105115.5,1757442070714
491.25,292.93,"married.",248,105442.80000019,1757442071040
596.22,223.05,"2021, but as of",212,106110.20000005,1757442071710
-1,-1,,,106400.4000001,1757442071998
-1,-1,,,106741.30000019,1757442072339
-1,-1,,,106946.70000005,1757442072544
-1,-1,,,107132.80000019,1757442072730
-1,-1,,,107324.20000005,1757442072922
-1,-1,,,107614.20000005,1757442073211
-1,-1,,,107812.5,1757442073410
-1,-1,,,108032.30000019,1757442073630
-1,-1,,,108396.80000019,1757442073994
-1,-1,,,108811.20000005,1757442074409
640.82,322.75,"married.",248,109043.9000001,1757442074641
635.66,346.64,"married.",248,109295,1757442074892
-1,-1,,,109654,1757442075251
-1,-1,,,109894.30000019,1757442075492
-1,-1,,,110124.20000005,1757442075722
-1,-1,,,110386.30000019,1757442075983
-1,-1,,,110711.30000019,1757442076309
-1,-1,,,110897.10000014,1757442076494
-1,-1,,,111122.5,1757442076720
-1,-1,,,111355.20000005,1757442076952
-1,-1,,,111691.70000005,1757442077289
-1,-1,,,111929.70000005,1757442077531
-1,-1,,,112139.30000019,1757442077737
-1,-1,,,112385.60000014,1757442077983
-1,-1,,,112702.60000014,1757442078307
-1,-1,,,112991.4000001,1757442078589
631.67,198.62,"Meyer**.",158,113190,1757442078787
535.98,246.03,"** in 2021, but as o",207,113351.30000019,1757442078949
484.87,283.83,"Meyer** in 2021, but",202,113523.60000014,1757442079121
380.09,363.93,"about her preference",283,113737.5,1757442079335
454.5,309.53,"married.",248,113884.9000001,1757442079483
584.82,223.8,"n 2021, but as of",211,114032.9000001,1757442079630
625.94,181.19,"Meyer**.",158,114193.9000001,1757442079791
-1,-1,,,114464.70000005,1757442080062
691.19,114.59,"ding with",115,114900,1757442080499
-1,-1,,,115132.10000014,1757442080730
684.33,193.94,"Meyer**.",158,115283.10000014,1757442080881
661.98,211.3,"Meyer**.",158,115475.60000014,1757442081073
611.15,245.27,"021, but as of",214,116223.5,1757442081821
669.65,326.51,"married.",248,116554.30000019,1757442082152
-1,-1,,,116730.80000019,1757442082328
-1,-1,,,116935.70000005,1757442082533
-1,-1,,,117115.70000005,1757442082713
-1,-1,,,117307.10000014,1757442082905
-1,-1,,,117532.70000005,1757442083132
-1,-1,,,117739.20000005,1757442083337
-1,-1,,,117922.5,1757442083520
-1,-1,,,118184.70000005,1757442083782
-1,-1,,,118449,1757442084046
695.08,295.07,"dding since",399,118703.70000005,1757442084301
-1,-1,,,118933.30000019,1757442084531
558.12,310.16,"agement.",418,119117.30000019,1757442084716
518.59,335.54,"elationships?",465,119289.80000019,1757442084894
488.01,355.43,"relationships?",463,119478.4000001,1757442085076
464.49,385.06,"her relationships?",460,119665.60000014,1757442085264
585.77,325.74,"tionships?",468,119869.9000001,1757442085480
566.84,332.41,"tionships?",468,120080.10000014,1757442085677
-1,-1,,,120416.80000019,1757442086014
-1,-1,,,120645.10000014,1757442086242
-1,-1,,,120838.5,1757442086442
-1,-1,,,121085.9000001,1757442086683
-1,-1,,,121249.30000019,1757442086847
-1,-1,,,121412.30000019,1757442087010
-1,-1,,,121615.10000014,1757442087212
-1,-1,,,121777.9000001,1757442087375
-1,-1,,,121948.9000001,1757442087546
-1,-1,,,122110,1757442087708
-1,-1,,,122313.9000001,1757442087911
-1,-1,,,122503.5,1757442088116
-1,-1,,,122950.30000019,1757442088549
-1,-1,,,123107.60000014,1757442088706
-1,-1,,,123283.30000019,1757442088881
-1,-1,,,123445.70000005,1757442089043
-1,-1,,,123613.70000005,1757442089211
653.18,249.73,"wedding since",396,123759.80000019,1757442089359
653.86,286.24,"agement.",418,123908.20000005,1757442089506
675.5,215.75,"edding since",398,124045.10000014,1757442089642
-1,-1,,,124191.4000001,1757442089789
-1,-1,,,124409.9000001,1757442090007
-1,-1,,,124575.30000019,1757442090173
-1,-1,,,124738.5,1757442090336
-1,-1,,,124883,1757442090481
-1,-1,,,125047.80000019,1757442090645
665.36,217.34,"wedding since",397,125196.70000005,1757442090794
469.44,280.54,"agement.",418,125357.30000019,1757442090955
288.75,345.08,"more details on her",444,125613.5,1757442091213
172.34,380.83,"you like more detai",434,125873.9000001,1757442091471
-1,-1,,,126058.60000014,1757442091656
-1,-1,,,126227.20000005,1757442091824
-1,-1,,,126407.4000001,1757442092005
-1,-1,,,126605,1757442092202
-1,-1,,,126758.4000001,1757442092356
-1,-1,,,126902.80000019,1757442092500
-1,-1,,,127088.70000005,1757442092686
-1,-1,,,127271.5,1757442092869
-1,-1,,,127448.70000005,1757442093051
-1,-1,,,127610.4000001,1757442093208
-1,-1,,,127747.5,1757442093345
-1,-1,,,127894.80000019,1757442093492
-1,-1,,,128043.9000001,1757442093641
-1,-1,,,128181.4000001,1757442093783
6.93,386.2,"Would you",419,128336.10000014,1757442093933
-1,-1,,,128488.10000014,1757442094085
297.86,352.04,"ore details on her r",445,128635.30000019,1757442094233
463.69,247.24,"ouncements about a w",378,128786,1757442094383
716.21,213.27,"ing since",401,128937.5,1757442094535
-1,-1,,,129072.4000001,1757442094670
-1,-1,,,129195.4000001,1757442094793
-1,-1,,,129337.20000005,1757442094935
-1,-1,,,129461.5,1757442095059
-1,-1,,,129607.60000014,1757442095205
-1,-1,,,129796,1757442095398
-1,-1,,,129966.9000001,1757442095564
-1,-1,,,130093.9000001,1757442095691
-1,-1,,,130214.5,1757442095812
-1,-1,,,130337.80000019,1757442095935
-1,-1,,,130461.5,1757442096059
-1,-1,,,130658.9000001,1757442096256
-1,-1,,,131730.70000005,1757442097328
-1,-1,,,131940.9000001,1757442097540
-1,-1,,,132224.4000001,1757442097822
-1,-1,,,132429.80000019,1757442098027
-1,-1,,,132700.60000014,1757442098298
-1,-1,,,132855.20000005,1757442098452
-1,-1,,,133051.70000005,1757442098649
-1,-1,,,133205.20000005,1757442098803
-1,-1,,,133449.70000005,1757442099047
-1,-1,,,133673.60000014,1757442099271
-1,-1,,,133848.5,1757442099446
-1,-1,,,134072.5,1757442099670
-1,-1,,,134527.30000019,1757442100125
-1,-1,,,134677.9000001,1757442100275
-1,-1,,,134813.5,1757442100440
-1,-1,,,135027.70000005,1757442100625
-1,-1,,,135148.5,1757442100746
713.7,248.95,"m manager",174,135279.60000014,1757442100877
599.5,293.84,"romance.",207,135418.4000001,1757442101016
487.37,279.67,"Played *Lou*, a gym",155,135565.80000019,1757442101163
538.86,333.06,"romance.",207,135767.5,1757442101365
-1,-1,,,135937.70000005,1757442101535
-1,-1,,,136098.70000005,1757442101696
-1,-1,,,136259.5,1757442101857
-1,-1,,,136422.4000001,1757442102020
-1,-1,,,136614.5,1757442102212
-1,-1,,,136784.20000005,1757442102382
-1,-1,,,136943.10000014,1757442102541
-1,-1,,,137116.9000001,1757442102715
-1,-1,,,137265.20000005,1757442102863
-1,-1,,,137407.70000005,1757442103005
-1,-1,,,137560.9000001,1757442103158
-1,-1,,,137703.10000014,1757442103300
-1,-1,,,137967.5,1757442103566
-1,-1,,,138447.70000005,1757442104045
-1,-1,,,138719.70000005,1757442104317
-1,-1,,,139017.9000001,1757442104616
-1,-1,,,139249.60000014,1757442104847
-1,-1,,,139547.70000005,1757442105145
-1,-1,,,140302.5,1757442105905
-1,-1,,,140743.80000019,1757442106341
-1,-1,,,141091.80000019,1757442106689
-1,-1,,,141341.5,1757442106939
-1,-1,,,141601.30000019,1757442107202
664.48,103.94,"–2024)**",111,141958.80000019,1757442107556
697.49,81.22,"evision:",73,142208.70000005,1757442107806
633.97,95.75,"–2024)**",111,142428.5,1757442108026
639.02,99.22,"–2024)**",111,142673.20000005,1757442108272
689.67,114.76,"m manager",174,142925.10000014,1757442108523
-1,-1,,,143141.80000019,1757442108739
-1,-1,,,143475.10000014,1757442109073
-1,-1,,,143814.20000005,1757442109412
-1,-1,,,144029.20000005,1757442109627
715.91,84.7,"–2024)**",111,144246.70000005,1757442109844
693.71,100.15,"–2024)**",111,144459.20000005,1757442110057
-1,-1,,,144714,1757442110311
683.56,126.44,"ym manager",173,144954.5,1757442110553
-1,-1,,,145219.5,1757442110817
711.84,140.64,"romance.",207,145571.9000001,1757442111169
715.72,111.98,"romance.",207,145757.4000001,1757442111355
719.98,82.07,"romance.",207,146008.80000019,1757442111606
-1,-1,,,146389,1757442111987
-1,-1,,,146692.5,1757442112290
-1,-1,,,146919.9000001,1757442112519
-1,-1,,,147296,1757442112899
-1,-1,,,147693.10000014,1757442113291
-1,-1,,,148155.20000005,1757442113753
-1,-1,,,148343.10000014,1757442113941
-1,-1,,,148576.9000001,1757442114174
-1,-1,,,148791.9000001,1757442114389
-1,-1,,,149006.5,1757442114604
-1,-1,,,149941.80000019,1757442115539
-1,-1,,,150084.9000001,1757442115683
-1,-1,,,150719.60000014,1757442116317
-1,-1,,,150882,1757442116480
-1,-1,,,151158,1757442116756
-1,-1,,,151479.70000005,1757442117077
-1,-1,,,151658,1757442117259
-1,-1,,,151901.4000001,1757442117499
-1,-1,,,152115.9000001,1757442117714
-1,-1,,,152290.80000019,1757442117892
-1,-1,,,152454.70000005,1757442118052
-1,-1,,,152607.4000001,1757442118211
-1,-1,,,152773.9000001,1757442118377
-1,-1,,,152933.10000014,1757442118531
-1,-1,,,153113.20000005,1757442118711
-1,-1,,,153263.20000005,1757442118861
-1,-1,,,153434.60000014,1757442119032
-1,-1,,,153606.5,1757442119209
-1,-1,,,153776.60000014,1757442119375
-1,-1,,,154019.80000019,1757442119617
-1,-1,,,154212.60000014,1757442119812
-1,-1,,,154433.5,1757442120031
-1,-1,,,154720.30000019,1757442120318
-1,-1,,,154880.10000014,1757442120478
-1,-1,,,155045.20000005,1757442120643
-1,-1,,,155230.30000019,1757442120828
-1,-1,,,155383.10000014,1757442120981
-1,-1,,,155586.30000019,1757442121184
-1,-1,,,155774.60000014,1757442121372
-1,-1,,,156034.60000014,1757442121632
-1,-1,,,156202.10000014,1757442121800
-1,-1,,,156352.20000005,1757442121950
-1,-1,,,156508.60000014,1757442122107
-1,-1,,,156743.30000019,1757442122341
-1,-1,,,156901.4000001,1757442122499
-1,-1,,,157056.80000019,1757442122654
-1,-1,,,157208.4000001,1757442122807
-1,-1,,,157412.30000019,1757442123010
-1,-1,,,157594.4000001,1757442123192
-1,-1,,,157780.20000005,1757442123378
-1,-1,,,157932.10000014,1757442123529
-1,-1,,,158097.20000005,1757442123695
-1,-1,,,158257.20000005,1757442123854
-1,-1,,,158424.10000014,1757442124022
-1,-1,,,158592.80000019,1757442124191
-1,-1,,,158746.30000019,1757442124344
-1,-1,,,158907,1757442124505
-1,-1,,,159095.60000014,1757442124693
-1,-1,,,159263.60000014,1757442124861
-1,-1,,,159427.80000019,1757442125025
-1,-1,,,159648,1757442125246
-1,-1,,,159790.80000019,1757442125388
-1,-1,,,159981.60000014,1757442125579
-1,-1,,,160129.9000001,1757442125729
-1,-1,,,160304.30000019,1757442125902
-1,-1,,,160464.70000005,1757442126062
-1,-1,,,160673.9000001,1757442126272
-1,-1,,,160837.9000001,1757442126436
-1,-1,,,161069.60000014,1757442126667
-1,-1,,,161240,1757442126838
-1,-1,,,161388.80000019,1757442126987
-1,-1,,,161597.30000019,1757442127195
-1,-1,,,161842.5,1757442127440
-1,-1,,,161995.20000005,1757442127593
-1,-1,,,162147.5,1757442127745
-1,-1,,,162392.20000005,1757442127990
-1,-1,,,162556.70000005,1757442128154
-1,-1,,,162774.10000014,1757442128372
-1,-1,,,162926.9000001,1757442128524
-1,-1,,,163142.80000019,1757442128740
-1,-1,,,163357.20000005,1757442128955
-1,-1,,,163624,1757442129222
-1,-1,,,163771.10000014,1757442129369
-1,-1,,,163893.10000014,1757442129491
-1,-1,,,164055.60000014,1757442129653
-1,-1,,,164243.70000005,1757442129841
-1,-1,,,164414.20000005,1757442130013
-1,-1,,,164623.4000001,1757442130221
-1,-1,,,164854.30000019,1757442130452
-1,-1,,,165035.9000001,1757442130633
-1,-1,,,165226.60000014,1757442130824
-1,-1,,,165397.10000014,1757442130994
-1,-1,,,165589.5,1757442131186
-1,-1,,,165802.60000014,1757442131400
-1,-1,,,166026.70000005,1757442131625
-1,-1,,,166176,1757442131773
-1,-1,,,166342.9000001,1757442131944
-1,-1,,,166496.30000019,1757442132094
-1,-1,,,166759.10000014,1757442132357
-1,-1,,,166892.80000019,1757442132490
-1,-1,,,167033.9000001,1757442132631
-1,-1,,,167205.5,1757442132803
-1,-1,,,167374.9000001,1757442132972
-1,-1,,,167518.80000019,1757442133116
-1,-1,,,167756,1757442133355
-1,-1,,,168074,1757442133672
-1,-1,,,168424,1757442134030
-1,-1,,,168568.30000019,1757442134170
-1,-1,,,168806.60000014,1757442134404
-1,-1,,,168957,1757442134559
-1,-1,,,169080.60000014,1757442134678
-1,-1,,,169251.10000014,1757442134849
-1,-1,,,169445.70000005,1757442135044
-1,-1,,,169698.4000001,1757442135296
-1,-1,,,170236.9000001,1757442135835
-1,-1,,,170390,1757442135991
-1,-1,,,170659.10000014,1757442136257
-1,-1,,,171033,1757442136635
-1,-1,,,171272.10000014,1757442136872
-1,-1,,,171451.70000005,1757442137049
-1,-1,,,171621.4000001,1757442137219
-1,-1,,,171772.10000014,1757442137373
-1,-1,,,171924.30000019,1757442137522
-1,-1,,,172062.60000014,1757442137660
-1,-1,,,172212.30000019,1757442137810
-1,-1,,,172369.4000001,1757442137967
-1,-1,,,172507.9000001,1757442138105
-1,-1,,,172762.5,1757442138360
-1,-1,,,172882.60000014,1757442138480
-1,-1,,,173003,1757442138600
-1,-1,,,173181.9000001,1757442138779
-1,-1,,,173375.4000001,1757442138973
-1,-1,,,173641,1757442139239
-1,-1,,,174305.20000005,1757442139903
-1,-1,,,175093.30000019,1757442140691
-1,-1,,,175614.10000014,1757442141212
-1,-1,,,176093.10000014,1757442141692
-1,-1,,,176366.60000014,1757442141964
-1,-1,,,176858,1757442142456
-1,-1,,,177046.80000019,1757442142655
-1,-1,,,177356.5,1757442142954
-1,-1,,,177694.70000005,1757442143292
-1,-1,,,178059.10000014,1757442143656
-1,-1,,,178503.30000019,1757442144101
-1,-1,,,178792.4000001,1757442144390
-1,-1,,,179035.80000019,1757442144633
-1,-1,,,179223,1757442144821
-1,-1,,,181728.9000001,1757442147340
-1,-1,,,182159.20000005,1757442147756
-1,-1,,,182469.10000014,1757442148069
-1,-1,,,182692.80000019,1757442148290
-1,-1,,,182861,1757442148463
-1,-1,,,183071.20000005,1757442148668
-1,-1,,,183222.4000001,1757442148820
-1,-1,,,183417.20000005,1757442149020
-1,-1,,,183603.10000014,1757442149200
-1,-1,,,183868.30000019,1757442149466
-1,-1,,,184136.30000019,1757442149734
-1,-1,,,184356.4000001,1757442149954
-1,-1,,,184548.9000001,1757442150146
-1,-1,,,184740.20000005,1757442150338
-1,-1,,,184913.70000005,1757442150511
-1,-1,,,185107.5,1757442150705
-1,-1,,,185300.5,1757442150898
-1,-1,,,185485.60000014,1757442151083
-1,-1,,,185702.20000005,1757442151299
-1,-1,,,185968.20000005,1757442151565
-1,-1,,,186171.70000005,1757442151769
-1,-1,,,186397.5,1757442151994
-1,-1,,,186615.5,1757442152212
-1,-1,,,186823,1757442152420
-1,-1,,,187029,1757442152637
-1,-1,,,187219.60000014,1757442152817
-1,-1,,,187438.4000001,1757442153036
-1,-1,,,187664.10000014,1757442153261
-1,-1,,,187867.9000001,1757442153465
-1,-1,,,188068.30000019,1757442153665
-1,-1,,,188227.5,1757442153824
-1,-1,,,188431.5,1757442154028
-1,-1,,,188662,1757442154259
-1,-1,,,188871.5,1757442154468
-1,-1,,,189609.30000019,1757442155206
-1,-1,,,190016.5,1757442155613
-1,-1,,,190230.70000005,1757442155828
-1,-1,,,190476.80000019,1757442156074
-1,-1,,,190686.60000014,1757442156283
-1,-1,,,190869.20000005,1757442156466
-1,-1,,,191139.4000001,1757442156736
-1,-1,,,191310.10000014,1757442156907
-1,-1,,,191533.80000019,1757442157131
-1,-1,,,191729.20000005,1757442157326
-1,-1,,,191890.80000019,1757442157488
-1,-1,,,192115.70000005,1757442157713
-1,-1,,,192298.80000019,1757442157896
-1,-1,,,192474.10000014,1757442158071
-1,-1,,,192679.10000014,1757442158276
-1,-1,,,192857.5,1757442158454
-1,-1,,,193031.80000019,1757442158629
-1,-1,,,193257.5,1757442158854
-1,-1,,,193440.20000005,1757442159037
-1,-1,,,193597.10000014,1757442159194
-1,-1,,,193789.70000005,1757442159387
-1,-1,,,194111.80000019,1757442159709
-1,-1,,,194289,1757442159886
-1,-1,,,194438.20000005,1757442160035
-1,-1,,,194607.5,1757442160205
-1,-1,,,194805.80000019,1757442160403
-1,-1,,,195011.5,1757442160609
-1,-1,,,195312.20000005,1757442160909
-1,-1,,,195626.60000014,1757442161223
-1,-1,,,195975.80000019,1757442161573
-1,-1,,,196356.80000019,1757442161954
-1,-1,,,196596.4000001,1757442162193
-1,-1,,,196813,1757442162410
-1,-1,,,197077.9000001,1757442162675
-1,-1,,,197268.80000019,1757442162866
-1,-1,,,197427.20000005,1757442163024
-1,-1,,,197602.5,1757442163200
-1,-1,,,197786.10000014,1757442163383
-1,-1,,,197972.30000019,1757442163569
-1,-1,,,198107,1757442163704
-1,-1,,,198260.30000019,1757442163858
-1,-1,,,198424.60000014,1757442164022
-1,-1,,,198717.80000019,1757442164315
-1,-1,,,198973.60000014,1757442164571
673.87,336.85,"ific role?",960,199578.20000005,1757442165178
710.66,279.61,"memoir.",915,199902.70000005,1757442165500
653.95,262.43,"memoir.",915,200418.80000019,1757442166016
627.75,179,"1973 film.",801,200618.10000014,1757442166215
543.1,199.22,"irecting and starrin",853,200838.5,1757442166436
595.35,227.38,"ting and starring in",857,201202.9000001,1757442166805
-1,-1,,,201449.10000014,1757442167046
-1,-1,,,201765.10000014,1757442167363
703.74,72.88,"ojects**",744,201922.30000019,1757442167520
707.89,60.52,"ojects**",744,202108.80000019,1757442167709
523.11,50.54,"ojects**",744,202298.30000019,1757442167895
624.5,44.09,"ojects**",744,202462.9000001,1757442168060
643.6,7.56,"earcher.",716,202750.10000014,1757442168347
592.7,4.99,"earcher.",716,202968.5,1757442168566
658.02,2.11,"earcher.",716,203395.30000019,1757442168993
675.61,12.58,"earcher.",716,203605.20000005,1757442169202
626.49,82.35,"ojects**",744,203747.5,1757442169345
674.04,72.85,"ojects**",744,204166.5,1757442169764
-1,-1,,,204328.4000001,1757442169925
-1,-1,,,204476.10000014,1757442170073
-1,-1,,,204622.5,1757442170220
-1,-1,,,204759.4000001,1757442170357
686.4,125.91,"73 film.",803,204912.5,1757442170510
648.56,155.66,"73 film.",803,205265.20000005,1757442170862
529.48,151.01,"e of the 1973 film.",792,205608.70000005,1757442171206
489.57,151.03,"make of the 1973 fil",789,205745.20000005,1757442171343
428.8,170.47,"– A remake of the 19",783,205879.80000019,1757442171477
378.57,163.38,"BA) – A remake of th",779,206051.4000001,1757442171650
367.7,162.33,"TBA) – A remake of t",778,206180.5,1757442171778
316.29,178.73,"h** (TBA) – A remake",773,206310.80000019,1757442171908
445.66,195.18,"(TBA) – Directing an",844,206466.70000005,1757442172064
568.35,192.91,"ecting and starring",855,206610.9000001,1757442172208
636.27,138.19,"973 film.",802,206735,1757442172332
659.59,123.6,"73 film.",803,206866.80000019,1757442172464
646.9,81.63,"ojects**",744,207063.60000014,1757442172661
633.1,41.97,"ojects**",744,207188.70000005,1757442172786
606.09,63.01,"ojects**",744,207327.9000001,1757442172925
574.61,89.06,"ojects**",744,207444.10000014,1757442173041
624.52,96.77,"ojects**",744,207590.10000014,1757442173188
608.12,129.39,"e 1973 film.",799,207715.70000005,1757442173313
613.28,111.28,"1973 film.",800,207863.4000001,1757442173461
614.67,81.39,"ojects**",744,208098.5,1757442173696
623.54,85.29,"ojects**",744,208319,1757442173916
655.04,53.78,"ojects**",744,208515.9000001,1757442174113
668.78,31.81,"earcher.",716,208635.20000005,1757442174235
-1,-1,,,208743.4000001,1757442174340
712.4,64.7,"ojects**",744,209149.70000005,1757442174747
-1,-1,,,209654.20000005,1757442175251
-1,-1,,,209889.9000001,1757442175487
-1,-1,,,210158.70000005,1757442175756
-1,-1,,,210295.70000005,1757442175893
694.36,47.39,"ojects**",744,210444.70000005,1757442176042
636.37,9.81,"earcher.",716,210607.60000014,1757442176205
604.07,41.29,"ojects**",744,210823.4000001,1757442176421
627.53,68.23,"ojects**",744,210999.60000014,1757442176597
654.79,113.72,"73 film.",803,211293.80000019,1757442176891
703.75,201.2,"tarring in",867,211532.60000014,1757442177133
682.36,217.66,"starring in",865,211778.80000019,1757442177377
644.25,194.94,"and starring in",862,212007.5,1757442177605
663.82,210.21,"d starring in",864,212195.10000014,1757442177793
701.96,165.32,"73 film.",803,212423,1757442178021
655.73,176.06,"73 film.",803,212646.20000005,1757442178244
686.84,174.12,"73 film.",803,212838.4000001,1757442178436
703.67,168.37,"73 film.",803,213068.80000019,1757442178666
683.7,141.46,"73 film.",803,213247.4000001,1757442178853
670.17,116.9,"73 film.",803,213423.80000019,1757442179021
627.7,96.94,"ojects**",744,213638,1757442179235
663.74,61.66,"ojects**",744,213802.4000001,1757442179400
655.18,58.9,"ojects**",744,214199.70000005,1757442179797
600.4,134.76,"e 1973 film.",799,214455.5,1757442180053
620.28,105.36,"ojects**",744,214828.30000019,1757442180426
639.89,92.08,"ojects**",744,215043.80000019,1757442180641
622.11,120,"1973 film.",801,215254.30000019,1757442180854
572.92,120.59,"the 1973 film.",796,215440.80000019,1757442181039
451.74,98.72,"ojects**",744,215660.20000005,1757442181258
513.02,55.93,"ojects**",744,216010.30000019,1757442181608
693.57,49.4,"ojects**",744,216607.10000014,1757442182205
-1,-1,,,217031.4000001,1757442182629
-1,-1,,,217426.60000014,1757442183024
-1,-1,,,218038.60000014,1757442183647
-1,-1,,,218475.10000014,1757442184073
-1,-1,,,218697.5,1757442184295
691.43,67.78,"ojects**",744,218885.20000005,1757442184483
554.23,66.97,"ojects**",744,219503.10000014,1757442185100
537.56,83.95,"ojects**",744,219750,1757442185348
491.05,108.98,"ojects**",744,220065.70000005,1757442185663
694.92,61.51,"ojects**",744,220556.20000005,1757442186159
662.44,88.89,"ojects**",744,220851.30000019,1757442186449
-1,-1,,,221436,1757442187034
-1,-1,,,221681.9000001,1757442187280
-1,-1,,,221828.70000005,1757442187426
-1,-1,,,222029.20000005,1757442187627
-1,-1,,,222162.70000005,1757442187760
-1,-1,,,222293.9000001,1757442187892
-1,-1,,,222432.9000001,1757442188030
-1,-1,,,222581.60000014,1757442188179
694.06,94.3,"ojects**",744,222737.30000019,1757442188334
713.05,114.4,"73 film.",803,222888.20000005,1757442188485
-1,-1,,,223136.20000005,1757442188734
-1,-1,,,223304.9000001,1757442188905
-1,-1,,,223441.60000014,1757442189039
-1,-1,,,223579.60000014,1757442189177
-1,-1,,,223715.20000005,1757442189312
-1,-1,,,223919,1757442189516
-1,-1,,,226278.80000019,1757442191876
-1,-1,,,226446.70000005,1757442192044
-1,-1,,,226579.20000005,1757442192176
-1,-1,,,226700.60000014,1757442192298
631.24,130.33,"973 film.",802,226834.80000019,1757442192435
708.23,130.82,"73 film.",803,226960.20000005,1757442192557
-1,-1,,,227142.70000005,1757442192740
-1,-1,,,227267.30000019,1757442192864
-1,-1,,,227389.60000014,1757442192987
-1,-1,,,227504.30000019,1757442193101
-1,-1,,,227614.9000001,1757442193212
-1,-1,,,227728.5,1757442193326
-1,-1,,,227855.60000014,1757442193453
-1,-1,,,227995,1757442193592
-1,-1,,,228138.60000014,1757442193736
-1,-1,,,228270.80000019,1757442193868
-1,-1,,,228395.4000001,1757442193992
-1,-1,,,228636.4000001,1757442194233
-1,-1,,,228856.80000019,1757442194455
-1,-1,,,229114.9000001,1757442194712
-1,-1,,,229281,1757442194878
-1,-1,,,229455.70000005,1757442195053
647.15,54.61,"ojects**",744,229597,1757442195194
664.59,86.06,"ojects**",744,229742.4000001,1757442195340
681.13,57.06,"ojects**",744,229886.80000019,1757442195484
592.66,94.28,"ojects**",744,230043.4000001,1757442195641
576.98,85.09,"ojects**",744,230185.70000005,1757442195783
567.03,66.52,"ojects**",744,230320.30000019,1757442195919
644.16,58.35,"ojects**",744,230454.10000014,1757442196052
-1,-1,,,230608.20000005,1757442196205
618.09,46.59,"ojects**",744,230759.30000019,1757442196357
-1,-1,,,230903.10000014,1757442196500
-1,-1,,,231053.4000001,1757442196651
-1,-1,,,231242,1757442196839
-1,-1,,,231446.10000014,1757442197043
-1,-1,,,231641.80000019,1757442197239
-1,-1,,,231800.10000014,1757442197398
-1,-1,,,231969.10000014,1757442197567
-1,-1,,,232125,1757442197722
-1,-1,,,232271.80000019,1757442197869
-1,-1,,,232421.70000005,1757442198019
-1,-1,,,232659.70000005,1757442198257
-1,-1,,,232818.30000019,1757442198416
-1,-1,,,232967.4000001,1757442198565
-1,-1,,,233126.80000019,1757442198724
706.93,77.46,"ojects**",744,233276.4000001,1757442198874
656.08,115.91,"73 film.",803,233434,1757442199031
603.4,136.12,"e 1973 film.",799,233599.20000005,1757442199199
-1,-1,,,233758.30000019,1757442199356
-1,-1,,,233898.30000019,1757442199496
-1,-1,,,234055.10000014,1757442199652
-1,-1,,,234208.80000019,1757442199807
-1,-1,,,234349.60000014,1757442199946
674.55,174.52,"73 film.",803,234488.60000014,1757442200086
660.04,143.15,"73 film.",803,234638.80000019,1757442200236
499.81,140.62,"ake of the 1973 film",790,234805.9000001,1757442200403
531.07,129.82,"e of the 1973 film.",792,234953.80000019,1757442200551
672.33,130.97,"73 film.",803,235116.30000019,1757442200714
-1,-1,,,235258.30000019,1757442200855
-1,-1,,,235405.4000001,1757442201003
658.47,136.86,"73 film.",803,235550.10000014,1757442201147
-1,-1,,,235721.9000001,1757442201319
-1,-1,,,235924.9000001,1757442201522
-1,-1,,,236215,1757442201813
-1,-1,,,236366.10000014,1757442201963
713.91,73.53,"ojects**",744,236512.60000014,1757442202110
591.77,89.48,"ojects**",744,236664.60000014,1757442202263
648.39,62.96,"ojects**",744,236814.10000014,1757442202411
491.79,70.16,"ojects**",744,236979.10000014,1757442202576
481.88,70.65,"ojects**",744,237163.30000019,1757442202761
464.12,58.96,"ojects**",744,237313.30000019,1757442202911
471.79,101.79,"ojects**",744,237470,1757442203067
594.85,38.55,"earcher.",716,237615.5,1757442203213
657.87,41.94,"ojects**",744,237780.70000005,1757442203378
-1,-1,,,237934.9000001,1757442203532
-1,-1,,,238135,1757442203733
-1,-1,,,238280.4000001,1757442203877
-1,-1,,,238433,1757442204030
-1,-1,,,238646,1757442204243
-1,-1,,,238830.20000005,1757442204427
-1,-1,,,239184.9000001,1757442204782
-1,-1,,,239327.10000014,1757442204924
-1,-1,,,239463,1757442205090
-1,-1,,,239636.5,1757442205233
226.84,89.59,"t* (2022) – A time-t",792,239777.10000014,1757442205375
266.24,76.36,"vitch** is a **memoi",23,239935.20000005,1757442205533
276.51,51.81,"itch** is a **memoir",24,240111.9000001,1757442205709
321.98,61.33,"** is a **memoirist,",28,240235.4000001,1757442205833
413.57,38.11,"*memoirist, novelist",37,240384.10000014,1757442205982
461.49,59.52,"oirist, novelist, an",41,240629.30000019,1757442206227
-1,-1,,,240804.5,1757442206403
-1,-1,,,241206.70000005,1757442206804
-1,-1,,,241432.10000014,1757442207030
-1,-1,,,241602.80000019,1757442207203
-1,-1,,,241851.4000001,1757442207449
-1,-1,,,242158.9000001,1757442207756
-1,-1,,,242398.80000019,1757442207996
-1,-1,,,242584.9000001,1757442208182
-1,-1,,,242792.10000014,1757442208389
-1,-1,,,243025.10000014,1757442208622
-1,-1,,,243385.20000005,1757442208985
629.78,88.65,"f trauma,",117,243567.9000001,1757442209167
700.76,83.02,"f trauma,",117,243871.4000001,1757442209469
691.48,93.7,"f trauma,",117,244589.4000001,1757442210187
-1,-1,,,244856,1757442210453
-1,-1,,,245257.80000019,1757442210856
-1,-1,,,245529.70000005,1757442211128
-1,-1,,,245857.80000019,1757442211455
-1,-1,,,247393,1757442212991
-1,-1,,,248322.30000019,1757442213920
-1,-1,,,248721.4000001,1757442214319
674.42,60.85,"ptation:",250,249012.10000014,1757442214610
-1,-1,,,249285.30000019,1757442214883
680.56,112.92,"avitch**",283,249585.30000019,1757442215217
610.38,105.62,"avitch**",283,249905.9000001,1757442215503
-1,-1,,,250164.60000014,1757442215762
-1,-1,,,250493,1757442216090
-1,-1,,,250918.10000014,1757442216522
-1,-1,,,251288.30000019,1757442216886
-1,-1,,,251525.5,1757442217123
-1,-1,,,251817.60000014,1757442217415
-1,-1,,,252167.60000014,1757442217765
-1,-1,,,252358.5,1757442217956
-1,-1,,,252697.60000014,1757442218295
-1,-1,,,253142.30000019,1757442218744
-1,-1,,,253352.10000014,1757442218949
-1,-1,,,253624.80000019,1757442219226
-1,-1,,,253888.80000019,1757442219486
690.11,86.51,"fiction.",537,254354.80000019,1757442219952
-1,-1,,,254930.20000005,1757442220528
-1,-1,,,255278.4000001,1757442220876
-1,-1,,,255554,1757442221151
-1,-1,,,255838,1757442221435
-1,-1,,,256130.60000014,1757442221728
-1,-1,,,256451.30000019,1757442222049
-1,-1,,,256752.20000005,1757442222350
-1,-1,,,257120.30000019,1757442222718
-1,-1,,,257409.30000019,1757442223007
-1,-1,,,257700.30000019,1757442223298
-1,-1,,,258059.20000005,1757442223657
-1,-1,,,258346.30000019,1757442223944
-1,-1,,,258639.80000019,1757442224237
-1,-1,,,259542.5,1757442225140
720.5,24.23,"emption.",697,259944.20000005,1757442225542
691.67,67.98,"ing of Joan",760,260348,1757442225946
635.67,83.14,"st epic.",827,260634.30000019,1757442226232
596.8,100.2,"nist epic.",825,260809.30000019,1757442226407
653.72,99.13,"and deeply",887,261027.9000001,1757442226626
644.42,83.02,"st epic.",827,261426.60000014,1757442227024
671.12,75.49,"nd deeply",888,261679.30000019,1757442227277
697.43,59.71,"nd deeply",888,261910.4000001,1757442227509
-1,-1,,,262194.20000005,1757442227792
-1,-1,,,262396.30000019,1757442227995
-1,-1,,,262598.30000019,1757442228196
-1,-1,,,262809.80000019,1757442228409
-1,-1,,,263062.10000014,1757442228661
-1,-1,,,263291.80000019,1757442228889
676.81,130.23,"Water*.",1097,263524.70000005,1757442229122
597.06,109.31,"Water*.",1097,263737.70000005,1757442229335
654.09,64.44,"idia in the",1051,263964.5,1757442229565
717.78,33.7,"Water*.",1097,264163.30000019,1757442229761
681.62,2.94,"ia in the",1053,264319.80000019,1757442229917
713.44,3.46,"ia in the",1053,264486.9000001,1757442230085
-1,-1,,,264705.20000005,1757442230303
-1,-1,,,264903.5,1757442230501
722.37,13.47,"Water*.",1097,265103.10000014,1757442230701
-1,-1,,,265263.60000014,1757442230863
720.93,70.29,"Water*.",1097,265440.70000005,1757442231038
-1,-1,,,265613.4000001,1757442231218
-1,-1,,,265868.20000005,1757442231466
-1,-1,,,266112.80000019,1757442231716
710.12,65.5,"ritten."",1254,266271.4000001,1757442231869
709.8,49.6,"ritten."",1254,266441.9000001,1757442232040
711.56,55.54,"ritten."",1254,266618.20000005,1757442232217
-1,-1,,,266786,1757442232384
-1,-1,,,267008.60000014,1757442232606
699.76,46.44,"cking and",1218,267236.9000001,1757442232835
699.09,59.81,"ritten."",1254,267421.60000014,1757442233019
596.36,37.7,"shocking and",1215,267606.30000019,1757442233204
635.8,55.86,"ritten."",1254,267772.80000019,1757442233371
650.91,34.85,"ritten."",1254,267985.30000019,1757442233583
712.1,31.51,"d, poetic",1314,268224.30000019,1757442233822
-1,-1,,,268382.60000014,1757442233980
704.3,7.56,"d, poetic",1314,268549.4000001,1757442234147
710.98,62,"imental**",1376,268775.20000005,1757442234373
627.7,23.19,"*experimental**",1370,269024,1757442234622
-1,-1,,,269288,1757442234886
-1,-1,,,269448.20000005,1757442235045
-1,-1,,,269604.80000019,1757442235202
-1,-1,,,269782.9000001,1757442235380
-1,-1,,,269940.70000005,1757442235538
-1,-1,,,270168.70000005,1757442235766
-1,-1,,,270352.4000001,1757442235950
-1,-1,,,270724.5,1757442236322
-1,-1,,,270923.4000001,1757442236526
-1,-1,,,271249.70000005,1757442236849
701.13,96.74,"atters**",1547,271435.4000001,1757442237033
-1,-1,,,271729.4000001,1757442237327
640.85,86.19,"atters**",1547,271906.30000019,1757442237504
-1,-1,,,272201.9000001,1757442237799
-1,-1,,,272367.80000019,1757442237965
719.71,7.22,"script.",1520,272533.60000014,1757442238132
-1,-1,,,272697.30000019,1757442238295
-1,-1,,,272884.60000014,1757442238482
-1,-1,,,273230.4000001,1757442238828
-1,-1,,,273386.80000019,1757442238984
-1,-1,,,273570.80000019,1757442239168
-1,-1,,,273729.20000005,1757442239327
-1,-1,,,274184.60000014,1757442239783
-1,-1,,,274784,1757442240382
-1,-1,,,275102.30000019,1757442240700
-1,-1,,,275414.80000019,1757442241012
-1,-1,,,275573.60000014,1757442241171
-1,-1,,,275726.9000001,1757442241324
-1,-1,,,276034.4000001,1757442241632
-1,-1,,,276247.5,1757442241845
-1,-1,,,276432.9000001,1757442242030
-1,-1,,,276724.9000001,1757442242322
-1,-1,,,276910.20000005,1757442242508
-1,-1,,,277194.5,1757442242793
-1,-1,,,277399.70000005,1757442242997
-1,-1,,,277611.4000001,1757442243209
-1,-1,,,277920.80000019,1757442243518
-1,-1,,,278226.70000005,1757442243824
-1,-1,,,278423.10000014,1757442244021
-1,-1,,,278600.10000014,1757442244201
-1,-1,,,278744.10000014,1757442244342
-1,-1,,,279159.30000019,1757442244757
-1,-1,,,279411.80000019,1757442245009
-1,-1,,,279573.70000005,1757442245172
-1,-1,,,279780.20000005,1757442245378
-1,-1,,,279974.80000019,1757442245572
-1,-1,,,280228.20000005,1757442245826
-1,-1,,,280404.20000005,1757442246001
-1,-1,,,280589.30000019,1757442246188
-1,-1,,,280772.5,1757442246370
-1,-1,,,281536.4000001,1757442247134
-1,-1,,,281956.10000014,1757442247567
-1,-1,,,282357.20000005,1757442247955
-1,-1,,,282707.10000014,1757442248305
-1,-1,,,283146.30000019,1757442248749
-1,-1,,,283542.20000005,1757442249142
-1,-1,,,283738,1757442249335
-1,-1,,,284074.30000019,1757442249672
-1,-1,,,284284.80000019,1757442249882
-1,-1,,,284438.70000005,1757442250036
-1,-1,,,284641.9000001,1757442250240
-1,-1,,,285168.60000014,1757442250766
-1,-1,,,285373.30000019,1757442250971
-1,-1,,,285576.9000001,1757442251178
-1,-1,,,285756.30000019,1757442251355
-1,-1,,,285976.5,1757442251577
-1,-1,,,286389.70000005,1757442251988
-1,-1,,,286590.30000019,1757442252189
-1,-1,,,286804.30000019,1757442252403
-1,-1,,,287051.80000019,1757442252649
-1,-1,,,287273.60000014,1757442252871
-1,-1,,,287456.4000001,1757442253054
-1,-1,,,287674.4000001,1757442253272
-1,-1,,,287867.80000019,1757442253467
-1,-1,,,288071.70000005,1757442253669
-1,-1,,,288347.60000014,1757442253945
-1,-1,,,288565.10000014,1757442254162
-1,-1,,,288854.10000014,1757442254451
-1,-1,,,289099.9000001,1757442254697
-1,-1,,,289529.30000019,1757442255126
-1,-1,,,289816.20000005,1757442255413
-1,-1,,,290014.4000001,1757442255611
-1,-1,,,290233.60000014,1757442255830
-1,-1,,,290460.10000014,1757442256057
-1,-1,,,290695.30000019,1757442256292
-1,-1,,,291180.70000005,1757442256778
-1,-1,,,291410.20000005,1757442257007
-1,-1,,,291627,1757442257224
-1,-1,,,291824.5,1757442257421
-1,-1,,,292079.70000005,1757442257677
-1,-1,,,292320.70000005,1757442257920
-1,-1,,,292533.60000014,1757442258131
-1,-1,,,292930.10000014,1757442258527
-1,-1,,,293326.10000014,1757442258923
-1,-1,,,293559.20000005,1757442259156
-1,-1,,,293800.4000001,1757442259397
-1,-1,,,294112.10000014,1757442259709
-1,-1,,,294408.20000005,1757442260005
-1,-1,,,294665.9000001,1757442260263
