-1,-1,,,12539.400000095,1757441978157
-1,-1,,,13949.900000095,1757441979548
-1,-1,,,14172,1757441979770
-1,-1,,,14722.900000095,1757441980320
-1,-1,,,14970.300000191,1757441980568
-1,-1,,,15165.100000143,1757441980763
-1,-1,,,15436.700000048,1757441981034
-1,-1,,,15603.600000143,1757441981201
-1,-1,,,15782.600000143,1757441981380
-1,-1,,,15919,1757441981516
-1,-1,,,16085.100000143,1757441981682
-1,-1,,,16318.700000048,1757441981929
-1,-1,,,16614.5,1757441982211
-1,-1,,,16765.800000191,1757441982363
-1,-1,,,17115.300000191,1757441982712
-1,-1,,,17383.300000191,1757441982981
-1,-1,,,17609.700000048,1757441983207
-1,-1,,,17847.700000048,1757441983445
-1,-1,,,18012.900000095,1757441983610
-1,-1,,,18202.400000095,1757441983800
-1,-1,,,18502.5,1757441984100
-1,-1,,,18785.400000095,1757441984383
-1,-1,,,19030.100000143,1757441984627
-1,-1,,,19432.300000191,1757441985044
-1,-1,,,19887.100000143,1757441985484
-1,-1,,,20345.200000048,1757441985943
-1,-1,,,20483.800000191,1757441986081
-1,-1,,,20623.400000095,1757441986221
-1,-1,,,20762.200000048,1757441986359
-1,-1,,,20946.300000191,1757441986544
-1,-1,,,21128.600000143,1757441986727
-1,-1,,,21346.300000191,1757441986944
-1,-1,,,21515.300000191,1757441987113
-1,-1,,,21647.800000191,1757441987245
-1,-1,,,21839.900000095,1757441987437
-1,-1,,,22189.400000095,1757441987787
-1,-1,,,22333.200000048,1757441987930
-1,-1,,,22449.300000191,1757441988047
-1,-1,,,22658.400000095,1757441988256
-1,-1,,,22833.100000143,1757441988430
-1,-1,,,22963.600000143,1757441988561
-1,-1,,,23155.100000143,1757441988752
-1,-1,,,23358.400000095,1757441988957
-1,-1,,,23495,1757441989092
-1,-1,,,23666.200000048,1757441989263
-1,-1,,,23856.600000143,1757441989454
-1,-1,,,24116.300000191,1757441989716
-1,-1,,,24309.700000048,1757441989907
-1,-1,,,24463.900000095,1757441990061
-1,-1,,,24609.800000191,1757441990207
-1,-1,,,24818.100000143,1757441990415
-1,-1,,,25241.800000191,1757441990839
-1,-1,,,25455.400000095,1757441991053
-1,-1,,,25837.200000048,1757441991434
-1,-1,,,26047.800000191,1757441991649
-1,-1,,,26405.200000048,1757441992003
-1,-1,,,26754.900000095,1757441992352
-1,-1,,,27169.400000095,1757441992766
-1,-1,,,27956.300000191,1757441993553
-1,-1,,,28456.200000048,1757441994053
-1,-1,,,29189.900000095,1757441994787
48.61,17.63,"After you type",4,29707.600000143,1757441995313
118.12,8.42,"After you type your",10,30372.600000143,1757441995970
-1,-1,,,30575.600000143,1757441996173
-1,-1,,,31007.600000143,1757441996604
121.43,42.57,"After you type your",10,31187.300000191,1757441996785
-1,-1,,,31419.200000048,1757441997016
-1,-1,,,31633.600000143,1757441997231
-1,-1,,,31819.5,1757441997417
-1,-1,,,32022.200000048,1757441997621
-1,-1,,,32249,1757441997846
76.22,43.01,"After you type y",6,32421.300000191,1757441998019
-1,-1,,,32588.400000095,1757441998185
-1,-1,,,32741.5,1757441998344
-1,-1,,,32924.100000143,1757441998521
47.16,0,"After you typ",3,33120.600000143,1757441998719
50.93,23,"After you type",4,33318,1757441998915
45.85,75.42,"After you typ",3,33502.200000048,1757441999099
64.89,56.64,"After you type",5,33703.800000191,1757441999301
56.65,77.79,"After you type",4,33917.700000048,1757441999515
2.67,72.38,"After you",0,34064.800000191,1757441999662
-1,-1,,,34198,1757441999795
-1,-1,,,34495.100000143,1757442000092
-1,-1,,,34816.700000048,1757442000414
-1,-1,,,34967.900000095,1757442000565
-1,-1,,,35116,1757442000713
-1,-1,,,35292.800000191,1757442000890
-1,-1,,,35454.300000191,1757442001052
-1,-1,,,35619.300000191,1757442001217
-1,-1,,,35831.5,1757442001429
-1,-1,,,35991.700000048,1757442001589
-1,-1,,,36144.5,1757442001742
-1,-1,,,36302.900000095,1757442001900
-1,-1,,,36462.100000143,1757442002059
-1,-1,,,36617.900000095,1757442002215
-1,-1,,,36796.300000191,1757442002394
-1,-1,,,36942,1757442002540
-1,-1,,,37084.400000095,1757442002682
-1,-1,,,37229.900000095,1757442002827
-1,-1,,,37364.800000191,1757442002962
-1,-1,,,37495.300000191,1757442003093
23.6,3.52,"After you t",1,37668.400000095,1757442003266
100.02,7.93,"After you type you",8,37799.200000048,1757442003396
101.83,36.13,"After you type you",8,40376.100000143,1757442005973
-1,-1,,,40538.600000143,1757442006146
-1,-1,,,40707.800000191,1757442006305
-1,-1,,,40842.5,1757442006440
-1,-1,,,40966.300000191,1757442006567
-1,-1,,,41093.5,1757442006691
-1,-1,,,41216.400000095,1757442006819
-1,-1,,,41398,1757442006995
-1,-1,,,41589.300000191,1757442007186
-1,-1,,,41790.300000191,1757442007389
-1,-1,,,41964.800000191,1757442007562
-1,-1,,,42090.200000048,1757442007688
-1,-1,,,42248.300000191,1757442007846
-1,-1,,,42423.400000095,1757442008021
58.6,309.91,"her co-star fro",220,42656.300000191,1757442008254
129.28,280.64,"She was previously",164,42994.300000191,1757442008592
232.5,265.1,"previously in a rela",173,43318.100000143,1757442008916
234.48,253.03,"previously in a rela",173,43614.200000048,1757442009216
222.01,265.77,"previously in a rel",172,43804,1757442009402
189.06,270.07,"was previously in a",169,44017.400000095,1757442009615
135.04,227.83,"She was previously",164,44176.700000048,1757442009774
84.78,216.76,"high-profile rela",132,44393.5,1757442009991
0.64,217.93,"n several",125,44584.800000191,1757442010183
24.95,209.87,"high-profil",126,44785.5,1757442010383
43.79,217.34,"high-profile",128,44988.5,1757442010586
43.05,196.89,"high-profile",128,45144.200000048,1757442010742
-1,-1,,,45306.200000048,1757442010904
-1,-1,,,45554.700000048,1757442011152
-1,-1,,,45764.600000143,1757442011362
-1,-1,,,46017.200000048,1757442011615
-1,-1,,,46258.300000191,1757442011856
-1,-1,,,46619.600000143,1757442012217
-1,-1,,,46815.5,1757442012413
-1,-1,,,47008.700000048,1757442012607
-1,-1,,,47187.800000191,1757442012785
-1,-1,,,47418.5,1757442013017
-1,-1,,,47585.300000191,1757442013183
-1,-1,,,47718.300000191,1757442013316
-1,-1,,,47858.400000095,1757442013456
-1,-1,,,48007.100000143,1757442013604
-1,-1,,,48525.100000143,1757442014130
-1,-1,,,48925.200000048,1757442014526
-1,-1,,,49069.400000095,1757442014667
-1,-1,,,49239.900000095,1757442014839
-1,-1,,,49436.300000191,1757442015034
-1,-1,,,49590.400000095,1757442015194
-1,-1,,,49784.900000095,1757442015382
-1,-1,,,49956.700000048,1757442015554
-1,-1,,,50097.400000095,1757442015695
-1,-1,,,50284.5,1757442015882
-1,-1,,,50456.100000143,1757442016053
-1,-1,,,50613.5,1757442016211
-1,-1,,,50782.900000095,1757442016380
-1,-1,,,50928.900000095,1757442016527
-1,-1,,,51079.900000095,1757442016678
-1,-1,,,51239,1757442016837
-1,-1,,,51384.600000143,1757442016982
-1,-1,,,51539.400000095,1757442017140
-1,-1,,,51803.300000191,1757442017401
-1,-1,,,51979.200000048,1757442017577
-1,-1,,,52111.300000191,1757442017709
6.29,276.45,"* She was",153,52304.400000095,1757442017902
73.77,221.54,"* She was previo",159,52469,1757442018067
96.19,181.97,"high-profile relat",133,52615.400000095,1757442018213
53.22,183.58,"high-profile r",129,52809.700000048,1757442018407
38.64,215.48,"high-profile",128,52960.600000143,1757442018558
110.45,189.12,"high-profile relati",134,53126.300000191,1757442018724
139.86,253.07,"She was previously i",165,53308.100000143,1757442018906
239.05,199.42,"e relationships.",146,53499.100000143,1757442019098
256.95,169.44,"relationships.",148,53703.800000191,1757442019304
393.97,186.98,"tionships.",152,53870.800000191,1757442019471
410.1,162.09,"tionships.",152,54068,1757442019666
512.79,110.36,"t she has been in se",109,54286.700000048,1757442019886
657.41,158.91,"tionships.",152,54459.300000191,1757442020057
-1,-1,,,54612.100000143,1757442020209
-1,-1,,,54760.200000048,1757442020357
-1,-1,,,54991.900000095,1757442020589
-1,-1,,,55172.600000143,1757442020770
-1,-1,,,55367.200000048,1757442020965
701.48,67.2,"n several",125,55504.900000095,1757442021102
583.69,96.53,"tionships.",152,55824.900000095,1757442021424
473.14,82.31,"tionships.",152,56067.900000095,1757442021665
309.61,135.62,"sly in a relationshi",180,56200.300000191,1757442021805
239.83,148.35,"reviously in a relat",174,56498.700000048,1757442022096
220.07,159.08,"previously in a rel",172,56725.900000095,1757442022323
156.47,164.04,"he was previously in",166,56973.200000048,1757442022571
193.94,173.91,"star from the Twilig",232,57107.100000143,1757442022704
159.91,198.19,"co-star from the Twi",229,57280.400000095,1757442022884
95.68,189.1,"her co-star from t",223,57825.100000143,1757442023423
47.44,218.59,"* In 2016, sh",256,57958,1757442023555
12.06,200.31,"* In 2016,",253,58106.900000095,1757442023704
-1,-1,,,58257.200000048,1757442023855
-1,-1,,,58443.300000191,1757442024041
1.14,222.1,"but they",312,58597.200000048,1757442024195
49.68,219.31,"broke up in 20",316,58777.900000095,1757442024376
103.2,227.04,"broke up in 2018.",321,59264.600000143,1757442024862
107.91,223.17,"broke up in 2018.",321,59422.100000143,1757442025019
89.14,221.43,"broke up in 2018.",319,59588.700000048,1757442025186
103.93,225.31,"* In 2019, she star",339,59769.900000095,1757442025367
162.73,223.07,"2019, she started d",344,59894.900000095,1757442025495
135.88,207.75,"In 2019, she started",342,60058.900000095,1757442025656
178.64,222.23,"2019, she started da",345,60185.300000191,1757442025783
228.03,214.44,"she started dating",350,60430.100000143,1757442026031
250.7,211.29,"he started dating sc",352,60743.600000143,1757442026342
242.13,208.84,"she started dating s",351,60903.900000095,1757442026501
252.41,190.81,"he started dating sc",352,61025.100000143,1757442026622
237.78,199.36,"gaged in 2021.",411,61259.800000191,1757442026865
252.26,218.77,"aged in 2021.",412,61406.400000095,1757442027004
213.68,218.41,"engaged in 2021.",409,61528,1757442027125
191.65,183.62,"t engaged in 2021.",407,61657.700000048,1757442027255
243.14,199.96,"gaged in 2021.",411,61832.800000191,1757442027431
-1,-1,,,63038.900000095,1757442028636
-1,-1,,,63450.300000191,1757442029047
-1,-1,,,63704.800000191,1757442029303
-1,-1,,,63971.900000095,1757442029569
-1,-1,,,64323.5,1757442029920
-1,-1,,,64674.300000191,1757442030271
-1,-1,,,65483.200000048,1757442031084
-1,-1,,,65917.400000095,1757442031514
-1,-1,,,66118.400000095,1757442031715
-1,-1,,,66756.700000048,1757442032354
-1,-1,,,67001.900000095,1757442032599
-1,-1,,,67415.800000191,1757442033013
-1,-1,,,67796.200000048,1757442033393
-1,-1,,,68149.900000095,1757442033747
-1,-1,,,68402.5,1757442034000
-1,-1,,,68932.800000191,1757442034530
-1,-1,,,69182.5,1757442034779
-1,-1,,,69479.800000191,1757442035077
-1,-1,,,69710.100000143,1757442035307
-1,-1,,,69907.900000095,1757442035505
-1,-1,,,70152.800000191,1757442035750
-1,-1,,,70433.200000048,1757442036030
-1,-1,,,70660.200000048,1757442036257
-1,-1,,,70834.600000143,1757442036432
-1,-1,,,71013,1757442036610
-1,-1,,,71915.200000048,1757442037512
-1,-1,,,72132.300000191,1757442037729
231.36,294.29,"knowledge cutoff, K",436,72423.900000095,1757442038021
249.85,232.89,"aged in 2021.",412,72727,1757442038325
261.18,245.96,"ged in 2021.",413,72931.100000143,1757442038529
288.23,246.47,"d in 2021.",415,74994.900000095,1757442040592
247.52,264.93,"nowledge cutoff, Kri",438,75890.200000048,1757442041506
304.98,240.04,"d in 2021.",415,76187.5,1757442041785
451.07,259.51,"risten Stewart and D",456,76524.5,1757442042122
423.89,254.26,"g screenwriter Dylan",368,76777.700000048,1757442042375
389.4,250.84,"ng model Stella Maxw",288,76975.800000191,1757442042573
330.25,262.13,"y in a relationship",182,77178.400000095,1757442042776
230.89,300.05,"r from the Twilight",235,77443.5,1757442043041
246.66,289.45,"from the Twilight se",237,77639,1757442043236
224.84,317.82,"r from the Twilight",235,77811.100000143,1757442043409
287.01,266.51,"ously in a relations",178,78026.400000095,1757442043624
486.99,219.54,"nship with Robert Pa",196,78256.400000095,1757442043854
517.06,183.78,"tionships.",152,78770.200000048,1757442044368
552.93,181.15,"tionships.",152,78977.800000191,1757442044575
485.88,97.96,"but she has been in",106,79208.600000143,1757442044821
396.41,103.37,"married, but she has",98,79476.5,1757442045074
289.54,269.05,"usly in a relationsh",179,79623.900000095,1757442045221
226.71,300.28,"r from the Twilight",235,79854.400000095,1757442045452
202.86,289.34,"tar from the Twiligh",233,80126.800000191,1757442045724
157.72,350.36,"co-star from the Twi",229,80343.600000143,1757442045941
184.78,354.31,"-star from the Twili",231,80600.700000048,1757442046198
72.06,395.79,"* In 2016, she b",259,80793.5,1757442046391
-1,-1,,,80984.5,1757442046581
-1,-1,,,81169.5,1757442046766
-1,-1,,,81331.300000191,1757442046929
-1,-1,,,81656.700000048,1757442047254
-1,-1,,,81823.100000143,1757442047420
96.56,391.85,"* In 2016, she beg",261,81997.800000191,1757442047595
176.41,373.71,"2016, she began dati",268,82166.300000191,1757442047764
270.06,333.89,"om the Twilight seri",239,82368.400000095,1757442047966
284.01,310.03,"m the Twilight serie",240,82536.700000048,1757442048135
353.61,231.45,"in a relationship wi",184,82736.600000143,1757442048335
438.46,249.01,"ationship with Rober",192,82971.5,1757442048569
419.5,185.35,"tionships.",152,83179.900000095,1757442048777
367.09,142.83,"t married, but she h",96,83389,1757442048986
302.89,154.96,"tionships.",152,83716.5,1757442049314
227.14,174.89,"le relationships.",145,83921.900000095,1757442049519
202.63,153.71,"file relationships.",143,84090.800000191,1757442049694
21.21,160.26,"high-profil",126,84283.600000143,1757442049881
-1,-1,,,84485.400000095,1757442050083
-1,-1,,,84648,1757442050245
26.38,187.34,"high-profile",127,84797.100000143,1757442050394
106.34,208.07,"high-profile relati",134,84949.600000143,1757442050547
176.31,191.5,"profile relationship",140,85120.5,1757442050718
191.91,304.54,"star from the Twilig",232,85268.300000191,1757442050866
152.72,305.26,"co-star from the Tw",228,85422.700000048,1757442051020
105.04,329.46,"her co-star from th",224,85599.5,1757442051197
86.29,396.08,"* In 2016, she be",260,85747.200000048,1757442051345
72.03,343.86,"her co-star from",221,85897.600000143,1757442051495
122.02,375.3,"* In 2016, she began",263,86034,1757442051631
127.26,357.67,"er co-star from the",226,86181.900000095,1757442051779
72.55,398.72,"* In 2016, she b",259,86368.600000143,1757442051966
56.55,372.43,"* In 2016, she",257,86744.100000143,1757442052342
2.17,358.21,"attinson,",215,86884.700000048,1757442052482
-1,-1,,,87076.200000048,1757442052674
35.62,298.63,"her co-star",217,87204,1757442052802
57.64,306.1,"her co-star fr",219,87333,1757442052930
100.2,262.57,"* She was previous",161,87475.600000143,1757442053074
146.93,188.82,"h-profile relationsh",138,87615.600000143,1757442053213
212.97,186.89,"ile relationships.",144,87746.400000095,1757442053344
279.55,143.97,"rt is not married, b",88,87896.700000048,1757442053494
311.11,188.15,"tionships.",152,88045.700000048,1757442053643
364.75,166.78,"tionships.",152,88209.600000143,1757442053808
388.12,140.14,"married, but she ha",97,88369.300000191,1757442053967
441.6,188.26,"tionships.",152,88593.900000095,1757442054191
485.75,136.58,"but she has been in",106,88745.5,1757442054343
484.15,147.92,"but she has been in",106,88866.100000143,1757442054463
412.34,148.71,"rried, but she has b",100,88994.700000048,1757442054592
340.36,137.79,"not married, but sh",93,89128.400000095,1757442054726
332.52,115.96,"s not married, but s",92,89262.400000095,1757442054860
352.66,117.11,"not married, but she",94,89399.200000048,1757442054996
321.62,112.66,"is not married, but",91,89528.100000143,1757442055125
314.26,145.38,"is not married, but",91,89659.5,1757442055257
331.79,190.02,"tionships.",152,89791.700000048,1757442055389
345.19,243.06,"in a relationship wi",184,89922.800000191,1757442055520
372.52,207.97,"tionships.",152,90039.5,1757442055637
432.68,167.83,"tionships.",152,90160.100000143,1757442055757
438.13,136.76,"ied, but she has bee",102,90286.5,1757442055884
399.04,111.82,"married, but she has",98,90416.400000095,1757442056014
448.12,96.53,"ed, but she has been",103,90764.700000048,1757442056362
462.07,140.26,"d, but she has been",104,90875.300000191,1757442056473
386.51,150,"tionships.",152,90996.5,1757442056594
391.6,200.08,"tionships.",152,91116.200000048,1757442056714
447.36,202.87,"tionships.",152,91247.5,1757442056845
416.8,188.95,"tionships.",152,91357.900000095,1757442056955
392.53,197.03,"tionships.",152,91498.5,1757442057096
379.74,201.38,"tionships.",152,91625.400000095,1757442057223
370.11,208.77,"tionships.",152,91753.700000048,1757442057351
357.06,168.77,"tionships.",152,91885.800000191,1757442057483
321.07,233.94,"ly in a relationship",181,92004.800000191,1757442057602
214.42,248.99,"previously in a rel",172,92119.300000191,1757442057717
87.48,324.2,"her co-star from",222,92243.900000095,1757442057841
-1,-1,,,92359.900000095,1757442057957
-1,-1,,,92484.300000191,1757442058082
-1,-1,,,92675,1757442058272
-1,-1,,,92852.200000048,1757442058449
-1,-1,,,92973.600000143,1757442058570
-1,-1,,,93087.700000048,1757442058685
-1,-1,,,93218.5,1757442058815
-1,-1,,,93341,1757442058938
-1,-1,,,93478.400000095,1757442059075
-1,-1,,,93624.900000095,1757442059223
-1,-1,,,93906.200000048,1757442059503
-1,-1,,,94024.600000143,1757442059622
-1,-1,,,94137.400000095,1757442059734
20.68,308.71,"her co-star",216,94251.400000095,1757442059849
129.82,294.32,"er co-star from the",226,94377,1757442059974
110.61,261.49,"* She was previousl",162,94534.600000143,1757442060132
129.59,241.08,"She was previously",164,94678.200000048,1757442060275
164.23,245.53,"e was previously in",167,94825.100000143,1757442060422
180.2,232.5,"was previously in a",169,94946.700000048,1757442060547
165.82,274.98,"e was previously in",167,95146.300000191,1757442060747
118.8,303.44,"her co-star from the",225,95291.700000048,1757442060889
181.9,293.69,"-star from the Twili",231,95425.900000095,1757442061023
56.05,327.6,"her co-star fr",219,95574.600000143,1757442061172
65.52,381.82,"* In 2016, she",258,95706.300000191,1757442061304
-1,-1,,,95822.100000143,1757442061419
108.56,359.43,"* In 2016, she bega",262,95925.900000095,1757442061523
200.07,294.02,"star from the Twilig",232,96043.700000048,1757442061641
196.8,252.52,"as previously in a r",170,96161.400000095,1757442061759
135.08,252.15,"She was previously",164,96278.400000095,1757442061876
116.71,244.43,"* She was previously",163,96405,1757442062002
68.45,204.38,"high-profile re",130,96516.600000143,1757442062114
45.41,242.03,"* She was pre",156,96624.100000143,1757442062221
79.71,295.2,"her co-star from",221,96739.900000095,1757442062337
117.75,329.05,"her co-star from the",225,96865.5,1757442062463
158.23,394.39,"2016, she began dat",267,96984.200000048,1757442062581
-1,-1,,,97122.200000048,1757442062719
-1,-1,,,97247.400000095,1757442062844
-1,-1,,,97465.800000191,1757442063063
-1,-1,,,97620.300000191,1757442063217
-1,-1,,,97759.800000191,1757442063357
-1,-1,,,97900,1757442063497
-1,-1,,,98066.600000143,1757442063664
-1,-1,,,98249.700000048,1757442063847
-1,-1,,,98360.100000143,1757442063957
-1,-1,,,98496.300000191,1757442064093
-1,-1,,,98603.100000143,1757442064200
-1,-1,,,98712.600000143,1757442064309
-1,-1,,,98823.100000143,1757442064420
-1,-1,,,98917.400000095,1757442064515
2.04,398.43,"* In 2016,",253,99024.5,1757442064622
-1,-1,,,99131.100000143,1757442064728
-1,-1,,,99228,1757442064825
-1,-1,,,99327.5,1757442064925
48.95,270.48,"* She was prev",157,99420.400000095,1757442065018
92.32,285.02,"* She was previous",161,99541.300000191,1757442065139
98.31,292.52,"her co-star from t",223,99643.900000095,1757442065241
147.6,291.41,"co-star from the Tw",228,99739.100000143,1757442065336
140.12,270.34,"She was previously i",165,99839.100000143,1757442065436
93.21,307.27,"her co-star from t",223,99937.100000143,1757442065534
-1,-1,,,100037,1757442065634
-1,-1,,,100139.5,1757442065737
-1,-1,,,101090.80000019,1757442066689
-1,-1,,,101451.80000019,1757442067049
-1,-1,,,102164.30000019,1757442067761
-1,-1,,,102438.60000014,1757442068036
-1,-1,,,102832.30000019,1757442068430
-1,-1,,,103070.60000014,1757442068668
-1,-1,,,103270.30000019,1757442068868
-1,-1,,,103797.10000014,1757442069394
-1,-1,,,104019,1757442069616
-1,-1,,,104236.10000014,1757442069833
-1,-1,,,104415.30000019,1757442070012
-1,-1,,,104730.5,1757442070330
-1,-1,,,105115.5,1757442070714
-1,-1,,,105442.80000019,1757442071040
-1,-1,,,106110.20000005,1757442071710
48.62,230.97,"* She was prev",157,106400.4000001,1757442071998
266.71,169.11,"relationships.",148,106741.30000019,1757442072339
263.1,180.41,"relationships.",148,106946.70000005,1757442072544
239.19,229.52,"reviously in a relat",174,107132.80000019,1757442072730
76.99,285.09,"* She was previo",159,107324.20000005,1757442072922
57.36,298.14,"her co-star fr",219,107614.20000005,1757442073211
79.62,266.91,"* She was previo",159,107812.5,1757442073410
81.41,297.3,"her co-star from",222,108032.30000019,1757442073630
111.72,269.95,"* She was previousl",162,108396.80000019,1757442073994
158.95,232.75,"e was previously in",167,108811.20000005,1757442074409
-1,-1,,,109043.9000001,1757442074641
-1,-1,,,109295,1757442074892
30.64,271.34,"* She was pr",155,109654,1757442075251
178.67,221.38,"was previously in a",168,109894.30000019,1757442075492
319.7,202.77,"tionships.",152,110124.20000005,1757442075722
509.67,156.39,"tionships.",152,110386.30000019,1757442075983
596.93,113.51,"as been in several",116,110711.30000019,1757442076309
-1,-1,,,110897.10000014,1757442076494
-1,-1,,,111122.5,1757442076720
-1,-1,,,111355.20000005,1757442076952
500.8,17.37,"n Stewart's marital",45,111691.70000005,1757442077289
465.51,34.44,"sten Stewart's marit",42,111929.70000005,1757442077531
357.41,89.66,"ot married, but she",95,112139.30000019,1757442077737
340.84,82.24,"not married, but sh",93,112385.60000014,1757442077983
80.29,159.13,"high-profile rel",131,112702.60000014,1757442078307
15.5,143.68,"* Kristen S",64,112991.4000001,1757442078589
-1,-1,,,113190,1757442078787
-1,-1,,,113351.30000019,1757442078949
-1,-1,,,113523.60000014,1757442079121
-1,-1,,,113737.5,1757442079335
-1,-1,,,113884.9000001,1757442079483
-1,-1,,,114032.9000001,1757442079630
-1,-1,,,114193.9000001,1757442079791
-1,-1,,,114464.70000005,1757442080062
-1,-1,,,114900,1757442080499
2.05,139.61,"* Kristen",63,115132.10000014,1757442080730
-1,-1,,,115283.10000014,1757442080881
-1,-1,,,115475.60000014,1757442081073
-1,-1,,,116223.5,1757442081821
-1,-1,,,116554.30000019,1757442082152
155.54,315.93,"co-star from the Tw",228,116730.80000019,1757442082328
235.32,258,"reviously in a relat",174,116935.70000005,1757442082533
231.75,239.48,"previously in a rela",173,117115.70000005,1757442082713
308.58,252.37,"sly in a relationshi",180,117307.10000014,1757442082905
191.19,219.93,"as previously in a r",170,117532.70000005,1757442083132
242.45,175.57,"e relationships.",146,117739.20000005,1757442083337
182.7,191.19,"rofile relationships",141,117922.5,1757442083520
175.08,178.81,"profile relationship",140,118184.70000005,1757442083782
95.12,190.83,"high-profile relat",133,118449,1757442084046
-1,-1,,,118703.70000005,1757442084301
7.51,261.68,"* She was",153,118933.30000019,1757442084531
-1,-1,,,119117.30000019,1757442084716
-1,-1,,,119289.80000019,1757442084894
-1,-1,,,119478.4000001,1757442085076
-1,-1,,,119665.60000014,1757442085264
-1,-1,,,119869.9000001,1757442085480
-1,-1,,,120080.10000014,1757442085678
4.2,326.82,"attinson,",215,120416.80000019,1757442086014
171.76,356.05,"o-star from the Twil",230,120645.10000014,1757442086242
334.78,246.26,"in a relationship w",183,120838.5,1757442086442
390.86,119.59,"married, but she has",98,121085.9000001,1757442086683
462.26,96.03,"d, but she has been",104,121249.30000019,1757442086847
217.2,141.41,"Stewart is not marr",82,121412.30000019,1757442087010
248.56,163.8,"relationships.",147,121615.10000014,1757442087212
353.86,161.79,"tionships.",152,121777.9000001,1757442087375
370.68,187.34,"tionships.",152,121948.9000001,1757442087546
421.75,161.85,"tionships.",152,122110,1757442087708
435.4,150.15,"tionships.",152,122313.9000001,1757442087911
455.84,176.91,"tionships.",152,122503.5,1757442088116
468.47,162.78,"tionships.",152,122950.30000019,1757442088549
602.85,125.74,"s been in several",117,123107.60000014,1757442088706
671.62,114.8,"in several",123,123283.30000019,1757442088881
495.13,138.73,"but she has been in",107,123445.70000005,1757442089043
149.97,230.64,"he was previously in",166,123613.70000005,1757442089211
-1,-1,,,123759.80000019,1757442089359
-1,-1,,,123908.20000005,1757442089506
-1,-1,,,124045.10000014,1757442089642
-1,-1,,,124191.4000001,1757442089789
88.93,103.14,"* Kristen Stewart",70,124409.9000001,1757442090007
144.18,90.76,"Kristen Stewart is n",75,124575.30000019,1757442090173
241.8,100.26,"tewart is not marrie",84,124738.5,1757442090336
328.73,99.55,"s not married, but s",92,124883,1757442090481
158.34,148.16,"isten Stewart is not",77,125047.80000019,1757442090645
-1,-1,,,125196.70000005,1757442090794
-1,-1,,,125357.30000019,1757442090955
-1,-1,,,125613.5,1757442091213
-1,-1,,,125873.9000001,1757442091471
-1,-1,,,126058.60000014,1757442091656
-1,-1,,,126227.20000005,1757442091824
-1,-1,,,126407.4000001,1757442092005
-1,-1,,,126605,1757442092202
-1,-1,,,126758.4000001,1757442092356
-1,-1,,,126902.80000019,1757442092500
-1,-1,,,127088.70000005,1757442092686
-1,-1,,,127271.5,1757442092869
-1,-1,,,127448.70000005,1757442093051
-1,-1,,,127610.4000001,1757442093208
-1,-1,,,127747.5,1757442093345
-1,-1,,,127894.80000019,1757442093492
-1,-1,,,128043.9000001,1757442093641
-1,-1,,,128181.4000001,1757442093783
-1,-1,,,128336.10000014,1757442093933
-1,-1,,,128488.10000014,1757442094085
-1,-1,,,128635.30000019,1757442094233
-1,-1,,,128786,1757442094383
-1,-1,,,128937.5,1757442094535
167.15,142.44,"isten Stewart is not",77,129072.4000001,1757442094670
249.76,58.22,"nformation about Kri",22,129195.4000001,1757442094793
139.52,93.45,"Kristen Stewart is n",75,129337.20000005,1757442094935
130.54,75.09,"ere's the informatio",11,129461.5,1757442095059
125.33,123.75,"Kristen Stewart is",74,129607.60000014,1757442095205
185.6,76.34,"the information abo",16,129796,1757442095398
150.76,112.96,"risten Stewart is no",76,129966.9000001,1757442095564
150.26,110.03,"risten Stewart is no",76,130093.9000001,1757442095691
99.76,96.6,"* Kristen Stewart",71,130214.5,1757442095812
76.19,160.2,"high-profile rel",131,130337.80000019,1757442095935
70.35,168.65,"high-profile rel",131,130461.5,1757442096059
59.62,154.62,"high-profile re",130,130658.9000001,1757442096256
114.37,100.4,"* Kristen Stewart is",73,131730.70000005,1757442097328
224.09,56.24,"information about K",20,131940.9000001,1757442097540
310.88,60.28,"ation about Kristen",27,132224.4000001,1757442097822
402.45,70.55,"ut Kristen Stewart's",36,132429.80000019,1757442098027
541.33,88.41,"she has been in seve",111,132700.60000014,1757442098298
400.19,135.67,"arried, but she has",99,132855.20000005,1757442098452
334.03,182.6,"tionships.",152,133051.70000005,1757442098649
409.07,176.3,"tionships.",152,133205.20000005,1757442098803
325.7,180.02,"tionships.",152,133449.70000005,1757442099047
352.41,192.02,"tionships.",152,133673.60000014,1757442099271
382.39,212.16,"tionships.",152,133848.5,1757442099446
278.46,210.62,"elationships.",149,134072.5,1757442099670
243.31,147.51,"tewart is not marrie",84,134527.30000019,1757442100125
246.9,140.87,"ewart is not married",85,134677.9000001,1757442100275
312.2,132.39,"1) - She played the",77,134813.5,1757442100440
355.68,134.99,"She played the role",81,135027.70000005,1757442100625
140.69,179.28,"is biographical dram",125,135148.5,1757442100746
-1,-1,,,135279.60000014,1757442100877
-1,-1,,,135418.4000001,1757442101016
-1,-1,,,135565.80000019,1757442101163
-1,-1,,,135767.5,1757442101365
5.98,215.17,"Diana in",113,135937.70000005,1757442101535
69.32,178.45,"this biographic",118,136098.70000005,1757442101696
268.34,104.17,"(2021) - She played",73,136259.5,1757442101857
445.65,99.34,"yed the role of Prin",89,136422.4000001,1757442102020
442.31,169.87,"rama film.",142,136614.5,1757442102212
528.43,104.56,"role of Princess Di",96,136784.20000005,1757442102382
597.09,119.41,"of Princess Diana in",102,136943.10000014,1757442102541
577.73,66.59,"est roles:",48,137116.9000001,1757442102715
616.2,81.96,"Princess Diana in",104,137265.20000005,1757442102863
543.07,112.34,"ole of Princess Dian",98,137407.70000005,1757442103005
364.68,159.95,"rama film.",142,137560.9000001,1757442103158
368.6,99.56,"She played the role",82,137703.10000014,1757442103300
180.5,143.31,"encer** (2021) - She",65,137967.5,1757442103566
119.76,138.23,"* **Spencer** (2021)",59,138447.70000005,1757442104045
123.04,100.74,"* **Spencer** (2021)",59,138719.70000005,1757442104317
115,79,"* **Spencer** (2021)",59,139017.9000001,1757442104616
165.49,83.34,"Spencer** (2021) - S",63,139249.60000014,1757442104847
213.8,51.76,"er** (2021) - She pl",68,139547.70000005,1757442105145
140.38,84.19,"**Spencer** (2021) -",61,140302.5,1757442105905
188.8,36.94,"encer** (2021) - She",65,140743.80000019,1757442106341
83.87,64.15,"* **Spencer** (20",56,141091.80000019,1757442106689
72.84,19.04,"Here are some of",6,141341.5,1757442106939
22.38,78.02,"* **Spencer",50,141601.30000019,1757442107202
-1,-1,,,141958.80000019,1757442107556
-1,-1,,,142208.70000005,1757442107806
-1,-1,,,142428.5,1757442108026
-1,-1,,,142673.20000005,1757442108272
-1,-1,,,142925.10000014,1757442108523
48.59,34.27,"Here are some",4,143141.80000019,1757442108739
20.43,45.98,"* **Spencer",50,143475.10000014,1757442109073
7.15,52.17,"* **Spence",49,143814.20000005,1757442109412
25.36,63.02,"* **Spencer",50,144029.20000005,1757442109627
-1,-1,,,144246.70000005,1757442109844
-1,-1,,,144459.20000005,1757442110057
-1,-1,,,144714,1757442110311
-1,-1,,,144954.5,1757442110553
13.07,122.82,"Diana in",113,145219.5,1757442110817
-1,-1,,,145571.9000001,1757442111169
-1,-1,,,145757.4000001,1757442111355
-1,-1,,,146008.80000019,1757442111606
73.07,54.33,"* **Spencer** (2",55,146389,1757442111987
157.43,68.75,"*Spencer** (2021) -",62,146692.5,1757442112290
137.2,65.52,"**Spencer** (2021) -",61,146919.9000001,1757442112519
133.89,86.45,"**Spencer** (2021)",60,147296,1757442112899
104.09,69.81,"* **Spencer** (2021",58,147693.10000014,1757442113291
197.62,28.41,"e some of Kristen St",17,148155.20000005,1757442113753
254.87,13.37,"e of Kristen Stewart",22,148343.10000014,1757442113941
186.65,20.08,"re some of Kristen S",16,148576.9000001,1757442114174
63.48,83.87,"* **Spencer** (",54,148791.9000001,1757442114389
65.58,43.85,"* **Spencer** (",54,149006.5,1757442114604
3.97,58.61,"* **Spence",49,149941.80000019,1757442115539
40.6,52.88,"* **Spencer**",52,150084.9000001,1757442115683
58.55,57.44,"* **Spencer**",53,150719.60000014,1757442116317
124.64,63.79,"**Spencer** (2021)",60,150882,1757442116480
188.82,16.32,"re some of Kristen S",16,151158,1757442116756
245.23,27.44,"me of Kristen Stewar",21,151479.70000005,1757442117077
135.97,43.64,"**Spencer** (2021) -",61,151658,1757442117259
90.13,66.73,"* **Spencer** (20",56,151901.4000001,1757442117499
89.17,56.09,"* **Spencer** (20",56,152115.9000001,1757442117714
150.45,62.16,"*Spencer** (2021) -",62,152290.80000019,1757442117892
103.08,88.44,"* **Spencer** (2021",58,152454.70000005,1757442118052
139.95,94.37,"**Spencer** (2021) -",61,152607.4000001,1757442118211
206.41,95.67,"cer** (2021) - She p",67,152773.9000001,1757442118377
239.75,75.5,"** (2021) - She play",70,152933.10000014,1757442118531
249.12,93.93,"* (2021) - She playe",71,153113.20000005,1757442118711
241.17,116.55,"phical drama film.",134,153263.20000005,1757442118861
235.34,100.56,"** (2021) - She play",70,153434.60000014,1757442119032
260.52,114.77,"ical drama film.",136,153606.5,1757442119209
305.26,146.39,"drama film.",140,153776.60000014,1757442119375
266.65,105.73,"(2021) - She played",72,154019.80000019,1757442119617
149.29,139.53,"s biographical drama",126,154212.60000014,1757442119812
178.7,133.31,"biographical drama f",128,154433.5,1757442120031
71.7,185.15,"* **Happiest Sea",149,154720.30000019,1757442120318
39.39,177.44,"* **Happiest",146,154880.10000014,1757442120478
11.83,199.16,"* **Happie",143,155045.20000005,1757442120643
91.91,207.77,"* **Happiest Seaso",151,155230.30000019,1757442120828
83.76,197.14,"* **Happiest Seas",150,155383.10000014,1757442120981
78.7,190.62,"* **Happiest Sea",149,155586.30000019,1757442121184
146.68,142.92,"s biographical drama",126,155774.60000014,1757442121372
198.2,118.29,"ographical drama fil",130,156034.60000014,1757442121632
243.61,91.4,"** (2021) - She play",70,156202.10000014,1757442121800
256.85,87.04,"(2021) - She played",72,156352.20000005,1757442121950
257.88,74.95,"(2021) - She played",72,156508.60000014,1757442122107
116.15,156.19,"this biographical dr",123,156743.30000019,1757442122341
116.88,135.97,"this biographical dr",123,156901.4000001,1757442122499
117.8,111.47,"this biographical dr",123,157056.80000019,1757442122654
105.37,62.54,"* **Spencer** (2021",58,157208.4000001,1757442122807
127.75,47.2,"**Spencer** (2021)",60,157412.30000019,1757442123010
109.16,53.07,"* **Spencer** (2021",58,157594.4000001,1757442123192
-1,-1,,,157780.20000005,1757442123378
-1,-1,,,157932.10000014,1757442123529
-1,-1,,,158097.20000005,1757442123695
-1,-1,,,158257.20000005,1757442123854
185.59,32.35,"re some of Kristen S",16,158424.10000014,1757442124022
179.51,26.05,"are some of Kristen",15,158592.80000019,1757442124191
171.44,9.05,"are some of Kristen",15,158746.30000019,1757442124344
157.13,46.16,"*Spencer** (2021) -",62,158907,1757442124505
186.35,55.48,"encer** (2021) - She",65,159095.60000014,1757442124693
191.03,44.7,"ncer** (2021) - She",66,159263.60000014,1757442124861
280.33,57.82,"2021) - She played t",74,159427.80000019,1757442125025
315.63,77.11,"1) - She played the",77,159648,1757442125246
331.82,86.3,") - She played the r",78,159790.80000019,1757442125388
292.97,81.65,"021) - She played th",75,159981.60000014,1757442125579
282.75,89,"2021) - She played t",74,160129.9000001,1757442125729
278.99,130.04,"al drama film.",138,160304.30000019,1757442125902
183.44,151.52,"iographical drama fi",129,160464.70000005,1757442126062
235.13,123.57,"phical drama film.",134,160673.9000001,1757442126272
211.36,134.03,"graphical drama film",131,160837.9000001,1757442126436
187.84,181.49,"ppiest Season** (202",159,161069.60000014,1757442126667
130.11,157.99,"his biographical dra",124,161240,1757442126838
93.61,143.63,"this biographical",121,161388.80000019,1757442126987
157.94,120.9,"biographical drama",127,161597.30000019,1757442127195
183.76,107.14,"iographical drama fi",129,161842.5,1757442127440
56.11,152.74,"this biographi",117,161995.20000005,1757442127593
117.29,123.69,"this biographical dr",123,162147.5,1757442127745
66.86,145.25,"this biographic",118,162392.20000005,1757442127990
26.94,176.15,"this biograp",115,162556.70000005,1757442128154
62.39,185.29,"* **Happiest Se",148,162774.10000014,1757442128372
69.94,226.52,"* **Happiest Sea",149,162926.9000001,1757442128524
127.73,252.59,"avis in this romanti",217,163142.80000019,1757442128740
158.57,263.38,"s in this romantic c",220,163357.20000005,1757442128955
223.77,264.87,"his romantic comedy",226,163624,1757442129222
268.48,237.33,"eason** (2020) - She",167,163771.10000014,1757442129369
256.32,210.98,"Season** (2020) - S",165,163893.10000014,1757442129491
304.72,180.56,"on** (2020) - She st",170,164055.60000014,1757442129653
344.96,233.07,"(2020) - She starre",174,164243.70000005,1757442129841
378.47,269.46,"omedy film.",240,164414.20000005,1757442130013
445.98,253.51,"medy film.",241,164623.4000001,1757442130221
484.37,239.12,"e starred alongside",186,164854.30000019,1757442130452
582.86,228.07,"alongside Mackenzie",195,165035.9000001,1757442130633
626.07,219.68,"ngside Mackenzie",199,165226.60000014,1757442130824
709.88,175.3,"rama film.",142,165397.10000014,1757442130994
-1,-1,,,165589.5,1757442131186
-1,-1,,,165802.60000014,1757442131400
-1,-1,,,166026.70000005,1757442131625
710.98,138.38,"rama film.",142,166176,1757442131773
587.59,135.26,"rama film.",142,166342.9000001,1757442131944
535.2,128.8,"role of Princess Dia",97,166496.30000019,1757442132094
516.57,112.86,"e role of Princess D",95,166759.10000014,1757442132357
459.23,76.04,"t's latest roles:",41,166892.80000019,1757442132490
369.15,78.92,"n Stewart's latest r",33,167033.9000001,1757442132631
383.45,45.1,"Stewart's latest ro",34,167205.5,1757442132803
338,26.68,"sten Stewart's lates",30,167374.9000001,1757442132972
302.81,40.59,"Kristen Stewart's la",27,167518.80000019,1757442133116
307.64,28.65,"Kristen Stewart's la",27,167756,1757442133355
317.35,51.85,"risten Stewart's lat",28,168074,1757442133672
251.62,54.17,"e of Kristen Stewart",22,168424,1757442134030
252.1,82.66,"* (2021) - She playe",71,168568.30000019,1757442134170
284.55,90.87,"2021) - She played t",74,168806.60000014,1757442134404
305.03,47.77,"21) - She played the",76,168957,1757442134559
339.03,61.45,"- She played the ro",79,169080.60000014,1757442134678
367.22,120.74,"rama film.",142,169251.10000014,1757442134849
398.66,143.38,"rama film.",142,169445.70000005,1757442135044
370.59,123.88,"2020) - She starred",176,169698.4000001,1757442135296
353.75,130.05,"(2020) - She starre",174,170236.9000001,1757442135835
302.83,108.29,"on** (2020) - She st",170,170390,1757442135991
374.79,93.92,"comedy film.",239,170659.10000014,1757442136257
358.38,66.65,"comedy film.",238,171033,1757442136635
339.56,100.13,"- She played the rol",272,171272.10000014,1757442136872
327.41,77.08,"n this biographical",332,171451.70000005,1757442137049
294.3,81.49,"gels** (2019) - She",380,171621.4000001,1757442137219
280.71,77.45,"ngels** (2019) - She",379,171772.10000014,1757442137373
289.7,71.59,"gels** (2019) - She",380,171924.30000019,1757442137522
275.05,13.98,"ss, in this biograph",327,172062.60000014,1757442137660
271.94,24.72,"Angels** (2019) - Sh",378,172212.30000019,1757442137810
268.83,38.22,"Angels** (2019) - Sh",378,172369.4000001,1757442137967
180.59,75.68,"and Ella Balinska in",430,172507.9000001,1757442138105
184.01,108.29,"assic TV series.",494,172762.5,1757442138360
258.11,100.21,"TV series.",500,172882.60000014,1757442138480
289.84,103.08,"TV series.",500,173003,1757442138600
312.3,90.91,"TV series.",500,173181.9000001,1757442138779
244.4,115.18,"* (2018) - She playe",522,173375.4000001,1757442138973
232.84,109.71,"** (2018) - She play",521,173641,1757442139239
214.42,150.57,"n this psychological",583,174305.20000005,1757442139903
262.5,141.73,"ie Borden.",649,175093.30000019,1757442140691
320.23,141.04,", in this supernatur",742,175614.10000014,1757442141212
339.4,143.93,"in this supernatural",744,176093.10000014,1757442141692
358.07,134.01,"16) - She played the",799,176366.60000014,1757442141964
292.65,172.14,"is romantic comedy-d",854,176858,1757442142456
315.01,136.46,"romantic comedy-dra",856,177046.80000019,1757442142655
353.89,128.52,"Allen.",898,177356.5,1757442142954
347.53,127.37,"Allen.",898,177694.70000005,1757442143292
317.84,173.23,"Allen.",898,178059.10000014,1757442143656
363.06,203.6,"xamples of her recen",931,178503.30000019,1757442144101
320.49,215.05,"ew examples of her r",927,178792.4000001,1757442144390
420.32,166.3,"Allen.",898,179035.80000019,1757442144633
435.02,242.9,"of her recent work.",938,179223,1757442144821
374.89,285.56,"ly working in film a",990,181728.9000001,1757442147340
351.64,269.85,"vely working in film",988,182159.20000005,1757442147756
330.42,330.92,"nge of roles and gen",1044,182469.10000014,1757442148069
240.7,365.35,"wide range of roles",1036,182692.80000019,1757442148290
171.89,389.81,"g on a wide range of",1030,182861,1757442148463
152.41,351.41,"ing on a wide range",1028,183071.20000005,1757442148668
172.09,335.61,"g on a wide range of",1030,183222.4000001,1757442148820
160.32,324.82,"ng on a wide range o",1029,183417.20000005,1757442149020
142.81,319.57,"ewart has been activ",969,183603.10000014,1757442149200
105.14,368.44,"taking on a wide ra",1024,183868.30000019,1757442149466
235.93,370.2,"wide range of roles",1036,184136.30000019,1757442149734
222.38,379.4,"a wide range of rol",1034,184356.4000001,1757442149954
295.05,344.09,"range of roles and",1041,184548.9000001,1757442150146
358.08,385.17,"of roles and genres",1047,184740.20000005,1757442150338
432.09,352.02,"les and genres.",1053,184913.70000005,1757442150511
325.34,383.78,"nge of roles and gen",1044,185107.5,1757442150705
-1,-1,,,185300.5,1757442150898
-1,-1,,,185485.60000014,1757442151083
-1,-1,,,185702.20000005,1757442151299
-1,-1,,,185968.20000005,1757442151565
-1,-1,,,186171.70000005,1757442151769
-1,-1,,,186397.5,1757442151994
-1,-1,,,186615.5,1757442152212
-1,-1,,,186823,1757442152420
-1,-1,,,187029,1757442152637
-1,-1,,,187219.60000014,1757442152817
-1,-1,,,187438.4000001,1757442153036
-1,-1,,,187664.10000014,1757442153261
-1,-1,,,187867.9000001,1757442153465
-1,-1,,,188068.30000019,1757442153665
-1,-1,,,188227.5,1757442153824
-1,-1,,,188431.5,1757442154028
-1,-1,,,188662,1757442154259
-1,-1,,,188871.5,1757442154468
-1,-1,,,189609.30000019,1757442155206
-1,-1,,,190016.5,1757442155613
-1,-1,,,190230.70000005,1757442155828
-1,-1,,,190476.80000019,1757442156074
-1,-1,,,190686.60000014,1757442156283
-1,-1,,,190869.20000005,1757442156466
-1,-1,,,191139.4000001,1757442156736
-1,-1,,,191310.10000014,1757442156907
-1,-1,,,191533.80000019,1757442157131
-1,-1,,,191729.20000005,1757442157326
-1,-1,,,191890.80000019,1757442157488
-1,-1,,,192115.70000005,1757442157713
-1,-1,,,192298.80000019,1757442157896
-1,-1,,,192474.10000014,1757442158071
-1,-1,,,192679.10000014,1757442158276
-1,-1,,,192857.5,1757442158454
-1,-1,,,193031.80000019,1757442158629
-1,-1,,,193257.5,1757442158854
-1,-1,,,193440.20000005,1757442159037
-1,-1,,,193597.10000014,1757442159194
-1,-1,,,193789.70000005,1757442159387
-1,-1,,,194111.80000019,1757442159709
-1,-1,,,194289,1757442159886
-1,-1,,,194438.20000005,1757442160035
-1,-1,,,194607.5,1757442160205
-1,-1,,,194805.80000019,1757442160403
-1,-1,,,195011.5,1757442160609
-1,-1,,,195312.20000005,1757442160909
-1,-1,,,195626.60000014,1757442161223
-1,-1,,,195975.80000019,1757442161573
-1,-1,,,196356.80000019,1757442161954
-1,-1,,,196596.4000001,1757442162193
-1,-1,,,196813,1757442162410
-1,-1,,,197077.9000001,1757442162675
-1,-1,,,197268.80000019,1757442162866
-1,-1,,,197427.20000005,1757442163024
-1,-1,,,197602.5,1757442163200
-1,-1,,,197786.10000014,1757442163383
-1,-1,,,197972.30000019,1757442163569
-1,-1,,,198107,1757442163704
-1,-1,,,198260.30000019,1757442163858
-1,-1,,,198424.60000014,1757442164022
-1,-1,,,198717.80000019,1757442164315
-1,-1,,,198973.60000014,1757442164571
-1,-1,,,199578.20000005,1757442165178
-1,-1,,,199902.70000005,1757442165500
-1,-1,,,200418.80000019,1757442166016
-1,-1,,,200618.10000014,1757442166215
-1,-1,,,200838.5,1757442166436
-1,-1,,,201202.9000001,1757442166805
81.53,180.81,"These are just a",906,201449.10000014,1757442167046
129.58,99.81,"ecretary, in this ro",839,201765.10000014,1757442167363
-1,-1,,,201922.30000019,1757442167520
-1,-1,,,202108.80000019,1757442167709
-1,-1,,,202298.30000019,1757442167895
-1,-1,,,202462.9000001,1757442168060
-1,-1,,,202750.10000014,1757442168347
-1,-1,,,202968.5,1757442168566
-1,-1,,,203395.30000019,1757442168993
-1,-1,,,203605.20000005,1757442169202
-1,-1,,,203747.5,1757442169345
-1,-1,,,204166.5,1757442169764
-1,-1,,,204328.4000001,1757442169925
14.37,53.16,"Vonnie, a",828,204476.10000014,1757442170073
35,79.75,"secretary, i",830,204622.5,1757442170220
9.43,103.13,"Vonnie, a",828,204759.4000001,1757442170357
-1,-1,,,204912.5,1757442170510
-1,-1,,,205265.20000005,1757442170862
-1,-1,,,205608.70000005,1757442171206
-1,-1,,,205745.20000005,1757442171343
-1,-1,,,205879.80000019,1757442171477
-1,-1,,,206051.4000001,1757442171650
-1,-1,,,206180.5,1757442171778
-1,-1,,,206310.80000019,1757442171908
-1,-1,,,206466.70000005,1757442172064
-1,-1,,,206610.9000001,1757442172208
-1,-1,,,206735,1757442172332
-1,-1,,,206866.80000019,1757442172464
-1,-1,,,207063.60000014,1757442172661
-1,-1,,,207188.70000005,1757442172786
-1,-1,,,207327.9000001,1757442172925
-1,-1,,,207444.10000014,1757442173041
-1,-1,,,207590.10000014,1757442173188
-1,-1,,,207715.70000005,1757442173313
-1,-1,,,207863.4000001,1757442173461
-1,-1,,,208098.5,1757442173696
-1,-1,,,208319,1757442173916
-1,-1,,,208515.9000001,1757442174113
-1,-1,,,208635.20000005,1757442174235
-1,-1,,,208743.4000001,1757442174340
-1,-1,,,209149.70000005,1757442174747
54.48,30.9,"* **Café Socie",771,209654.20000005,1757442175251
31.66,3.18,"* **Café Soc",769,209889.9000001,1757442175487
33.33,23.55,"* **Café Soc",769,210158.70000005,1757442175756
36.94,48,"secretary, in",831,210295.70000005,1757442175893
-1,-1,,,210444.70000005,1757442176042
-1,-1,,,210607.60000014,1757442176205
-1,-1,,,210823.4000001,1757442176421
-1,-1,,,210999.60000014,1757442176597
-1,-1,,,211293.80000019,1757442176891
-1,-1,,,211532.60000014,1757442177133
-1,-1,,,211778.80000019,1757442177377
-1,-1,,,212007.5,1757442177605
-1,-1,,,212195.10000014,1757442177793
-1,-1,,,212423,1757442178021
-1,-1,,,212646.20000005,1757442178244
-1,-1,,,212838.4000001,1757442178436
-1,-1,,,213068.80000019,1757442178666
-1,-1,,,213247.4000001,1757442178853
-1,-1,,,213423.80000019,1757442179021
-1,-1,,,213638,1757442179235
-1,-1,,,213802.4000001,1757442179400
-1,-1,,,214199.70000005,1757442179797
-1,-1,,,214455.5,1757442180053
-1,-1,,,214828.30000019,1757442180426
-1,-1,,,215043.80000019,1757442180641
-1,-1,,,215254.30000019,1757442180854
-1,-1,,,215440.80000019,1757442181039
-1,-1,,,215660.20000005,1757442181258
-1,-1,,,216010.30000019,1757442181608
-1,-1,,,216607.10000014,1757442182205
65.61,126.72,"Allen.",897,217031.4000001,1757442182629
334.83,105.43,"omantic comedy-drama",858,217426.60000014,1757442183024
383.7,59.32,"tic comedy-drama fil",862,218038.60000014,1757442183647
347.2,18.21,"016) - She played th",798,218475.10000014,1757442184073
166.97,33.69,"Café Society** (2016",781,218697.5,1757442184295
-1,-1,,,218885.20000005,1757442184483
-1,-1,,,219503.10000014,1757442185100
-1,-1,,,219750,1757442185348
-1,-1,,,220065.70000005,1757442185663
-1,-1,,,220556.20000005,1757442186159
-1,-1,,,220851.30000019,1757442186449
15.16,84.47,"secretary,",829,221436,1757442187034
118.45,99.36,"secretary, in this r",838,221681.9000001,1757442187280
135.86,109.58,"cretary, in this rom",840,221828.70000005,1757442187426
75.52,186.5,"These are just a",905,222029.20000005,1757442187627
140.26,101.47,"cretary, in this rom",840,222162.70000005,1757442187760
254.1,90.83,"n this romantic come",850,222293.9000001,1757442187892
85,61.39,"secretary, in thi",835,222432.9000001,1757442188030
17.41,47.28,"secretary,",829,222581.60000014,1757442188179
-1,-1,,,222737.30000019,1757442188334
-1,-1,,,222888.20000005,1757442188485
21.8,49.18,"secretary,",829,223136.20000005,1757442188734
122.39,19.99,"* **Café Society** (",777,223304.9000001,1757442188905
99.27,31.76,"* **Café Society**",775,223441.60000014,1757442189039
75.51,49.69,"secretary, in th",834,223579.60000014,1757442189177
95.27,30.6,"* **Café Society**",775,223715.20000005,1757442189312
-1,-1,,,223919,1757442189516
-1,-1,,,226278.80000019,1757442191876
-1,-1,,,226446.70000005,1757442192044
121.31,4.17,"* **Café Society** (",777,226579.20000005,1757442192176
74.45,70.5,"secretary, in th",834,226700.60000014,1757442192298
-1,-1,,,226834.80000019,1757442192435
-1,-1,,,226960.20000005,1757442192557
135.45,100.64,"ecretary, in this ro",839,227142.70000005,1757442192740
151.15,140.14,"Allen.",898,227267.30000019,1757442192864
206.43,89.61,"y, in this romantic",846,227389.60000014,1757442192987
165.53,45.2,"etary, in this roman",842,227504.30000019,1757442193101
316.23,39.75,"(2016) - She played",795,227614.9000001,1757442193212
241.96,82.07,"in this romantic com",849,227728.5,1757442193326
253.61,79.92,"n this romantic come",850,227855.60000014,1757442193453
321.81,10.38,"(2016) - She played",795,227995,1757442193592
-1,-1,,,228138.60000014,1757442193736
-1,-1,,,228270.80000019,1757442193868
-1,-1,,,228395.4000001,1757442193992
-1,-1,,,228636.4000001,1757442194233
75.11,10.95,"* **Café Society",773,228856.80000019,1757442194455
56.55,12.52,"* **Café Socie",771,229114.9000001,1757442194712
-1,-1,,,229281,1757442194878
38.13,27.63,"* **Café Soci",770,229455.70000005,1757442195053
-1,-1,,,229597,1757442195194
-1,-1,,,229742.4000001,1757442195340
-1,-1,,,229886.80000019,1757442195484
-1,-1,,,230043.4000001,1757442195641
-1,-1,,,230185.70000005,1757442195783
-1,-1,,,230320.30000019,1757442195919
-1,-1,,,230454.10000014,1757442196052
-1,-1,,,230608.20000005,1757442196205
-1,-1,,,230759.30000019,1757442196357
-1,-1,,,230903.10000014,1757442196500
16.08,64.8,"secretary,",829,231053.4000001,1757442196651
55.34,66.79,"secretary, in",832,231242,1757442196839
44.96,118.62,"Allen.",895,231446.10000014,1757442197043
87.41,98.21,"secretary, in thi",835,231641.80000019,1757442197239
49.82,57.18,"secretary, in",832,231800.10000014,1757442197398
64.05,74.78,"secretary, in t",833,231969.10000014,1757442197567
170.85,20.53,"afé Society** (2016)",782,232125,1757442197722
79.06,37.57,"* **Café Society",773,232271.80000019,1757442197869
135.58,2.05,"**Café Society** (20",779,232421.70000005,1757442198019
229.55,14.36,"ociety** (2016) - Sh",787,232659.70000005,1757442198257
117.12,13.18,"* **Café Society** (",777,232818.30000019,1757442198416
63.96,5.14,"* **Café Societ",772,232967.4000001,1757442198565
8.8,58.22,"Vonnie, a",828,233126.80000019,1757442198724
-1,-1,,,233276.4000001,1757442198874
-1,-1,,,233434,1757442199031
-1,-1,,,233599.20000005,1757442199199
60.37,127.47,"Allen.",897,233758.30000019,1757442199356
199.39,114.28,"Allen.",898,233898.30000019,1757442199496
123.05,138.42,"Allen.",898,234055.10000014,1757442199652
32.85,127.66,"Allen.",894,234208.80000019,1757442199807
-1,-1,,,234349.60000014,1757442199946
-1,-1,,,234488.60000014,1757442200086
-1,-1,,,234638.80000019,1757442200236
-1,-1,,,234805.9000001,1757442200403
-1,-1,,,234953.80000019,1757442200551
-1,-1,,,235116.30000019,1757442200714
-1,-1,,,235258.30000019,1757442200855
21.93,150.44,"Allen.",893,235405.4000001,1757442201003
-1,-1,,,235550.10000014,1757442201147
13.15,81.42,"Vonnie, a",828,235721.9000001,1757442201319
-1,-1,,,235924.9000001,1757442201522
6.64,45.91,"Vonnie, a",828,236215,1757442201813
-1,-1,,,236366.10000014,1757442201963
-1,-1,,,236512.60000014,1757442202110
-1,-1,,,236664.60000014,1757442202263
-1,-1,,,236814.10000014,1757442202411
-1,-1,,,236979.10000014,1757442202576
-1,-1,,,237163.30000019,1757442202761
-1,-1,,,237313.30000019,1757442202911
-1,-1,,,237470,1757442203067
-1,-1,,,237615.5,1757442203213
-1,-1,,,237780.70000005,1757442203378
62.87,36.61,"* **Café Societ",772,237934.9000001,1757442203532
107.34,10.37,"* **Café Society**",776,238135,1757442203733
-1,-1,,,238280.4000001,1757442203877
-1,-1,,,238433,1757442204030
-1,-1,,,238646,1757442204243
-1,-1,,,238830.20000005,1757442204427
-1,-1,,,239184.9000001,1757442204782
-1,-1,,,239327.10000014,1757442204924
-1,-1,,,239463,1757442205090
-1,-1,,,239636.5,1757442205233
-1,-1,,,239777.10000014,1757442205375
-1,-1,,,239935.20000005,1757442205533
-1,-1,,,240111.9000001,1757442205709
-1,-1,,,240235.4000001,1757442205833
-1,-1,,,240384.10000014,1757442205982
-1,-1,,,240629.30000019,1757442206227
49.15,62.05,"You're likely",4,240804.5,1757442206403
262.05,74.36,"referring to Lidia",23,241206.70000005,1757442206804
434.83,83.79,"the late 19th centur",100,241432.10000014,1757442207030
375.99,88.28,"ry in the late 19th",94,241602.80000019,1757442207203
302.03,52.91,"erring to Lidia Poët",27,241851.4000001,1757442207449
379.96,25.83,"to Lidia Poët, an It",34,242158.9000001,1757442207756
203.07,15.14,"ikely referring to L",18,242398.80000019,1757442207996
146.88,37.41,"'re likely referring",13,242584.9000001,1757442208182
40.36,58.24,"You're likely",3,242792.10000014,1757442208389
24.44,66.91,"feminist wh",62,243025.10000014,1757442208622
69.08,16.18,"You're likely r",5,243385.20000005,1757442208985
-1,-1,,,243567.9000001,1757442209167
-1,-1,,,243871.4000001,1757442209469
-1,-1,,,244589.4000001,1757442210187
41.49,82.87,"feminist who",64,244856,1757442210453
50.57,106.52,"Stewart is set",125,245257.80000019,1757442210856
110.75,64.49,"feminist who made h",70,245529.70000005,1757442211128
143.04,25.96,"minist who made hist",73,245857.80000019,1757442211455
186.77,13.21,"likely referring to",16,247393,1757442212991
238.04,13.06,"ly referring to Lidi",21,248322.30000019,1757442213920
86.62,28.18,"feminist who made",68,248721.4000001,1757442214319
-1,-1,,,249012.10000014,1757442214610
44.91,88.99,"feminist who",64,249285.30000019,1757442214883
-1,-1,,,249585.30000019,1757442215217
-1,-1,,,249905.9000001,1757442215503
64.34,39.01,"feminist who ma",66,250164.60000014,1757442215762
53.85,35.84,"feminist who m",65,250493,1757442216090
88.23,42.84,"feminist who made",68,250918.10000014,1757442216522
66.3,72.83,"feminist who ma",66,251288.30000019,1757442216886
-1,-1,,,251525.5,1757442217123
59.2,81.43,"feminist who ma",66,251817.60000014,1757442217415
93.75,54.8,"feminist who made",69,252167.60000014,1757442217765
117.02,50.97,"feminist who made hi",71,252358.5,1757442217956
96.13,1.58,"You're likely refe",8,252697.60000014,1757442218295
-1,-1,,,253142.30000019,1757442218744
-1,-1,,,253352.10000014,1757442218949
-1,-1,,,253624.80000019,1757442219226
41.26,75.17,"feminist who",64,253888.80000019,1757442219486
-1,-1,,,254354.80000019,1757442219952
4.63,72.04,"awyer and",61,254930.20000005,1757442220528
113.25,84.77,"feminist who made h",70,255278.4000001,1757442220876
230.52,73.11,"ho made history in t",81,255554,1757442221151
185.7,24.34,"st who made history",77,255838,1757442221435
214.09,10.54,"kely referring to Li",19,256130.60000014,1757442221728
226.13,17.15,"ely referring to Lid",20,256451.30000019,1757442222049
-1,-1,,,256752.20000005,1757442222350
-1,-1,,,257120.30000019,1757442222718
-1,-1,,,257409.30000019,1757442223007
-1,-1,,,257700.30000019,1757442223298
176.48,17.28,"e likely referring t",15,258059.20000005,1757442223657
10.67,90.77,"awyer and",61,258346.30000019,1757442223944
57.02,25.93,"feminist who m",65,258639.80000019,1757442224237
19.93,6.36,"You're like",1,259542.5,1757442225140
-1,-1,,,259944.20000005,1757442225542
-1,-1,,,260348,1757442225946
-1,-1,,,260634.30000019,1757442226232
-1,-1,,,260809.30000019,1757442226407
-1,-1,,,261027.9000001,1757442226626
-1,-1,,,261426.60000014,1757442227024
-1,-1,,,261679.30000019,1757442227277
-1,-1,,,261910.4000001,1757442227509
161.39,32.67,"nist who made histor",75,262194.20000005,1757442227792
141.95,65.19,"minist who made hist",73,262396.30000019,1757442227995
57.06,92.27,"Stewart is set",125,262598.30000019,1757442228196
43.76,130.59,"Stewart is se",124,262809.80000019,1757442228409
46.53,144.26,"Stewart is se",124,263062.10000014,1757442228661
10.65,137.47,". Kristen",121,263291.80000019,1757442228889
-1,-1,,,263524.70000005,1757442229122
-1,-1,,,263737.70000005,1757442229335
-1,-1,,,263964.5,1757442229565
-1,-1,,,264163.30000019,1757442229761
-1,-1,,,264319.80000019,1757442229917
-1,-1,,,264486.9000001,1757442230085
2.84,21.25,"You're lik",0,264705.20000005,1757442230303
-1,-1,,,264903.5,1757442230501
-1,-1,,,265103.10000014,1757442230701
14.84,29.07,"feminist wh",62,265263.60000014,1757442230863
-1,-1,,,265440.70000005,1757442231038
34.45,48.15,"feminist who",63,265613.4000001,1757442231218
91.17,46.81,"feminist who made",68,265868.20000005,1757442231466
27.67,26.96,"feminist who",63,266112.80000019,1757442231716
-1,-1,,,266271.4000001,1757442231869
-1,-1,,,266441.9000001,1757442232040
-1,-1,,,266618.20000005,1757442232217
22.23,58.41,"feminist wh",62,266786,1757442232384
11.69,43.14,"awyer and",61,267008.60000014,1757442232606
-1,-1,,,267236.9000001,1757442232835
-1,-1,,,267421.60000014,1757442233019
-1,-1,,,267606.30000019,1757442233204
-1,-1,,,267772.80000019,1757442233372
-1,-1,,,267985.30000019,1757442233583
-1,-1,,,268224.30000019,1757442233822
-1,-1,,,268382.60000014,1757442233980
-1,-1,,,268549.4000001,1757442234147
-1,-1,,,268775.20000005,1757442234373
-1,-1,,,269024,1757442234622
-1,-1,,,269288,1757442234886
-1,-1,,,269448.20000005,1757442235045
-1,-1,,,269604.80000019,1757442235202
-1,-1,,,269782.9000001,1757442235380
-1,-1,,,269940.70000005,1757442235538
-1,-1,,,270168.70000005,1757442235766
-1,-1,,,270352.4000001,1757442235950
-1,-1,,,270724.5,1757442236322
73.14,45.32,"feminist who mad",67,270923.4000001,1757442236526
18.27,55.44,"feminist wh",62,271249.70000005,1757442236849
-1,-1,,,271435.4000001,1757442237033
-1,-1,,,271729.4000001,1757442237327
-1,-1,,,271906.30000019,1757442237504
18.3,64.72,"feminist wh",62,272201.9000001,1757442237799
-1,-1,,,272367.80000019,1757442237965
-1,-1,,,272533.60000014,1757442238132
-1,-1,,,272697.30000019,1757442238295
-1,-1,,,272884.60000014,1757442238482
-1,-1,,,273230.4000001,1757442238828
-1,-1,,,273386.80000019,1757442238984
-1,-1,,,273570.80000019,1757442239168
-1,-1,,,273729.20000005,1757442239327
137.15,15.79,"u're likely referrin",12,274184.60000014,1757442239783
218.29,35.57,"who made history in",80,274784,1757442240382
-1,-1,,,275102.30000019,1757442240700
263.68,22.8,"made history in the",84,275414.80000019,1757442241012
124.5,66.22,"feminist who made hi",71,275573.60000014,1757442241171
32.64,132.14,"Stewart is s",123,275726.9000001,1757442241324
45.1,122.27,"Stewart is se",124,276034.4000001,1757442241632
74.54,173.17,"film.",187,276247.5,1757442241845
106.23,176.74,"film.",187,276432.9000001,1757442242030
149.93,235.74,"ia Poët was a pionee",201,276724.9000001,1757442242322
212.16,281.93,"ët was a pioneering",206,276910.20000005,1757442242508
338.65,301.61,"ate from the Univers",282,277194.5,1757442242793
392.45,285.78,"ng figure in Italian",223,277399.70000005,1757442242997
515.05,197.5,"film.",187,277611.4000001,1757442243209
512.04,173.94,"film.",187,277920.80000019,1757442243518
467.29,160.66,"of Lidia Poët in an",163,278226.70000005,1757442243824
480.6,200.51,"f Lidia Poët in an u",164,278423.10000014,1757442244021
324.61,190.48,"lay the role of Lidi",150,278600.10000014,1757442244201
243.25,167.68,"set to play the role",142,278744.10000014,1757442244342
231.29,177.44,"set to play the rol",141,279159.30000019,1757442244757
156.67,116.09,"inist who made histo",74,279411.80000019,1757442245009
59.12,114.76,"feminist who ma",66,279573.70000005,1757442245172
39.7,47.7,"You're likely",3,279780.20000005,1757442245378
71.73,49.47,"You're likely re",6,279974.80000019,1757442245572
66.64,14.94,"You're likely r",5,280228.20000005,1757442245826
-1,-1,,,280404.20000005,1757442246002
95.09,38.52,"You're likely refe",8,280589.30000019,1757442246188
178.7,43,"e likely referring t",15,280772.5,1757442246370
241.78,11.43,"ly referring to Lidi",21,281536.4000001,1757442247134
304.44,45.3,"history in the late",88,281956.10000014,1757442247567
192.78,27.14,"t who made history i",78,282357.20000005,1757442247955
191.74,23.66,"t who made history i",78,282707.10000014,1757442248305
120.54,46.77,"Stewart is set to pl",131,283146.30000019,1757442248749
205.41,32.77,"is set to play the r",139,283542.20000005,1757442249142
234.94,101.36,"was a pioneering fig",209,283738,1757442249335
324.19,119.99,"uate from the Univer",281,284074.30000019,1757442249672
359.34,188.9,"rights and challeng",402,284284.80000019,1757442249882
306.04,212.67,"men's rights and cha",397,284438.70000005,1757442250036
271.02,200.2,"women's rights and",394,284641.9000001,1757442250240
290.5,220.97,"omen's rights and ch",396,285168.60000014,1757442250766
360.5,200.37,"rently in production",483,285373.30000019,1757442250971
394.15,147.65,"her time.",450,285576.9000001,1757442251178
409.16,136.8,"truggles, including",551,285756.30000019,1757442251355
468.25,135.65,"es, including her fi",557,285976.5,1757442251577
545.22,105.76,"a woman in a male-",624,286389.70000005,1757442251988
533.33,126.3,"s involvement in the",681,286590.30000019,1757442252189
512.02,188.35,"he film is expected",738,286804.30000019,1757442252403
508.3,146.28,"ar future.",782,287051.80000019,1757442252649
505.16,180.29,"still in production,",828,287273.60000014,1757442252871
433.53,161.78,"lm is still in produ",822,287456.4000001,1757442253054
375.17,159.3,"en released about th",880,287674.4000001,1757442253272
355.7,178.19,"een released about t",879,287867.80000019,1757442253467
376.55,160.34,"en released about th",880,288071.70000005,1757442253669
315.37,217.24,"rt on board, it's li",938,288347.60000014,1757442253945
430.23,198.01,"d, it's likely to be",948,288565.10000014,1757442254162
573.16,190.59,"y to be a compelling",961,288854.10000014,1757442254451
638.07,174.65,"oject. However,",904,289099.9000001,1757442254697
-1,-1,,,289529.30000019,1757442255126
-1,-1,,,289816.20000005,1757442255413
-1,-1,,,290014.4000001,1757442255611
-1,-1,,,290233.60000014,1757442255830
-1,-1,,,290460.10000014,1757442256057
-1,-1,,,290695.30000019,1757442256292
-1,-1,,,291180.70000005,1757442256778
-1,-1,,,291410.20000005,1757442257007
-1,-1,,,291627,1757442257224
-1,-1,,,291824.5,1757442257421
-1,-1,,,292079.70000005,1757442257677
-1,-1,,,292320.70000005,1757442257920
-1,-1,,,292533.60000014,1757442258131
-1,-1,,,292930.10000014,1757442258527
-1,-1,,,293326.10000014,1757442258923
-1,-1,,,293559.20000005,1757442259156
-1,-1,,,293800.4000001,1757442259397
-1,-1,,,294112.10000014,1757442259709
-1,-1,,,294408.20000005,1757442260005
-1,-1,,,294665.9000001,1757442260263
