479.83,162.94,"up here.",160,8525.400000006,0,1764713149223
482.27,163.44,"up here.",160,8912.200000003,1,1764713161936
480.59,160.75,"up here.",160,9066.3000000045,1,1764713162090
468.54,155.33,"up here.",160,9212.3000000045,1,1764713162236
431.55,149.19,"rating their answer.",113,9407.200000003,1,1764713162431
390.88,147.2,"enerating their answ",110,9495.5,1,1764713162591
383.26,189.93,"up here.",160,9725.3999999985,1,1764713172041
370.33,249.52,"up here.",160,9927.8999999985,1,1764713172250
392.92,333.13,"up here.",160,10049.5,1,1764713172433
425.42,358.04,"up here.",160,10250.699999996,1,1764713180750
507.56,306.34,"up here.",160,10361.599999994,1,1764713180861
635.24,267.87,"up here.",160,10477,1,1764713180976
835.84,238.18,"up here.",160,10582.799999997,1,1764713181082
-1,-1,,,10685.899999999,1,1764713181186
-1,-1,,,10807.199999996,1,1764713181307
-1,-1,,,10932.799999997,1,1764713181433
-1,-1,,,11051.599999994,1,1764713181551
-1,-1,,,11174.5,1,1764713181674
-1,-1,,,11304.699999996,1,1764713181804
-1,-1,,,11433.199999996,1,1764713181932
707.79,81.89,"I's response will sh",139,11563.099999994,1,1764713182062
530.66,11.57,"wait patiently. It m",47,11692.199999996,1,1764713182192
-1,-1,,,11861.399999999,1,1764713182360
-1,-1,,,11983.799999997,1,1764713182483
-1,-1,,,12095.699999996,1,1764713182595
-1,-1,,,12223.799999997,1,1764713182723
-1,-1,,,12328.699999996,1,1764713182828
-1,-1,,,12464.399999999,1,1764713182963
-1,-1,,,12590.899999999,1,1764713183090
-1,-1,,,12713.799999997,1,1764713183213
188.02,31.54,"you type your questi",16,12835.099999994,1,1764713183339
216.16,104.12,"r AI to finish gener",94,12979.599999994,1,1764713183479
201.45,151.55,"up here.",160,13112,1,1764713183611
294.77,236.59,"up here.",160,13251.199999996,1,1764713183750
330.24,291.23,"up here.",160,13376.599999994,1,1764713183876
370.23,344.19,"up here.",160,13509.699999996,1,1764713184009
388.92,362.99,"up here.",160,13610.899999999,1,1764713184175
417.23,382.89,"up here.",160,13768.700000003,1,1764713194352
472.19,354.66,"up here.",160,13870.300000004,1,1764713194453
507.44,361.21,"up here.",160,13990.100000001,1,1764713194573
598.29,298.69,"up here.",160,14110,1,1764713194693
680.69,240.87,"up here.",160,14218.100000001,1,1764713194801
656.9,193.97,"up here.",160,14347.200000003,1,1764713194931
628.38,156.74,"up here.",160,14473.399999999,1,1764713195056
489.64,51.83,"se wait patiently. I",44,14611.700000003,1,1764713195195
395.1,15,"ion, please wait pat",35,14740.600000001,1,1764713195323
-1,-1,,,14855.600000001,1,1764713195438
-1,-1,,,14967.399999999,1,1764713195550
-1,-1,,,15088.899999999,1,1764713195672
-1,-1,,,15210.800000004,1,1764713195794
-1,-1,,,15325.399999999,1,1764713195908
-1,-1,,,15429.899999999,1,1764713196013
-1,-1,,,15546.600000001,1,1764713196129
-1,-1,,,15646.399999999,1,1764713196229
-1,-1,,,15762.100000001,1,1764713196345
-1,-1,,,15882.600000001,1,1764713196465
-1,-1,,,15989.100000001,1,1764713196572
-1,-1,,,16093.100000001,1,1764713196676
-1,-1,,,16202.800000004,1,1764713196785
-1,-1,,,16310.399999999,1,1764713196893
-1,-1,,,16407.5,1,1764713196990
-1,-1,,,16511.600000001,1,1764713197095
-1,-1,,,16610.100000001,1,1764713197193
-1,-1,,,16710.5,1,1764713197293
-1,-1,,,16809.100000001,1,1764713197392
-1,-1,,,16943.5,1,1764713197526
-1,-1,,,17050.300000004,1,1764713197633
-1,-1,,,17186.600000001,1,1764713197769
-1,-1,,,17304.399999999,1,1764713197887
-1,-1,,,17414.300000004,1,1764713197997
-1,-1,,,17528.5,1,1764713198111
-1,-1,,,17635.700000003,1,1764713198218
-1,-1,,,17749.800000004,1,1764713198333
-1,-1,,,17869.399999999,1,1764713198452
-1,-1,,,17988.200000003,1,1764713198571
-1,-1,,,18100.600000001,1,1764713198683
-1,-1,,,18214.200000003,1,1764713198797
-1,-1,,,18350.200000003,1,1764713198933
-1,-1,,,18462,1,1764713199045
-1,-1,,,18583.399999999,1,1764713199166
-1,-1,,,18699.200000003,1,1764713199284
-1,-1,,,18832,1,1764713199415
-1,-1,,,18956.200000003,1,1764713199539
267.37,8.31,"e your question, ple",23,19073.800000004,1,1764713199657
247.15,15.45,"pe your question, pl",22,19200.899999999,1,1764713199784
230.51,27.34,"type your question,",20,19325.700000003,1,1764713199909
219.52,18.99,"type your question,",19,19435.700000003,1,1764713200019
196.12,4.14,"ou type your questio",17,19543,1,1764713200126
216.77,7.39,"type your question,",19,19648.100000001,1,1764713200231
267.83,12.28,"your question, plea",24,19765.5,1,1764713200349
326.68,15.17,"question, please wa",29,19876.600000001,1,1764713200460
411.55,51.95,"n, please wait patie",37,19979.5,1,1764713200562
508.88,35.65,"e wait patiently. It",45,20074.800000004,1,1764713200658
599.23,56.11,"tiently. It might ta",54,20168.300000004,1,1764713200751
690.87,76.32,"It might take up to",62,20266.5,1,1764713200850
788.28,65.17,"take up to 1",71,20369.700000003,1,1764713200953
-1,-1,,,20464.399999999,1,1764713201047
-1,-1,,,20559.700000003,1,1764713201143
-1,-1,,,20644.200000003,1,1764713201227
-1,-1,,,20740.899999999,1,1764713201324
-1,-1,,,20832.200000003,1,1764713201415
-1,-1,,,20935.200000003,1,1764713201518
-1,-1,,,21020.5,1,1764713201604
-1,-1,,,21111.5,1,1764713201695
-1,-1,,,21202.700000003,1,1764713201786
-1,-1,,,21299.399999999,1,1764713201883
-1,-1,,,21413.600000001,1,1764713201997
-1,-1,,,21518.399999999,1,1764713202101
-1,-1,,,21617.300000004,1,1764713202200
863.27,122.52,"will show",152,21744.399999999,1,1764713202328
-1,-1,,,21907.700000003,1,1764713202491
-1,-1,,,22023.899999999,1,1764713202607
-1,-1,,,22133.5,1,1764713202716
-1,-1,,,22233.700000003,1,1764713202816
-1,-1,,,22337.600000001,1,1764713202920
-1,-1,,,22434,1,1764713203017
-1,-1,,,22545.700000003,1,1764713203128
-1,-1,,,22660.800000004,1,1764713203243
-1,-1,,,22784.5,1,1764713203367
-1,-1,,,22885.100000001,1,1764713203468
-1,-1,,,22972.100000001,1,1764713203555
-1,-1,,,23067.800000004,1,1764713203651
-1,-1,,,23156,1,1764713203739
-1,-1,,,23252.800000004,1,1764713203836
-1,-1,,,23354.399999999,1,1764713203938
-1,-1,,,23462.600000001,1,1764713204047
-1,-1,,,23578.800000004,1,1764713204162
-1,-1,,,23670.300000004,1,1764713204253
-1,-1,,,23757.899999999,1,1764713204341
-1,-1,,,23845.800000004,1,1764713204429
-1,-1,,,23929.5,1,1764713204512
-1,-1,,,24014.800000004,1,1764713204598
-1,-1,,,24104.5,1,1764713204687
-1,-1,,,24196.300000004,1,1764713204780
-1,-1,,,24282.399999999,1,1764713204865
-1,-1,,,24383.200000003,1,1764713204966
-1,-1,,,24518.100000001,1,1764713205101
82.21,87.41,"minute for AI to",82,24637.200000003,1,1764713205220
386.8,106.2,"generating their ans",109,24746.399999999,1,1764713205329
562.65,123.23,"answer. The AI's re",125,24857.600000001,1,1764713205441
668.36,138.02,"he AI's response wil",135,24961.5,1,1764713205544
821.76,161.43,"up here.",160,25059.399999999,1,1764713205643
859.23,115.05,"will show",152,25161.800000004,1,1764713205745
-1,-1,,,25259.800000004,1,1764713205843
-1,-1,,,25358.300000004,1,1764713205941
-1,-1,,,25456.399999999,1,1764713206039
-1,-1,,,25569.300000004,1,1764713206152
-1,-1,,,25666.700000003,1,1764713206250
-1,-1,,,25765.800000004,1,1764713206349
-1,-1,,,25854.300000004,1,1764713206437
-1,-1,,,25964.300000004,1,1764713206547
-1,-1,,,26058.5,1,1764713206646
-1,-1,,,26152.899999999,1,1764713206736
-1,-1,,,26246.300000004,1,1764713206830
-1,-1,,,26344,1,1764713206927
-1,-1,,,26445.600000001,1,1764713207028
-1,-1,,,26562.200000003,1,1764713207145
-1,-1,,,26667.899999999,1,1764713207251
-1,-1,,,26771,1,1764713207354
-1,-1,,,26870.800000004,1,1764713207454
-1,-1,,,26962.899999999,1,1764713207548
-1,-1,,,27054.800000004,1,1764713207638
-1,-1,,,27160.5,1,1764713207744
-1,-1,,,27285,1,1764713207868
-1,-1,,,27403,1,1764713207986
-1,-1,,,27559.399999999,1,1764713208143
-1,-1,,,27657.5,1,1764713208241
-1,-1,,,27756.899999999,1,1764713208340
-1,-1,,,27844.399999999,1,1764713208427
-1,-1,,,27940.5,1,1764713208523
-1,-1,,,28034.399999999,1,1764713208617
-1,-1,,,28131.600000001,1,1764713208715
-1,-1,,,28220.600000001,1,1764713208804
821.53,105.63,"se will show",149,28338.899999999,1,1764713208922
645.31,90.08,"The AI's response w",133,28438.899999999,1,1764713209022
583.54,72.3,"patiently. It might",52,28587,1,1764713209170
598.28,77.04,"tiently. It might ta",54,28686.100000001,1,1764713209269
635.83,62.22,"ntly. It might take",57,28780.300000004,1,1764713209363
674.61,58.93,". It might take up t",61,28868,1,1764713209451
823.26,63.58,"ke up to 1",74,28971.399999999,1,1764713209555
839.84,108.46,"will show",151,29076.399999999,1,1764713209659
-1,-1,,,29173.600000001,1,1764713209757
843.62,80.98,"will show",151,29279.600000001,1,1764713209863
860.46,110.86,"will show",152,29399.600000001,1,1764713209983
786.28,127.13,"ponse will show",146,29513,1,1764713210096
794.18,139.96,"ponse will show",146,29621.5,1,1764713210205
717.49,161.19,"up here.",160,29720.600000001,1,1764713210303
532.82,124.78,"ir answer. The AI's",123,29817.899999999,1,1764713210401
449.71,129.45,"ting their answer. T",115,29918.899999999,1,1764713210502
318.39,111.95,"inish generating the",103,30025.100000001,1,1764713210608
289.99,133.16,"finish generating t",101,30135.300000004,1,1764713210718
212.84,154.64,"up here.",160,30239.200000003,1,1764713210822
240.8,139.35,"AI to finish generat",96,30372,1,1764713210955
334.95,215.65,"up here.",160,30487.5,1,1764713211071
457.72,346.43,"up here.",160,30613.100000001,1,1764713211196
628.12,406.49,"up here.",160,30707.399999999,1,1764713211290
736.8,409.42,"up here.",160,30799.899999999,1,1764713211383
848.45,375.72,"up here.",160,30890.5,1,1764713211473
-1,-1,,,30977.100000001,1,1764713211560
-1,-1,,,31059.399999999,1,1764713211643
-1,-1,,,31156.5,1,1764713211739
-1,-1,,,31261.300000004,1,1764713211849
-1,-1,,,31372.600000001,1,1764713211955
-1,-1,,,31481.5,1,1764713212065
-1,-1,,,31600.399999999,1,1764713212183
-1,-1,,,31685.200000003,1,1764713212268
-1,-1,,,31773.600000001,1,1764713212356
-1,-1,,,31873.399999999,1,1764713212457
-1,-1,,,31962.200000003,1,1764713212545
-1,-1,,,32054,1,1764713212637
-1,-1,,,32178.399999999,1,1764713212761
-1,-1,,,32280.100000001,1,1764713212863
-1,-1,,,32378.600000001,1,1764713212962
558.28,7.84,"t patiently. It migh",50,32487.200000003,1,1764713213070
418.94,46.85,"n, please wait patie",37,32596.700000003,1,1764713213180
286.21,35.46,"your question, pleas",25,32693.100000001,1,1764713213276
217.38,54.9,"type your question,",19,32795,1,1764713213378
328.4,329.26,"up here.",160,32899.300000004,1,1764713213482
-1,-1,,,32998.200000003,1,1764713213581
-1,-1,,,33112.5,1,1764713213695
-1,-1,,,33245.100000001,1,1764713213828
-1,-1,,,33361.899999999,1,1764713213945
-1,-1,,,33467.300000004,1,1764713214050
-1,-1,,,33565.800000004,1,1764713214149
-1,-1,,,33655.399999999,1,1764713214238
-1,-1,,,33745,1,1764713214328
-1,-1,,,33946.399999999,1,1764713214529
-1,-1,,,34070.600000001,1,1764713214653
-1,-1,,,34198.600000001,1,1764713214781
-1,-1,,,34305.899999999,1,1764713214889
-1,-1,,,34463.200000003,1,1764713215046
588.85,297.51,"up here.",160,34643,1,1764713215226
565.79,71.04,"patiently. It might",51,34755,1,1764713215338
-1,-1,,,34889.100000001,1,1764713215472
-1,-1,,,35005.700000003,1,1764713215588
-1,-1,,,35066.899999999,1,1764713215789
-1,-1,,,35237.899999999,1,1764713228266
-1,-1,,,35335.499999993,1,1764713228364
-1,-1,,,35471.699999996,1,1764713228500
-1,-1,,,35591.899999999,1,1764713228620
-1,-1,,,35698.099999994,1,1764713228726
-1,-1,,,35796.499999993,1,1764713228825
-1,-1,,,35895.799999997,1,1764713228924
-1,-1,,,36015.099999994,1,1764713229043
-1,-1,,,36129.199999996,1,1764713229157
-1,-1,,,36248.499999993,1,1764713229277
207.32,2.1,"u type your question",18,36373.199999996,1,1764713229402
154.67,56.18,"er you type your que",13,36479.099999994,1,1764713229507
72.38,67.53,"After you type y",6,36583.399999999,1,1764713229612
149.94,114.1,"ute for AI to finish",88,36684.599999994,1,1764713229713
279.58,164.56,"up here.",160,36796.699999996,1,1764713229825
340.44,158.67,"up here.",160,36902.599999994,1,1764713229931
385.2,184.5,"up here.",160,37004.099999994,1,1764713230032
405.25,220.55,"up here.",160,37092.299999997,1,1764713230121
384.26,234.08,"up here.",160,37184.399999999,1,1764713230213
418.31,293.65,"up here.",160,37288.499999993,1,1764713230317
415.44,267.44,"up here.",160,37391.599999994,1,1764713230420
398.56,211.91,"up here.",160,37479.699999996,1,1764713230508
374.99,159.34,"up here.",160,37563.799999997,1,1764713230592
364.24,152.96,"up here.",160,37669.199999996,1,1764713230698
491.57,125.11,"their answer. The A",119,37767.099999994,1,1764713230796
597.24,89.31,"swer. The AI's respo",128,37875.599999994,1,1764713230904
819.22,53.75,"ke up to 1",74,37985.299999997,1,1764713231014
-1,-1,,,38121.399999999,1,1764713231150
-1,-1,,,38239.899999999,1,1764713231268
-1,-1,,,38346.799999997,1,1764713231375
-1,-1,,,38447.599999994,1,1764713231476
-1,-1,,,38552.399999999,1,1764713231581
-1,-1,,,38661.299999997,1,1764713231689
-1,-1,,,38780.599999994,1,1764713231809
-1,-1,,,38886.299999997,1,1764713231914
-1,-1,,,38986.199999996,1,1764713232014
-1,-1,,,39078.099999994,1,1764713232106
-1,-1,,,39180.499999993,1,1764713232209
-1,-1,,,39341.899999999,1,1764713232370
-1,-1,,,39435.199999996,1,1764713232463
-1,-1,,,39521.399999999,1,1764713232549
-1,-1,,,39615.899999999,1,1764713232644
-1,-1,,,39717.299999997,1,1764713232745
-1,-1,,,39812.399999999,1,1764713232840
-1,-1,,,39900.999999993,1,1764713232929
-1,-1,,,39996.299999997,1,1764713233024
-1,-1,,,40102.799999997,1,1764713233131
-1,-1,,,40199.299999997,1,1764713233227
-1,-1,,,40295.799999997,1,1764713233324
-1,-1,,,40388.499999993,1,1764713233417
-1,-1,,,40475.799999997,1,1764713233504
-1,-1,,,40576.299999997,1,1764713233604
-1,-1,,,40673.399999999,1,1764713233702
-1,-1,,,40779.699999996,1,1764713233808
-1,-1,,,40868.899999999,1,1764713233897
-1,-1,,,40967.699999996,1,1764713233996
855.17,18.9,"e up to 1",75,41057.199999996,1,1764713234085
597.94,12.81,"tiently. It might ta",54,41147.599999994,1,1764713234176
393.59,36.2,"ion, please wait pat",35,41248.199999996,1,1764713234277
243.93,56.05,"ype your question, p",21,41344.699999996,1,1764713234373
116.98,54.97,"After you type your",10,41433.399999999,1,1764713234462
23.12,55.44,"After you t",1,41537.599999994,1,1764713234566
-1,-1,,,41632.299999997,1,1764713234660
-1,-1,,,41723.399999999,1,1764713234752
-1,-1,,,41827.999999993,1,1764713234856
-1,-1,,,41915.699999996,1,1764713234944
163.55,40.47,"r you type your ques",14,42018.199999996,1,1764713235047
348.16,46.6,"uestion, please wait",31,42115.699999996,1,1764713235145
539.03,75.23,"ait patiently. It mi",48,42208.899999999,1,1764713235237
689.23,94.43,"AI's response will",137,42299.799999997,1,1764713235328
829.98,118.79,"e will show",150,42392.999999993,1,1764713235422
-1,-1,,,42486.799999997,1,1764713235515
-1,-1,,,42596.499999993,1,1764713235625
-1,-1,,,42718.499999993,1,1764713235747
-1,-1,,,42818.099999994,1,1764713235846
-1,-1,,,42916.199999996,1,1764713235944
-1,-1,,,43018.399999999,1,1764713236047
-1,-1,,,43112.699999996,1,1764713236141
-1,-1,,,43208.599999994,1,1764713236237
-1,-1,,,43298.899999999,1,1764713236327
-1,-1,,,43390.299999997,1,1764713236419
-1,-1,,,43486.999999993,1,1764713236515
-1,-1,,,43609.299999997,1,1764713236638
-1,-1,,,43713.399999999,1,1764713236742
847.16,88.72,"will show",151,43809.999999993,1,1764713236838
764.95,33.11,"ht take up to 1",69,43903.199999996,1,1764713236932
-1,-1,,,43999.699999996,1,1764713237028
-1,-1,,,44092.699999996,1,1764713237121
-1,-1,,,44179.799999997,1,1764713237208
-1,-1,,,44280.099999994,1,1764713237308
-1,-1,,,44375.799999997,1,1764713237404
-1,-1,,,44467.699999996,1,1764713237496
-1,-1,,,44570.299999997,1,1764713237598
-1,-1,,,44661.199999996,1,1764713237689
-1,-1,,,44754.399999999,1,1764713237782
-1,-1,,,44845.099999994,1,1764713237873
-1,-1,,,44949.599999994,1,1764713237978
-1,-1,,,45043.499999993,1,1764713238072
-1,-1,,,45132.699999996,1,1764713238161
-1,-1,,,45222.199999996,1,1764713238250
-1,-1,,,45311.399999999,1,1764713238340
-1,-1,,,45442.399999999,1,1764713238471
-1,-1,,,45582.299999997,1,1764713238611
104.9,4,"After you type your",9,45722.599999994,1,1764713238751
185.44,40.17,"you type your questi",16,45858.499999993,1,1764713238887
223.76,28.85,"type your question,",19,45968.399999999,1,1764713238997
448.85,61.27,"please wait patientl",40,46075.999999993,1,1764713239104
602.52,46.53,"tiently. It might ta",54,46162.899999999,1,1764713239191
786.28,83.71,"ponse will show",146,46265.499999993,1,1764713239294
-1,-1,,,46361.499999993,1,1764713239390
-1,-1,,,46451.199999996,1,1764713239479
-1,-1,,,46547.499999993,1,1764713239576
-1,-1,,,46633.299999997,1,1764713239662
-1,-1,,,46735.499999993,1,1764713239764
-1,-1,,,46832.399999999,1,1764713239861
-1,-1,,,46928.299999997,1,1764713239957
-1,-1,,,47022.099999994,1,1764713240050
-1,-1,,,47106.399999999,1,1764713240135
-1,-1,,,47200.099999994,1,1764713240228
-1,-1,,,47289.199999996,1,1764713240317
-1,-1,,,47378.099999994,1,1764713240406
-1,-1,,,47464.499999993,1,1764713240493
-1,-1,,,47560.499999993,1,1764713240589
-1,-1,,,47646.399999999,1,1764713240675
-1,-1,,,47765.899999999,1,1764713240794
-1,-1,,,47871.599999994,1,1764713240900
-1,-1,,,47973.499999993,1,1764713241002
-1,-1,,,48065.999999993,1,1764713241094
-1,-1,,,48158.599999994,1,1764713241187
-1,-1,,,48248.899999999,1,1764713241277
-1,-1,,,48338.799999997,1,1764713241367
-1,-1,,,48423.399999999,1,1764713241452
-1,-1,,,48506.899999999,1,1764713241535
-1,-1,,,48601.199999996,1,1764713241629
-1,-1,,,48691.899999999,1,1764713241720
-1,-1,,,48792.399999999,1,1764713241820
-1,-1,,,48883.399999999,1,1764713241911
-1,-1,,,48967.999999993,1,1764713241996
-1,-1,,,49064.299999997,1,1764713242092
-1,-1,,,49158.399999999,1,1764713242186
339.65,8.12,"question, please wai",30,49249.199999996,1,1764713242278
356.13,149.99,"up here.",160,49338.999999993,1,1764713242367
337.42,269.08,"up here.",160,49442.499999993,1,1764713242471
327.99,259.8,"up here.",160,49538.999999993,1,1764713242569
292.17,178.41,"up here.",160,49629.399999999,1,1764713242658
281.52,165.7,"up here.",160,49724.099999994,1,1764713242753
256.16,143.33,"I to finish generati",97,49812.999999993,1,1764713242841
234.39,82.77,"AI to finish genera",95,49907.499999993,1,1764713242936
264.86,62.19,"e your question, ple",23,49992.299999997,1,1764713243021
340.21,80.87,"ish generating their",105,50096.899999999,1,1764713243125
391.85,99.36,"enerating their answ",110,50188.199999996,1,1764713243217
440.17,123.25,"ating their answer.",114,50284.799999997,1,1764713243313
556.32,92.44,"answer. The AI's re",125,50377.399999999,1,1764713243406
669.86,73.31,"y. It might take up",60,50466.899999999,1,1764713243495
863.6,25.43,"e up to 1",75,50560.199999996,1,1764713243588
-1,-1,,,50647.499999993,1,1764713243676
-1,-1,,,50741.399999999,1,1764713243770
-1,-1,,,50837.199999996,1,1764713243865
-1,-1,,,50930.499999993,1,1764713243959
-1,-1,,,51025.299999997,1,1764713244053
-1,-1,,,51122.099999994,1,1764713244150
-1,-1,,,51213.099999994,1,1764713244241
-1,-1,,,51307.599999994,1,1764713244336
-1,-1,,,51398.299999997,1,1764713244426
-1,-1,,,51489.099999994,1,1764713244517
-1,-1,,,51578.299999997,1,1764713244607
-1,-1,,,51661.799999997,1,1764713244690
-1,-1,,,51758.699999996,1,1764713244787
-1,-1,,,51845.999999993,1,1764713244874
-1,-1,,,51942.399999999,1,1764713244971
-1,-1,,,52032.899999999,1,1764713245061
-1,-1,,,52132.199999996,1,1764713245161
-1,-1,,,52227.799999997,1,1764713245256
780.37,356.05,"up here.",160,52317.099999994,1,1764713245345
695.74,300.78,"up here.",160,52409.799999997,1,1764713245438
754.52,224.65,"up here.",160,52506.599999994,1,1764713245535
848.52,157.49,"up here.",160,52608.799999997,1,1764713245637
825.7,128.45,"se will show",149,52710.599999994,1,1764713245739
-1,-1,,,52830.199999996,1,1764713245859
-1,-1,,,52960.199999996,1,1764713245989
-1,-1,,,53064.899999999,1,1764713246093
-1,-1,,,53164.199999996,1,1764713246192
-1,-1,,,53260.199999996,1,1764713246288
-1,-1,,,53367.299999997,1,1764713246395
-1,-1,,,53455.999999993,1,1764713246484
-1,-1,,,53541.699999996,1,1764713246570
-1,-1,,,53640.999999993,1,1764713246669
-1,-1,,,53731.699999996,1,1764713246760
-1,-1,,,53827.099999994,1,1764713246855
-1,-1,,,53927.699999996,1,1764713246956
-1,-1,,,54022.499999993,1,1764713247051
-1,-1,,,54120.699999996,1,1764713247149
-1,-1,,,54215.299999997,1,1764713247243
-1,-1,,,54307.899999999,1,1764713247336
-1,-1,,,54404.499999993,1,1764713247433
-1,-1,,,54491.299999997,1,1764713247519
-1,-1,,,54579.299999997,1,1764713247607
-1,-1,,,54667.999999993,1,1764713247696
-1,-1,,,54757.299999997,1,1764713247785
-1,-1,,,54859.199999996,1,1764713247887
-1,-1,,,54960.699999996,1,1764713247989
-1,-1,,,55057.099999994,1,1764713248085
-1,-1,,,55138.699999996,1,1764713248167
-1,-1,,,55222.899999999,1,1764713248251
-1,-1,,,55314.899999999,1,1764713248343
-1,-1,,,55430.399999999,1,1764713248458
-1,-1,,,55515.099999994,1,1764713248543
-1,-1,,,55606.199999996,1,1764713248634
-1,-1,,,55691.299999997,1,1764713248719
-1,-1,,,55794.499999993,1,1764713248823
-1,-1,,,55889.499999993,1,1764713248918
-1,-1,,,55990.099999994,1,1764713249018
-1,-1,,,56089.299999997,1,1764713249117
-1,-1,,,56177.699999996,1,1764713249206
-1,-1,,,56273.699999996,1,1764713249302
-1,-1,,,56358.999999993,1,1764713249387
-1,-1,,,56455.299999997,1,1764713249483
-1,-1,,,56538.099999994,1,1764713249566
-1,-1,,,56630.599999994,1,1764713249659
-1,-1,,,56724.099999994,1,1764713249752
-1,-1,,,56828.999999993,1,1764713249858
-1,-1,,,56957.999999993,1,1764713249986
-1,-1,,,57080.699999996,1,1764713250109
807.27,430.36,"up here.",160,57185.499999993,1,1764713250214
861.99,387.41,"up here.",160,57284.799999997,1,1764713250314
-1,-1,,,57391.199999996,1,1764713250420
-1,-1,,,57480.299999997,1,1764713250509
-1,-1,,,57568.199999996,1,1764713250597
-1,-1,,,57653.199999996,1,1764713250682
-1,-1,,,57762.299999997,1,1764713250791
-1,-1,,,57854.799999997,1,1764713250885
-1,-1,,,57955.799999997,1,1764713250984
-1,-1,,,58080.199999996,1,1764713251109
-1,-1,,,58175.899999999,1,1764713251205
-1,-1,,,58269.899999999,1,1764713251299
-1,-1,,,58359.699999996,1,1764713251388
-1,-1,,,58473.899999999,1,1764713251503
-1,-1,,,58577.899999999,1,1764713251607
-1,-1,,,58682.299999997,1,1764713251713
-1,-1,,,58805.599999994,1,1764713251835
-1,-1,,,58906.999999993,1,1764713251936
-1,-1,,,59011.699999996,1,1764713252041
-1,-1,,,59126.599999994,1,1764713252155
-1,-1,,,59230.399999999,1,1764713252259
-1,-1,,,59339.699999996,1,1764713252368
-1,-1,,,59434.399999999,1,1764713252463
-1,-1,,,59518.699999996,1,1764713252547
-1,-1,,,59620.099999994,1,1764713252648
-1,-1,,,59718.999999993,1,1764713252748
-1,-1,,,59826.799999997,1,1764713252855
-1,-1,,,59939.699999996,1,1764713252970
861.99,11.11,"t Arsenal",75,60053.699999996,1,1764713253082
772.4,28.81,"tion at Arsenal",69,60164.299999997,1,1764713253193
739.76,18.44,"olution at Arsenal",66,60267.299999997,1,1764713253296
-1,-1,,,60366.499999993,1,1764713253395
-1,-1,,,60504.099999994,1,1764713253533
-1,-1,,,60619.699999996,1,1764713253648
-1,-1,,,60736.599999994,1,1764713253765
872.16,4.01,"t Arsenal",75,60845.199999996,1,1764713253874
-1,-1,,,60945.599999994,1,1764713253974
724.81,8.45,"volution at Arsenal",65,61055.299999997,1,1764713254084
-1,-1,,,61162.099999994,1,1764713254190
564.59,16.77,"te’s tactical evolut",50,61268.799999997,1,1764713254297
503.76,11.58,"n White’s tactical e",45,61372.099999994,1,1764713254401
-1,-1,,,61488.299999997,1,1764713254516
-1,-1,,,61616.299999997,1,1764713254644
-1,-1,,,61727.899999999,1,1764713254756
-1,-1,,,61852.099999994,1,1764713254880
-1,-1,,,61964.199999996,1,1764713254992
-1,-1,,,62094.199999996,1,1764713255122
-1,-1,,,62212.199999996,1,1764713255240
-1,-1,,,62318.799999997,1,1764713255347
-1,-1,,,62427.399999999,1,1764713255456
-1,-1,,,62531.899999999,1,1764713255560
-1,-1,,,62641.899999999,1,1764713255670
-1,-1,,,62757.999999993,1,1764713255786
-1,-1,,,62867.399999999,1,1764713255895
-1,-1,,,62977.599999994,1,1764713256006
-1,-1,,,63095.999999993,1,1764713256124
-1,-1,,,63200.099999994,1,1764713256228
-1,-1,,,63306.599999994,1,1764713256335
-1,-1,,,63421.799999997,1,1764713256450
161.39,11.34,"ainly! Here’s a brea",14,63534.899999999,1,1764713256564
257.82,50.99,"re’s a breakdown of",23,63651.299999997,1,1764713256680
331.35,80.16,"highlighting his ve",104,63768.699999996,1,1764713256797
594.92,135.08,"ility and role shift",128,63892.399999999,1,1764713256921
749.59,139.98,"shifts:",142,64023.599999994,1,1764713257052
-1,-1,,,64136.799999997,1,1764713257165
-1,-1,,,64252.799999997,1,1764713257281
-1,-1,,,64369.299999997,1,1764713257398
-1,-1,,,64488.099999994,1,1764713257517
-1,-1,,,64630.299999997,1,1764713257659
-1,-1,,,64766.999999993,1,1764713257796
-1,-1,,,64888.999999993,1,1764713257918
-1,-1,,,65013.399999999,1,1764713258043
-1,-1,,,65136.199999996,1,1764713258165
-1,-1,,,65233.699999996,1,1764713258262
-1,-1,,,65344.899999999,1,1764713258373
-1,-1,,,65464.099999994,1,1764713258499
-1,-1,,,65579.199999996,1,1764713258608
-1,-1,,,65681.499999993,1,1764713258710
-1,-1,,,65807.499999993,1,1764713258836
-1,-1,,,65921.899999999,1,1764713258950
-1,-1,,,66032.799999997,1,1764713259061
-1,-1,,,66128.599999994,1,1764713259157
-1,-1,,,66234.999999993,1,1764713259263
-1,-1,,,66333.699999996,1,1764713259362
-1,-1,,,66425.799999997,1,1764713259454
-1,-1,,,66521.599999994,1,1764713259550
-1,-1,,,66609.299999997,1,1764713259637
-1,-1,,,66700.799999997,1,1764713259729
-1,-1,,,66795.799999997,1,1764713259824
-1,-1,,,66899.699999996,1,1764713259928
-1,-1,,,66992.899999999,1,1764713260021
-1,-1,,,67081.899999999,1,1764713260110
-1,-1,,,67167.299999997,1,1764713260195
-1,-1,,,67256.399999999,1,1764713260285
-1,-1,,,67356.899999999,1,1764713260385
-1,-1,,,67445.999999993,1,1764713260474
-1,-1,,,67536.699999996,1,1764713260565
-1,-1,,,67623.899999999,1,1764713260652
-1,-1,,,67731.999999993,1,1764713260760
-1,-1,,,67834.799999997,1,1764713260863
-1,-1,,,67946.799999997,1,1764713260975
-1,-1,,,68049.299999997,1,1764713261077
-1,-1,,,68150.999999993,1,1764713261179
-1,-1,,,68256.899999999,1,1764713261285
-1,-1,,,68356.099999994,1,1764713261384
-1,-1,,,68459.399999999,1,1764713261488
-1,-1,,,68551.299999997,1,1764713261579
-1,-1,,,68650.599999994,1,1764713261679
-1,-1,,,68748.699999996,1,1764713261777
-1,-1,,,68837.899999999,1,1764713261866
-1,-1,,,68936.699999996,1,1764713261965
-1,-1,,,69032.299999997,1,1764713262060
-1,-1,,,69126.499999993,1,1764713262155
-1,-1,,,69225.299999997,1,1764713262253
-1,-1,,,69318.499999993,1,1764713262347
-1,-1,,,69402.299999997,1,1764713262431
-1,-1,,,69483.599999994,1,1764713262512
-1,-1,,,69587.599999994,1,1764713262616
-1,-1,,,69673.199999996,1,1764713262701
-1,-1,,,69781.699999996,1,1764713262810
-1,-1,,,69878.299999997,1,1764713262906
-1,-1,,,69979.199999996,1,1764713263007
-1,-1,,,70087.999999993,1,1764713263116
-1,-1,,,70202.299999997,1,1764713263230
-1,-1,,,70315.099999994,1,1764713263343
-1,-1,,,70423.699999996,1,1764713263452
-1,-1,,,70522.899999999,1,1764713263551
-1,-1,,,70623.099999994,1,1764713263651
-1,-1,,,70719.799999997,1,1764713263748
-1,-1,,,70811.299999997,1,1764713263839
-1,-1,,,70917.999999993,1,1764713263946
-1,-1,,,71026.499999993,1,1764713264055
-1,-1,,,71136.199999996,1,1764713264165
-1,-1,,,71229.999999993,1,1764713264258
-1,-1,,,71349.999999993,1,1764713264378
-1,-1,,,71445.799999997,1,1764713264474
-1,-1,,,71533.099999994,1,1764713264561
-1,-1,,,71621.299999997,1,1764713264649
-1,-1,,,71708.199999996,1,1764713264736
-1,-1,,,71803.999999993,1,1764713264832
-1,-1,,,71895.999999993,1,1764713264924
-1,-1,,,71992.499999993,1,1764713265021
-1,-1,,,72094.299999997,1,1764713265122
-1,-1,,,72194.399999999,1,1764713265223
-1,-1,,,72284.799999997,1,1764713265313
-1,-1,,,72388.599999994,1,1764713265417
-1,-1,,,72485.299999997,1,1764713265513
-1,-1,,,72571.299999997,1,1764713265599
-1,-1,,,72653.099999994,1,1764713265681
-1,-1,,,72758.799999997,1,1764713265787
-1,-1,,,72867.799999997,1,1764713265896
-1,-1,,,72963.599999994,1,1764713265992
-1,-1,,,73071.499999993,1,1764713266100
-1,-1,,,73164.899999999,1,1764713266193
-1,-1,,,73246.899999999,1,1764713266275
-1,-1,,,73334.999999993,1,1764713266363
-1,-1,,,73425.699999996,1,1764713266454
-1,-1,,,73518.099999994,1,1764713266546
-1,-1,,,73612.499999993,1,1764713266641
-1,-1,,,73704.099999994,1,1764713266732
-1,-1,,,73820.599999994,1,1764713266849
-1,-1,,,73925.199999996,1,1764713266953
-1,-1,,,74039.199999996,1,1764713267067
-1,-1,,,74145.899999999,1,1764713267174
-1,-1,,,74246.899999999,1,1764713267275
-1,-1,,,74350.599999994,1,1764713267379
-1,-1,,,74466.099999994,1,1764713267494
-1,-1,,,74573.199999996,1,1764713267601
-1,-1,,,74686.899999999,1,1764713267715
-1,-1,,,74796.299999997,1,1764713267825
-1,-1,,,74973.399999999,1,1764713268002
528.46,509.1,"em, covering spaces",412,75120.799999997,1,1764713268149
490.92,382.77,"up, progressive pass",324,75240.199999996,1,1764713268269
398.59,324.51,,,75363.799999997,1,1764713268392
335.95,274.28,,,75459.899999999,1,1764713268489
263.63,260.13,,,75690.599999994,1,1764713268719
199.53,248.49,,,75749.199999996,1,1764713268860
294.74,235.91,,,75963.599999994,1,1764713290275
368.34,318.26,,,76061.099999994,1,1764713290372
401.71,375.62,"in buildup, progress",316,76153.999999993,1,1764713290466
466.6,457.95,"nance**.",364,76274.299999997,1,1764713290587
-1,-1,,,76424.799999997,1,1764713290735
-1,-1,,,76549.299999997,1,1764713290860
-1,-1,,,76675.899999991,1,1764713290987
-1,-1,,,76793.099999994,1,1764713291104
-1,-1,,,76910.899999991,1,1764713291222
-1,-1,,,77021.899999991,1,1764713291333
-1,-1,,,77158.199999996,1,1764713291469
-1,-1,,,77298.499999993,1,1764713291609
-1,-1,,,77426.799999997,1,1764713291738
-1,-1,,,77559.999999993,1,1764713291871
-1,-1,,,77683.199999996,1,1764713291994
-1,-1,,,77802.999999993,1,1764713292114
-1,-1,,,77922.899999991,1,1764713292234
-1,-1,,,78040.899999991,1,1764713292352
-1,-1,,,78164.099999994,1,1764713292475
-1,-1,,,78293.799999997,1,1764713292605
-1,-1,,,78433.399999991,1,1764713292744
-1,-1,,,78573.699999996,1,1764713292884
-1,-1,,,78721.799999997,1,1764713293033
-1,-1,,,78852.599999994,1,1764713293163
-1,-1,,,78960.699999996,1,1764713293271
-1,-1,,,79074.499999993,1,1764713293385
-1,-1,,,79188.699999996,1,1764713293499
-1,-1,,,79312.899999991,1,1764713293624
-1,-1,,,79448.999999993,1,1764713293760
-1,-1,,,79591.399999991,1,1764713293902
-1,-1,,,79742.899999991,1,1764713294054
-1,-1,,,79871.899999991,1,1764713294183
-1,-1,,,79983.899999991,1,1764713294295
-1,-1,,,80117.899999991,1,1764713294429
-1,-1,,,80258.799999997,1,1764713294569
-1,-1,,,80389.099999994,1,1764713294700
-1,-1,,,80519.199999996,1,1764713294830
-1,-1,,,80641.799999997,1,1764713294952
-1,-1,,,80764.699999996,1,1764713295075
-1,-1,,,80887.399999991,1,1764713295198
-1,-1,,,81005.099999994,1,1764713295316
-1,-1,,,81128.799999997,1,1764713295439
-1,-1,,,81253.999999993,1,1764713295565
-1,-1,,,81376.999999993,1,1764713295688
-1,-1,,,81492.199999996,1,1764713295803
-1,-1,,,81613.699999996,1,1764713295925
-1,-1,,,81742.999999993,1,1764713296054
-1,-1,,,81852.199999996,1,1764713296163
-1,-1,,,81962.899999991,1,1764713296274
-1,-1,,,82075.499999993,1,1764713296386
-1,-1,,,82198.599999994,1,1764713296509
-1,-1,,,82314.399999991,1,1764713296625
-1,-1,,,82429.699999996,1,1764713296740
-1,-1,,,82549.199999996,1,1764713296860
-1,-1,,,82673.599999994,1,1764713296984
-1,-1,,,82784.999999993,1,1764713297096
-1,-1,,,82910.699999996,1,1764713297221
-1,-1,,,83039.399999991,1,1764713297350
-1,-1,,,83155.399999991,1,1764713297466
-1,-1,,,83265.399999991,1,1764713297576
-1,-1,,,83385.199999996,1,1764713297696
-1,-1,,,83498.899999991,1,1764713297810
-1,-1,,,83645.599999994,1,1764713297957
-1,-1,,,83777.899999991,1,1764713298089
-1,-1,,,83896.499999993,1,1764713298207
-1,-1,,,84004.999999993,1,1764713298316
-1,-1,,,84120.499999993,1,1764713298432
-1,-1,,,84236.499999993,1,1764713298547
-1,-1,,,84356.499999993,1,1764713298667
-1,-1,,,84472.499999993,1,1764713298783
-1,-1,,,84606.499999993,1,1764713298917
-1,-1,,,84719.099999994,1,1764713299030
-1,-1,,,84848.799999997,1,1764713299160
-1,-1,,,84965.699999996,1,1764713299276
-1,-1,,,85085.699999996,1,1764713299396
-1,-1,,,85198.599999994,1,1764713299510
-1,-1,,,85309.099999994,1,1764713299620
-1,-1,,,85422.899999991,1,1764713299734
-1,-1,,,85531.499999993,1,1764713299842
-1,-1,,,85646.699999996,1,1764713299957
-1,-1,,,85754.199999996,1,1764713300065
-1,-1,,,85863.299999997,1,1764713300174
-1,-1,,,85977.899999991,1,1764713300289
-1,-1,,,86074.699999996,1,1764713300385
-1,-1,,,86169.299999997,1,1764713300480
-1,-1,,,86267.699999996,1,1764713300578
-1,-1,,,86356.599999994,1,1764713300667
-1,-1,,,86450.599999994,1,1764713300761
-1,-1,,,86546.399999991,1,1764713300857
-1,-1,,,86633.099999994,1,1764713300944
-1,-1,,,86729.799999997,1,1764713301041
-1,-1,,,86840.499999993,1,1764713301151
-1,-1,,,86950.799999997,1,1764713301262
-1,-1,,,87058.399999991,1,1764713301369
-1,-1,,,87164.899999991,1,1764713301476
-1,-1,,,87262.599999994,1,1764713301573
-1,-1,,,87359.499999993,1,1764713301670
-1,-1,,,87464.299999997,1,1764713301775
-1,-1,,,87589.299999997,1,1764713301900
-1,-1,,,87709.799999997,1,1764713302021
-1,-1,,,87832.299999997,1,1764713302143
-1,-1,,,87948.999999993,1,1764713302260
-1,-1,,,88071.899999991,1,1764713302383
-1,-1,,,88193.899999991,1,1764713302505
-1,-1,,,88296.999999993,1,1764713302608
-1,-1,,,88408.999999993,1,1764713302720
-1,-1,,,88528.699999996,1,1764713302839
-1,-1,,,88626.399999991,1,1764713302937
-1,-1,,,88748.899999991,1,1764713303060
-1,-1,,,88860.099999994,1,1764713303171
-1,-1,,,88985.499999993,1,1764713303297
-1,-1,,,89134.899999991,1,1764713303446
-1,-1,,,89241.399999991,1,1764713303553
-1,-1,,,89340.399999991,1,1764713303652
-1,-1,,,89432.599999994,1,1764713303744
-1,-1,,,89529.099999994,1,1764713303840
-1,-1,,,89656.199999996,1,1764713303968
765.63,148.04,"shifts:",142,89770.199999996,1,1764713304083
685.8,102.07,"role shifts:",137,89877.299999997,1,1764713304189
663.03,107.35,"and role shifts:",134,89990.699999996,1,1764713304302
566.02,64.64,"e’s tactical evoluti",51,90089.199999996,1,1764713304400
502.7,69.46,"n White’s tactical e",45,90190.099999994,1,1764713304501
426.62,74.86,"n of Ben White’s tac",38,90290.399999991,1,1764713304601
564.27,62.84,"te’s tactical evolut",50,90392.799999997,1,1764713304704
698.5,189.04,"r-Back**",188,90506.199999996,1,1764713304817
-1,-1,,,90628.899999991,1,1764713304940
-1,-1,,,90725.999999993,1,1764713305037
-1,-1,,,90825.099999994,1,1764713305136
-1,-1,,,90935.499999993,1,1764713305246
-1,-1,,,91034.599999994,1,1764713305346
-1,-1,,,91132.899999991,1,1764713305444
-1,-1,,,91223.999999993,1,1764713305535
-1,-1,,,91308.299999997,1,1764713305620
-1,-1,,,91415.999999993,1,1764713305730
-1,-1,,,91541.899999991,1,1764713305853
-1,-1,,,91642.299999997,1,1764713305953
-1,-1,,,91770.399999991,1,1764713306081
-1,-1,,,91877.099999994,1,1764713306188
-1,-1,,,91981.099999994,1,1764713306292
-1,-1,,,92071.299999997,1,1764713306382
-1,-1,,,92161.699999996,1,1764713306472
-1,-1,,,92250.699999996,1,1764713306561
-1,-1,,,92336.899999991,1,1764713306648
-1,-1,,,92422.599999994,1,1764713306733
-1,-1,,,92513.399999991,1,1764713306824
-1,-1,,,92624.299999997,1,1764713306935
-1,-1,,,92738.199999996,1,1764713307049
-1,-1,,,92856.199999996,1,1764713307167
-1,-1,,,92969.999999993,1,1764713307282
724.37,427.97,"ng, and aerial",345,93072.699999996,1,1764713307384
728.62,241.3,"artnering with",254,93189.099999994,1,1764713307500
741.36,208.03,"r-Back**",188,93279.499999993,1,1764713307591
725.97,147.62,"le shifts:",140,93389.299999997,1,1764713307700
692.59,61.38,"l evolution at Arsen",62,93511.799999997,1,1764713307823
-1,-1,,,93621.999999993,1,1764713307934
-1,-1,,,93743.599999994,1,1764713308055
-1,-1,,,93860.399999991,1,1764713308171
-1,-1,,,93965.599999994,1,1764713308276
-1,-1,,,94070.499999993,1,1764713308381
-1,-1,,,94175.699999996,1,1764713308486
-1,-1,,,94271.299999997,1,1764713308582
-1,-1,,,94371.199999996,1,1764713308682
223.85,186.56,"ial Role (2021-22):",163,94477.399999991,1,1764713308789
254,283.65,"marily as a **ball-p",211,94598.699999996,1,1764713308910
332.87,213.76,"(2021-22): Center-Ba",172,94709.399999991,1,1764713309021
336.47,160.81,"2021-22): Center-Bac",173,94821.599999994,1,1764713309133
356.59,88.35,"ghlighting his versa",107,94933.299999997,1,1764713309244
410.49,122.38,"ghting his versatili",111,95036.099999994,1,1764713309347
473.34,111.8,"his versatility and",117,95143.599999994,1,1764713309455
478.5,55.43,"galhães.",279,95261.799999997,1,1764713309573
572.14,82.4,"nance**.",364,95368.599999994,1,1764713309680
701.67,216.05,"ession, acting as a",785,95485.199999996,1,1764713309796
772.68,198.01,"ement)**",898,95657.699999996,1,1764713309969
825.19,205.54,"erlaps or",1037,95778.999999993,1,1764713310090
852.59,181.8,"or Saka.",1298,95897.899999991,1,1764713310210
-1,-1,,,96012.899999991,1,1764713310324
-1,-1,,,96120.599999994,1,1764713310432
-1,-1,,,96233.799999997,1,1764713310545
-1,-1,,,96345.399999991,1,1764713310657
-1,-1,,,96470.299999997,1,1764713310781
-1,-1,,,96585.199999996,1,1764713310896
-1,-1,,,96684.699999996,1,1764713310995
-1,-1,,,96817.699999996,1,1764713311128
-1,-1,,,96939.599999994,1,1764713311250
-1,-1,,,97049.799999997,1,1764713311361
-1,-1,,,97153.199999996,1,1764713311464
-1,-1,,,97252.199999996,1,1764713311563
-1,-1,,,97355.499999993,1,1764713311666
-1,-1,,,97458.699999996,1,1764713311769
-1,-1,,,97569.099999994,1,1764713311880
-1,-1,,,97705.699999996,1,1764713312016
-1,-1,,,97815.099999994,1,1764713312126
-1,-1,,,97912.399999991,1,1764713312223
-1,-1,,,98005.399999991,1,1764713312316
-1,-1,,,98095.499999993,1,1764713312406
-1,-1,,,98198.499999993,1,1764713312509
-1,-1,,,98291.199999996,1,1764713312602
-1,-1,,,98390.599999994,1,1764713312701
-1,-1,,,98499.399999991,1,1764713312810
-1,-1,,,98613.299999997,1,1764713312924
-1,-1,,,98723.399999991,1,1764713313034
-1,-1,,,98831.299999997,1,1764713313142
-1,-1,,,98923.799999997,1,1764713313234
-1,-1,,,99032.299999997,1,1764713313343
-1,-1,,,99140.899999991,1,1764713313452
-1,-1,,,99240.299999997,1,1764713313551
-1,-1,,,99347.699999996,1,1764713313659
-1,-1,,,99457.299999997,1,1764713313768
-1,-1,,,99554.599999994,1,1764713313865
-1,-1,,,99656.399999991,1,1764713313967
-1,-1,,,99767.599999994,1,1764713314078
-1,-1,,,99866.299999997,1,1764713314177
-1,-1,,,99972.299999997,1,1764713314283
-1,-1,,,100064.7,1,1764713314375
-1,-1,,,100161.7,1,1764713314472
-1,-1,,,100247.89999999,1,1764713314559
-1,-1,,,100342.59999999,1,1764713314653
-1,-1,,,100440.99999999,1,1764713314752
-1,-1,,,100548.59999999,1,1764713314859
-1,-1,,,100668.59999999,1,1764713314979
-1,-1,,,100790.89999999,1,1764713315102
-1,-1,,,100896.8,1,1764713315207
-1,-1,,,101029.49999999,1,1764713315340
-1,-1,,,101141.7,1,1764713315452
-1,-1,,,101236.8,1,1764713315548
-1,-1,,,101331.8,1,1764713315642
-1,-1,,,101424.09999999,1,1764713315735
-1,-1,,,101518.8,1,1764713315830
-1,-1,,,101618.59999999,1,1764713315929
-1,-1,,,101718.49999999,1,1764713316029
-1,-1,,,101849.49999999,1,1764713316160
-1,-1,,,101950.3,1,1764713316261
-1,-1,,,102084.89999999,1,1764713316396
-1,-1,,,102220.89999999,1,1764713316532
834.65,476.59,"ecurity.",1937,102329.59999999,1,1764713316641
743.67,418.76,"game.",1861,102423.8,1,1764713316735
665.74,364.58,"switch formations mi",1842,102522.89999999,1,1764713316834
619.5,344.51,"l to switch formatio",1837,102621.8,1,1764713316933
463.47,288.02,,,102719.2,1,1764713317030
329.04,247.67,,,102818.7,1,1764713317130
234.03,224.86,,,102914.59999999,1,1764713317226
357.33,282.76,,,103002.7,1,1764713317314
434.55,293.69,,,103094.7,1,1764713317406
506.26,342.02,"ows Arsenal to switc",1827,103186.2,1,1764713317497
490.76,352.64,"lows Arsenal to swit",1826,103275.3,1,1764713317586
443.59,344.14,"**—allows Arsenal to",1821,103374.99999999,1,1764713317687
413.44,336.79,"ty**—allows Arsenal",1819,103612.09999999,1,1764713317924
395.15,331.49,"dity**—allows Arsena",1817,103703.2,1,1764713318015
382.64,310.37,,,103808.8,1,1764713318120
397.22,349.55,"dity**—allows Arsena",1817,103898.89999999,1,1764713318210
424.98,361.97,"y**—allows Arsenal t",1820,103991.09999999,1,1764713318302
438.76,357.87,"**—allows Arsenal to",1821,104083.3,1,1764713318394
466.1,372.73,"allows Arsenal to sw",1824,104182.3,1,1764713318493
383.92,363.72,"idity**—allows Arsen",1816,104268.49999999,1,1764713318580
322.74,350.12,"l rigidity**—allows",1811,104364.59999999,1,1764713318676
259.06,322.33,,,104469.99999999,1,1764713318781
217.12,308.88,,,104652.3,1,1764713318963
204.08,330.57,"ces tactical rigidit",1800,104774.99999999,1,1764713319090
352.48,403.72,"game.",1861,104962.09999999,1,1764713341049
386.59,505.19,"n buildup without sa",1896,105065.79999999,1,1764713341153
-1,-1,,,105167.2,1,1764713341254
-1,-1,,,105283.2,1,1764713341370
-1,-1,,,105426.29999999,1,1764713341517
-1,-1,,,105554.09999999,1,1764713341640
-1,-1,,,105646.59999999,1,1764713341733
-1,-1,,,105766.79999999,1,1764713341853
-1,-1,,,105915.59999999,1,1764713342002
733.97,94.62,"needed.",1602,106026.09999999,1,1764713342114
-1,-1,,,106192.09999999,1,1764713342279
-1,-1,,,106312.49999999,1,1764713342399
-1,-1,,,106412.59999999,1,1764713342499
-1,-1,,,106508.2,1,1764713342595
-1,-1,,,106602.89999999,1,1764713342691
-1,-1,,,106694.79999999,1,1764713342781
-1,-1,,,106787.09999999,1,1764713342873
-1,-1,,,106897.59999999,1,1764713342984
-1,-1,,,107039.2,1,1764713343126
-1,-1,,,107144.7,1,1764713343231
-1,-1,,,107255.29999999,1,1764713343342
-1,-1,,,107361.39999999,1,1764713343448
-1,-1,,,107456.49999999,1,1764713343543
-1,-1,,,107551.09999999,1,1764713343637
-1,-1,,,107646.99999999,1,1764713343733
-1,-1,,,107738.7,1,1764713343825
-1,-1,,,107836.49999999,1,1764713343923
482.12,34.73,"phase**:",1544,107952.2,1,1764713344039
409.77,5.91,"phase**:",1544,108084.99999999,1,1764713344172
322.91,5.04,"phase**:",1544,108187.89999999,1,1764713344274
-1,-1,,,108278.29999999,1,1764713344365
-1,-1,,,108381.39999999,1,1764713344468
-1,-1,,,108473.7,1,1764713344560
-1,-1,,,108567.7,1,1764713344654
-1,-1,,,108652.59999999,1,1764713344739
-1,-1,,,108748.79999999,1,1764713344835
-1,-1,,,108853.39999999,1,1764713344940
-1,-1,,,108954.39999999,1,1764713345041
-1,-1,,,109063.49999999,1,1764713345150
-1,-1,,,109166.29999999,1,1764713345253
-1,-1,,,109270.99999999,1,1764713345357
360.88,25.63,"phase**:",1544,109368.7,1,1764713345455
349.95,12.87,"phase**:",1544,109460.7,1,1764713345547
356.78,38.08,"phase**:",1544,109549.49999999,1,1764713345636
363.1,79.05,"ka** to create width",1577,109644.49999999,1,1764713345731
355.12,131.38,"dfield** to help ove",1634,109746.49999999,1,1764713345833
303.33,83.51,"th Saka** to create",1572,109856.49999999,1,1764713345944
305.89,74.74,"th Saka** to create",1572,109963.09999999,1,1764713346050
273.42,20.05,"phase**:",1544,110074.99999999,1,1764713346162
-1,-1,,,110177.09999999,1,1764713346264
236.7,8.9,"ng phase**:",1541,110273.49999999,1,1764713346360
-1,-1,,,110359.39999999,1,1764713346446
-1,-1,,,110448.49999999,1,1764713346535
-1,-1,,,110535.29999999,1,1764713346622
-1,-1,,,110628.09999999,1,1764713346715
-1,-1,,,110717.39999999,1,1764713346804
-1,-1,,,110816.79999999,1,1764713346903
-1,-1,,,110911.79999999,1,1764713346998
-1,-1,,,111028.59999999,1,1764713347115
-1,-1,,,111135.49999999,1,1764713347222
362.07,36.72,"phase**:",1544,111232.7,1,1764713347320
434.68,3.48,"phase**:",1544,111341.2,1,1764713347429
489.36,30.78,"phase**:",1544,111443.59999999,1,1764713347530
475.94,53.19,"eate width when need",1587,111550.09999999,1,1764713347637
475.25,10.84,"phase**:",1544,111655.59999999,1,1764713347742
-1,-1,,,111763.7,1,1764713347851
-1,-1,,,111890.39999999,1,1764713347977
457.64,7.31,"phase**:",1544,112029.7,1,1764713348116
471.26,7.94,"phase**:",1544,112154.7,1,1764713348241
-1,-1,,,112264.59999999,1,1764713348351
438.22,2.49,"phase**:",1544,112368.89999999,1,1764713348455
511.78,11.13,"phase**:",1544,112472.39999999,1,1764713348559
546.24,18.16,"phase**:",1544,112588.29999999,1,1764713348675
653.84,19.75,"phase**:",1544,112698.79999999,1,1764713348785
-1,-1,,,112808.79999999,1,1764713348895
-1,-1,,,112975.99999999,1,1764713349062
-1,-1,,,113101.49999999,1,1764713349188
-1,-1,,,113211.09999999,1,1764713349299
-1,-1,,,113319.89999999,1,1764713349406
-1,-1,,,113423.79999999,1,1764713349510
-1,-1,,,113530.59999999,1,1764713349617
-1,-1,,,113644.39999999,1,1764713349731
-1,-1,,,113769.29999999,1,1764713349856
-1,-1,,,113888.89999999,1,1764713349975
-1,-1,,,114019.09999999,1,1764713350105
-1,-1,,,114149.29999999,1,1764713350236
-1,-1,,,114266.79999999,1,1764713350353
-1,-1,,,114356.49999999,1,1764713350443
-1,-1,,,114450.89999999,1,1764713350537
-1,-1,,,114554.59999999,1,1764713350641
-1,-1,,,114646.79999999,1,1764713350733
-1,-1,,,114743.09999999,1,1764713350829
-1,-1,,,114837.79999999,1,1764713350924
-1,-1,,,114934.59999999,1,1764713351021
-1,-1,,,115034.99999999,1,1764713351121
-1,-1,,,115137.39999999,1,1764713351224
-1,-1,,,115235.49999999,1,1764713351322
-1,-1,,,115330.39999999,1,1764713351417
-1,-1,,,115414.29999999,1,1764713351501
-1,-1,,,115513.2,1,1764713351600
-1,-1,,,115608.89999999,1,1764713351695
-1,-1,,,115697.99999999,1,1764713351784
-1,-1,,,115785.89999999,1,1764713351872
-1,-1,,,115882.39999999,1,1764713351969
-1,-1,,,115994.2,1,1764713352080
-1,-1,,,116094.89999999,1,1764713352181
-1,-1,,,116193.39999999,1,1764713352280
-1,-1,,,116295.2,1,1764713352382
-1,-1,,,116387.7,1,1764713352474
-1,-1,,,116483.39999999,1,1764713352570
-1,-1,,,116581.89999999,1,1764713352669
-1,-1,,,116702.49999999,1,1764713352789
-1,-1,,,116815.79999999,1,1764713352902
-1,-1,,,116931.2,1,1764713353018
-1,-1,,,117048.89999999,1,1764713353136
-1,-1,,,117158.09999999,1,1764713353245
-1,-1,,,117261.79999999,1,1764713353349
-1,-1,,,117383.89999999,1,1764713353471
-1,-1,,,117495.2,1,1764713353582
-1,-1,,,117610.09999999,1,1764713353697
-1,-1,,,117732.29999999,1,1764713353819
662.85,11.9,"phase**:",1544,117853.79999999,1,1764713353941
648.01,0.79,"phase**:",1544,117969.99999999,1,1764713354057
601.55,7.03,"phase**:",1544,118096.09999999,1,1764713354183
640.45,9.63,"phase**:",1544,118204.39999999,1,1764713354291
631.42,105.58,"needed.",1602,118317.2,1,1764713354404
755.54,115.43,"l zones.",1666,118450.39999999,1,1764713354537
870.82,119.81,"l zones.",1666,118548.89999999,1,1764713354636
-1,-1,,,118650.09999999,1,1764713354737
-1,-1,,,118746.2,1,1764713354833
-1,-1,,,118837.99999999,1,1764713354925
-1,-1,,,118937.89999999,1,1764713355025
-1,-1,,,119032.29999999,1,1764713355119
-1,-1,,,119120.79999999,1,1764713355207
-1,-1,,,119208.29999999,1,1764713355295
-1,-1,,,119297.2,1,1764713355385
-1,-1,,,119394.89999999,1,1764713355482
-1,-1,,,119481.29999999,1,1764713355568
-1,-1,,,119574.09999999,1,1764713355661
-1,-1,,,119664.09999999,1,1764713355751
-1,-1,,,119756.79999999,1,1764713355844
-1,-1,,,119842.39999999,1,1764713355929
-1,-1,,,119934.09999999,1,1764713356021
-1,-1,,,120020.79999999,1,1764713356108
-1,-1,,,120114.29999999,1,1764713356201
-1,-1,,,120201.2,1,1764713356288
-1,-1,,,120296.89999999,1,1764713356384
-1,-1,,,120386.2,1,1764713356473
-1,-1,,,120486.49999999,1,1764713356573
-1,-1,,,120567.7,1,1764713356654
-1,-1,,,120661.59999999,1,1764713356749
-1,-1,,,120751.7,1,1764713356839
-1,-1,,,120843.49999999,1,1764713356930
-1,-1,,,120930.2,1,1764713357017
-1,-1,,,121029.09999999,1,1764713357116
823.24,213.21,"tility**",1714,121120.49999999,1,1764713357207
759.64,103.88,"needed.",1602,121212.39999999,1,1764713357300
733,9.8,"phase**:",1544,121311.59999999,1,1764713357399
-1,-1,,,121403.89999999,1,1764713357490
-1,-1,,,121495.39999999,1,1764713357582
-1,-1,,,121578.39999999,1,1764713357665
-1,-1,,,121659.7,1,1764713357748
-1,-1,,,121760.2,1,1764713357847
-1,-1,,,121845.2,1,1764713357932
-1,-1,,,121939.7,1,1764713358026
-1,-1,,,122036.89999999,1,1764713358124
-1,-1,,,122133.99999999,1,1764713358221
-1,-1,,,122234.39999999,1,1764713358321
-1,-1,,,122324.09999999,1,1764713358413
-1,-1,,,122422.29999999,1,1764713358510
-1,-1,,,122513.79999999,1,1764713358601
-1,-1,,,122599.79999999,1,1764713358687
-1,-1,,,122691.09999999,1,1764713358778
-1,-1,,,122783.49999999,1,1764713358870
-1,-1,,,122886.59999999,1,1764713358975
-1,-1,,,122993.39999999,1,1764713359080
854.29,218.77,"tility**",1714,123085.79999999,1,1764713359173
771.01,216.02,"tility**",1714,123183.2,1,1764713359270
718.3,221.17,"tility**",1714,123281.2,1,1764713359368
628.25,213.57,"tility**",1714,123373.49999999,1,1764713359462
587.53,150.16,"oad central zones.",1656,123470.29999999,1,1764713359560
611.3,58.18,"en needed.",1600,123569.29999999,1,1764713359656
634.33,35.03,"phase**:",1544,123668.89999999,1,1764713359755
-1,-1,,,123761.2,1,1764713359847
-1,-1,,,123852.09999999,1,1764713359938
-1,-1,,,123947.29999999,1,1764713360034
-1,-1,,,124064.79999999,1,1764713360151
-1,-1,,,124186.7,1,1764713360273
640.19,35.16,"phase**:",1544,124298.99999999,1,1764713360387
649.25,165.85,"entral zones.",1661,124416.29999999,1,1764713360503
675.4,359.66,"witch formations mid",1843,124528.89999999,1,1764713360616
652.01,406.22,"game.",1861,124631.89999999,1,1764713360719
-1,-1,,,124722.99999999,1,1764713360809
-1,-1,,,124809.99999999,1,1764713360896
-1,-1,,,124899.29999999,1,1764713360986
-1,-1,,,125016.29999999,1,1764713361103
-1,-1,,,125111.89999999,1,1764713361198
-1,-1,,,125209.2,1,1764713361295
-1,-1,,,125300.7,1,1764713361387
-1,-1,,,125398.2,1,1764713361485
-1,-1,,,125480.89999999,1,1764713361567
-1,-1,,,125580.29999999,1,1764713361667
-1,-1,,,125677.09999999,1,1764713361764
-1,-1,,,125763.89999999,1,1764713361850
-1,-1,,,125873.79999999,1,1764713361960
-1,-1,,,125973.2,1,1764713362059
-1,-1,,,126075.7,1,1764713362162
-1,-1,,,126167.09999999,1,1764713362253
-1,-1,,,126262.89999999,1,1764713362349
-1,-1,,,126363.59999999,1,1764713362450
-1,-1,,,126449.09999999,1,1764713362535
-1,-1,,,126548.99999999,1,1764713362635
-1,-1,,,126639.7,1,1764713362726
-1,-1,,,126732.49999999,1,1764713362819
-1,-1,,,126819.09999999,1,1764713362905
-1,-1,,,126915.59999999,1,1764713363002
-1,-1,,,127021.59999999,1,1764713363108
-1,-1,,,127127.29999999,1,1764713363214
-1,-1,,,127222.59999999,1,1764713363309
-1,-1,,,127321.7,1,1764713363408
-1,-1,,,127405.09999999,1,1764713363491
-1,-1,,,127495.7,1,1764713363582
-1,-1,,,127576.49999999,1,1764713363663
-1,-1,,,127674.79999999,1,1764713363761
-1,-1,,,127761.79999999,1,1764713363848
-1,-1,,,127861.99999999,1,1764713363948
-1,-1,,,127972.2,1,1764713364059
-1,-1,,,128094.7,1,1764713364181
-1,-1,,,128207.49999999,1,1764713364294
-1,-1,,,128300.49999999,1,1764713364387
-1,-1,,,128391.49999999,1,1764713364478
-1,-1,,,128474.89999999,1,1764713364561
-1,-1,,,128581.49999999,1,1764713364668
-1,-1,,,128667.7,1,1764713364754
-1,-1,,,128755.2,1,1764713364842
-1,-1,,,128843.49999999,1,1764713364930
-1,-1,,,128961.79999999,1,1764713365048
-1,-1,,,129059.79999999,1,1764713365146
-1,-1,,,129148.29999999,1,1764713365235
-1,-1,,,129240.7,1,1764713365327
-1,-1,,,129343.39999999,1,1764713365430
-1,-1,,,129426.99999999,1,1764713365513
-1,-1,,,129515.09999999,1,1764713365601
-1,-1,,,129595.59999999,1,1764713365682
-1,-1,,,129690.2,1,1764713365777
-1,-1,,,129784.59999999,1,1764713365871
-1,-1,,,129875.39999999,1,1764713365962
-1,-1,,,129969.79999999,1,1764713366056
-1,-1,,,130061.59999999,1,1764713366149
-1,-1,,,130156.99999999,1,1764713366243
-1,-1,,,130242.59999999,1,1764713366329
-1,-1,,,130333.79999999,1,1764713366420
-1,-1,,,130422.09999999,1,1764713366508
-1,-1,,,130505.79999999,1,1764713366592
-1,-1,,,130588.89999999,1,1764713366677
-1,-1,,,130682.29999999,1,1764713366769
-1,-1,,,130774.29999999,1,1764713366861
-1,-1,,,130867.09999999,1,1764713366953
-1,-1,,,130962.39999999,1,1764713367049
-1,-1,,,131059.89999999,1,1764713367146
-1,-1,,,131151.29999999,1,1764713367238
-1,-1,,,131239.89999999,1,1764713367326
-1,-1,,,131326.7,1,1764713367413
-1,-1,,,131408.99999999,1,1764713367495
-1,-1,,,131485.49999999,1,1764713367572
-1,-1,,,131572.7,1,1764713367659
-1,-1,,,131658.89999999,1,1764713367745
-1,-1,,,131758.79999999,1,1764713367845
-1,-1,,,131848.89999999,1,1764713367935
-1,-1,,,131944.49999999,1,1764713368031
-1,-1,,,132038.39999999,1,1764713368125
-1,-1,,,132161.2,1,1764713368247
-1,-1,,,132273.2,1,1764713368360
639.31,306.93,"ide, dragging defend",287,132379.49999999,1,1764713368466
661.22,182.88,"e’s how:",177,132469.99999999,1,1764713368557
686.7,215.49,"e’s how:",177,132559.79999999,1,1764713368647
690.79,193.17,"e’s how:",177,132674.39999999,1,1764713368761
717.98,187.02,"e’s how:",177,132762.99999999,1,1764713368850
723.59,258.86,"ements**",229,132856.59999999,1,1764713368944
745.15,326.4,"ing defenders away",297,132966.09999999,1,1764713369053
751.43,366.8,"-teamed.",775,133066.99999999,1,1764713369155
736.53,395.52,"ve late in the",842,133155.79999999,1,1764713369242
740.79,407.75,"e late in the",843,133252.29999999,1,1764713369339
736.82,397.83,"ve late in the",842,133354.39999999,1,1764713369442
751.98,401.35,"late in the",844,133440.29999999,1,1764713369527
759.45,368.27,"-teamed.",775,133524.09999999,1,1764713369611
741.56,396.09,"e late in the",843,133623.39999999,1,1764713369710
729.8,369.1,"-teamed.",775,133711.49999999,1,1764713369799
763.67,388.28,"late in the",845,133824.99999999,1,1764713369912
796.24,365.62,"-teamed.",775,133944.29999999,1,1764713370031
823.18,350.03,"Passes**",960,134054.79999999,1,1764713370142
815.03,337.26,"** behind",1030,134176.09999999,1,1764713370263
810.23,355.14,"asses** to",1143,134282.99999999,1,1764713370370
804.42,345.35,"passes** to",1142,134380.7,1,1764713370468
827.57,298.08,"tuck in.",1069,134482.7,1,1764713370570
868.71,271.7,"tuck in.",1069,134582.79999999,1,1764713370669
-1,-1,,,134722.7,1,1764713370809
-1,-1,,,134842.09999999,1,1764713370929
-1,-1,,,134958.09999999,1,1764713371045
872,160.43,"in quick",433,135072.49999999,1,1764713371159
817.77,96.41,"ll-back.",364,135179.39999999,1,1764713371266
788.07,119.2,"e’s how:",177,135291.89999999,1,1764713371379
757.43,103.23,"le in breaking",134,135404.7,1,1764713371491
694.2,95.88,"ial role in breaking",128,135520.2,1,1764713371608
679.01,78.81,"cking patterns—",61,135651.59999999,1,1764713371740
-1,-1,,,135769.39999999,1,1764713371856
-1,-1,,,135880.59999999,1,1764713371967
-1,-1,,,135993.79999999,1,1764713372080
-1,-1,,,136105.7,1,1764713372192
-1,-1,,,136219.09999999,1,1764713372305
-1,-1,,,136340.99999999,1,1764713372427
-1,-1,,,136458.59999999,1,1764713372545
-1,-1,,,136572.2,1,1764713372659
-1,-1,,,136679.59999999,1,1764713372766
-1,-1,,,136796.59999999,1,1764713372883
-1,-1,,,136895.89999999,1,1764713372982
-1,-1,,,137004.7,1,1764713373091
-1,-1,,,137123.2,1,1764713373210
-1,-1,,,137230.39999999,1,1764713373317
-1,-1,,,137351.2,1,1764713373438
-1,-1,,,137461.29999999,1,1764713373548
-1,-1,,,137567.89999999,1,1764713373654
666.14,49,"acking patterns—",60,137691.29999999,1,1764713373778
812.75,146.09,"breaking",139,137806.39999999,1,1764713373894
-1,-1,,,137912.99999999,1,1764713374000
-1,-1,,,138029.89999999,1,1764713374117
-1,-1,,,138140.59999999,1,1764713374227
-1,-1,,,138254.79999999,1,1764713374342
-1,-1,,,138370.79999999,1,1764713374457
-1,-1,,,138475.99999999,1,1764713374563
-1,-1,,,138602.89999999,1,1764713374690
-1,-1,,,138719.59999999,1,1764713374807
-1,-1,,,138811.89999999,1,1764713374899
-1,-1,,,138910.99999999,1,1764713374998
-1,-1,,,139021.39999999,1,1764713375108
-1,-1,,,139148.2,1,1764713375236
-1,-1,,,139256.29999999,1,1764713375344
-1,-1,,,139392.29999999,1,1764713375479
-1,-1,,,139517.89999999,1,1764713375604
-1,-1,,,139627.89999999,1,1764713375714
-1,-1,,,139721.39999999,1,1764713375808
-1,-1,,,139816.79999999,1,1764713375903
-1,-1,,,139927.49999999,1,1764713376014
-1,-1,,,140036.99999999,1,1764713376123
-1,-1,,,140159.29999999,1,1764713376246
-1,-1,,,140263.7,1,1764713376350
-1,-1,,,140378.09999999,1,1764713376464
-1,-1,,,140476.7,1,1764713376563
-1,-1,,,140573.09999999,1,1764713376659
-1,-1,,,140671.7,1,1764713376758
-1,-1,,,140771.29999999,1,1764713376858
-1,-1,,,140869.09999999,1,1764713376955
-1,-1,,,140968.89999999,1,1764713377055
-1,-1,,,141084.59999999,1,1764713377171
-1,-1,,,141189.7,1,1764713377276
-1,-1,,,141310.99999999,1,1764713377397
-1,-1,,,141431.89999999,1,1764713377518
-1,-1,,,141540.09999999,1,1764713377626
-1,-1,,,141662.79999999,1,1764713377749
-1,-1,,,141773.89999999,1,1764713377860
-1,-1,,,141872.89999999,1,1764713377959
-1,-1,,,141978.49999999,1,1764713378065
-1,-1,,,142085.29999999,1,1764713378172
-1,-1,,,142186.99999999,1,1764713378273
-1,-1,,,142277.29999999,1,1764713378364
-1,-1,,,142424.59999999,1,1764713378511
-1,-1,,,142525.89999999,1,1764713378612
-1,-1,,,142621.09999999,1,1764713378708
-1,-1,,,142710.29999999,1,1764713378797
-1,-1,,,142820.09999999,1,1764713378906
-1,-1,,,142920.79999999,1,1764713379008
-1,-1,,,143042.49999999,1,1764713379129
-1,-1,,,143158.99999999,1,1764713379245
-1,-1,,,143262.2,1,1764713379349
-1,-1,,,143369.2,1,1764713379456
-1,-1,,,143483.2,1,1764713379570
-1,-1,,,143586.49999999,1,1764713379673
-1,-1,,,143689.89999999,1,1764713379776
-1,-1,,,143801.79999999,1,1764713379888
-1,-1,,,143909.89999999,1,1764713379996
-1,-1,,,144029.59999999,1,1764713380116
-1,-1,,,144154.2,1,1764713380241
-1,-1,,,144270.59999999,1,1764713380357
-1,-1,,,144402.99999999,1,1764713380490
-1,-1,,,144542.09999999,1,1764713380629
-1,-1,,,144652.99999999,1,1764713380740
-1,-1,,,144769.89999999,1,1764713380856
394.44,437.41,"s**: Links with Ødeg",400,144913.59999999,1,1764713381000
329.83,325.52,,,145016.49999999,1,1764713381103
271.61,279.02,,,145087.99999999,1,1764713381339
374.95,302.44,,,145274.7,1,1764713391339
445.47,459.37,"Links with Ødegaard",405,145408.7,1,1764713391473
-1,-1,,,145548.49999999,1,1764713391612
-1,-1,,,145656.7,1,1764713391720
-1,-1,,,145758.99999999,1,1764713391823
-1,-1,,,145874.8,1,1764713391939
-1,-1,,,146003.49999999,1,1764713392067
-1,-1,,,146121.59999999,1,1764713392185
-1,-1,,,146248.3,1,1764713392312
-1,-1,,,146366.3,1,1764713392430
-1,-1,,,146495.3,1,1764713392559
-1,-1,,,146606.99999999,1,1764713392671
-1,-1,,,146723.2,1,1764713392787
-1,-1,,,146846.89999999,1,1764713392911
-1,-1,,,146971.7,1,1764713393035
-1,-1,,,147090.8,1,1764713393154
-1,-1,,,147206.09999999,1,1764713393270
-1,-1,,,147328.09999999,1,1764713393392
-1,-1,,,147443.39999999,1,1764713393507
-1,-1,,,147567.09999999,1,1764713393631
-1,-1,,,147704.59999999,1,1764713393768
-1,-1,,,147822.09999999,1,1764713393886
-1,-1,,,147953.09999999,1,1764713394017
-1,-1,,,148080.89999999,1,1764713394145
-1,-1,,,148205.49999999,1,1764713394269
-1,-1,,,148329.09999999,1,1764713394393
-1,-1,,,148441.89999999,1,1764713394506
-1,-1,,,148565.7,1,1764713394629
-1,-1,,,148697.2,1,1764713394761
-1,-1,,,148814.2,1,1764713394878
-1,-1,,,148923.3,1,1764713394987
-1,-1,,,149026.3,1,1764713395090
-1,-1,,,149163.59999999,1,1764713395227
-1,-1,,,149277.8,1,1764713395341
-1,-1,,,149403.49999999,1,1764713395467
-1,-1,,,149516.2,1,1764713395580
-1,-1,,,149622.8,1,1764713395687
-1,-1,,,149727.09999999,1,1764713395791
-1,-1,,,149822.59999999,1,1764713395886
-1,-1,,,149928.09999999,1,1764713395992
-1,-1,,,150036.2,1,1764713396100
-1,-1,,,150143.3,1,1764713396207
-1,-1,,,150252.3,1,1764713396316
-1,-1,,,150371.2,1,1764713396435
-1,-1,,,150478.09999999,1,1764713396542
-1,-1,,,150571.89999999,1,1764713396636
-1,-1,,,150673.3,1,1764713396737
-1,-1,,,150758.2,1,1764713396822
-1,-1,,,150856.49999999,1,1764713396920
-1,-1,,,150950.7,1,1764713397015
-1,-1,,,151056.2,1,1764713397120
-1,-1,,,151173.8,1,1764713397238
-1,-1,,,151289.59999999,1,1764713397353
-1,-1,,,151378.8,1,1764713397442
-1,-1,,,151476.49999999,1,1764713397540
-1,-1,,,151562.59999999,1,1764713397626
-1,-1,,,151650.8,1,1764713397714
-1,-1,,,151745.2,1,1764713397809
-1,-1,,,151843.89999999,1,1764713397908
-1,-1,,,151946.89999999,1,1764713398011
-1,-1,,,152053.89999999,1,1764713398118
-1,-1,,,152164.99999999,1,1764713398229
-1,-1,,,152271.8,1,1764713398336
-1,-1,,,152369.3,1,1764713398433
-1,-1,,,152474.49999999,1,1764713398538
-1,-1,,,152572.39999999,1,1764713398636
-1,-1,,,152675.59999999,1,1764713398739
-1,-1,,,152772.09999999,1,1764713398836
-1,-1,,,152879.09999999,1,1764713398943
-1,-1,,,153008.09999999,1,1764713399072
-1,-1,,,153120.89999999,1,1764713399185
-1,-1,,,153238.3,1,1764713399302
-1,-1,,,153346.7,1,1764713399410
-1,-1,,,153458.7,1,1764713399522
-1,-1,,,153569.99999999,1,1764713399634
-1,-1,,,153671.59999999,1,1764713399735
-1,-1,,,153773.09999999,1,1764713399837
-1,-1,,,153884.3,1,1764713399948
-1,-1,,,154026.3,1,1764713400090
-1,-1,,,154149.89999999,1,1764713400214
-1,-1,,,154273.49999999,1,1764713400337
-1,-1,,,154379.8,1,1764713400444
-1,-1,,,154495.39999999,1,1764713400559
-1,-1,,,154605.99999999,1,1764713400670
-1,-1,,,154709.89999999,1,1764713400774
-1,-1,,,154818.39999999,1,1764713400882
-1,-1,,,154933.09999999,1,1764713400997
-1,-1,,,155068.49999999,1,1764713401132
-1,-1,,,155177.2,1,1764713401241
-1,-1,,,155287.49999999,1,1764713401351
-1,-1,,,155403.99999999,1,1764713401468
-1,-1,,,155527.2,1,1764713401591
-1,-1,,,155641.09999999,1,1764713401705
-1,-1,,,155749.7,1,1764713401813
-1,-1,,,155863.8,1,1764713401927
-1,-1,,,155984.8,1,1764713402049
-1,-1,,,156092.39999999,1,1764713402156
-1,-1,,,156318.89999999,1,1764713402383
-1,-1,,,156473.49999999,1,1764713402537
-1,-1,,,156586.7,1,1764713402651
-1,-1,,,156683.3,1,1764713402748
-1,-1,,,156792.2,1,1764713402856
-1,-1,,,156902.7,1,1764713402967
-1,-1,,,157019.59999999,1,1764713403086
-1,-1,,,157114.3,1,1764713403179
-1,-1,,,157212.3,1,1764713403278
-1,-1,,,157313.39999999,1,1764713403378
-1,-1,,,157409.99999999,1,1764713403474
-1,-1,,,157501.49999999,1,1764713403566
-1,-1,,,157590.3,1,1764713403654
-1,-1,,,157719.8,1,1764713403784
-1,-1,,,157846.99999999,1,1764713403913
-1,-1,,,157984.8,1,1764713404049
-1,-1,,,158105.39999999,1,1764713404169
-1,-1,,,158220.39999999,1,1764713404284
-1,-1,,,158340.59999999,1,1764713404404
-1,-1,,,158448.3,1,1764713404512
-1,-1,,,158549.7,1,1764713404613
-1,-1,,,158652.89999999,1,1764713404717
-1,-1,,,158760.49999999,1,1764713404824
-1,-1,,,158891.09999999,1,1764713404955
-1,-1,,,159019.89999999,1,1764713405084
-1,-1,,,159143.09999999,1,1764713405207
-1,-1,,,159259.7,1,1764713405323
-1,-1,,,159366.59999999,1,1764713405430
-1,-1,,,159475.99999999,1,1764713405540
-1,-1,,,159574.59999999,1,1764713405638
-1,-1,,,159670.8,1,1764713405735
-1,-1,,,159771.39999999,1,1764713405835
-1,-1,,,159878.09999999,1,1764713405942
-1,-1,,,159995.09999999,1,1764713406059
-1,-1,,,160107.09999999,1,1764713406171
-1,-1,,,160221.2,1,1764713406285
-1,-1,,,160316.49999999,1,1764713406380
-1,-1,,,160430.2,1,1764713406494
-1,-1,,,160543.89999999,1,1764713406608
-1,-1,,,160641.7,1,1764713406705
-1,-1,,,160753.39999999,1,1764713406817
-1,-1,,,160863.2,1,1764713406927
-1,-1,,,160964.59999999,1,1764713407028
-1,-1,,,161073.2,1,1764713407137
-1,-1,,,161180.09999999,1,1764713407244
-1,-1,,,161288.7,1,1764713407352
-1,-1,,,161407.59999999,1,1764713407471
-1,-1,,,161513.89999999,1,1764713407578
-1,-1,,,161610.59999999,1,1764713407674
-1,-1,,,161715.59999999,1,1764713407779
-1,-1,,,161830.2,1,1764713407894
-1,-1,,,161929.8,1,1764713407994
-1,-1,,,162044.09999999,1,1764713408108
-1,-1,,,162176.09999999,1,1764713408240
-1,-1,,,162297.8,1,1764713408361
-1,-1,,,162400.3,1,1764713408464
-1,-1,,,162553.59999999,1,1764713408617
-1,-1,,,162659.2,1,1764713408723
-1,-1,,,162757.3,1,1764713408821
-1,-1,,,162859.89999999,1,1764713408924
-1,-1,,,162951.49999999,1,1764713409015
-1,-1,,,163060.7,1,1764713409124
-1,-1,,,163171.39999999,1,1764713409235
-1,-1,,,163301.99999999,1,1764713409366
-1,-1,,,163420.7,1,1764713409484
-1,-1,,,163539.8,1,1764713409604
-1,-1,,,163664.3,1,1764713409728
-1,-1,,,163799.3,1,1764713409863
-1,-1,,,163932.59999999,1,1764713409996
-1,-1,,,164081.2,1,1764713410145
-1,-1,,,164198.99999999,1,1764713410263
-1,-1,,,164316.49999999,1,1764713410380
-1,-1,,,164437.99999999,1,1764713410502
-1,-1,,,164544.59999999,1,1764713410608
-1,-1,,,164733.49999999,1,1764713410797
-1,-1,,,165086.89999999,1,1764713413305
-1,-1,,,165184.19999999,1,1764713413403
-1,-1,,,165297.69999999,1,1764713413516
-1,-1,,,165405.29999999,1,1764713413624
-1,-1,,,165533.39999999,1,1764713413752
-1,-1,,,165693.89999999,1,1764713413913
-1,-1,,,165810.69999999,1,1764713414029
-1,-1,,,165914.89999999,1,1764713414134
627.95,507.16,"ct defenses.",489,166009.69999999,1,1764713414229
596.41,506.63,"mpact defenses.",486,166113.79999999,1,1764713414333
508.51,478.22,"with Ødegaard and S",410,166224.99999999,1,1764713414444
457.08,433.33,"inks with Ødegaard a",406,166327.99999999,1,1764713414547
510.92,423.33,"olate his full-back.",352,166428.19999999,1,1764713414647
521.21,398.51,"late his full-back.",353,166516.19999999,1,1764713414736
564.53,402.14,"e his full-back.",356,166628.99999999,1,1764713414848
-1,-1,,,166750.39999999,1,1764713414969
-1,-1,,,166882.49999999,1,1764713415101
-1,-1,,,166985.99999999,1,1764713415207
-1,-1,,,167099.49999999,1,1764713415318
-1,-1,,,167214.39999999,1,1764713415433
-1,-1,,,167324.09999999,1,1764713415543
-1,-1,,,167430.29999999,1,1764713415649
-1,-1,,,167537.29999999,1,1764713415756
-1,-1,,,167653.39999999,1,1764713415872
-1,-1,,,167759.89999999,1,1764713415978
-1,-1,,,167889.99999999,1,1764713416109
-1,-1,,,168031.99999999,1,1764713416251
-1,-1,,,168177.69999999,1,1764713416396
671.24,416.02,"ll-back.",364,168395.39999999,1,1764713416615
631.61,334.82,,,168446.59999999,1,1764713416876
785.54,396.58,"ll-back.",364,168632.89999999,1,1764713431484
-1,-1,,,168761.59999999,1,1764713431613
-1,-1,,,168908.69999999,1,1764713431760
-1,-1,,,169042.39999999,1,1764713431893
-1,-1,,,169152.59999999,1,1764713432004
-1,-1,,,169259.79999999,1,1764713432111
-1,-1,,,169395.69999999,1,1764713432247
-1,-1,,,169511.59999999,1,1764713432363
-1,-1,,,169653.69999999,1,1764713432505
-1,-1,,,169774.19999999,1,1764713432625
-1,-1,,,169880.39999999,1,1764713432731
-1,-1,,,169992.29999999,1,1764713432843
-1,-1,,,170114.79999999,1,1764713432966
-1,-1,,,170226.19999999,1,1764713433077
-1,-1,,,170367.19999999,1,1764713433218
-1,-1,,,170494.59999999,1,1764713433345
-1,-1,,,170611.09999999,1,1764713433463
-1,-1,,,170724.19999999,1,1764713433575
-1,-1,,,170828.99999999,1,1764713433680
-1,-1,,,170936.69999999,1,1764713433788
-1,-1,,,171055.39999999,1,1764713433907
856.52,79.24,"patterns—",66,171171.59999999,1,1764713434023
794.6,54.4,"patterns—",66,171287.19999999,1,1764713434138
768.17,47.87,"patterns—",66,171433.49999999,1,1764713434285
789.54,14.08,"patterns—",66,171561.49999999,1,1764713434413
-1,-1,,,171678.89999999,1,1764713434530
-1,-1,,,171789.69999999,1,1764713434641
-1,-1,,,171953.79999999,1,1764713434805
-1,-1,,,172068.59999999,1,1764713434920
-1,-1,,,172198.99999999,1,1764713435050
-1,-1,,,172300.29999999,1,1764713435151
-1,-1,,,172471.29999999,1,1764713435322
-1,-1,,,172591.19999999,1,1764713435442
-1,-1,,,172698.49999999,1,1764713435550
-1,-1,,,172804.09999999,1,1764713435655
787.99,43.93,"patterns—",66,172903.89999999,1,1764713435755
870.64,115.87,"breaking",139,173020.09999999,1,1764713435871
-1,-1,,,173118.39999999,1,1764713435970
-1,-1,,,173209.59999999,1,1764713436061
-1,-1,,,173328.39999999,1,1764713436180
814.67,149.05,"breaking",139,173447.29999999,1,1764713436299
818.39,134.8,"breaking",139,173565.59999999,1,1764713436420
809.35,95.06,"breaking",139,173674.49999999,1,1764713436526
872.15,70.51,"patterns—",66,173777.89999999,1,1764713436629
-1,-1,,,173884.09999999,1,1764713436735
-1,-1,,,174005.59999999,1,1764713436857
-1,-1,,,174112.49999999,1,1764713436968
-1,-1,,,174263.39999999,1,1764713437116
-1,-1,,,174406.79999999,1,1764713437258
-1,-1,,,174519.99999999,1,1764713437371
-1,-1,,,174638.89999999,1,1764713437490
-1,-1,,,174760.49999999,1,1764713437612
-1,-1,,,174887.89999999,1,1764713437739
-1,-1,,,174998.39999999,1,1764713437849
-1,-1,,,175104.89999999,1,1764713437956
-1,-1,,,175212.99999999,1,1764713438064
-1,-1,,,175321.39999999,1,1764713438172
-1,-1,,,175431.09999999,1,1764713438282
-1,-1,,,175566.79999999,1,1764713438418
-1,-1,,,175705.09999999,1,1764713438556
-1,-1,,,175846.89999999,1,1764713438703
-1,-1,,,175960.49999999,1,1764713438812
-1,-1,,,176075.49999999,1,1764713438927
-1,-1,,,176191.79999999,1,1764713439043
-1,-1,,,176313.79999999,1,1764713439165
-1,-1,,,176451.19999999,1,1764713439303
-1,-1,,,176562.39999999,1,1764713439414
-1,-1,,,176675.89999999,1,1764713439527
-1,-1,,,176798.29999999,1,1764713439650
-1,-1,,,176913.69999999,1,1764713439765
-1,-1,,,177088.99999999,1,1764713439940
-1,-1,,,177209.69999999,1,1764713440061
-1,-1,,,177318.49999999,1,1764713440169
-1,-1,,,177422.39999999,1,1764713440273
-1,-1,,,177527.99999999,1,1764713440380
-1,-1,,,177624.19999999,1,1764713440475
-1,-1,,,177720.09999999,1,1764713440571
-1,-1,,,177810.29999999,1,1764713440662
-1,-1,,,177909.69999999,1,1764713440761
-1,-1,,,178002.39999999,1,1764713440854
-1,-1,,,178107.49999999,1,1764713440959
-1,-1,,,178204.99999999,1,1764713441056
-1,-1,,,178301.49999999,1,1764713441153
-1,-1,,,178402.39999999,1,1764713441254
-1,-1,,,178525.89999999,1,1764713441377
-1,-1,,,178635.69999999,1,1764713441487
-1,-1,,,178743.79999999,1,1764713441595
-1,-1,,,178850.19999999,1,1764713441701
-1,-1,,,179003.49999999,1,1764713441855
-1,-1,,,179156.69999999,1,1764713442008
-1,-1,,,179308.49999999,1,1764713442160
-1,-1,,,179459.79999999,1,1764713442311
870.8,229,"ements**",229,179592.89999999,1,1764713442444
-1,-1,,,179692.89999999,1,1764713442544
835.53,100,"breaking",139,179799.89999999,1,1764713442651
809.7,92.43,"breaking",139,179899.39999999,1,1764713442751
744.28,56.54,"patterns—",66,180006.19999999,1,1764713442857
745.19,71.4,"patterns—",66,180116.19999999,1,1764713442967
686.42,73.11,"king patterns—",62,180234.79999999,1,1764713443086
-1,-1,,,180348.49999999,1,1764713443199
-1,-1,,,180461.09999999,1,1764713443312
-1,-1,,,180569.29999999,1,1764713443420
-1,-1,,,180671.19999999,1,1764713443523
-1,-1,,,180791.49999999,1,1764713443642
703.39,19.1,"ing patterns—",63,180891.99999999,1,1764713443743
671.33,61.52,"acking patterns—",60,180989.19999999,1,1764713443841
637.36,86.88,"crucial role in bre",123,181088.79999999,1,1764713443940
609.41,76.51,"k attacking patterns",55,181183.09999999,1,1764713444035
625.91,72.55,"attacking patterns—",56,181287.19999999,1,1764713444138
637.16,52.59,"attacking patterns—",57,181382.89999999,1,1764713444234
644.13,70.45,"ttacking patterns—",58,181470.89999999,1,1764713444323
653.04,82.09,"rucial role in break",125,181569.19999999,1,1764713444420
711.47,109.07,"l role in breaking",130,181662.09999999,1,1764713444514
694.72,101.28,"ial role in breaking",128,181758.59999999,1,1764713444610
847.76,81.08,"breaking",139,181850.19999999,1,1764713444702
-1,-1,,,181940.79999999,1,1764713444792
-1,-1,,,182033.79999999,1,1764713444885
-1,-1,,,182125.69999999,1,1764713444977
-1,-1,,,182225.99999999,1,1764713445077
-1,-1,,,182328.79999999,1,1764713445180
-1,-1,,,182416.99999999,1,1764713445268
-1,-1,,,182509.79999999,1,1764713445364
-1,-1,,,182605.19999999,1,1764713445456
-1,-1,,,182698.19999999,1,1764713445550
-1,-1,,,182787.99999999,1,1764713445639
-1,-1,,,182875.29999999,1,1764713445726
-1,-1,,,182966.09999999,1,1764713445817
826.61,131.13,"breaking",139,183064.09999999,1,1764713445915
791.38,116.28,"in breaking",137,183156.79999999,1,1764713446008
759.16,85.41,"le in breaking",134,183254.29999999,1,1764713446105
810.77,104.64,"breaking",139,183351.19999999,1,1764713446202
-1,-1,,,183446.09999999,1,1764713446297
-1,-1,,,183542.19999999,1,1764713446394
-1,-1,,,183635.89999999,1,1764713446487
-1,-1,,,183736.69999999,1,1764713446588
-1,-1,,,183830.69999999,1,1764713446682
-1,-1,,,183917.69999999,1,1764713446769
823.77,4.91,"patterns—",66,184016.19999999,1,1764713446867
744.42,9.14,"patterns—",66,184103.89999999,1,1764713446955
-1,-1,,,184206.19999999,1,1764713447057
-1,-1,,,184294.59999999,1,1764713447145
-1,-1,,,184385.59999999,1,1764713447237
-1,-1,,,184472.89999999,1,1764713447324
-1,-1,,,184565.69999999,1,1764713447417
-1,-1,,,184653.59999999,1,1764713447504
-1,-1,,,184746.49999999,1,1764713447597
-1,-1,,,184836.49999999,1,1764713447687
-1,-1,,,184930.79999999,1,1764713447782
-1,-1,,,185022.39999999,1,1764713447873
-1,-1,,,185109.99999999,1,1764713447961
-1,-1,,,185201.99999999,1,1764713448053
-1,-1,,,185297.69999999,1,1764713448149
-1,-1,,,185385.29999999,1,1764713448236
-1,-1,,,185481.79999999,1,1764713448333
-1,-1,,,185572.79999999,1,1764713448424
664.94,16.28,"acking patterns—",60,185670.49999999,1,1764713448522
801.49,105.2,"n breaking",138,185765.59999999,1,1764713448617
833.49,149.16,"breaking",139,185854.69999999,1,1764713448706
-1,-1,,,185943.89999999,1,1764713448795
-1,-1,,,186030.39999999,1,1764713448882
-1,-1,,,186128.59999999,1,1764713448980
-1,-1,,,186218.99999999,1,1764713449070
-1,-1,,,186340.79999999,1,1764713449192
-1,-1,,,186440.39999999,1,1764713449292
-1,-1,,,186531.59999999,1,1764713449383
-1,-1,,,186618.99999999,1,1764713449470
-1,-1,,,186719.09999999,1,1764713449570
-1,-1,,,186802.59999999,1,1764713449654
-1,-1,,,186890.29999999,1,1764713449741
-1,-1,,,186985.69999999,1,1764713449837
-1,-1,,,187072.69999999,1,1764713449924
-1,-1,,,187157.99999999,1,1764713450009
-1,-1,,,187252.19999999,1,1764713450103
-1,-1,,,187346.69999999,1,1764713450198
-1,-1,,,187436.79999999,1,1764713450288
-1,-1,,,187556.39999999,1,1764713450408
-1,-1,,,187662.59999999,1,1764713450515
-1,-1,,,187771.49999999,1,1764713450623
-1,-1,,,187870.69999999,1,1764713450722
-1,-1,,,187958.09999999,1,1764713450810
-1,-1,,,188049.59999999,1,1764713450901
-1,-1,,,188163.09999999,1,1764713451014
-1,-1,,,188246.59999999,1,1764713451098
-1,-1,,,188333.49999999,1,1764713451185
-1,-1,,,188427.49999999,1,1764713451279
-1,-1,,,188523.49999999,1,1764713451375
-1,-1,,,188603.29999999,1,1764713451455
-1,-1,,,188701.59999999,1,1764713451553
-1,-1,,,188785.39999999,1,1764713451637
-1,-1,,,188877.49999999,1,1764713451729
-1,-1,,,188958.69999999,1,1764713451810
-1,-1,,,189044.09999999,1,1764713451895
-1,-1,,,189131.29999999,1,1764713451983
-1,-1,,,189221.79999999,1,1764713452073
-1,-1,,,189309.69999999,1,1764713452161
871.17,400,"ll-back.",364,189397.69999999,1,1764713452250
829.53,371.14,"ll-back.",364,189493.79999999,1,1764713452345
787.89,353.04,"defenders away",301,189586.69999999,1,1764713452438
757.2,330.3,"ng defenders away",298,189678.39999999,1,1764713452530
760.81,318.13,"ng defenders away",298,189768.59999999,1,1764713452620
810.72,357.59,"fenders away",303,189859.99999999,1,1764713452711
-1,-1,,,189944.19999999,1,1764713452795
-1,-1,,,190031.79999999,1,1764713452883
-1,-1,,,190116.59999999,1,1764713452968
-1,-1,,,190208.69999999,1,1764713453060
-1,-1,,,190296.59999999,1,1764713453148
-1,-1,,,190382.79999999,1,1764713453234
-1,-1,,,190468.39999999,1,1764713453320
-1,-1,,,190567.59999999,1,1764713453419
-1,-1,,,190664.39999999,1,1764713453516
-1,-1,,,190766.49999999,1,1764713453618
-1,-1,,,190852.89999999,1,1764713453704
-1,-1,,,190938.19999999,1,1764713453789
-1,-1,,,191052.29999999,1,1764713453903
-1,-1,,,191150.99999999,1,1764713454002
-1,-1,,,191244.09999999,1,1764713454095
-1,-1,,,191346.29999999,1,1764713454197
-1,-1,,,191435.79999999,1,1764713454287
-1,-1,,,191536.69999999,1,1764713454388
-1,-1,,,191642.69999999,1,1764713454494
-1,-1,,,191723.69999999,1,1764713454575
-1,-1,,,191817.59999999,1,1764713454669
-1,-1,,,191904.39999999,1,1764713454756
-1,-1,,,191994.39999999,1,1764713454846
-1,-1,,,192082.19999999,1,1764713454934
-1,-1,,,192166.09999999,1,1764713455017
-1,-1,,,192258.19999999,1,1764713455109
-1,-1,,,192344.99999999,1,1764713455196
-1,-1,,,192430.49999999,1,1764713455282
-1,-1,,,192523.69999999,1,1764713455375
-1,-1,,,192612.39999999,1,1764713455464
-1,-1,,,192698.89999999,1,1764713455550
-1,-1,,,192792.89999999,1,1764713455645
-1,-1,,,192882.09999999,1,1764713455734
-1,-1,,,192979.69999999,1,1764713455831
-1,-1,,,193065.89999999,1,1764713455917
-1,-1,,,193151.89999999,1,1764713456003
-1,-1,,,193249.69999999,1,1764713456101
-1,-1,,,193342.79999999,1,1764713456194
-1,-1,,,193435.79999999,1,1764713456287
-1,-1,,,193528.79999999,1,1764713456380
-1,-1,,,193627.29999999,1,1764713456478
-1,-1,,,193714.29999999,1,1764713456566
-1,-1,,,193825.79999999,1,1764713456677
-1,-1,,,193912.89999999,1,1764713456764
-1,-1,,,193996.49999999,1,1764713456848
-1,-1,,,194091.99999999,1,1764713456943
-1,-1,,,194176.99999999,1,1764713457028
-1,-1,,,194269.59999999,1,1764713457121
-1,-1,,,194374.69999999,1,1764713457226
-1,-1,,,194472.49999999,1,1764713457324
-1,-1,,,194565.79999999,1,1764713457417
-1,-1,,,194656.89999999,1,1764713457508
-1,-1,,,194744.99999999,1,1764713457597
-1,-1,,,194835.79999999,1,1764713457687
-1,-1,,,194928.79999999,1,1764713457780
-1,-1,,,195013.19999999,1,1764713457864
-1,-1,,,195097.39999999,1,1764713457949
-1,-1,,,195195.79999999,1,1764713458047
-1,-1,,,195285.89999999,1,1764713458137
-1,-1,,,195380.19999999,1,1764713458231
-1,-1,,,195482.69999999,1,1764713458334
-1,-1,,,195583.89999999,1,1764713458435
835.08,486.93,"Saka in a",385,195681.59999999,1,1764713458533
848.57,443.23,"Saka in a",386,195768.99999999,1,1764713458620
768.45,393.74,"th Saka.",309,195878.29999999,1,1764713458730
735.66,325.68,"decide whether to",270,195971.59999999,1,1764713458823
670.79,278.78,"**pulls the opposit",190,196057.29999999,1,1764713458909
672.72,250.95,"**pulls the opposit",190,196143.99999999,1,1764713458995
643.15,255.42,"he **pulls the oppos",188,196234.69999999,1,1764713459086
638.17,261.99,"he **pulls the oppo",187,196324.79999999,1,1764713459176
685.22,281.93,"**pulls the oppositi",191,196418.39999999,1,1764713459270
750.95,352.6,"decide whether to",271,196506.59999999,1,1764713459358
758.11,312.52,"ecide whether to",272,196603.99999999,1,1764713459455
776.22,321.49,"ide whether to",274,196707.89999999,1,1764713459559
833.42,343.16,"hether to",279,196816.29999999,1,1764713459668
-1,-1,,,196929.79999999,1,1764713459782
-1,-1,,,197047.89999999,1,1764713459899
-1,-1,,,197168.89999999,1,1764713460022
-1,-1,,,197287.59999999,1,1764713460140
