1236,22,6298.299999997,1760718777298
1236,22,6426.6999999881,1760718777426
1236,22,6498,1760718777497
1236,22,6592.599999994,1760718777592
1236,22,6657.599999994,1760718777657
1237,23,6764.5,1760718777764
1201,0,6845.6999999881,1760718777845
1201,0,6965.6999999881,1760718777965
1201,0,7053.799999997,1760718778053
1201,0,7188.5,1760718778188
1201,0,7312.099999994,1760718784079
856,0,7410.7999999821,1760718784178
798,218,7493.7999999821,1760718784261
777,247,7592.7999999821,1760718784360
747,270,7681.6999999881,1760718784449
687,332,7767.8999999911,1760718784535
687,329,7904.8999999911,1760718784672
687,298,7998.6999999881,1760718784766
687,297,8076.4999999851,1760718784843
687,297,8187.4999999851,1760718784954
688,297,8280.099999994,1760718785047
688,306,8390.9999999851,1760718785158
688,306,8490.3999999911,1760718785257
688,306,8653.099999994,1760718785420
703,308,8771.8999999911,1760718785539
1089,350,8885.9999999851,1760718785653
1478,392,8969.9999999851,1760718785737
1767,371,9050.8999999911,1760718785818
1801,363,9153.9999999851,1760718785921
1789,343,9264.099999994,1760718786031
1779,332,9364.8999999911,1760718786132
1796,318,9445.599999994,1760718786212
1813,316,9550.6999999881,1760718786318
1820,311,9623.1999999881,1760718786390
1820,311,9733.1999999881,1760718786500
1820,311,9820.2999999821,1760718786587
1820,311,9906.099999994,1760718786673
1724,293,9992.8999999911,1760718786760
1178,138,10071.799999982,1760718786839
1142,133,10175.099999994,1760718786942
1142,132,10280.499999985,1760718787047
1142,132,10354.599999994,1760718787122
1142,132,10464.599999994,1760718787231
1142,132,10651.999999985,1760718787419
1142,132,10761.299999982,1760718787528
1142,132,10836.299999982,1760718787603
1142,132,10907.499999985,1760718787674
1142,132,11011.499999985,1760718787778
1142,132,11112.099999994,1760718787879
1142,132,11223.399999991,1760718787990
1142,132,11301.199999988,1760718788068
1142,132,11399.599999994,1760718788167
1142,132,11481.999999985,1760718788249
1142,132,11566.899999991,1760718788334
1142,132,11655.299999982,1760718788422
1142,132,11745.499999985,1760718788512
1142,132,11843.699999988,1760718788611
1142,132,11920.099999994,1760718788687
1142,132,11994.799999982,1760718788762
1142,132,12110.499999985,1760718788877
1142,132,12191.599999994,1760718788958
1142,132,12279.499999985,1760718789046
1142,132,12364.099999994,1760718789131
1142,132,12431.499999985,1760718789198
1142,132,12528.099999994,1760718789295
1142,132,12631.699999988,1760718789399
1142,132,12711.099999994,1760718789478
1142,132,12799.299999982,1760718789566
1142,132,12861.799999982,1760718789629
1142,132,12967.799999982,1760718789735
1142,132,13048.399999991,1760718789815
1142,132,13142.299999982,1760718789909
1142,132,13235.199999988,1760718790002
1142,132,13328.299999982,1760718790095
1142,132,13393.299999982,1760718790160
1142,132,13479.499999985,1760718790246
1142,132,13543.199999988,1760718790310
1142,132,13615.099999994,1760718790382
1142,132,13723.399999991,1760718790490
1142,132,13805.999999985,1760718790573
1142,132,13894.299999982,1760718790661
1142,132,13974.499999985,1760718790741
1142,132,14055.899999991,1760718790823
1142,132,14137.999999985,1760718790905
1142,132,14211.699999988,1760718790979
1142,132,14289.699999988,1760718791057
1142,132,14369.099999994,1760718791136
1142,132,14485.299999982,1760718791252
1142,132,14577.199999988,1760718791344
1142,132,14667.899999991,1760718791435
1142,132,14750.999999985,1760718791518
1142,132,14816.499999985,1760718791583
1142,132,14922.399999991,1760718791689
1142,132,14988.099999994,1760718791755
1142,132,15092.499999985,1760718791859
1142,132,15163.399999991,1760718791930
1142,132,15249.099999994,1760718792016
1142,132,15341.199999988,1760718792108
1142,132,15404.799999982,1760718792172
1142,132,15493.899999991,1760718792261
1142,132,15580.799999982,1760718792348
1142,132,15654.899999991,1760718792422
1142,132,15760.199999988,1760718792527
1142,132,15831.699999988,1760718792598
1142,132,15922.299999982,1760718792689
1142,132,16000.599999994,1760718792767
1142,132,16071.099999994,1760718792838
1142,132,16155.999999985,1760718792923
1142,132,16258.999999985,1760718793026
1142,132,16335.199999988,1760718793102
1142,132,16446.999999985,1760718793214
1142,132,16568.599999994,1760718793336
1142,132,16665.299999982,1760718793432
1142,132,16757.999999985,1760718793525
1142,132,16839.599999994,1760718793606
1142,132,16906.499999985,1760718793673
1142,132,16985.699999988,1760718793753
1142,132,17091.799999982,1760718793859
1142,132,17175.399999991,1760718793942
1142,132,17266.799999982,1760718794034
1142,132,17342.999999985,1760718794110
1142,132,17439.999999985,1760718794207
1142,132,17507.799999982,1760718794275
1142,132,17612.699999988,1760718794380
1142,132,17699.499999985,1760718794466
1142,132,17788.399999991,1760718794555
1142,132,17882.499999985,1760718794649
1142,132,17965.999999985,1760718794733
1142,132,18057.099999994,1760718794824
1142,132,18141.299999982,1760718794908
1142,132,18231.499999985,1760718794998
1142,132,18310.199999988,1760718795077
1142,132,18403.799999982,1760718795171
1142,132,18466.099999994,1760718795233
1142,132,18582.499999985,1760718795349
1142,132,18661.699999988,1760718795428
1142,132,18758.399999991,1760718795525
1142,132,18840.399999991,1760718795607
1142,132,18942.799999982,1760718795710
1142,132,19009.999999985,1760718795777
1142,132,19113.699999988,1760718795881
1142,132,19184.699999988,1760718795952
1142,132,19262.299999982,1760718796029
1142,132,19355.499999985,1760718796122
1142,132,19435.799999982,1760718796203
1142,132,19511.899999991,1760718796279
1142,132,19611.299999982,1760718796378
1142,132,19686.199999988,1760718796453
1142,132,19778.799999982,1760718796546
1142,132,19847.199999988,1760718796614
1142,132,19933.599999994,1760718796700
1142,132,20028.599999994,1760718796795
1142,132,20096.099999994,1760718796863
1142,132,20191.099999994,1760718796958
1142,132,20289.799999982,1760718797057
1142,132,20379.999999985,1760718797147
1142,132,20467.199999988,1760718797234
1142,132,20571.799999982,1760718797339
1142,132,20676.099999994,1760718797443
1142,132,20760.999999985,1760718797528
1142,132,20858.699999988,1760718797626
1142,132,20945.699999988,1760718797713
1142,132,21049.699999988,1760718797817
1142,132,21130.899999991,1760718797898
1142,132,21201.599999994,1760718797968
1142,132,21285.399999991,1760718798052
1142,132,21371.799999982,1760718798139
1142,132,21448.999999985,1760718798216
1142,132,21542.899999991,1760718798310
1142,132,21612.199999988,1760718798379
1142,132,21716.799999982,1760718798484
1142,132,21799.799999982,1760718798567
1142,132,21868.399999991,1760718798635
1142,132,21946.399999991,1760718798713
1142,132,22031.899999991,1760718798799
1142,132,22112.699999988,1760718798880
1142,132,22216.599999994,1760718798983
1142,132,22310.599999994,1760718799077
1142,132,22395.699999988,1760718799163
1142,132,22464.699999988,1760718799232
1142,132,22555.399999991,1760718799322
1142,132,22650.999999985,1760718799418
1142,132,22736.199999988,1760718799503
1142,132,22825.799999982,1760718799593
1142,132,22921.399999991,1760718799688
1142,132,23008.399999991,1760718799775
1142,132,23086.299999982,1760718799853
1142,132,23152.699999988,1760718799920
1142,132,23252.599999994,1760718800019
1142,132,23320.899999991,1760718800088
1142,132,23419.499999985,1760718800186
1142,132,23506.499999985,1760718800273
1142,132,23578.899999991,1760718800346
1142,132,23662.999999985,1760718800430
1141,136,23746.699999988,1760718800514
1091,157,23824.999999985,1760718800592
1034,162,23902.699999988,1760718800670
1010,158,23967.999999985,1760718800735
1010,158,24061.499999985,1760718800828
1004,159,24139.299999982,1760718800906
954,180,24277.099999994,1760718801044
947,182,24363.499999985,1760718801130
947,182,24437.599999994,1760718801204
947,182,24588.199999988,1760718801355
947,182,24709.999999985,1760718801477
947,182,24796.699999988,1760718801564
947,182,24871.999999985,1760718801639
947,182,24961.899999991,1760718801729
947,182,25070.399999991,1760718801837
947,182,25142.399999991,1760718801909
947,182,25241.399999991,1760718802008
947,182,25317.899999991,1760718802085
947,182,25442.399999991,1760718802209
947,182,25524.599999994,1760718802292
947,182,25594.599999994,1760718802361
947,182,25677.499999985,1760718802444
947,182,25764.699999988,1760718802532
947,182,25867.799999982,1760718802635
947,182,25965.599999994,1760718802733
947,182,26041.499999985,1760718802808
947,182,26132.299999982,1760718802899
947,182,26220.299999982,1760718802987
947,182,26313.499999985,1760718803080
947,182,26401.999999985,1760718803169
947,182,26481.599999994,1760718803248
947,182,26553.299999982,1760718803320
947,182,26653.899999991,1760718803421
947,182,26733.899999991,1760718803501
947,182,26798.399999991,1760718803565
947,182,26903.499999985,1760718803670
947,182,26977.999999985,1760718803745
947,182,27051.399999991,1760718803818
947,182,27141.599999994,1760718803908
947,182,27230.899999991,1760718803998
947,182,27304.599999994,1760718804071
947,182,27391.199999988,1760718804158
947,182,27476.299999982,1760718804243
947,182,27570.599999994,1760718804337
947,182,27652.699999988,1760718804420
947,182,27755.699999988,1760718804523
947,182,27843.599999994,1760718804611
947,182,27944.299999982,1760718804711
947,182,28032.499999985,1760718804799
947,182,28114.399999991,1760718804881
947,182,28207.099999994,1760718804974
947,182,28278.399999991,1760718805045
947,182,28371.399999991,1760718805138
947,182,28483.599999994,1760718805250
947,182,28578.699999988,1760718805346
947,182,28653.699999988,1760718805420
947,182,28744.599999994,1760718805511
947,182,28822.799999982,1760718805590
947,182,28917.999999985,1760718805685
947,182,28986.799999982,1760718805754
947,182,29069.999999985,1760718805837
947,182,29161.399999991,1760718805928
947,182,29237.999999985,1760718806005
947,182,29317.699999988,1760718806085
947,182,29423.899999991,1760718806191
947,182,29498.999999985,1760718806266
947,182,29582.599999994,1760718806349
947,182,29664.499999985,1760718806431
947,182,29754.199999988,1760718806521
947,182,29826.399999991,1760718806593
947,182,29924.099999994,1760718806691
947,182,30002.699999988,1760718806770
947,182,30088.999999985,1760718806856
947,182,30154.599999994,1760718806921
947,182,30257.099999994,1760718807024
947,182,30338.199999988,1760718807105
947,182,30413.599999994,1760718807180
947,182,30478.899999991,1760718807246
947,182,30587.499999985,1760718807354
947,182,30693.199999988,1760718807460
947,182,30786.099999994,1760718807553
947,182,30871.399999991,1760718807638
947,182,30964.199999988,1760718807731
947,182,31039.699999988,1760718807807
947,182,31103.799999982,1760718807871
947,182,31171.999999985,1760718807939
947,182,31280.299999982,1760718808047
947,182,31357.799999982,1760718808125
947,182,31422.299999982,1760718808189
947,182,31525.099999994,1760718808292
947,182,31609.699999988,1760718808377
947,182,31687.199999988,1760718808454
947,182,31772.799999982,1760718808540
947,182,31871.799999982,1760718808639
947,182,31936.899999991,1760718808704
947,182,32028.299999982,1760718808795
947,182,32111.999999985,1760718808879
947,182,32208.499999985,1760718808975
947,182,32296.099999994,1760718809063
947,182,32359.399999991,1760718809126
947,182,32455.699999988,1760718809222
947,182,32546.699999988,1760718809313
947,182,32620.499999985,1760718809387
947,182,32699.099999994,1760718809466
947,182,32773.299999982,1760718809540
947,182,32881.999999985,1760718809649
947,182,32957.899999991,1760718809725
947,182,33028.499999985,1760718809795
947,182,33114.299999982,1760718809881
947,182,33201.399999991,1760718809968
947,182,33284.999999985,1760718810052
947,182,33369.199999988,1760718810136
947,182,33465.299999982,1760718810232
918,195,33549.799999982,1760718810317
760,282,33635.099999994,1760718810402
753,294,33713.699999988,1760718810481
753,294,33811.299999982,1760718810578
754,294,33893.399999991,1760718810660
757,293,33985.199999988,1760718810752
757,292,34090.499999985,1760718810857
757,292,34183.599999994,1760718810950
758,291,34281.699999988,1760718811049
758,289,34368.099999994,1760718811135
758,289,34464.499999985,1760718811231
758,289,34560.699999988,1760718811328
758,289,34645.699999988,1760718811413
758,289,34716.799999982,1760718811484
758,289,34813.599999994,1760718811581
758,289,34885.099999994,1760718811652
758,289,34958.299999982,1760718811725
758,289,35070.599999994,1760718811837
758,289,35158.099999994,1760718811925
758,289,35261.799999982,1760718812029
758,289,35354.099999994,1760718812121
758,289,35423.699999988,1760718812191
758,289,35510.699999988,1760718812277
758,289,35597.299999982,1760718812364
847,319,35669.199999988,1760718812436
1131,387,35735.999999985,1760718812503
1163,388,35830.699999988,1760718812598
1163,388,35930.299999982,1760718812697
1163,388,35997.899999991,1760718812765
1163,388,36088.099999994,1760718812855
1163,388,36183.099999994,1760718812950
1163,388,36277.799999982,1760718813045
1163,388,36383.499999985,1760718813150
1163,388,36458.199999988,1760718813225
1163,388,36537.899999991,1760718813305
1163,388,36649.099999994,1760718813416
979,388,36734.899999991,1760718813502
694,393,36836.399999991,1760718813603
694,393,36936.999999985,1760718813704
694,393,37000.799999982,1760718813768
694,393,37089.799999982,1760718813857
694,393,37173.299999982,1760718813940
694,393,37285.799999982,1760718814053
694,393,37393.099999994,1760718814160
694,393,37456.199999988,1760718814223
694,393,37547.899999991,1760718814315
694,393,37624.899999991,1760718814392
694,393,37712.699999988,1760718814480
694,393,37779.099999994,1760718814546
694,393,37871.299999982,1760718814638
743,389,37946.199999988,1760718814713
1128,387,38026.399999991,1760718814793
1319,387,38124.499999985,1760718814891
1319,387,38214.399999991,1760718814981
1319,387,38286.399999991,1760718815053
1319,387,38421.199999988,1760718815188
1319,387,38524.699999988,1760718815292
1319,387,38609.899999991,1760718815377
1319,387,38715.299999982,1760718815482
1319,387,38798.599999994,1760718815565
1319,387,38889.499999985,1760718815656
1319,387,38967.599999994,1760718815734
1319,387,39069.099999994,1760718815836
1320,387,39150.599999994,1760718815917
1320,387,39230.499999985,1760718815997
1320,387,39336.399999991,1760718816103
1320,387,39422.899999991,1760718816190
1320,387,39522.999999985,1760718816290
1320,387,39596.399999991,1760718816363
1319,386,39673.699999988,1760718816441
1103,394,39775.599999994,1760718816542
833,394,39891.399999991,1760718816658
833,394,39977.599999994,1760718816744
833,394,40086.999999985,1760718816854
833,394,40194.399999991,1760718816961
833,394,40276.999999985,1760718817044
833,394,40367.499999985,1760718817134
833,394,40463.899999991,1760718817231
833,394,40565.199999988,1760718817332
833,394,40783.599999994,1760718817550
833,394,40858.699999988,1760718817626
833,394,40968.799999982,1760718817736
833,394,41054.099999994,1760718817821
833,394,41132.199999988,1760718817899
833,394,41274.899999991,1760718818042
833,394,41389.899999991,1760718818157
833,394,41472.399999991,1760718818239
833,394,41590.299999982,1760718818357
833,394,41695.799999982,1760718818463
833,394,41783.499999985,1760718818550
833,394,41846.099999994,1760718818613
833,394,41912.099999994,1760718818679
833,394,41995.099999994,1760718818762
833,394,42073.199999988,1760718818840
833,394,42193.299999982,1760718818960
833,394,42285.099999994,1760718819052
833,394,42366.299999982,1760718819133
837,393,42450.499999985,1760718819217
986,400,42517.499999985,1760718819284
1174,400,42601.699999988,1760718819369
1195,391,42678.799999982,1760718819446
1196,385,42760.999999985,1760718819528
1196,383,42835.699999988,1760718819603
1196,383,43002.999999985,1760718819770
1196,383,43097.899999991,1760718819865
1196,383,43169.999999985,1760718819937
1196,383,43304.999999985,1760718820072
1196,383,43373.899999991,1760718820141
1196,383,43463.399999991,1760718820230
1196,383,43529.199999988,1760718820296
1196,383,43628.799999982,1760718820396
1196,383,43753.499999985,1760718820520
1196,383,43865.199999988,1760718820632
1196,383,43964.399999991,1760718820731
1196,383,44066.899999991,1760718820834
1196,383,44186.999999985,1760718820954
1196,383,44245.999999985,1760718821013
1194,382,44309.799999982,1760718821077
1167,386,44382.199999988,1760718821149
961,389,44452.899999991,1760718821220
914,389,44530.799999982,1760718821298
914,389,44670.199999988,1760718821437
914,389,44818.599999994,1760718821586
914,389,44900.599999994,1760718821667
914,389,45033.799999982,1760718821801
914,389,45140.599999994,1760718821907
943,386,45212.399999991,1760718821979
1093,386,45304.999999985,1760718822072
1150,384,45384.599999994,1760718822151
1150,384,45470.799999982,1760718822238
1150,384,45546.799999982,1760718822314
1150,384,45631.899999991,1760718822399
1150,384,45701.199999988,1760718822468
1150,384,45774.999999985,1760718822542
1150,384,45891.999999985,1760718822659
1150,384,45975.399999991,1760718822742
1150,384,46059.099999994,1760718822826
1151,384,46137.399999991,1760718822904
1154,384,46231.699999988,1760718822999
1154,384,46330.199999988,1760718823097
1154,384,46424.899999991,1760718823192
1154,384,46547.399999991,1760718823314
1154,384,46665.099999994,1760718823432
1154,384,46752.299999982,1760718823519
1154,384,46837.199999988,1760718823604
1154,384,46916.799999982,1760718823684
1154,384,46984.199999988,1760718823751
1154,384,47074.099999994,1760718823841
1154,384,47169.499999985,1760718823936
1154,384,47262.399999991,1760718824029
1154,384,47361.899999991,1760718824129
1154,384,47435.699999988,1760718824203
1154,384,47511.499999985,1760718824278
1154,384,47593.299999982,1760718824360
1154,384,47665.199999988,1760718824432
1154,384,47766.499999985,1760718824533
1154,384,47880.699999988,1760718824647
1154,384,47943.299999982,1760718824710
1154,384,48047.399999991,1760718824814
1154,384,48169.099999994,1760718824936
1154,384,48272.099999994,1760718825039
1155,384,48376.799999982,1760718825144
1155,384,48466.499999985,1760718825233
1155,384,48579.099999994,1760718825346
1155,384,48648.399999991,1760718825415
1155,384,48754.899999991,1760718825522
1155,384,48858.899999991,1760718825626
1155,384,48955.899999991,1760718825723
1155,384,49046.299999982,1760718825813
1155,384,49110.099999994,1760718825877
1155,384,49232.499999985,1760718825999
1155,384,49306.299999982,1760718826073
1155,384,49379.699999988,1760718826147
1155,384,49497.299999982,1760718826264
1155,384,49592.399999991,1760718826359
1155,384,49709.999999985,1760718826477
1155,384,49806.199999988,1760718826573
1155,384,49887.399999991,1760718826654
1150,387,49984.499999985,1760718826751
1150,388,50065.899999991,1760718826833
1150,388,50175.499999985,1760718826942
1150,388,50246.399999991,1760718827013
1150,388,50326.599999994,1760718827093
1150,388,50438.899999991,1760718827206
1150,388,50565.199999988,1760718827332
1150,388,50629.799999982,1760718827397
1150,388,50734.299999982,1760718827501
1127,401,50817.299999982,1760718827584
1060,431,50921.499999985,1760718827688
1037,447,51013.099999994,1760718827780
1030,464,51091.699999988,1760718827859
1026,472,51163.099999994,1760718827930
1025,473,51263.299999982,1760718828030
1025,473,51349.299999982,1760718828116
1025,473,51446.099999994,1760718828213
1024,473,51530.499999985,1760718828297
1049,512,51616.099999994,1760718828383
1068,528,51693.099999994,1760718828460
1132,541,51816.099999994,1760718828583
1152,541,51909.599999994,1760718828676
1157,541,52004.599999994,1760718828771
1162,541,52084.799999982,1760718828852
1171,541,52183.199999988,1760718828950
1184,539,52278.099999994,1760718829045
1187,539,52379.899999991,1760718829147
1188,536,52485.499999985,1760718829252
1188,536,52560.599999994,1760718829327
1188,536,52649.799999982,1760718829417
1188,536,52747.199999988,1760718829514
1188,536,52826.299999982,1760718829593
1188,536,52910.499999985,1760718829677
1188,536,52989.999999985,1760718829757
1188,536,53078.799999982,1760718829846
1188,532,53169.499999985,1760718829936
1179,525,53242.699999988,1760718830010
1152,531,53318.399999991,1760718830085
1033,595,53399.699999988,1760718830167
967,623,53503.499999985,1760718830270
967,623,53608.999999985,1760718830376
967,623,53691.899999991,1760718830459
967,623,53780.799999982,1760718830548
967,623,53879.799999982,1760718830647
967,623,53969.299999982,1760718830736
967,623,54064.299999982,1760718830831
967,623,54150.299999982,1760718830917
963,624,54224.499999985,1760718830991
962,624,54294.299999982,1760718831061
962,623,54399.799999982,1760718831167
958,625,54465.699999988,1760718831232
941,645,54571.299999982,1760718831338
939,647,54669.899999991,1760718831437
938,660,54784.099999994,1760718831551
938,660,54871.199999988,1760718831638
942,662,54968.099999994,1760718831735
942,662,55064.399999991,1760718831831
943,662,55171.499999985,1760718831938
943,662,55275.399999991,1760718832042
943,662,55369.699999988,1760718832137
943,662,55447.399999991,1760718832214
943,662,55546.999999985,1760718832314
945,657,55620.199999988,1760718832387
968,629,55707.199999988,1760718832474
982,592,55777.399999991,1760718832544
977,585,55881.399999991,1760718832648
977,585,55992.999999985,1760718832760
977,585,56064.299999982,1760718832831
977,585,56138.499999985,1760718832905
977,585,56227.399999991,1760718832994
977,585,56337.399999991,1760718833104
977,585,56427.099999994,1760718833194
977,585,56528.599999994,1760718833295
977,585,56627.899999991,1760718833395
977,585,56752.299999982,1760718833519
977,585,56858.999999985,1760718833626
977,585,56928.199999988,1760718833695
977,585,57048.999999985,1760718833816
977,585,57134.699999988,1760718833902
977,585,57206.199999988,1760718833973
977,585,57312.799999982,1760718834080
990,508,57406.599999994,1760718834173
1075,27,57486.399999991,1760718834253
1075,27,57566.299999982,1760718834333
1075,27,57669.999999985,1760718834437
1075,27,57733.199999988,1760718835261
1075,27,57904.499999985,1760718837518
1075,27,58093.999999985,1760718837707
1075,27,58176.999999985,1760718837790
824,26,58322.299999982,1760718837936
822,100,58450.399999991,1760718838064
821,103,58614.099999994,1760718838227
821,103,58730.099999994,1760718838343
821,103,58822.599999994,1760718838436
821,103,58938.699999988,1760718838552
821,103,59057.699999988,1760718838671
821,103,59159.799999982,1760718838773
821,103,59277.299999982,1760718838891
831,95,59353.799999982,1760718838967
879,47,59439.399999991,1760718839053
891,25,59534.899999991,1760718839148
891,25,59614.299999982,1760718839228
891,25,59703.999999985,1760718839317
906,25,59783.599999994,1760718839397
1313,91,59894.999999985,1760718839508
1646,100,59966.099999994,1760718839579
1754,122,60069.099999994,1760718839682
1773,126,60145.699999988,1760718839759
1823,128,60237.199999988,1760718839851
1834,128,60327.599999994,1760718839941
1849,121,60413.399999991,1760718840027
1851,121,60498.999999985,1760718840112
1853,113,60591.899999991,1760718840205
1853,111,60710.399999991,1760718840324
1853,111,60856.099999994,1760718840469
1853,111,60948.399999991,1760718840562
1853,111,61027.499999985,1760718840641
1853,111,61099.999999985,1760718840713
1853,111,61200.399999991,1760718840814
1853,111,61265.499999985,1760718840879
1853,111,61364.199999988,1760718840978
1853,111,61464.199999988,1760718841078
1853,111,61569.799999982,1760718841183
1796,16,61674.299999982,1760718841288
1796,16,61761.099999994,1760718841374
1796,16,61830.899999991,1760718841444
1796,16,61895.499999985,1760718841509
1796,16,61960.699999988,1760718841574
1796,16,62068.199999988,1760718841681
1796,16,62146.799999982,1760718841760
1796,16,62217.899999991,1760718841831
1796,16,62310.499999985,1760718841924
1796,16,62406.799999982,1760718842020
1796,16,62480.099999994,1760718842094
1796,16,62552.599999994,1760718842166
1796,16,62644.099999994,1760718842257
1796,16,62729.599999994,1760718842343
1796,16,62800.899999991,1760718842414
1796,16,62894.299999982,1760718842508
1796,16,62997.199999988,1760718842611
1796,16,63073.499999985,1760718842687
1796,16,63162.999999985,1760718842776
1796,16,63256.799999982,1760718842870
1796,16,63323.499999985,1760718842937
1796,16,63424.299999982,1760718843038
1796,16,63514.999999985,1760718843128
1796,16,63585.499999985,1760718843199
1796,16,63694.799999982,1760718843308
1796,16,63803.099999994,1760718843416
1796,16,63880.699999988,1760718843494
1796,16,63990.199999988,1760718843604
1796,16,64074.799999982,1760718843688
1796,16,64163.699999988,1760718843777
1796,16,64231.599999994,1760718843845
1796,16,64322.799999982,1760718843936
1796,16,64401.699999988,1760718844015
1796,16,64501.899999991,1760718844115
1796,16,64593.999999985,1760718844207
1796,16,64662.299999982,1760718844276
1796,16,64760.999999985,1760718844374
1796,16,64835.499999985,1760718844449
1796,16,64917.299999982,1760718844531
1796,16,64990.899999991,1760718844604
1796,16,65092.299999982,1760718844706
1796,16,65178.499999985,1760718844792
1796,16,65268.599999994,1760718844882
1796,16,65364.899999991,1760718844978
1796,16,65443.299999982,1760718845057
1796,16,65518.099999994,1760718845131
1796,16,65632.899999991,1760718845246
1796,16,65716.099999994,1760718845329
1796,16,65823.499999985,1760718845437
1796,16,65927.599999994,1760718845541
1796,16,66008.699999988,1760718845622
1796,16,66084.399999991,1760718845698
1796,16,66168.799999982,1760718845782
1796,16,66257.399999991,1760718845871
1796,16,66332.599999994,1760718845946
1796,16,66426.499999985,1760718846040
1796,16,66500.199999988,1760718846114
1796,16,66586.499999985,1760718846200
1796,16,66666.099999994,1760718846280
1796,16,66739.799999982,1760718846353
1796,16,66843.299999982,1760718846457
1796,16,66948.199999988,1760718846561
1796,16,67022.199999988,1760718846635
1796,16,67091.999999985,1760718846705
1796,16,67202.199999988,1760718846816
1796,16,67281.399999991,1760718846895
1796,16,67385.599999994,1760718846999
1796,16,67451.999999985,1760718847065
1796,16,67537.599999994,1760718847151
1796,16,67635.499999985,1760718847249
1796,16,67757.499999985,1760718847371
1796,16,67851.399999991,1760718847465
1796,16,67940.299999982,1760718847554
1796,16,68006.699999988,1760718847620
1796,16,68113.799999982,1760718847727
1796,16,68197.599999994,1760718847811
1796,16,68291.599999994,1760718847905
1796,16,68385.699999988,1760718847999
1796,16,68460.299999982,1760718848074
1796,16,68556.199999988,1760718848170
1796,16,68635.599999994,1760718848249
1796,16,68725.899999991,1760718848339
1796,16,68822.799999982,1760718848436
1796,16,68895.299999982,1760718848509
1796,16,68982.299999982,1760718848596
1796,16,69058.499999985,1760718848672
1796,16,69142.799999982,1760718848756
1796,16,69233.599999994,1760718848847
1796,16,69303.199999988,1760718848917
1796,16,69394.399999991,1760718849008
1796,16,69509.999999985,1760718849123
1796,16,69632.399999991,1760718849246
1796,16,69790.999999985,1760718849404
1796,16,69891.899999991,1760718849505
1796,16,69986.499999985,1760718849600
1796,16,70063.199999988,1760718849677
1796,16,70134.199999988,1760718849748
1796,16,70244.099999994,1760718849857
1796,16,70308.099999994,1760718849921
1796,16,70388.299999982,1760718850002
1796,16,70489.399999991,1760718850103
1796,16,70590.499999985,1760718850204
1796,16,70676.499999985,1760718850290
1796,16,70756.499999985,1760718850370
1796,16,70843.199999988,1760718850457
1796,16,70930.399999991,1760718850544
1796,16,71021.499999985,1760718850635
1796,16,71113.699999988,1760718850727
1796,16,71177.499999985,1760718850791
1796,16,71280.399999991,1760718850894
1796,16,71363.999999985,1760718850977
1796,16,71473.399999991,1760718851087
1796,16,71550.599999994,1760718851164
1796,16,71661.099999994,1760718851274
1796,16,71724.999999985,1760718851338
1796,16,71804.799999982,1760718851418
1796,16,71911.899999991,1760718851525
1796,16,71987.599999994,1760718851601
1796,16,72083.999999985,1760718851697
1796,16,72176.499999985,1760718851790
1796,16,72248.799999982,1760718851862
1796,16,72343.199999988,1760718851957
1796,16,72417.299999982,1760718852031
1796,16,72501.099999994,1760718852114
1796,16,72577.699999988,1760718852191
1796,16,72676.499999985,1760718852290
1796,16,72757.599999994,1760718852371
1796,16,72830.699999988,1760718852444
1796,16,72913.099999994,1760718852526
1796,16,72987.199999988,1760718852601
1796,16,73093.199999988,1760718852706
872,142,73188.799999982,1760718852802
385,308,73273.899999991,1760718852887
366,371,73349.599999994,1760718852963
379,400,73445.899999991,1760718853059
381,403,73529.099999994,1760718853142
381,403,73593.999999985,1760718853207
384,403,73703.999999985,1760718853317
385,402,73804.199999988,1760718853418
385,402,73905.999999985,1760718853519
386,401,73985.199999988,1760718853599
386,401,74072.099999994,1760718853685
386,401,74186.199999988,1760718853800
386,401,74280.499999985,1760718853894
386,401,74376.599999994,1760718853990
386,401,74451.899999991,1760718854065
386,401,74539.199999988,1760718854152
386,401,74625.499999985,1760718854239
386,401,74700.299999982,1760718854314
386,401,74779.799999982,1760718854393
386,401,74901.799999982,1760718854515
386,401,75031.199999988,1760718854645
386,401,75107.299999982,1760718854721
386,401,75201.799999982,1760718854815
386,401,75306.799999982,1760718854920
386,401,75406.899999991,1760718855020
386,401,75497.099999994,1760718855110
386,401,75570.899999991,1760718855184
387,400,75642.199999988,1760718855256
387,400,75711.299999982,1760718855325
387,400,75801.599999994,1760718855415
387,400,75872.399999991,1760718855486
387,400,75959.099999994,1760718855572
387,400,76040.599999994,1760718855654
387,400,76115.899999991,1760718855729
387,400,76217.499999985,1760718855831
387,400,76293.999999985,1760718855907
387,400,76364.599999994,1760718855978
387,400,76467.699999988,1760718856081
387,400,76542.499999985,1760718856156
387,400,76631.399999991,1760718856245
387,400,76717.499999985,1760718856331
387,400,76800.199999988,1760718856414
387,400,76862.599999994,1760718856476
387,400,76967.199999988,1760718856581
387,400,77049.599999994,1760718856663
387,400,77131.499999985,1760718856745
387,400,77223.299999982,1760718856837
387,400,77297.599999994,1760718856911
387,400,77397.299999982,1760718857011
387,400,77487.899999991,1760718857101
387,400,77570.399999991,1760718857184
387,400,77656.499999985,1760718857270
387,400,77738.099999994,1760718857351
387,400,77834.999999985,1760718857448
387,400,77923.599999994,1760718857537
387,400,78002.599999994,1760718857616
387,400,78071.799999982,1760718857685
387,400,78159.699999988,1760718857773
387,400,78244.499999985,1760718857858
387,400,78340.999999985,1760718857954
387,400,78444.699999988,1760718858058
387,400,78514.599999994,1760718858128
387,400,78628.999999985,1760718858242
387,400,78717.099999994,1760718858330
387,400,78789.899999991,1760718858403
387,400,78878.899999991,1760718858492
387,400,78946.499999985,1760718858560
387,400,79045.199999988,1760718858659
387,400,79112.499999985,1760718858726
387,400,79199.499999985,1760718858813
387,400,79304.799999982,1760718858918
387,400,79382.599999994,1760718858996
387,400,79447.799999982,1760718859061
387,400,79536.999999985,1760718859150
387,400,79634.099999994,1760718859247
387,400,79726.899999991,1760718859340
387,400,79817.999999985,1760718859431
387,400,79899.599999994,1760718859513
387,400,79966.999999985,1760718859580
387,400,80029.499999985,1760718859643
387,400,80105.199999988,1760718859718
387,400,80205.299999982,1760718859819
387,400,80318.299999982,1760718859932
387,400,80422.099999994,1760718860035
387,400,80512.499999985,1760718860126
387,400,80588.599999994,1760718860202
387,400,80670.699999988,1760718860284
387,400,80774.499999985,1760718860388
387,400,80852.399999991,1760718860466
387,400,80946.099999994,1760718860559
387,400,81026.199999988,1760718860640
387,400,81102.899999991,1760718860716
387,400,81172.699999988,1760718860786
387,400,81279.299999982,1760718860893
387,400,81341.299999982,1760718860955
387,400,81439.899999991,1760718861053
387,400,81529.899999991,1760718861143
387,400,81604.799999982,1760718861218
387,400,81688.999999985,1760718861302
387,400,81781.599999994,1760718861395
387,400,81863.299999982,1760718861477
387,400,81944.899999991,1760718861558
387,400,82033.099999994,1760718861646
387,400,82119.899999991,1760718861733
387,400,82217.299999982,1760718861831
387,400,82294.699999988,1760718861908
387,400,82362.099999994,1760718861975
387,400,82461.499999985,1760718862075
387,400,82567.499999985,1760718862181
387,400,82664.099999994,1760718862277
387,400,82755.699999988,1760718862369
387,400,82828.099999994,1760718862441
387,400,82909.299999982,1760718862523
387,400,83008.499999985,1760718862622
387,400,83081.499999985,1760718862695
387,400,83164.199999988,1760718862778
387,400,83241.399999991,1760718862855
387,400,83340.299999982,1760718862954
387,400,83421.199999988,1760718863035
387,400,83517.099999994,1760718863130
387,400,83610.099999994,1760718863223
387,400,83715.899999991,1760718863329
387,400,83778.899999991,1760718863392
387,400,83862.599999994,1760718863476
387,400,83969.599999994,1760718863583
387,400,84048.899999991,1760718863662
387,400,84124.099999994,1760718863737
387,400,84213.199999988,1760718863827
387,400,84300.099999994,1760718863913
387,400,84398.399999991,1760718864012
387,400,84468.299999982,1760718864082
387,400,84556.499999985,1760718864170
387,400,84641.399999991,1760718864255
387,400,84719.199999988,1760718864333
387,400,84807.299999982,1760718864421
387,400,84895.199999988,1760718864509
387,400,84987.899999991,1760718864601
387,400,85067.599999994,1760718864681
387,400,85172.099999994,1760718864785
387,400,85243.699999988,1760718864857
387,400,85332.399999991,1760718864946
387,400,85401.299999982,1760718865015
387,400,85508.899999991,1760718865122
387,400,85590.299999982,1760718865204
387,400,85696.499999985,1760718865310
387,400,85787.999999985,1760718865401
387,400,85878.499999985,1760718865492
387,400,85954.099999994,1760718865567
387,400,86038.799999982,1760718865652
387,400,86118.399999991,1760718865732
387,400,86194.199999988,1760718865808
387,400,86296.899999991,1760718865910
387,400,86402.799999982,1760718866016
387,400,86476.899999991,1760718866090
387,400,86562.999999985,1760718866176
387,400,86647.299999982,1760718866261
387,400,86736.599999994,1760718866350
387,400,86802.599999994,1760718866416
387,400,86900.899999991,1760718866514
387,400,86975.499999985,1760718866589
387,400,87060.099999994,1760718866673
387,400,87139.499999985,1760718866753
387,400,87237.299999982,1760718866851
387,400,87310.699999988,1760718866924
387,400,87385.199999988,1760718866999
387,400,87471.599999994,1760718867085
387,400,87555.799999982,1760718867169
387,400,87639.299999982,1760718867253
387,400,87714.099999994,1760718867327
387,400,87802.499999985,1760718867416
387,400,87901.499999985,1760718867515
387,400,87970.599999994,1760718867584
387,400,88068.999999985,1760718867682
387,400,88139.299999982,1760718867753
387,400,88217.299999982,1760718867831
387,400,88299.899999991,1760718867913
387,400,88403.999999985,1760718868017
387,400,88482.199999988,1760718868096
387,400,88608.899999991,1760718868222
387,400,88689.099999994,1760718868302
387,400,88756.299999982,1760718868370
387,400,88869.799999982,1760718868483
387,400,88965.399999991,1760718868579
387,400,89050.599999994,1760718868664
387,400,89112.399999991,1760718868726
387,400,89198.299999982,1760718868812
387,400,89300.199999988,1760718868914
387,400,89370.699999988,1760718868984
387,400,89453.699999988,1760718869067
387,400,89533.999999985,1760718869147
387,400,89629.899999991,1760718869243
387,400,89733.899999991,1760718869347
387,400,89838.099999994,1760718869452
387,400,89918.499999985,1760718869532
387,400,89983.299999982,1760718869597
387,400,90080.799999982,1760718869694
387,400,90155.599999994,1760718869769
387,400,90257.599999994,1760718869871
387,400,90334.699999988,1760718869948
387,400,90409.599999994,1760718870023
387,400,90492.199999988,1760718870106
387,400,90588.199999988,1760718870201
387,400,90695.399999991,1760718870309
387,400,90765.399999991,1760718870379
387,400,90860.599999994,1760718870474
387,400,90965.899999991,1760718870579
387,400,91039.299999982,1760718870653
387,400,91119.499999985,1760718870733
387,400,91200.699999988,1760718870814
387,400,91296.099999994,1760718870909
387,400,91375.299999982,1760718870989
387,400,91473.899999991,1760718871087
387,400,91560.199999988,1760718871174
387,400,91665.799999982,1760718871279
387,400,91775.699999988,1760718871389
387,400,91872.499999985,1760718871486
387,400,91969.599999994,1760718871583
387,400,92046.499999985,1760718871660
387,400,92132.099999994,1760718871745
387,400,92229.599999994,1760718871843
387,400,92318.899999991,1760718871932
387,400,92408.099999994,1760718872021
387,400,92507.499999985,1760718872121
387,400,92577.399999991,1760718872191
387,400,92713.599999994,1760718872327
387,400,92792.399999991,1760718872406
387,400,92868.499999985,1760718872482
387,400,92977.799999982,1760718872591
387,400,93080.199999988,1760718872694
387,400,93168.999999985,1760718872782
387,400,93297.399999991,1760718872911
387,400,93421.399999991,1760718873035
387,410,93504.099999994,1760718873117
363,503,93624.899999991,1760718873238
328,593,93696.499999985,1760718873310
310,641,93790.199999988,1760718873404
306,652,93870.299999982,1760718873484
306,652,93949.799999982,1760718873563
306,652,94039.899999991,1760718873653
306,652,94171.499999985,1760718873785
306,652,94275.599999994,1760718873889
306,652,94344.599999994,1760718873958
306,652,94454.399999991,1760718874068
306,652,94558.399999991,1760718874172
306,652,94648.099999994,1760718874261
306,652,94721.199999988,1760718874335
307,656,94799.499999985,1760718874413
461,705,94866.099999994,1760718874479
807,773,94941.699999988,1760718874555
895,764,95026.499999985,1760718874640
904,745,95101.399999991,1760718874715
904,745,95179.199999988,1760718874793
904,745,95266.799999982,1760718874880
904,745,95354.599999994,1760718874968
928,740,95439.999999985,1760718875053
1016,740,95521.699999988,1760718875135
1051,740,95611.599999994,1760718875225
1051,740,95738.599999994,1760718875352
1051,742,95849.399999991,1760718875463
1041,757,95934.699999988,1760718875548
1039,758,96018.099999994,1760718875631
1030,762,96108.699999988,1760718875722
1030,762,96192.499999985,1760718875806
1030,762,96285.499999985,1760718875899
1030,762,96369.299999982,1760718875983
1085,793,96452.799999982,1760718876066
1162,823,96531.799999982,1760718876145
1177,827,96632.399999991,1760718876246
1181,826,96742.399999991,1760718876356
1181,826,96829.599999994,1760718876443
1184,818,96915.099999994,1760718876528
1184,818,97026.099999994,1760718876639
1184,818,97120.999999985,1760718876734
1184,818,97215.099999994,1760718876828
1184,817,97293.899999991,1760718876907
1184,817,97397.699999988,1760718877011
1184,817,97495.599999994,1760718877109
1184,816,97588.399999991,1760718877202
1187,808,97672.399999991,1760718877286
1210,775,97742.299999982,1760718877356
1217,755,97816.199999988,1760718877430
1222,730,97886.299999982,1760718877500
1226,703,97977.399999991,1760718877591
1230,688,98061.499999985,1760718877675
1240,674,98152.699999988,1760718877766
1244,673,98242.099999994,1760718877855
1255,668,98320.299999982,1760718877934
1258,666,98424.499999985,1760718878038
1263,664,98527.999999985,1760718878141
1267,664,98634.099999994,1760718878247
1267,664,98749.299999982,1760718878363
1267,664,98833.499999985,1760718878447
1267,664,98918.299999982,1760718878532
1284,715,99013.799999982,1760718878627
1284,730,99110.599999994,1760718878724
1284,730,99204.999999985,1760718878818
1284,730,99310.699999988,1760718878924
1282,731,99412.799999982,1760718879026
1282,731,99482.199999988,1760718879095
1281,731,99589.699999988,1760718879203
1281,730,99690.799999982,1760718879304
1280,729,99777.499999985,1760718879391
1279,729,99892.799999982,1760718879506
1279,729,99990.499999985,1760718879604
1279,729,100089.99999999,1760718879703
1279,729,100187.09999999,1760718879800
1279,729,100289.19999999,1760718879903
1279,729,100361.99999999,1760718879975
1279,729,100470.99999999,1760718880084
1279,729,100544.89999999,1760718880158
1279,729,100650.99999999,1760718880264
1279,729,100743.09999999,1760718880356
1279,729,100817.99999999,1760718880431
1279,729,100916.69999999,1760718880530
1279,729,100993.69999999,1760718880607
1279,729,101080.59999999,1760718880694
1279,729,101173.59999999,1760718880787
1279,729,101253.39999999,1760718880867
1279,729,101345.39999999,1760718880959
1279,728,101432.09999999,1760718881045
1279,726,101524.39999999,1760718881138
1279,726,101631.49999999,1760718881245
1279,726,101714.09999999,1760718881327
1279,726,101803.69999999,1760718881417
1279,726,101913.39999999,1760718881527
1278,725,102029.09999999,1760718881642
1277,725,102163.79999998,1760718881777
1276,725,102243.59999999,1760718881857
1276,725,102336.49999999,1760718881950
1275,725,102414.39999999,1760718882028
1274,725,102502.59999999,1760718882116
1274,725,102574.89999999,1760718882188
1274,725,102671.29999998,1760718882285
1274,725,102754.09999999,1760718882367
1274,725,102850.19999999,1760718882464
1274,725,102944.69999999,1760718882558
1274,725,103023.09999999,1760718882636
1273,725,103102.29999998,1760718882716
1273,725,103173.49999999,1760718882787
1273,725,103269.39999999,1760718882883
1273,725,103361.59999999,1760718882975
1273,725,103433.19999999,1760718883046
1271,725,103518.19999999,1760718883132
1270,725,103628.79999998,1760718883242
1269,725,103733.89999999,1760718883347
1268,725,103861.09999999,1760718883474
1268,725,103947.39999999,1760718883561
1267,726,104032.19999999,1760718883646
1267,726,104149.49999999,1760718883763
1266,727,104316.19999999,1760718883930
1265,728,104408.49999999,1760718884022
1264,728,104506.49999999,1760718884120
1264,728,104603.09999999,1760718884216
1264,728,104693.09999999,1760718884306
1264,728,104773.89999999,1760718884387
1264,728,104870.99999999,1760718884484
1263,691,104955.49999999,1760718884569
1190,351,105041.69999999,1760718884655
1009,10,105114.99999999,1760718884728
1009,10,105215.29999998,1760718884829
1009,10,105319.89999999,1760718884933
1009,10,105403.19999999,1760718885017
1009,10,105508.09999999,1760718885121
1009,10,105644.49999999,1760718885258
1009,10,105784.39999999,1760718887893
1009,10,105966.99999999,1760718888075
642,174,106121.89999999,1760718888230
596,204,106199.69999999,1760718888308
578,248,106269.89999999,1760718888378
576,252,106368.39999999,1760718888477
575,249,106466.29999998,1760718888575
571,230,106567.89999999,1760718888676
570,226,106656.49999999,1760718888765
570,226,106738.89999999,1760718888847
570,226,106850.59999999,1760718888959
570,226,106937.09999999,1760718889045
570,226,107033.99999999,1760718889142
570,226,107135.99999999,1760718889244
570,226,107237.09999999,1760718889346
571,222,107356.89999999,1760718889465
691,184,107450.29999998,1760718889559
797,137,107539.59999999,1760718889648
797,137,107651.79999998,1760718889760
797,137,107723.49999999,1760718889832
797,137,107822.19999999,1760718889931
866,159,107901.59999999,1760718890010
1274,185,107972.39999999,1760718890081
1729,254,108048.49999999,1760718890157
1902,290,108121.69999999,1760718890230
1911,300,108256.19999999,1760718890365
1911,296,108326.79999998,1760718890435
1892,264,108407.19999999,1760718890515
1877,252,108487.39999999,1760718890596
1872,248,108569.79999998,1760718890678
1860,239,108664.19999999,1760718890773
1859,237,108742.99999999,1760718890851
1859,237,108821.59999999,1760718890930
1859,237,108915.89999999,1760718891024
1859,237,109028.49999999,1760718891137
1444,154,109113.69999999,1760718891222
967,143,109200.99999999,1760718891309
961,143,109281.99999999,1760718891390
961,143,109354.29999998,1760718891463
961,143,109445.19999999,1760718891554
961,143,109522.49999999,1760718891631
961,143,109603.89999999,1760718891712
961,143,109688.19999999,1760718891797
961,143,109778.09999999,1760718891886
961,143,109854.99999999,1760718891963
961,143,109933.59999999,1760718892042
961,143,110016.09999999,1760718892124
961,143,110114.69999999,1760718892223
961,143,110204.09999999,1760718892312
961,143,110274.89999999,1760718892383
961,143,110357.09999999,1760718892465
961,143,110434.79999998,1760718892543
961,143,110520.09999999,1760718892628
961,143,110614.59999999,1760718892723
961,143,110685.39999999,1760718892794
961,143,110779.59999999,1760718892888
961,143,110885.09999999,1760718892993
961,143,110968.59999999,1760718893077
961,143,111074.19999999,1760718893183
961,143,111169.79999998,1760718893278
961,143,111260.59999999,1760718893369
961,143,111342.19999999,1760718893451
961,143,111429.49999999,1760718893538
961,143,111517.19999999,1760718893626
961,143,111603.29999998,1760718893712
961,143,111690.39999999,1760718893799
961,143,111787.19999999,1760718893896
961,143,111885.09999999,1760718893993
961,143,111959.89999999,1760718894068
961,143,112045.19999999,1760718894154
961,143,112129.69999999,1760718894238
961,143,112218.19999999,1760718894327
961,143,112298.49999999,1760718894407
961,143,112382.79999998,1760718894491
961,143,112506.89999999,1760718894615
961,143,112594.19999999,1760718894703
961,143,112693.59999999,1760718894802
961,143,112801.39999999,1760718894910
961,143,112876.59999999,1760718894985
961,143,112956.29999998,1760718895065
961,143,113052.29999998,1760718895161
961,143,113152.79999998,1760718895261
961,143,113257.29999998,1760718895366
961,143,113405.59999999,1760718895514
961,143,113501.89999999,1760718895610
961,143,113572.59999999,1760718895681
961,143,113665.99999999,1760718895774
961,143,113742.99999999,1760718895851
961,143,113839.99999999,1760718895948
961,143,113908.89999999,1760718896017
961,143,113996.59999999,1760718896105
961,143,114098.59999999,1760718896207
961,143,114162.19999999,1760718896271
961,143,114270.29999998,1760718896379
961,143,114359.29999998,1760718896468
961,143,114447.79999998,1760718896556
961,143,114516.79999998,1760718896625
961,143,114615.89999999,1760718896724
961,143,114706.59999999,1760718896815
961,143,114801.29999998,1760718896910
961,143,114880.09999999,1760718896988
961,143,114962.59999999,1760718897071
961,143,115050.09999999,1760718897158
961,143,115152.29999998,1760718897261
961,143,115235.69999999,1760718897344
961,143,115313.39999999,1760718897422
961,143,115392.39999999,1760718897501
961,143,115473.89999999,1760718897582
961,143,115572.39999999,1760718897681
961,143,115650.99999999,1760718897759
961,143,115716.99999999,1760718897825
961,143,115806.29999998,1760718897915
961,143,115892.89999999,1760718898001
961,143,115974.09999999,1760718898082
961,143,116089.69999999,1760718898198
961,143,116210.29999998,1760718898319
961,143,116299.99999999,1760718898408
961,143,116389.39999999,1760718898498
961,143,116481.79999998,1760718898590
961,143,116552.89999999,1760718898661
961,143,116641.99999999,1760718898750
961,143,116719.79999998,1760718898828
961,143,116819.79999998,1760718898928
961,143,116905.39999999,1760718899014
961,143,116998.89999999,1760718899107
961,143,117092.89999999,1760718899201
961,143,117196.79999998,1760718899305
961,143,117308.69999999,1760718899417
961,143,117384.39999999,1760718899493
961,143,117472.59999999,1760718899581
961,143,117571.09999999,1760718899679
961,143,117633.49999999,1760718899742
961,143,117725.59999999,1760718899834
961,143,117820.19999999,1760718899929
961,143,117892.99999999,1760718900001
961,143,117988.29999998,1760718900097
961,143,118058.69999999,1760718900167
961,143,118146.19999999,1760718900255
961,143,118218.59999999,1760718900327
961,143,118318.59999999,1760718900427
961,143,118391.29999998,1760718900500
961,143,118468.19999999,1760718900577
961,143,118569.19999999,1760718900678
961,143,118637.89999999,1760718900746
961,143,118724.79999998,1760718900833
961,143,118812.29999998,1760718900921
961,143,118897.89999999,1760718901006
961,143,118970.69999999,1760718901079
961,143,119057.69999999,1760718901166
961,143,119139.69999999,1760718901248
961,143,119215.19999999,1760718901324
961,143,119294.39999999,1760718901403
961,143,119373.69999999,1760718901482
961,143,119444.49999999,1760718901553
961,143,119541.39999999,1760718901650
961,143,119615.29999998,1760718901724
961,143,119695.09999999,1760718901803
961,143,119800.69999999,1760718901909
961,143,119882.29999998,1760718901991
961,143,119974.19999999,1760718902083
961,143,120047.59999999,1760718902156
961,143,120135.39999999,1760718902244
961,143,120225.59999999,1760718902334
961,143,120293.39999999,1760718902402
961,143,120379.99999999,1760718902488
961,143,120460.49999999,1760718902569
961,143,120547.69999999,1760718902656
961,143,120643.39999999,1760718902752
961,143,120746.89999999,1760718902855
961,143,120820.99999999,1760718902929
961,143,120909.79999998,1760718903018
959,142,120992.79999998,1760718903101
903,149,121059.99999999,1760718903168
883,154,121122.49999999,1760718903231
874,159,121238.19999999,1760718903347
870,162,121359.69999999,1760718903468
869,163,121434.39999999,1760718903543
869,163,121530.99999999,1760718903639
869,163,121612.49999999,1760718903721
869,163,121688.69999999,1760718903797
869,163,121770.79999998,1760718903879
869,163,121859.89999999,1760718903968
869,163,121940.49999999,1760718904049
869,163,122009.19999999,1760718904118
869,163,122116.09999999,1760718904225
869,163,122194.19999999,1760718904303
869,163,122281.09999999,1760718904389
869,163,122383.69999999,1760718904492
869,163,122457.29999998,1760718904566
869,163,122538.39999999,1760718904647
869,163,122609.59999999,1760718904718
869,163,122680.39999999,1760718904789
869,163,122742.89999999,1760718904851
869,163,122857.49999999,1760718904966
869,163,122986.79999998,1760718905095
869,163,123064.49999999,1760718905173
869,163,123125.49999999,1760718905234
869,163,123200.19999999,1760718905309
869,163,123300.59999999,1760718905409
869,163,123401.09999999,1760718905509
869,163,123499.19999999,1760718905608
869,163,123610.59999999,1760718905719
869,163,123737.79999998,1760718905846
869,163,123818.29999998,1760718905927
869,163,123923.19999999,1760718906032
869,163,124042.19999999,1760718906151
869,163,124104.79999998,1760718906213
869,163,124185.99999999,1760718906294
869,163,124266.89999999,1760718906375
869,163,124365.09999999,1760718906473
869,163,124441.99999999,1760718906550
869,163,124525.99999999,1760718906634
869,163,124596.39999999,1760718906705
869,163,124673.49999999,1760718906782
869,163,124752.29999998,1760718906861
869,163,124832.99999999,1760718906941
869,163,124909.49999999,1760718907018
869,163,124998.09999999,1760718907106
869,163,125071.99999999,1760718907180
869,163,125141.19999999,1760718907250
869,163,125234.99999999,1760718907343
869,163,125341.89999999,1760718907450
869,163,125447.09999999,1760718907555
869,163,125529.89999999,1760718907638
869,163,125600.49999999,1760718907709
869,163,125680.99999999,1760718907789
869,163,125779.29999998,1760718907888
869,163,125858.39999999,1760718907967
869,163,125925.39999999,1760718908034
869,163,126012.19999999,1760718908120
869,163,126093.79999998,1760718908202
869,163,126178.79999998,1760718908287
869,163,126279.09999999,1760718908387
869,163,126357.19999999,1760718908466
869,163,126442.89999999,1760718908551
869,163,126524.29999998,1760718908633
869,163,126609.69999999,1760718908718
869,163,126684.19999999,1760718908793
869,163,126769.29999998,1760718908878
869,163,126852.49999999,1760718908961
869,163,126928.39999999,1760718909037
869,163,127005.29999998,1760718909114
869,163,127112.19999999,1760718909221
869,163,127223.29999998,1760718909332
869,163,127292.69999999,1760718909401
869,163,127362.19999999,1760718909471
869,163,127466.89999999,1760718909575
869,163,127538.39999999,1760718909647
880,171,127618.59999999,1760718909727
1084,205,127693.79999998,1760718909802
1197,205,127759.89999999,1760718909868
1200,205,127845.19999999,1760718909954
1200,205,127912.79999998,1760718910021
1200,205,128009.49999999,1760718910118
1200,205,128150.99999999,1760718910259
1200,205,128248.79999998,1760718910357
1200,205,128317.09999999,1760718910425
1200,205,128435.79999998,1760718910544
1200,205,128536.49999999,1760718910645
1200,205,128612.19999999,1760718910721
1200,205,128701.29999998,1760718910810
1200,205,128787.89999999,1760718910896
1200,205,128852.49999999,1760718910961
1200,205,128983.89999999,1760718911092
1200,205,129077.59999999,1760718911186
1200,205,129152.09999999,1760718911260
1200,205,129277.59999999,1760718911386
1200,205,129350.09999999,1760718911458
1200,205,129452.59999999,1760718911561
1200,205,129570.59999999,1760718911679
1200,205,129673.89999999,1760718911782
1200,205,129797.09999999,1760718911905
1200,205,129909.69999999,1760718912018
1200,205,130023.39999999,1760718912132
1200,205,130132.79999998,1760718912241
1200,205,130221.79999998,1760718912330
1200,205,130290.29999998,1760718912399
1200,205,130371.49999999,1760718912480
1200,205,130476.19999999,1760718912584
1200,205,130570.59999999,1760718912679
1200,205,130645.49999999,1760718912754
1200,205,130733.89999999,1760718912842
1200,205,130812.49999999,1760718912921
1200,205,130903.89999999,1760718913012
1200,205,130991.29999998,1760718913100
1200,205,131069.09999999,1760718913177
1200,205,131130.49999999,1760718913239
1200,205,131239.39999999,1760718913348
1200,205,131340.99999999,1760718913449
1200,205,131433.69999999,1760718913542
1187,334,131522.59999999,1760718913631
1177,511,131592.49999999,1760718913701
1155,632,131673.39999999,1760718913782
1149,677,131770.59999999,1760718913879
1149,677,131860.99999999,1760718913969
1153,675,131946.09999999,1760718914054
1153,675,132068.09999999,1760718914177
1153,675,132255.59999999,1760718914364
1154,674,132356.99999999,1760718914465
1156,673,132423.69999999,1760718914532
1218,679,132515.99999999,1760718914624
1280,662,132598.49999999,1760718914707
1285,638,132691.49999999,1760718914800
1297,602,132765.59999999,1760718914874
1328,560,132840.19999999,1760718914949
1334,552,132920.49999999,1760718915029
1337,550,132994.39999999,1760718915103
1336,562,133091.19999999,1760718915200
1336,564,133192.79999998,1760718915301
1339,545,133282.69999999,1760718915391
1339,543,133385.69999999,1760718915494
1340,541,133475.29999998,1760718915584
1340,539,133569.09999999,1760718915677
1340,533,133668.89999999,1760718915777
1340,533,133775.39999999,1760718915884
1340,532,133873.49999999,1760718915982
1247,528,133954.29999998,1760718916063
1226,524,134048.49999999,1760718916157
1209,507,134132.59999999,1760718916241
1188,494,134242.59999999,1760718916351
1185,493,134314.99999999,1760718916423
1182,485,134423.79999998,1760718916532
1183,483,134527.39999999,1760718916636
1183,482,134631.79999998,1760718916740
1183,482,134731.29999998,1760718916840
1183,482,134819.39999999,1760718916928
1183,482,134909.99999999,1760718917018
1185,484,134991.39999999,1760718917100
1223,585,135072.09999999,1760718917180
1285,687,135171.09999999,1760718917279
1285,687,135278.59999999,1760718917387
1286,681,135363.39999999,1760718917472
1273,671,135470.49999999,1760718917579
1271,670,135568.69999999,1760718917677
1270,668,135651.49999999,1760718917760
1266,660,135751.29999998,1760718917860
1265,658,135843.79999998,1760718917952
1265,658,135963.19999999,1760718918072
1265,658,136047.39999999,1760718918156
1208,655,136119.39999999,1760718918228
1109,650,136195.29999998,1760718918304
1096,648,136308.69999999,1760718918417
1096,648,136398.79999998,1760718918507
1096,648,136477.49999999,1760718918586
1096,648,136574.09999999,1760718918682
1066,635,136703.59999999,1760718918812
1031,599,136819.99999999,1760718918928
989,533,136893.49999999,1760718919002
977,512,136970.09999999,1760718919078
977,510,137071.19999999,1760718919179
973,502,137172.29999998,1760718919281
970,500,137300.09999999,1760718919408
961,495,137418.39999999,1760718919527
951,493,137504.29999998,1760718919613
938,493,137631.19999999,1760718919740
885,523,137716.89999999,1760718919825
874,536,137819.59999999,1760718919928
874,542,137908.69999999,1760718920017
874,543,137983.69999999,1760718920092
874,543,138066.89999999,1760718920175
874,544,138160.99999999,1760718920269
874,548,138239.99999999,1760718920348
874,548,138392.29999998,1760718920501
874,548,138482.49999999,1760718920591
874,548,138568.69999999,1760718920677
874,550,138680.89999999,1760718920789
874,551,138780.49999999,1760718920889
874,551,138868.89999999,1760718920977
874,552,138954.99999999,1760718921063
874,552,139029.79999998,1760718921138
875,552,139129.19999999,1760718921238
875,553,139228.49999999,1760718921337
875,553,139319.59999999,1760718921428
875,553,139400.99999999,1760718921509
875,553,139476.69999999,1760718921585
875,553,139554.99999999,1760718921663
875,553,139652.99999999,1760718921761
875,553,139736.39999999,1760718921845
875,553,139842.49999999,1760718921951
877,553,139907.59999999,1760718922016
880,565,139993.79999998,1760718922102
894,603,140089.99999999,1760718922198
955,637,140172.99999999,1760718922281
985,644,140277.39999999,1760718922386
985,644,140354.99999999,1760718922463
986,644,140428.39999999,1760718922537
988,640,140500.19999999,1760718922609
988,634,140584.29999998,1760718922693
988,631,140677.99999999,1760718922786
977,630,140774.89999999,1760718922883
973,629,140878.79999998,1760718922987
965,629,140986.09999999,1760718923094
965,629,141107.49999999,1760718923216
965,629,141221.09999999,1760718923329
965,629,141346.49999999,1760718923455
965,629,141421.79999998,1760718923530
965,629,141523.99999999,1760718923632
965,629,141600.29999998,1760718923709
965,629,141703.19999999,1760718923812
965,629,141776.89999999,1760718923885
965,629,141871.79999998,1760718923980
965,629,141951.89999999,1760718924060
965,629,142050.59999999,1760718924159
965,629,142129.09999999,1760718924237
965,629,142232.39999999,1760718924341
965,629,142305.09999999,1760718924413
965,629,142401.19999999,1760718924509
965,629,142483.59999999,1760718924592
965,629,142578.89999999,1760718924687
965,629,142672.29999998,1760718924781
965,629,142752.99999999,1760718924861
965,629,142844.09999999,1760718924952
965,629,142932.19999999,1760718925041
965,629,143020.89999999,1760718925129
965,629,143128.59999999,1760718925237
965,629,143239.19999999,1760718925347
965,629,143321.89999999,1760718925430
965,629,143407.89999999,1760718925516
965,629,143493.09999999,1760718925601
965,629,143571.79999998,1760718925680
965,629,143671.99999999,1760718925780
965,629,143739.49999999,1760718925848
965,629,143826.59999999,1760718925935
965,629,143912.79999998,1760718926021
965,629,144005.99999999,1760718926114
965,629,144087.29999998,1760718926196
965,629,144165.69999999,1760718926274
965,629,144229.19999999,1760718926338
965,629,144292.39999999,1760718926401
965,629,144378.49999999,1760718926487
965,629,144464.89999999,1760718926573
965,629,144540.49999999,1760718926649
965,629,144627.39999999,1760718926736
965,629,144698.09999999,1760718926807
965,629,144796.39999999,1760718926905
965,629,144859.49999999,1760718926968
965,629,144964.69999999,1760718927073
965,629,145030.29999998,1760718927139
965,629,145118.09999999,1760718927226
965,629,145188.89999999,1760718927297
965,629,145298.29999998,1760718927407
965,629,145375.19999999,1760718927484
965,629,145464.79999998,1760718927573
965,629,145545.39999999,1760718927654
965,629,145631.79999998,1760718927740
965,629,145707.39999999,1760718927816
965,629,145797.39999999,1760718927906
965,629,145890.69999999,1760718927999
965,629,145970.49999999,1760718928079
965,629,146086.09999999,1760718928194
965,629,146191.99999999,1760718928300
965,629,146286.09999999,1760718928394
965,629,146365.79999998,1760718928474
965,629,146464.59999999,1760718928573
965,629,146527.29999998,1760718928636
965,629,146612.99999999,1760718928721
965,629,146708.49999999,1760718928817
965,629,146777.89999999,1760718928886
965,629,146860.79999998,1760718928969
965,629,146960.99999999,1760718929069
965,629,147043.09999999,1760718929151
965,629,147146.19999999,1760718929255
965,629,147207.09999999,1760718929315
965,629,147285.29999998,1760718929394
965,629,147369.59999999,1760718929478
965,629,147443.69999999,1760718929552
965,629,147537.39999999,1760718929646
965,629,147623.69999999,1760718929732
965,629,147695.49999999,1760718929804
965,629,147794.29999998,1760718929903
965,629,147866.09999999,1760718929974
965,629,147950.39999999,1760718930059
965,629,148024.99999999,1760718930133
965,629,148117.09999999,1760718930225
965,629,148197.29999998,1760718930306
965,629,148297.89999999,1760718930406
965,629,148380.19999999,1760718930489
965,629,148471.59999999,1760718930580
965,629,148568.59999999,1760718930677
965,629,148655.79999998,1760718930764
965,629,148735.09999999,1760718930844
965,629,148816.99999999,1760718930925
965,629,148907.69999999,1760718931016
965,629,148998.59999999,1760718931107
965,629,149107.39999999,1760718931216
965,629,149191.99999999,1760718931300
965,629,149297.19999999,1760718931406
965,629,149373.69999999,1760718931482
965,629,149463.69999999,1760718931572
965,629,149539.29999998,1760718931648
965,629,149614.59999999,1760718931723
965,629,149701.69999999,1760718931810
965,629,149804.29999998,1760718931913
965,629,149885.19999999,1760718931993
965,629,149984.59999999,1760718932093
965,629,150075.19999999,1760718932184
965,629,150148.99999999,1760718932257
965,629,150251.49999999,1760718932360
965,629,150330.99999999,1760718932439
965,629,150417.59999999,1760718932526
965,629,150495.99999999,1760718932604
965,629,150577.89999999,1760718932686
965,629,150670.39999999,1760718932779
965,629,150759.69999999,1760718932868
965,629,150852.79999998,1760718932961
965,629,150941.99999999,1760718933050
960,628,151036.89999999,1760718933145
954,625,151110.89999999,1760718933219
953,624,151192.59999999,1760718933301
952,622,151266.79999998,1760718933375
952,622,151356.99999999,1760718933465
952,622,151426.49999999,1760718933535
952,622,151525.59999999,1760718933634
952,622,151604.39999999,1760718933713
952,622,151676.19999999,1760718933785
952,622,151776.19999999,1760718933884
952,622,151844.89999999,1760718933953
952,622,151921.09999999,1760718934029
952,622,152025.29999998,1760718934134
952,622,152093.39999999,1760718934202
952,622,152170.79999998,1760718934279
952,622,152262.79999998,1760718934371
952,622,152339.69999999,1760718934448
952,622,152430.49999999,1760718934539
952,622,152507.79999998,1760718934616
952,622,152588.59999999,1760718934697
952,622,152683.59999999,1760718934792
952,622,152760.19999999,1760718934869
952,622,152856.39999999,1760718934965
952,622,152943.19999999,1760718935051
952,622,153016.49999999,1760718935125
952,622,153087.89999999,1760718935196
952,622,153211.29999998,1760718935320
952,622,153316.49999999,1760718935425
952,622,153407.89999999,1760718935516
952,622,153505.09999999,1760718935613
952,622,153580.59999999,1760718935689
952,622,153663.59999999,1760718935772
952,622,153739.49999999,1760718935848
952,622,153841.19999999,1760718935949
952,622,153927.49999999,1760718936036
952,622,153998.49999999,1760718936107
952,622,154066.19999999,1760718936175
952,622,154159.89999999,1760718936268
952,622,154235.49999999,1760718936344
952,622,154337.29999998,1760718936446
952,622,154410.49999999,1760718936519
952,622,154489.99999999,1760718936598
952,622,154578.79999998,1760718936687
952,622,154670.49999999,1760718936779
952,622,154742.39999999,1760718936851
952,622,154833.89999999,1760718936942
952,622,154921.99999999,1760718937030
952,622,154993.79999998,1760718937102
952,622,155109.39999999,1760718937218
952,622,155213.49999999,1760718937322
952,622,155317.69999999,1760718937426
952,622,155390.39999999,1760718937499
952,622,155475.39999999,1760718937584
952,622,155551.09999999,1760718937659
952,622,155646.29999998,1760718937755
952,622,155755.19999999,1760718937864
952,622,155826.29999998,1760718937935
952,622,155901.49999999,1760718938010
952,622,156004.89999999,1760718938113
952,622,156084.69999999,1760718938193
952,622,156174.59999999,1760718938283
952,622,156257.29999998,1760718938366
952,622,156336.59999999,1760718938445
952,622,156439.59999999,1760718938548
952,622,156518.49999999,1760718938627
952,622,156586.99999999,1760718938695
952,622,156697.09999999,1760718938805
952,622,156774.09999999,1760718938882
952,622,156859.49999999,1760718938968
952,622,156941.99999999,1760718939050
952,622,157046.49999999,1760718939155
952,622,157147.49999999,1760718939256
952,622,157252.79999998,1760718939361
952,622,157398.49999999,1760718939507
952,622,157473.59999999,1760718939582
952,622,157548.79999998,1760718939657
952,622,157671.09999999,1760718939779
952,622,157761.59999999,1760718939870
952,622,157844.39999999,1760718939953
952,622,157923.89999999,1760718940032
952,622,158015.99999999,1760718940124
952,622,158107.19999999,1760718940216
952,622,158183.19999999,1760718940292
952,622,158260.59999999,1760718940369
952,622,158342.79999998,1760718940451
952,622,158442.59999999,1760718940551
952,622,158524.19999999,1760718940633
952,622,158616.09999999,1760718940725
952,622,158703.09999999,1760718940811
952,622,158780.09999999,1760718940888
952,622,158865.99999999,1760718940974
952,622,158959.89999999,1760718941068
952,622,159026.59999999,1760718941135
952,622,159147.39999999,1760718941256
952,622,159252.29999998,1760718941361
952,622,159347.49999999,1760718941456
952,622,159430.59999999,1760718941539
952,622,159522.29999998,1760718941631
952,622,159611.49999999,1760718941720
952,622,159698.49999999,1760718941807
952,622,159795.79999998,1760718941904
952,622,159862.19999999,1760718941970
952,622,159948.69999999,1760718942057
952,622,160030.99999999,1760718942139
952,622,160126.59999999,1760718942235
952,622,160200.39999999,1760718942309
952,622,160278.19999999,1760718942387
952,622,160367.29999998,1760718942476
952,622,160461.69999999,1760718942570
952,622,160565.99999999,1760718942674
952,622,160636.99999999,1760718942745
952,622,160713.19999999,1760718942822
952,622,160801.59999999,1760718942910
952,622,160891.79999998,1760718943000
952,622,160982.89999999,1760718943091
952,622,161050.19999999,1760718943159
952,622,161146.39999999,1760718943255
952,622,161251.19999999,1760718943360
952,622,161337.99999999,1760718943446
952,622,161425.79999998,1760718943534
929,619,161511.29999998,1760718943620
904,617,161586.69999999,1760718943695
904,617,161671.69999999,1760718943780
903,615,161741.39999999,1760718943850
906,614,161815.89999999,1760718943924
906,614,161919.49999999,1760718944028
906,614,161990.49999999,1760718944099
935,584,162086.79999998,1760718944195
1140,106,162191.59999999,1760718944300
1131,0,162318.39999999,1760718944427
1131,0,162422.29999998,1760718944531
1131,0,162563.59999999,1760718944672
824,533,162717.49999999,1760718944826
722,860,162877.39999999,1760718944986
724,870,163155.09999999,1760718945263
834,829,163243.79999998,1760718945352
861,819,163344.19999999,1760718945453
876,815,163445.79999998,1760718945554
876,815,163524.89999999,1760718945633
876,815,163608.99999999,1760718945717
876,815,163675.99999999,1760718945784
876,815,163765.59999999,1760718945874
891,826,163838.99999999,1760718945947
900,826,163930.19999999,1760718946039
921,826,164016.39999999,1760718946125
927,826,164099.89999999,1760718946208
929,827,164197.99999999,1760718946306
931,828,164275.19999999,1760718946384
931,828,164358.49999999,1760718946467
931,828,164440.29999998,1760718946549
931,828,164510.89999999,1760718946619
931,828,164594.89999999,1760718946703
931,828,164691.39999999,1760718946800
931,828,164776.79999998,1760718946885
931,828,164849.59999999,1760718946958
931,828,164938.49999999,1760718947047
931,828,166338.79999998,1760718948447
1115,60,166493.29999998,1760718948602
1119,9,166619.89999999,1760718948728
1119,9,166755.29999998,1760718948864
1119,9,166809.29999998,1760718949261
1119,9,166962.69999999,1760718951753
1119,9,167132.29999998,1760718951923
884,463,167275.99999999,1760718952067
884,463,167383.09999998,1760718952174
884,463,167463.39999998,1760718952254
884,464,167589.49999999,1760718952380
884,464,167727.99999999,1760718952519
884,464,167837.29999998,1760718952628
884,457,167949.99999999,1760718952741
904,389,168024.79999998,1760718952816
895,272,168145.19999999,1760718952936
879,225,168220.19999999,1760718953011
871,209,168306.39999998,1760718953097
871,209,168394.39999998,1760718953185
871,209,168508.29999998,1760718953299
871,209,168630.39999998,1760718953421
871,209,168710.79999998,1760718953502
871,209,168799.69999999,1760718953590
871,209,168881.69999999,1760718953672
871,209,168982.59999998,1760718953773
871,209,169064.19999999,1760718953855
871,209,169154.99999999,1760718953946
871,209,169217.39999998,1760718954008
871,209,169338.69999999,1760718954129
924,170,169427.49999999,1760718954218
968,142,169508.49999999,1760718954299
968,142,169612.49999999,1760718954403
968,142,169705.79999998,1760718954497
989,146,169777.79999998,1760718954569
1431,168,169883.19999999,1760718954674
1750,204,169956.69999999,1760718954748
1801,223,170039.79999998,1760718954831
1811,229,170126.99999999,1760718954918
1820,235,170207.99999999,1760718954999
1821,235,170299.09999998,1760718955090
1821,235,170394.69999999,1760718955186
1821,235,170484.09999998,1760718955275
1821,235,170630.09999998,1760718955421
1821,230,170726.69999999,1760718955517
1682,25,170804.49999999,1760718955595
1682,25,170884.09999998,1760718955675
1682,25,170946.79999998,1760718955738
1682,25,171014.09999998,1760718955805
1682,25,171091.39999998,1760718955882
1682,25,171171.39999998,1760718955962
1682,25,171257.29999998,1760718956048
1682,25,171345.29999998,1760718956136
1682,25,171445.19999999,1760718956236
1682,25,171520.69999999,1760718956311
1682,25,171610.39999998,1760718956401
1682,25,171679.69999999,1760718956470
1682,25,171768.79999998,1760718956560
1682,25,171850.39999998,1760718956641
1682,25,171942.19999999,1760718956733
1682,25,172038.79999998,1760718956830
1682,25,172108.89999998,1760718956900
1682,25,172216.19999999,1760718957007
1682,25,172296.19999999,1760718957087
1682,25,172403.19999999,1760718957194
1682,25,172507.69999999,1760718957298
1682,25,172614.19999999,1760718957405
1682,25,172703.49999999,1760718957494
1682,25,172785.39999998,1760718957576
1682,25,172882.59999998,1760718957673
1682,25,172950.89999998,1760718957742
1682,25,173049.09999998,1760718957840
1682,25,173126.69999999,1760718957917
1682,25,173213.19999999,1760718958004
1682,25,173302.79999998,1760718958094
1682,25,173369.29999998,1760718958160
1682,25,173454.39999998,1760718958245
1682,25,173546.29999998,1760718958337
1682,25,173624.89999998,1760718958416
1682,25,173716.49999999,1760718958507
1682,25,173796.79999998,1760718958588
1682,25,173882.29999998,1760718958673
1682,25,173956.69999999,1760718958747
1682,25,174021.39999998,1760718958812
1682,25,174112.19999999,1760718958903
1682,25,174187.49999999,1760718958978
1682,25,174262.09999998,1760718959053
1682,25,174358.69999999,1760718959149
1682,25,174462.29999998,1760718959253
1682,25,174522.69999999,1760718959313
1682,25,174610.79999998,1760718959401
1682,25,174678.49999999,1760718959469
1682,25,174778.49999999,1760718959569
1682,25,174847.49999999,1760718959638
1682,25,174945.39999998,1760718959736
1682,25,175026.99999999,1760718959818
1682,25,175119.09999998,1760718959910
1682,25,175193.49999999,1760718959984
1682,25,175281.89999998,1760718960073
1682,25,175366.39999998,1760718960157
1682,25,175467.49999999,1760718960258
1682,25,175536.69999999,1760718960327
1682,25,175620.09999998,1760718960411
1682,25,175693.49999999,1760718960484
1682,25,175798.89999998,1760718960590
1682,25,175875.69999999,1760718960666
1682,25,175950.99999999,1760718960742
1682,25,176030.49999999,1760718960821
1682,25,176131.79999998,1760718960923
1682,25,176207.29999998,1760718960998
1682,25,176286.49999999,1760718961077
1682,25,176378.89999998,1760718961170
1682,25,176475.59999998,1760718961266
1682,25,176547.99999999,1760718961339
1682,25,176674.39999998,1760718961465
1682,25,176755.29999998,1760718961546
1682,25,176844.29999998,1760718961635
1682,25,176926.69999999,1760718961717
1682,25,177007.79999998,1760718961799
1682,25,177091.09999998,1760718961882
1682,25,177193.39999998,1760718961984
1682,25,177282.99999999,1760718962074
1682,25,177366.59999998,1760718962157
1682,25,177465.89999998,1760718962257
1682,25,177540.89999998,1760718962332
1682,25,177627.39999998,1760718962418
1682,25,177702.79999998,1760718962493
1682,25,177795.99999999,1760718962587
1682,25,177867.49999999,1760718962658
1682,25,177965.39999998,1760718962756
1682,25,178033.59999998,1760718962824
1682,25,178131.79999998,1760718962923
1682,25,178196.59999998,1760718962987
1682,25,178297.39999998,1760718963088
1682,25,178360.89999998,1760718963152
1682,25,178444.69999999,1760718963235
1682,25,178545.89999998,1760718963337
1682,25,178653.29999998,1760718963444
1682,25,178761.09999998,1760718963552
1682,25,178833.79999998,1760718963624
1682,25,178901.89999998,1760718963693
1682,25,179006.59999998,1760718963797
1682,25,179089.39999998,1760718963880
1682,25,179153.99999999,1760718963945
1682,25,179246.29999998,1760718964037
1682,25,179339.09999998,1760718964130
1682,25,179408.59999998,1760718964199
1682,25,179494.39999998,1760718964285
1682,25,179590.19999999,1760718964381
1682,25,179668.89999998,1760718964460
1682,25,179755.89999998,1760718964547
1682,25,179843.89999998,1760718964635
1682,25,179931.09999998,1760718964722
1682,25,180024.69999999,1760718964816
1682,25,180118.89999998,1760718964910
1682,25,180194.09999998,1760718964985
1682,25,180281.79999998,1760718965073
1682,25,180375.09999998,1760718965166
1682,25,180443.09999998,1760718965234
1682,25,180570.09999998,1760718965361
1682,25,180673.09999998,1760718965464
1682,25,180755.69999999,1760718965546
1682,25,180826.89999998,1760718965618
1682,25,180904.59999998,1760718965695
1682,25,180994.29999998,1760718965785
1682,25,181075.79999998,1760718965867
1682,25,181152.89999998,1760718965944
1682,25,181256.79999998,1760718966048
1682,25,181334.29999998,1760718966125
1682,25,181420.49999999,1760718966211
1682,25,181491.19999999,1760718966282
1682,25,181590.19999999,1760718966381
1682,25,181665.69999999,1760718966457
1682,25,181751.59999998,1760718966542
1682,25,181835.59999998,1760718966626
1682,25,181899.69999999,1760718966690
1682,25,181982.59999998,1760718966773
1682,25,182089.99999999,1760718966881
1682,25,182184.69999999,1760718966975
1682,25,182248.59999998,1760718967039
1682,25,182321.39999998,1760718967112
1682,25,182441.29999998,1760718967232
1682,25,182567.49999999,1760718967358
1682,25,182694.79999998,1760718967485
1682,25,182767.49999999,1760718967558
1682,25,182860.49999999,1760718967651
1682,25,182948.19999999,1760718967739
1682,25,183045.39999998,1760718967836
1682,25,183121.99999999,1760718967913
1682,25,183209.09999998,1760718968000
1682,25,183287.29999998,1760718968078
1682,25,183367.09999998,1760718968158
1682,25,183442.29999998,1760718968233
1682,25,183536.09999998,1760718968327
1682,25,183631.89999998,1760718968423
1682,25,183711.39999998,1760718968502
1682,25,183785.09999998,1760718968576
1682,25,183864.49999999,1760718968655
1682,25,183962.59999998,1760718968753
1682,25,184041.09999998,1760718968832
1682,25,184106.49999999,1760718968897
1682,25,184202.09999998,1760718968993
1682,25,184288.19999999,1760718969079
1682,25,184367.59999998,1760718969158
1682,25,184442.09999998,1760718969233
1682,25,184566.09999998,1760718969357
1682,25,184653.79999998,1760718969445
1682,25,184739.99999999,1760718969531
1682,25,184829.19999999,1760718969620
1682,25,184920.09999998,1760718969711
1682,25,185001.89999998,1760718969793
1682,25,185094.09999998,1760718969885
1682,25,185181.29999998,1760718969972
1682,25,185261.99999999,1760718970053
1682,25,185343.79999998,1760718970135
1682,25,185427.99999999,1760718970219
1682,25,185514.19999999,1760718970305
1682,25,185598.39999998,1760718970389
1682,25,185694.09999998,1760718970485
1682,25,185769.29999998,1760718970560
1682,25,185837.39999998,1760718970628
1682,25,185946.69999999,1760718970737
1682,25,186012.29999998,1760718970803
1682,25,186096.29999998,1760718970887
1682,25,186190.89999998,1760718970982
1682,25,186277.09999998,1760718971068
1682,25,186380.19999999,1760718971171
1682,25,186472.89999998,1760718971264
1682,25,186570.89999998,1760718971362
1682,25,186657.89999998,1760718971449
1682,25,186756.39999998,1760718971547
1682,25,186831.69999999,1760718971622
1682,25,186914.59999998,1760718971705
1682,25,186998.49999999,1760718971789
1682,25,187089.99999999,1760718971881
1682,25,187176.69999999,1760718971967
1682,25,187276.79999998,1760718972068
1682,25,187359.59999998,1760718972150
1682,25,187440.39999998,1760718972231
1682,25,187533.69999999,1760718972324
1682,25,187597.79999998,1760718972389
1682,25,187682.99999999,1760718972474
1682,25,187764.49999999,1760718972555
1682,25,187857.79999998,1760718972649
1255,199,187931.49999999,1760718972722
1246,274,188009.69999999,1760718972800
1245,317,188079.59999998,1760718972870
1189,359,188157.89999998,1760718972949
1109,410,188234.39999998,1760718973025
1069,442,188329.79999998,1760718973121
1049,453,188440.49999999,1760718973231
1023,459,188589.79999998,1760718973380
961,458,188703.09999998,1760718973494
957,458,188793.49999999,1760718973584
953,458,188872.29999998,1760718973663
932,459,188982.19999999,1760718973773
841,466,189083.79999998,1760718973875
830,468,189177.69999999,1760718973968
830,468,189268.09999998,1760718974059
830,468,189349.89999998,1760718974141
830,468,189455.19999999,1760718974246
830,468,189547.59999998,1760718974338
830,468,189638.09999998,1760718974429
830,468,189726.79999998,1760718974517
830,468,189800.69999999,1760718974591
830,468,189881.69999999,1760718974672
830,468,189979.79999998,1760718974771
829,468,190065.19999999,1760718974856
829,468,190184.79999998,1760718974976
829,466,190262.69999999,1760718975053
829,466,190338.29999998,1760718975129
829,466,190410.89999998,1760718975202
829,466,190522.99999999,1760718975314
829,466,190662.19999999,1760718975453
1064,468,190749.39999998,1760718975540
1274,450,190839.19999999,1760718975630
1274,450,190940.39999998,1760718975731
1274,450,191086.09999998,1760718975877
1274,450,191214.99999999,1760718976006
1274,450,191313.59999998,1760718976104
1274,450,191415.19999999,1760718976206
1274,450,191496.89999998,1760718976288
1274,450,191579.69999999,1760718976370
1274,450,191653.49999999,1760718976444
1274,450,191719.69999999,1760718976510
1274,450,191817.69999999,1760718976608
1274,450,191931.69999999,1760718976722
1274,450,192014.89999998,1760718976806
1274,450,192108.99999999,1760718976900
1274,450,192200.59999998,1760718976991
1274,450,192278.19999999,1760718977069
1272,451,192397.89999998,1760718977189
1172,458,192474.19999999,1760718977265
1030,475,192546.39999998,1760718977337
1070,483,192671.19999999,1760718977462
1173,488,192762.29999998,1760718977553
1173,488,192848.99999999,1760718977640
1173,488,192945.79999998,1760718977737
1173,488,193025.59999998,1760718977816
1173,488,193100.19999999,1760718977891
1173,488,193191.79999998,1760718977982
1173,488,193266.79999998,1760718978058
1173,488,193344.39999998,1760718978135
1173,488,193425.99999999,1760718978217
1173,488,193526.09999998,1760718978317
1173,488,193612.69999999,1760718978404
1173,488,193691.29999998,1760718978482
1173,488,193769.09999998,1760718978560
1173,488,193852.89999998,1760718978644
1173,488,193929.79999998,1760718978721
1173,488,194040.49999999,1760718978831
1173,488,194138.39999998,1760718978929
1173,488,194231.79999998,1760718979023
1172,488,194317.29999998,1760718979108
962,497,194391.49999999,1760718979182
655,497,194506.79999998,1760718979298
629,497,194629.99999999,1760718979421
629,497,194774.09999998,1760718979565
629,497,194909.59999998,1760718979700
629,497,195017.69999999,1760718979808
629,497,195098.99999999,1760718979890
629,497,195218.29999998,1760718980009
629,497,195292.19999999,1760718980083
629,497,195383.29999998,1760718980174
629,497,195463.99999999,1760718980255
629,497,195555.99999999,1760718980347
629,497,195655.89999998,1760718980447
629,497,195738.69999999,1760718980529
629,497,195857.19999999,1760718980648
629,497,195974.49999999,1760718980765
629,497,196068.09999998,1760718980859
629,497,196161.59999998,1760718980952
629,497,196265.49999999,1760718981056
629,497,196328.79999998,1760718981120
629,497,196396.29999998,1760718981187
629,497,196543.39999998,1760718981334
629,497,196653.29999998,1760718981444
629,497,196751.79999998,1760718981542
629,497,196828.29999998,1760718981619
630,495,196910.59999998,1760718981701
630,495,197000.69999999,1760718981791
630,495,197090.69999999,1760718981881
630,495,197192.69999999,1760718981983
630,495,197269.89999998,1760718982061
630,495,197359.29999998,1760718982150
630,495,197462.79999998,1760718982254
630,495,197565.49999999,1760718982356
630,495,197655.49999999,1760718982446
630,495,197774.89999998,1760718982566
630,495,197854.49999999,1760718982645
630,495,197933.49999999,1760718982724
630,495,198015.59999998,1760718982806
630,494,198096.09999998,1760718982887
630,494,198191.09999998,1760718982982
630,494,198264.89999998,1760718983056
630,494,198344.89999998,1760718983136
630,494,198442.99999999,1760718983234
630,494,198607.39999998,1760718983398
630,494,198815.29999998,1760718983606
630,494,198989.79999998,1760718983781
630,496,199088.19999999,1760718983879
628,497,199191.39999998,1760718983982
628,497,199283.29999998,1760718984074
628,497,199369.49999999,1760718984160
631,499,199449.19999999,1760718984240
996,501,199530.79999998,1760718984322
1192,501,199606.69999999,1760718984397
1195,501,199731.99999999,1760718984523
1196,501,199910.89999998,1760718984702
1196,501,200003.49999999,1760718984794
1196,501,200115.69999999,1760718984906
1196,501,200224.79999998,1760718985016
1196,501,200315.79999998,1760718985107
1196,501,200418.99999999,1760718985210
1196,501,200503.39999998,1760718985294
1196,501,200630.79999998,1760718985422
1195,485,200711.39999998,1760718985502
1189,471,200815.99999999,1760718985607
1187,469,200910.09999998,1760718985701
1187,469,200994.39999998,1760718985785
1187,469,201096.79999998,1760718985888
1187,469,201177.19999999,1760718985968
1187,469,201275.39999998,1760718986066
1186,469,201365.29999998,1760718986156
1186,469,201446.09999998,1760718986237
1186,469,201546.39999998,1760718986337
1186,469,201631.59999998,1760718986422
1186,469,201731.49999999,1760718986522
1186,469,201815.19999999,1760718986606
1186,469,201889.39999998,1760718986680
1185,468,201984.09999998,1760718986775
1178,468,202062.19999999,1760718986853
1154,477,202166.99999999,1760718986958
1144,479,202275.79999998,1760718987067
1144,479,202374.59999998,1760718987165
1153,440,202448.09999998,1760718987239
1160,422,202534.09999998,1760718987325
1160,421,202618.49999999,1760718987409
1160,421,202720.69999999,1760718987511
1160,421,202802.89999998,1760718987594
1160,421,202904.99999999,1760718987696
1160,421,202979.59999998,1760718987770
1160,421,203087.89999998,1760718987879
1160,421,203186.69999999,1760718987977
1160,421,203298.99999999,1760718988090
1160,421,203382.59999998,1760718988173
1160,421,203459.99999999,1760718988251
1160,421,203524.19999999,1760718988315
1160,421,203651.89999998,1760718988443
1160,421,203769.29999998,1760718988560
1160,421,203837.79999998,1760718988629
1160,421,203921.29999998,1760718988712
1160,421,204015.39999998,1760718988806
1160,421,204108.19999999,1760718988899
1160,421,204185.89999998,1760718988977
1160,418,204253.19999999,1760718989044
1080,388,204348.99999999,1760718989140
975,327,204421.99999999,1760718989213
921,302,204515.89999998,1760718989307
900,298,204611.39999998,1760718989402
896,297,204776.39999998,1760718989567
896,297,204876.29999998,1760718989667
896,297,204953.59999998,1760718989744
896,297,205063.69999999,1760718989854
895,298,205213.19999999,1760718990004
894,298,205334.99999999,1760718990126
890,301,205584.59999998,1760718990375
890,302,205690.19999999,1760718990481
890,302,205834.79999998,1760718990626
890,302,205951.89999998,1760718990743
890,302,206019.89999998,1760718990811
889,303,206106.99999999,1760718990898
889,303,206202.09999998,1760718990993
888,304,206282.09999998,1760718991073
887,306,206367.29999998,1760718991158
881,357,206443.49999999,1760718991234
887,414,206542.59999998,1760718991333
855,534,206642.09999998,1760718991433
835,592,206737.29999998,1760718991528
837,629,206811.99999999,1760718991603
865,641,206891.09999998,1760718991682
937,658,206977.69999999,1760718991768
932,668,207080.59999998,1760718991871
912,668,207171.09999998,1760718991962
879,664,207253.89999998,1760718992045
877,664,207390.69999999,1760718992181
874,669,207475.59999998,1760718992266
874,676,207566.69999999,1760718992357
874,676,207672.89999998,1760718992464
874,677,207761.09999998,1760718992552
922,696,207836.09999998,1760718992627
1129,743,207926.29999998,1760718992717
1214,744,208023.09999998,1760718992814
1216,741,208116.39999998,1760718992907
1216,737,208194.29999998,1760718992985
1207,733,208297.09999998,1760718993088
1182,729,208438.89999998,1760718993230
1182,729,208529.99999999,1760718993321
1182,729,208653.29999998,1760718993444
1181,729,208765.79999998,1760718993557
1220,638,208854.99999999,1760718993646
1237,564,208942.29999998,1760718993733
1238,531,209018.09999998,1760718993809
1231,501,209093.89999998,1760718993885
1222,457,209179.69999999,1760718993970
1222,455,209292.99999999,1760718994084
1222,455,209393.29999998,1760718994184
1222,455,209483.29999998,1760718994274
1222,455,209566.19999999,1760718994357
1241,508,209668.79999998,1760718994460
1268,562,209795.39999998,1760718994586
1255,628,209886.59999998,1760718994677
1245,662,209967.49999999,1760718994758
1251,678,210066.59999998,1760718994857
1252,678,210167.79999998,1760718994959
1255,675,210244.39999998,1760718995035
1256,671,210337.39999998,1760718995128
1256,669,210425.29999998,1760718995216
1256,669,210562.69999999,1760718995353
1256,669,210667.39999998,1760718995458
1258,667,210763.19999999,1760718995554
1259,661,210856.59999998,1760718995647
1259,661,210948.69999999,1760718995739
1259,661,211029.79999998,1760718995820
1259,661,211127.29999998,1760718995918
1206,706,211215.19999999,1760718996006
1140,747,211295.59999998,1760718996086
1140,747,211398.29999998,1760718996189
1116,757,211532.19999999,1760718996323
1005,801,211609.89999998,1760718996401
953,830,211690.29999998,1760718996481
938,840,211764.39999998,1760718996555
937,843,211856.29999998,1760718996647
937,843,211929.09999998,1760718996720
937,843,212010.59999998,1760718996801
937,843,213598.29999998,1760718998389
1135,74,213693.49999999,1760718998484
1096,187,213843.99999999,1760718998635
989,354,213978.89999998,1760718998770
988,349,214046.49999999,1760718998837
988,349,214167.79999998,1760718998959
988,349,214299.29999998,1760718999090
973,350,214379.69999999,1760718999170
964,350,214469.29999998,1760718999260
951,350,214551.79999998,1760718999343
950,350,214645.09999998,1760718999436
950,350,214752.39999998,1760718999543
950,350,214837.19999999,1760718999628
950,350,214919.89999998,1760718999711
950,350,215000.19999999,1760718999791
950,350,215085.39999998,1760718999876
950,350,215157.69999999,1760718999948
950,350,215244.59999998,1760719000035
950,350,215315.09999998,1760719000106
950,350,215420.39999998,1760719000211
950,350,215501.09999998,1760719000292
950,350,215604.09999998,1760719000395
950,350,215676.79999998,1760719000468
950,350,215767.39999998,1760719000558
950,350,215834.39999998,1760719000625
950,350,215938.99999999,1760719000730
950,350,216007.99999999,1760719000799
953,350,216092.69999999,1760719000883
1113,350,216156.29999998,1760719000947
1206,350,216232.89999998,1760719001024
1206,350,216326.89999998,1760719001118
1206,350,216406.39999998,1760719001197
1206,350,216478.09999998,1760719001269
1206,350,216586.49999999,1760719001377
1206,350,216655.29999998,1760719001446
1206,350,216772.69999999,1760719001563
1206,350,216870.79999998,1760719001661
1206,350,216938.59999998,1760719001729
1206,350,217017.79999998,1760719001809
1206,350,217145.69999999,1760719001936
1206,350,217261.99999999,1760719002053
1206,350,217335.69999999,1760719002126
1206,350,217451.09999998,1760719002242
1206,350,217561.89999998,1760719002353
1206,350,217669.19999999,1760719002460
1206,350,217751.19999999,1760719002542
1206,350,217839.49999999,1760719002630
1206,350,217929.39999998,1760719002720
1206,350,218001.69999999,1760719002792
1206,350,218106.59999998,1760719002897
1206,350,218197.99999999,1760719002989
1206,350,218284.39999998,1760719003075
1206,350,218366.69999999,1760719003157
1206,350,218460.29999998,1760719003251
1206,350,218547.69999999,1760719003338
1206,350,218647.69999999,1760719003438
1206,350,218709.49999999,1760719003500
1206,350,218815.29999998,1760719003606
1206,350,218894.99999999,1760719003686
1206,350,219002.19999999,1760719003793
1206,350,219088.69999999,1760719003879
1206,350,219193.69999999,1760719003984
1206,350,219275.19999999,1760719004066
1206,350,219352.69999999,1760719004143
1206,350,219465.39999998,1760719004256
1206,350,219548.29999998,1760719004339
1206,350,219652.59999998,1760719004443
1206,350,219732.59999998,1760719004523
1206,350,219835.59999998,1760719004626
1206,350,219929.59999998,1760719004720
1206,350,220002.49999999,1760719004793
1206,350,220103.29999998,1760719004894
1206,350,220175.79999998,1760719004967
1206,350,220270.19999999,1760719005061
1206,350,220356.49999999,1760719005147
1206,350,220424.99999999,1760719005216
1206,350,220501.89999998,1760719005293
1206,350,220623.99999999,1760719005415
1206,350,220730.99999999,1760719005522
1206,350,220828.89999998,1760719005620
1206,350,220907.99999999,1760719005699
1206,350,221002.69999999,1760719005793
1206,350,221083.69999999,1760719005874
1206,350,221178.69999999,1760719005969
1206,350,221264.79999998,1760719006056
1206,350,221339.29999998,1760719006130
1206,350,221440.09999998,1760719006231
1206,350,221530.69999999,1760719006321
1206,350,221607.29999998,1760719006398
1206,350,221694.09999998,1760719006485
1206,350,221780.19999999,1760719006571
1206,350,221865.19999999,1760719006656
1206,350,221944.39999998,1760719006735
1206,350,222031.59999998,1760719006822
1206,350,222110.59999998,1760719006901
1206,350,222203.89999998,1760719006995
1206,350,222292.59999998,1760719007083
1206,350,222363.29999998,1760719007154
1206,350,222459.79999998,1760719007251
1206,350,222527.29999998,1760719007318
1206,350,222606.99999999,1760719007398
1206,350,222697.39999998,1760719007488
1206,350,222794.29999998,1760719007585
1206,350,222869.99999999,1760719007661
1206,350,222943.79999998,1760719007735
1206,350,223032.69999999,1760719007823
1206,350,223110.79999998,1760719007902
1206,350,223191.79999998,1760719007983
1206,350,223272.59999998,1760719008063
1206,350,223360.09999998,1760719008151
1206,350,223477.79999998,1760719008269
1206,350,223582.79999998,1760719008374
1206,350,223670.49999999,1760719008461
