-1,-1,,,6107.0999999999,0,1764715538946
-1,-1,,,6189.3999999999,1,1764715539028
-1,-1,,,6277.2,1,1764715539116
-1,-1,,,6357.8999999999,1,1764715539197
-1,-1,,,6443.8999999999,1,1764715539283
-1,-1,,,6524.7999999998,1,1764715539364
-1,-1,,,6605.9999999998,1,1764715539445
-1,-1,,,6685.7999999998,1,1764715539525
-1,-1,,,6749.5999999999,1,1764715539589
-1,-1,,,6820.3999999999,1,1764715539659
-1,-1,,,6902.4999999998,1,1764715539741
-1,-1,,,6988.4999999998,1,1764715539828
-1,-1,,,7049.2999999998,1,1764715539888
-1,-1,,,7120.2999999998,1,1764715539959
-1,-1,,,7187.7999999998,1,1764715540027
-1,-1,,,7254.4999999998,1,1764715540093
-1,-1,,,7341.7,1,1764715540181
-1,-1,,,7422.8999999999,1,1764715540262
-1,-1,,,7503.0999999999,1,1764715540342
-1,-1,,,7590.0999999999,1,1764715540429
-1,-1,,,7666.9999999998,1,1764715540506
-1,-1,,,7753.4999999998,1,1764715540592
-1,-1,,,7819.2,1,1764715540658
-1,-1,,,7904.0999999999,1,1764715540743
-1,-1,,,7977.7999999998,1,1764715540817
-1,-1,,,8049.5999999999,1,1764715540889
-1,-1,,,8118.2999999998,1,1764715540957
-1,-1,,,8191.2999999998,1,1764715541030
-1,-1,,,8261.7,1,1764715541101
-1,-1,,,8332.2999999998,1,1764715541172
-1,-1,,,8411.4999999998,1,1764715541251
-1,-1,,,8483.9999999998,1,1764715541323
-1,-1,,,8568.7,1,1764715541408
-1,-1,,,8640.4999999998,1,1764715541479
-1,-1,,,8714.0999999999,1,1764715541553
-1,-1,,,8785.3999999999,1,1764715541624
-1,-1,,,8876.2999999998,1,1764715541715
-1,-1,,,8957.3999999999,1,1764715541796
-1,-1,,,9043.9999999998,1,1764715541883
-1,-1,,,9123.2999999998,1,1764715541962
-1,-1,,,9194.3999999999,1,1764715542033
-1,-1,,,9268.7,1,1764715542108
-1,-1,,,9352.2,1,1764715542191
-1,-1,,,9435.4999999998,1,1764715542274
-1,-1,,,9522.3999999999,1,1764715542361
-1,-1,,,9594.3999999999,1,1764715542433
-1,-1,,,9666.2999999998,1,1764715542505
-1,-1,,,9734.2999999998,1,1764715542573
-1,-1,,,9803.2,1,1764715542642
-1,-1,,,9882.7999999998,1,1764715542722
-1,-1,,,9953.7,1,1764715542793
-1,-1,,,10031.5,1,1764715542870
-1,-1,,,10103,1,1764715542942
-1,-1,,,10180.5,1,1764715543019
-1,-1,,,10246.1,1,1764715543085
-1,-1,,,10330.1,1,1764715543169
-1,-1,,,10409,1,1764715543248
-1,-1,,,10477.6,1,1764715543316
-1,-1,,,10558.4,1,1764715543397
-1,-1,,,10623.5,1,1764715543462
-1,-1,,,10697.3,1,1764715543536
-1,-1,,,10777,1,1764715543616
-1,-1,,,10840.3,1,1764715543679
-1,-1,,,10913,1,1764715543752
-1,-1,,,10973.9,1,1764715543813
-1,-1,,,11045.1,1,1764715543884
-1,-1,,,11128.2,1,1764715543967
-1,-1,,,11191.7,1,1764715544031
-1,-1,,,11259.6,1,1764715544098
-1,-1,,,11323.7,1,1764715544162
-1,-1,,,11387.5,1,1764715544226
-1,-1,,,11455.4,1,1764715544294
-1,-1,,,11524.3,1,1764715544363
-1,-1,,,11592.3,1,1764715544431
-1,-1,,,11671.7,1,1764715544511
-1,-1,,,11741.2,1,1764715544580
-1,-1,,,11809.3,1,1764715544648
-1,-1,,,11891.6,1,1764715544730
-1,-1,,,11977.1,1,1764715544816
-1,-1,,,12043.6,1,1764715544882
-1,-1,,,12108.7,1,1764715544948
-1,-1,,,12176.5,1,1764715545015
-1,-1,,,12238.7,1,1764715545077
-1,-1,,,12305.3,1,1764715545144
-1,-1,,,12378.2,1,1764715545217
-1,-1,,,12455.6,1,1764715545294
-1,-1,,,12521.3,1,1764715545360
-1,-1,,,12592.2,1,1764715545431
-1,-1,,,12656.7,1,1764715545496
-1,-1,,,12739.9,1,1764715545579
-1,-1,,,12806.8,1,1764715545646
-1,-1,,,12891.6,1,1764715545730
-1,-1,,,12952.7,1,1764715545791
-1,-1,,,13023.9,1,1764715545863
-1,-1,,,13089,1,1764715545928
-1,-1,,,13154.2,1,1764715545993
-1,-1,,,13220.4,1,1764715546059
-1,-1,,,13289.9,1,1764715546129
-1,-1,,,13360.2,1,1764715546199
-1,-1,,,13432.8,1,1764715546272
-1,-1,,,13500.1,1,1764715546339
-1,-1,,,13572,1,1764715546411
-1,-1,,,13656.8,1,1764715546496
-1,-1,,,13721.5,1,1764715546560
-1,-1,,,13784.4,1,1764715546623
-1,-1,,,13854.6,1,1764715546693
-1,-1,,,13916.1,1,1764715546755
-1,-1,,,13990.8,1,1764715546830
-1,-1,,,14056.5,1,1764715546895
-1,-1,,,14138.9,1,1764715546978
-1,-1,,,14202.9,1,1764715547042
-1,-1,,,14271.3,1,1764715547110
-1,-1,,,14355.2,1,1764715547194
-1,-1,,,14424.5,1,1764715547263
-1,-1,,,14502.1,1,1764715547341
-1,-1,,,14566.9,1,1764715547406
-1,-1,,,14632.6,1,1764715547472
-1,-1,,,14699.4,1,1764715547538
-1,-1,,,14766.1,1,1764715547605
-1,-1,,,14833.6,1,1764715547673
-1,-1,,,14903.3,1,1764715547742
-1,-1,,,14982.9,1,1764715547822
-1,-1,,,15054.5,1,1764715547894
-1,-1,,,15115.2,1,1764715547954
-1,-1,,,15183.4,1,1764715548022
-1,-1,,,15252.3,1,1764715548091
-1,-1,,,15339.5,1,1764715548178
-1,-1,,,15412.7,1,1764715548252
-1,-1,,,15483.7,1,1764715548323
-1,-1,,,15547.8,1,1764715548387
-1,-1,,,15617.3,1,1764715548456
-1,-1,,,15686.8,1,1764715548526
-1,-1,,,15770.5,1,1764715548609
-1,-1,,,15858.6,1,1764715548697
-1,-1,,,15949.9,1,1764715548789
-1,-1,,,16025.4,1,1764715548864
-1,-1,,,16100.8,1,1764715548940
-1,-1,,,16188,1,1764715549027
-1,-1,,,16266.3,1,1764715549105
-1,-1,,,16341.3,1,1764715549180
-1,-1,,,16420.5,1,1764715549259
-1,-1,,,16496.7,1,1764715549336
-1,-1,,,16579.1,1,1764715549418
-1,-1,,,16657.2,1,1764715549496
-1,-1,,,16737.1,1,1764715549576
-1,-1,,,16819.5,1,1764715549658
-1,-1,,,16902.6,1,1764715549741
-1,-1,,,16982.3,1,1764715549821
-1,-1,,,17057.7,1,1764715549896
-1,-1,,,17141.4,1,1764715549980
-1,-1,,,17213.6,1,1764715550052
-1,-1,,,17326.7,1,1764715550165
-1,-1,,,17403,1,1764715550242
-1,-1,,,17482.3,1,1764715550321
-1,-1,,,17563.9,1,1764715550403
-1,-1,,,17644.4,1,1764715550483
-1,-1,,,17722,1,1764715550561
-1,-1,,,17808.3,1,1764715550647
-1,-1,,,17891.6,1,1764715550730
-1,-1,,,17969.2,1,1764715550808
-1,-1,,,18049.8,1,1764715550889
-1,-1,,,18120.8,1,1764715550960
-1,-1,,,18193.2,1,1764715551032
-1,-1,,,18278.7,1,1764715551117
-1,-1,,,18350.5,1,1764715551189
-1,-1,,,18432.1,1,1764715551271
-1,-1,,,18518.5,1,1764715551358
-1,-1,,,18600.5,1,1764715551440
-1,-1,,,18683.5,1,1764715551523
-1,-1,,,18757.9,1,1764715551597
-1,-1,,,18837.7,1,1764715551677
-1,-1,,,18884.8,1,1764715551782
-1,-1,,,18995.6,1,1764715568379
-1,-1,,,19073.5,1,1764715568457
-1,-1,,,19159.8,1,1764715568543
-1,-1,,,19245.6,1,1764715568629
264,14.4,"re’s a bullet-point",23,19324,1,1764715568708
244,90.4,"otter's Character De",135,19408.7,1,1764715568792
298,108.4,"'s Character Develop",140,19486.9,1,1764715568871
315,108.4,"Character Developme",142,19565.8,1,1764715568950
316,108.4,"Character Developme",142,19645.1,1,1764715569029
316,108.4,"Character Developme",142,19727.2,1,1764715569111
316,129.2,"Character Developme",142,19809.7,1,1764715569193
316,203.6,"Ignorance (Book 1: H",184,19893.1,1,1764715569277
316,208.4,"Ignorance (Book 1: H",184,19970,1,1764715569354
316,208.4,"Ignorance (Book 1: H",184,20045.2,1,1764715569429
316,208.4,"Ignorance (Book 1: H",184,20144.4,1,1764715569528
316,208.4,"Ignorance (Book 1: H",184,20235.2,1,1764715569619
318,208.4,"Ignorance (Book 1: H",184,20331.2,1,1764715569715
453,206.4,"ook 1: Harry Potter",196,20410,1,1764715569794
626,189.4,"ter and the Sorcerer",212,20492.2,1,1764715569876
632,189.4,"er and the Sorcerer'",213,20575.6,1,1764715569959
635,192.8,"er and the Sorcerer'",213,20655.4,1,1764715570039
636,306.4,"ld living with the D",362,20739.4,1,1764715570123
636,382.4,"overing his identity",438,20820.3,1,1764715570204
636,388,"overing his identity",438,20894.5,1,1764715570278
636,390.4,"overing his identity",438,20971.8,1,1764715570356
560,369.4,"on discovering his i",431,21073.5,1,1764715570457
512,358.4,"treated child living",351,21161.6,1,1764715570545
464,354.4,"d mistreated child l",346,21241.2,1,1764715570625
456,355.4,"d mistreated child l",346,21329.5,1,1764715570713
460,361.4,"tement upon discover",422,21412.2,1,1764715570796
490,402.4,"ent upon discovering",425,21495.6,1,1764715570880
491,421,"ent upon discovering",425,21580.8,1,1764715570965
491,614.6,"and loyalty, which",608,21661.3,1,1764715571045
512,821.4,"ing Dementors and le",869,21746.8,1,1764715571131
724,896.4,"and the Goblet of F",988,21827.4,1,1764715571211
730,901.4,"and the Goblet of Fi",989,21909.2,1,1764715571293
730,979.6,"in the Triwizard To",1071,21992.8,1,1764715571377
730,1134.8,"der of the Phoenix)*",1335,22077,1,1764715571461
730,1204.4,"leading to emotional",1413,22159.8,1,1764715571544
730,1204.4,"leading to emotional",1413,22233.1,1,1764715571617
731,1212,"leading to emotional",1413,22332,1,1764715571716
731,1297,"denial of Voldemort'",1501,22412.3,1,1764715571797
733,1410.4,"Half-Blood Prince)*",1673,22494.9,1,1764715571879
765,1429.4,"lf-Blood Prince)**",1676,22575.3,1,1764715571959
836,1445.4,"od Prince)**",1682,22655.1,1,1764715572039
864,1449.4,"Prince)**",1684,22735.7,1,1764715572120
866,1496,"and evil.",1742,22848,1,1764715572232
866,1518.4,"and evil.",1742,22923.8,1,1764715572308
866,1702.4,"Hallows)**",1987,22998.4,1,1764715572382
884,1755.4,"Hallows)**",1987,23076.5,1,1764715572460
886,1758.4,"Hallows)**",1987,23173.2,1,1764715572557
889,1769.4,"t of his destiny.",2068,23254.3,1,1764715572638
889,1780.6,"t of his destiny.",2068,23333.1,1,1764715572717
889,1799.8,"t of his destiny.",2068,23412.3,1,1764715572796
889,1800.6,"t of his destiny.",2068,23494.1,1,1764715572878
889,1801.4,"t of his destiny.",2068,23572.4,1,1764715572956
889,1801.4,"t of his destiny.",2068,23661.2,1,1764715573045
640,1736.4,"and the Deathly Hal",1970,23758,1,1764715573142
383,1674.4,"of his role in the f",1844,23831.6,1,1764715573215
378,1674.4,"of his role in the f",1844,23921,1,1764715573305
377,1674.4,"of his role in the",1843,24000.3,1,1764715573384
377,1674.4,"of his role in the",1843,24078,1,1764715573462
377,1560.8,"nd sacrifice through",1776,24155.4,1,1764715573540
377,1315.2,"d as he confronts th",1468,24231.3,1,1764715573615
377,1251.2,"with the death of S",1380,24299.3,1,1764715573683
377,1174.4,"(Book 5: Harry Pott",1302,24371.8,1,1764715573756
377,1174.4,"(Book 5: Harry Pott",1302,24462.5,1,1764715573846
377,1169.6,"(Book 5: Harry Pott",1302,24532.8,1,1764715573917
377,1153.6,"(Book 5: Harry Pott",1302,24609.8,1,1764715573994
377,1140.8,"(Book 5: Harry Pott",1302,24683,1,1764715574067
377,974.4,"sponsibilities as he",1038,24758.4,1,1764715574142
377,974.4,"sponsibilities as he",1038,24834,1,1764715574218
377,974.4,"sponsibilities as he",1038,24919.5,1,1764715574303
377,936.8,"sponsibilities as he",1038,24989.5,1,1764715574374
377,717.6,"rns about his past,",774,25060.8,1,1764715574445
377,620.8,"friendship and loya",597,25126.4,1,1764715574510
377,392,"and excitement upon",414,25191.2,1,1764715574575
377,374.4,"and excitement upon",414,25254.8,1,1764715574639
377,374.4,"and excitement upon",414,25326.6,1,1764715574710
377,361.6,"and excitement upon",414,25393.9,1,1764715574778
377,276.8,"f his magical herita",267,25461.5,1,1764715574845
377,242.4,"f his magical herita",267,25525.8,1,1764715574909
377,155.2,"ance (Book 1: Harry",189,25590.3,1,1764715574974
377,134.4,"acter Development:",147,25663.4,1,1764715575047
377,134.4,"acter Development:",147,25754.7,1,1764715575138
376,134.4,"acter Development:",147,25855.6,1,1764715575239
205,104.4,"y Potter's Character",132,25926.3,1,1764715575310
-1,-1,,,26000.9,1,1764715575384
-1,-1,,,26079.5,1,1764715575463
-1,-1,,,26176.3,1,1764715575560
0,33.4,"Certainly!",0,26251.8,1,1764715575636
4,32.4,"Certainly!",0,26327.1,1,1764715575711
9,38.4,"Certainly!",0,26408.4,1,1764715575792
10,39.4,"Certainly!",0,26487.9,1,1764715575872
9,42.4,"Certainly!",0,26569.1,1,1764715575953
9,42.4,"Certainly!",0,26646,1,1764715576030
9,42.4,"Certainly!",0,26731.2,1,1764715576115
9,42.4,"Certainly!",0,26809,1,1764715576193
88,62.4,"Certainly! Here’s",7,26898.3,1,1764715576282
292,94.4,"'s Character Develop",140,26977.6,1,1764715576361
457,126.4,"velopment:",155,27063.5,1,1764715576447
668,186.4,"and the Sorcerer's S",216,27149,1,1764715576533
756,214.4,"Sorcerer's Stone)**",224,27231.7,1,1764715576615
829,259.4,"ing world.",304,27309.4,1,1764715576693
892,339.4,"Dursleys.",380,27391.6,1,1764715576775
-1,-1,,,27482.1,1,1764715576866
-1,-1,,,27569.7,1,1764715576953
-1,-1,,,27655.7,1,1764715577039
-1,-1,,,27736.5,1,1764715577120
-1,-1,,,27811.2,1,1764715577195
-1,-1,,,27887.6,1,1764715577271
-1,-1,,,27967.6,1,1764715577351
-1,-1,,,28045.2,1,1764715577429
-1,-1,,,28122.9,1,1764715577506
-1,-1,,,28195.2,1,1764715577579
-1,-1,,,28270.1,1,1764715577654
-1,-1,,,28339.1,1,1764715577723
-1,-1,,,28411.6,1,1764715577795
-1,-1,,,28483.1,1,1764715577866
-1,-1,,,28549.9,1,1764715577933
-1,-1,,,28616.4,1,1764715578000
-1,-1,,,28686.9,1,1764715578070
-1,-1,,,28757.6,1,1764715578141
-1,-1,,,28829.9,1,1764715578213
-1,-1,,,28904.9,1,1764715578288
-1,-1,,,28978.6,1,1764715578362
-1,-1,,,29058.8,1,1764715578442
-1,-1,,,29139.3,1,1764715578523
-1,-1,,,29215.9,1,1764715578599
-1,-1,,,29300.8,1,1764715578684
-1,-1,,,29385.5,1,1764715578769
-1,-1,,,29464.9,1,1764715578848
-1,-1,,,29551.4,1,1764715578935
-1,-1,,,29626.5,1,1764715579010
-1,-1,,,29706.7,1,1764715579090
-1,-1,,,29780.7,1,1764715579164
-1,-1,,,29855.3,1,1764715579239
-1,-1,,,29931.6,1,1764715579315
-1,-1,,,30016,1,1764715579399
-1,-1,,,30087.1,1,1764715579471
-1,-1,,,30175.3,1,1764715579559
-1,-1,,,30254.2,1,1764715579638
-1,-1,,,30329.3,1,1764715579713
-1,-1,,,30410,1,1764715579793
-1,-1,,,30476.4,1,1764715579860
-1,-1,,,30545.8,1,1764715579929
-1,-1,,,30625.9,1,1764715580009
-1,-1,,,30693.2,1,1764715580077
-1,-1,,,30781.9,1,1764715580165
764,1900,"imself for the great",2236,30863.3,1,1764715580247
539,1625,"the fight against V",1858,30945.3,1,1764715580329
514,1592,"through Dumbledore's",1789,31029.5,1,1764715580413
514,1592,"through Dumbledore's",1789,31116,1,1764715580500
514,1592,"through Dumbledore's",1789,31223.1,1,1764715580607
514,1592,"through Dumbledore's",1789,31341.1,1,1764715587730
514,1592,"through Dumbledore's",1789,31440.2,1,1764715587831
-1,-1,,,31524.9,1,1764715587914
-1,-1,,,31616.1,1,1764715588005
-1,-1,,,31689.6,1,1764715588078
-1,-1,,,31772.9,1,1764715588162
-1,-1,,,31847.9,1,1764715588237
-1,-1,,,31930,1,1764715588319
-1,-1,,,32014.2,1,1764715588403
-1,-1,,,32091.9,1,1764715588480
-1,-1,,,32172.9,1,1764715588561
-1,-1,,,32253.2,1,1764715588642
-1,-1,,,32333.4,1,1764715588722
-1,-1,,,32411,1,1764715588800
-1,-1,,,32489.9,1,1764715588879
-1,-1,,,32570.4,1,1764715588959
-1,-1,,,32649.5,1,1764715589038
-1,-1,,,32728.7,1,1764715589117
-1,-1,,,32812.3,1,1764715589201
-1,-1,,,32898.2,1,1764715589287
-1,-1,,,32985.8,1,1764715589374
-1,-1,,,33063.5,1,1764715589452
-1,-1,,,33141.5,1,1764715589530
-1,-1,,,33223.9,1,1764715589613
-1,-1,,,33302.4,1,1764715589691
-1,-1,,,33381.2,1,1764715589770
-1,-1,,,33460.7,1,1764715589849
784,1747,"hly Hallows)**",1983,33539.8,1,1764715589929
649,1633,"against Voldemort,",1868,33625,1,1764715590014
583,1681,"fight against Volde",1862,33702.6,1,1764715590092
583,1682,"fight against Volde",1862,33784.3,1,1764715590173
606,1741,"ter and the Deathly",1967,33864.1,1,1764715590253
704,1792,"tanding the weight o",2051,33947.3,1,1764715590336
1052,1844,"Hogwarts.",2166,34025,1,1764715590414
1084,1814,"s destiny.",2075,34110.3,1,1764715590500
868,1754,"Hallows)**",1987,34193.4,1,1764715590582
797,1740,"y Hallows)**",1985,34278.7,1,1764715590668
778,1743,"hly Hallows)**",1983,34358,1,1764715590747
773,1745,"thly Hallows)**",1982,34440.7,1,1764715590830
773,1745,"thly Hallows)**",1982,34521.4,1,1764715590910
773,1745,"thly Hallows)**",1982,34600.9,1,1764715590990
773,1745,"thly Hallows)**",1982,34678.3,1,1764715591068
773,1745,"thly Hallows)**",1982,34758.2,1,1764715591147
773,1745,"thly Hallows)**",1982,34832.8,1,1764715591222
773,1745,"thly Hallows)**",1982,34911.8,1,1764715591301
773,1745,"thly Hallows)**",1982,34987.8,1,1764715591377
773,1745,"thly Hallows)**",1982,35066.1,1,1764715591455
773,1745,"thly Hallows)**",1982,35135.7,1,1764715591525
773,1733,"thly Hallows)**",1982,35209.1,1,1764715591598
753,1585,"guidance.",1809,35289.6,1,1764715591679
753,1544,"and evil.",1742,35369.7,1,1764715591759
753,1446.4,"alf-Blood Prince)**",1675,35440.5,1,1764715591829
753,1300.8,"nial of Voldemort's",1503,35513.8,1,1764715591903
753,1184.8,"r of the Phoenix)**",1337,35588.4,1,1764715591977
753,1068.8,"is relationships wit",1248,35658.7,1,1764715592048
753,923.2,"n the Triwizard Tour",1073,35735.3,1,1764715592125
753,805.6,"ning to defend himse",891,35810,1,1764715592199
753,661.6,"e Prisoner of Azkaba",726,35886.7,1,1764715592276
753,544.8,"e Granger.",563,35954.6,1,1764715592344
753,399.2,"identity as a wizar",449,36026.6,1,1764715592416
753,283.2,"rding world.",302,36102.6,1,1764715592492
753,167.2,"Sorcerer's Stone)**",224,36174.1,1,1764715592563
753,44,"character developme",68,36244.3,1,1764715592634
753,44,"character developme",68,36315,1,1764715592704
753,44,"character developme",68,36382.3,1,1764715592771
753,44,"character developme",68,36454.1,1,1764715592843
747,76,"s character developm",67,36520.7,1,1764715592910
739,99,"velopment:",155,36593.6,1,1764715592983
737,108,"velopment:",155,36668.1,1,1764715593057
737,108,"velopment:",155,36740.2,1,1764715593129
737,108,"velopment:",155,36811.1,1,1764715593200
737,108,"velopment:",155,36875.8,1,1764715593265
737,108,"velopment:",155,36948.1,1,1764715593337
737,108,"velopment:",155,37031,1,1764715593420
737,108,"velopment:",155,37114.9,1,1764715593504
737,89.6,"velopment:",155,37199.8,1,1764715593589
-1,-1,,,37283,1,1764715593672
-1,-1,,,37367,1,1764715593756
-1,-1,,,37450.7,1,1764715593839
-1,-1,,,37531.2,1,1764715593920
-1,-1,,,37607.9,1,1764715593996
-1,-1,,,37678.8,1,1764715594067
717,105.4,"velopment:",155,37781.9,1,1764715594171
721,119.4,"velopment:",155,37892.5,1,1764715594281
723,122.4,"velopment:",155,37970.4,1,1764715594359
723,124,"velopment:",155,38059.2,1,1764715594449
725,142,"velopment:",155,38154.2,1,1764715594544
725,243.6,"izarding world.",299,38239.4,1,1764715594629
725,455.6,"ook 1-2)**",501,38322.8,1,1764715594712
725,475.6,"ook 1-2)**",501,38400.4,1,1764715594789
725,524.4,"e Granger.",563,38475.9,1,1764715594865
725,524.4,"e Granger.",563,38550.3,1,1764715594939
725,524.4,"e Granger.",563,38647.9,1,1764715595037
725,526,"e Granger.",563,38749.2,1,1764715595138
725,550,"e Granger.",563,38813.6,1,1764715595203
725,564.4,"e Granger.",563,38885.7,1,1764715595275
725,615.6,"ecomes a core aspect",629,38956.2,1,1764715595345
725,624.4,"ecomes a core aspect",629,39025.8,1,1764715595415
725,624.4,"ecomes a core aspect",629,39108,1,1764715595497
725,624.4,"ecomes a core aspect",629,39188.5,1,1764715595578
725,624.4,"ecomes a core aspect",629,39271,1,1764715595660
725,624.4,"ecomes a core aspect",629,39343.6,1,1764715595733
725,624.4,"ecomes a core aspect",629,39419.6,1,1764715595809
725,624.4,"ecomes a core aspect",629,39486.9,1,1764715595876
725,624.4,"ecomes a core aspect",629,39557.1,1,1764715595946
725,624.4,"ecomes a core aspect",629,39641.4,1,1764715596031
725,624.4,"ecomes a core aspect",629,39723.6,1,1764715596113
725,624.4,"ecomes a core aspect",629,39790,1,1764715596179
725,624.4,"ecomes a core aspect",629,39872.5,1,1764715596262
725,624.4,"ecomes a core aspect",629,39941.8,1,1764715596331
725,624.4,"ecomes a core aspect",629,40025.5,1,1764715596415
725,637.2,"ecomes a core aspect",629,40112.8,1,1764715596502
725,705.2,"the Prisoner of Azk",723,40181,1,1764715596570
725,731.6,"e truth about his pa",806,40244.2,1,1764715596633
725,951.6,"s in the Triwizard T",1070,40310.1,1,1764715596699
725,1024.4,"he reality of Voldem",1156,40375.2,1,1764715596764
725,1024.4,"he reality of Voldem",1156,40437.2,1,1764715596826
725,1024.4,"he reality of Voldem",1156,40524.7,1,1764715596914
-1,-1,,,40628.8,1,1764715597018
-1,-1,,,40726,1,1764715597115
-1,-1,,,40798.5,1,1764715597187
-1,-1,,,40875.3,1,1764715597264
-1,-1,,,40961.6,1,1764715597351
-1,-1,,,41036,1,1764715597425
-1,-1,,,41105.4,1,1764715597494
-1,-1,,,41179.2,1,1764715597568
-1,-1,,,41255.7,1,1764715597644
-1,-1,,,41345.6,1,1764715597734
-1,-1,,,41430.7,1,1764715597819
-1,-1,,,41509.3,1,1764715597898
-1,-1,,,41600,1,1764715597989
-1,-1,,,41680.5,1,1764715598069
-1,-1,,,41754.6,1,1764715598143
-1,-1,,,41843.5,1,1764715598232
-1,-1,,,41927.1,1,1764715598316
-1,-1,,,42004.8,1,1764715598393
-1,-1,,,42079.9,1,1764715598468
-1,-1,,,42158.5,1,1764715598547
-1,-1,,,42239.7,1,1764715598629
-1,-1,,,42322,1,1764715598711
-1,-1,,,42405.9,1,1764715598795
-1,-1,,,42490.5,1,1764715598879
-1,-1,,,42574,1,1764715598963
-1,-1,,,42654.2,1,1764715599043
-1,-1,,,42726,1,1764715599115
-1,-1,,,42817.5,1,1764715599206
-1,-1,,,42899.7,1,1764715599288
-1,-1,,,42977.6,1,1764715599366
-1,-1,,,43029.8,1,1764715599480
-1,-1,,,43141.5,1,1764715609057
-1,-1,,,43241.5,1,1764715609157
-1,-1,,,43340.5,1,1764715609256
560,971.4,"he participates in",1055,43424,1,1764715609340
552,973.4,"s he participates in",1054,43508.5,1,1764715609425
448,920.4,"ilities as he partic",1045,43582.9,1,1764715609499
-1,-1,,,43658.5,1,1764715609574
-1,-1,,,43742.5,1,1764715609658
-1,-1,,,43823,1,1764715609739
-1,-1,,,43918.3,1,1764715609834
-1,-1,,,44002.7,1,1764715609918
-1,-1,,,44083.3,1,1764715609999
-1,-1,,,44159.9,1,1764715610076
-1,-1,,,44245.2,1,1764715610161
-1,-1,,,44319.6,1,1764715610236
-1,-1,,,44389.7,1,1764715610306
-1,-1,,,44463.3,1,1764715610379
-1,-1,,,44537.4,1,1764715610454
-1,-1,,,44604,1,1764715610520
-1,-1,,,44686.1,1,1764715610602
-1,-1,,,44773.4,1,1764715610690
-1,-1,,,44863.2,1,1764715610779
-1,-1,,,44928.2,1,1764715610844
-1,-1,,,44997.1,1,1764715610913
-1,-1,,,45062,1,1764715610978
-1,-1,,,45130.3,1,1764715611046
-1,-1,,,45216.3,1,1764715611132
-1,-1,,,45299.3,1,1764715611215
-1,-1,,,45363.3,1,1764715611279
-1,-1,,,45449.5,1,1764715611365
-1,-1,,,45512.9,1,1764715611429
-1,-1,,,45596.1,1,1764715611512
-1,-1,,,45664.9,1,1764715611581
-1,-1,,,45746.2,1,1764715611662
-1,-1,,,45815.4,1,1764715611731
-1,-1,,,45894.4,1,1764715611811
-1,-1,,,45964.1,1,1764715611880
-1,-1,,,46032.1,1,1764715611948
-1,-1,,,46097.7,1,1764715612014
-1,-1,,,46176.6,1,1764715612092
-1,-1,,,46241.2,1,1764715612157
-1,-1,,,46316.3,1,1764715612232
-1,-1,,,46380.4,1,1764715612296
-1,-1,,,46461.2,1,1764715612377
-1,-1,,,46548.5,1,1764715612465
-1,-1,,,46615,1,1764715612531
-1,-1,,,46694.5,1,1764715612611
-1,-1,,,46757.8,1,1764715612674
-1,-1,,,46826.4,1,1764715612742
-1,-1,,,46893,1,1764715612809
-1,-1,,,46974.8,1,1764715612891
-1,-1,,,47044.8,1,1764715612961
-1,-1,,,47110.8,1,1764715613027
-1,-1,,,47175.7,1,1764715613092
-1,-1,,,47261.3,1,1764715613177
-1,-1,,,47322.3,1,1764715613238
-1,-1,,,47393.4,1,1764715613310
-1,-1,,,47476.1,1,1764715613392
-1,-1,,,47543.8,1,1764715613460
-1,-1,,,47628.9,1,1764715613545
-1,-1,,,47691.4,1,1764715613608
-1,-1,,,47779.4,1,1764715613695
-1,-1,,,47863,1,1764715613779
-1,-1,,,47942.8,1,1764715613859
-1,-1,,,48026.7,1,1764715613943
-1,-1,,,48098.7,1,1764715614015
-1,-1,,,48185.4,1,1764715614101
-1,-1,,,48261.5,1,1764715614177
-1,-1,,,48333.9,1,1764715614250
-1,-1,,,48432.4,1,1764715614348
-1,-1,,,48556.4,1,1764715632332
-1,-1,,,48624.2,1,1764715632400
-1,-1,,,48697.1,1,1764715632473
-1,-1,,,48785.5,1,1764715632561
-1,-1,,,48860.9,1,1764715632637
-1,-1,,,48930,1,1764715632706
-1,-1,,,49013.3,1,1764715632789
488,28.4,"tween the "Harry Pot",44,49091.8,1,1764715632868
498,34.4,"tween the "Harry Pot",44,49166.5,1,1764715632943
498,34.4,"tween the "Harry Pot",44,49241.1,1,1764715633017
498,34.4,"tween the "Harry Pot",44,49317.6,1,1764715633094
498,34.4,"tween the "Harry Pot",44,49391.7,1,1764715633168
498,34.4,"tween the "Harry Pot",44,49460.4,1,1764715633236
498,34.4,"tween the "Harry Pot",44,49536.2,1,1764715633312
498,34.4,"tween the "Harry Pot",44,49618.2,1,1764715633394
498,34.4,"tween the "Harry Pot",44,49693.7,1,1764715633470
516,51.4,"een the "Harry Potte",46,49781.4,1,1764715633558
496,56.4,"tween the "Harry Pot",44,49866.8,1,1764715633643
149,65.4,"e are some major dif",13,49949.7,1,1764715633726
47,66.4,"Here are some",3,50031.9,1,1764715633808
40,70.4,"Here are some",3,50113.9,1,1764715633890
20,70.4,"Here are so",1,50203.4,1,1764715633979
14,55.4,"Here are s",0,50288.2,1,1764715634064
14,51.4,"Here are s",0,50368.3,1,1764715634144
14,48.4,"Here are s",0,50453.6,1,1764715634230
12,46.4,"Here are s",0,50532.7,1,1764715634309
10,44.4,"Here are s",0,50609,1,1764715634385
10,44.4,"Here are s",0,50683.1,1,1764715634459
10,44.4,"Here are s",0,50765.9,1,1764715634542
83,57.4,"Here are some maj",7,50855.6,1,1764715634631
254,78.4,"e major differences",22,50936.1,1,1764715634712
469,98.4,"evelopment",111,51012.8,1,1764715634789
637,145.4,"evelopment",111,51092,1,1764715634868
724,192.4,"r Depth**:",134,51173.1,1,1764715634949
784,287.4,"ularly for character",205,51255.2,1,1764715635032
824,373.4,"ubplots**:",341,51335.8,1,1764715635112
836,393.4,"ubplots**:",341,51414.8,1,1764715635191
841,420.2,,,51497.6,1,1764715635273
-1,-1,,,51576.9,1,1764715635353
-1,-1,,,51655,1,1764715635431
-1,-1,,,51732.7,1,1764715635509
-1,-1,,,51803.3,1,1764715635579
-1,-1,,,51877.6,1,1764715635653
-1,-1,,,51948,1,1764715635724
-1,-1,,,52021.3,1,1764715635797
-1,-1,,,52095.1,1,1764715635871
-1,-1,,,52176,1,1764715635952
-1,-1,,,52256.7,1,1764715636033
-1,-1,,,52332,1,1764715636108
-1,-1,,,52407.9,1,1764715636184
-1,-1,,,52478.4,1,1764715636254
-1,-1,,,52549.7,1,1764715636326
-1,-1,,,52621.8,1,1764715636398
-1,-1,,,52693.8,1,1764715636470
-1,-1,,,52764.6,1,1764715636540
-1,-1,,,52832.8,1,1764715636609
-1,-1,,,52904.4,1,1764715636680
-1,-1,,,52974.4,1,1764715636750
-1,-1,,,53045.6,1,1764715636822
-1,-1,,,53115.6,1,1764715636891
-1,-1,,,53188.5,1,1764715636964
-1,-1,,,53257.9,1,1764715637034
-1,-1,,,53323,1,1764715637099
-1,-1,,,53389.4,1,1764715637165
-1,-1,,,53452.8,1,1764715637228
-1,-1,,,53518.9,1,1764715637294
-1,-1,,,53588.7,1,1764715637364
-1,-1,,,53654.4,1,1764715637430
-1,-1,,,53730.5,1,1764715637506
-1,-1,,,53814.1,1,1764715637590
-1,-1,,,53894.8,1,1764715637671
-1,-1,,,53977.9,1,1764715637754
-1,-1,,,54050.7,1,1764715637826
-1,-1,,,54116.6,1,1764715637892
-1,-1,,,54192.7,1,1764715637968
-1,-1,,,54270.8,1,1764715638046
-1,-1,,,54354.3,1,1764715638130
-1,-1,,,54436.4,1,1764715638212
-1,-1,,,54519.6,1,1764715638295
-1,-1,,,54602.2,1,1764715638378
-1,-1,,,54683.9,1,1764715638460
-1,-1,,,54770.3,1,1764715638546
-1,-1,,,54858.4,1,1764715638634
-1,-1,,,54945.6,1,1764715638721
-1,-1,,,55036.5,1,1764715638812
-1,-1,,,55116.2,1,1764715638892
-1,-1,,,55193.4,1,1764715638969
-1,-1,,,55265,1,1764715639041
-1,-1,,,55345.6,1,1764715639121
-1,-1,,,55418,1,1764715639194
-1,-1,,,55488.5,1,1764715639264
-1,-1,,,55562.6,1,1764715639338
-1,-1,,,55639.7,1,1764715639415
-1,-1,,,55747.4,1,1764715639523
-1,-1,,,55867.4,1,1764715639643
-1,-1,,,55947.7,1,1764715639723
-1,-1,,,56022.6,1,1764715639798
-1,-1,,,56103.2,1,1764715639879
-1,-1,,,56178.9,1,1764715639954
-1,-1,,,56260.2,1,1764715640036
-1,-1,,,56337.9,1,1764715640114
-1,-1,,,56424.2,1,1764715640200
-1,-1,,,56501.2,1,1764715640277
-1,-1,,,56579.5,1,1764715640355
-1,-1,,,56658.9,1,1764715640435
-1,-1,,,56734.4,1,1764715640510
-1,-1,,,56812.6,1,1764715640588
-1,-1,,,56886.7,1,1764715640662
-1,-1,,,56959,1,1764715640735
-1,-1,,,57030.7,1,1764715640806
-1,-1,,,57098.6,1,1764715640874
-1,-1,,,57176.1,1,1764715640952
-1,-1,,,57265.5,1,1764715641041
-1,-1,,,57336.8,1,1764715641112
-1,-1,,,57406,1,1764715641182
-1,-1,,,57485.3,1,1764715641261
-1,-1,,,57549.1,1,1764715641325
-1,-1,,,57633.8,1,1764715641409
-1,-1,,,57708.3,1,1764715641484
-1,-1,,,57776.9,1,1764715641552
-1,-1,,,57843,1,1764715641619
-1,-1,,,57914.2,1,1764715641690
-1,-1,,,57989.8,1,1764715641765
-1,-1,,,58063.9,1,1764715641839
-1,-1,,,58145.3,1,1764715641921
-1,-1,,,58229.5,1,1764715642005
-1,-1,,,58303.4,1,1764715642079
-1,-1,,,58385.3,1,1764715642161
-1,-1,,,58456.2,1,1764715642232
-1,-1,,,58518.7,1,1764715642357
-1,-1,,,58625.3,1,1764715643925
-1,-1,,,58699.9,1,1764715644000
-1,-1,,,58788.7,1,1764715644088
-1,-1,,,58854.7,1,1764715644155
-1,-1,,,58937,1,1764715644237
-1,-1,,,59011.2,1,1764715644311
-1,-1,,,59089.7,1,1764715644390
-1,-1,,,59169.9,1,1764715644470
-1,-1,,,59244.4,1,1764715644544
-1,-1,,,59324.7,1,1764715644625
-1,-1,,,59411.3,1,1764715644711
-1,-1,,,59513.2,1,1764715644813
-1,-1,,,59588.5,1,1764715644888
-1,-1,,,59661.7,1,1764715644961
-1,-1,,,59738.4,1,1764715645038
-1,-1,,,59811.6,1,1764715645111
-1,-1,,,59886.7,1,1764715645186
-1,-1,,,59961.7,1,1764715645261
-1,-1,,,60031.2,1,1764715645331
-1,-1,,,60115.7,1,1764715645415
-1,-1,,,60193.3,1,1764715645493
-1,-1,,,60260.5,1,1764715645560
-1,-1,,,60331.1,1,1764715645631
-1,-1,,,60411.2,1,1764715645711
-1,-1,,,60477.5,1,1764715645777
-1,-1,,,60547,1,1764715645847
-1,-1,,,60606.5,1,1764715645906
-1,-1,,,60669.1,1,1764715645969
-1,-1,,,60741.9,1,1764715646042
-1,-1,,,60805.9,1,1764715646106
-1,-1,,,60876.9,1,1764715646177
-1,-1,,,60959.2,1,1764715646259
-1,-1,,,61023,1,1764715646323
-1,-1,,,61089,1,1764715646389
-1,-1,,,61157.8,1,1764715646458
-1,-1,,,61221.9,1,1764715646522
-1,-1,,,61288.1,1,1764715646588
-1,-1,,,61358.5,1,1764715646658
-1,-1,,,61448.2,1,1764715646748
-1,-1,,,61526.5,1,1764715646826
-1,-1,,,61613.2,1,1764715646913
-1,-1,,,61676.9,1,1764715646977
-1,-1,,,61761.5,1,1764715647061
-1,-1,,,61846.5,1,1764715647146
-1,-1,,,61922.2,1,1764715647222
-1,-1,,,62016.3,1,1764715647316
-1,-1,,,62103.4,1,1764715647403
-1,-1,,,62180.6,1,1764715647480
-1,-1,,,62253.4,1,1764715647553
-1,-1,,,62333.1,1,1764715647633
-1,-1,,,62415.7,1,1764715647715
-1,-1,,,62506.6,1,1764715647806
-1,-1,,,62590.2,1,1764715647890
-1,-1,,,62669.1,1,1764715647969
-1,-1,,,62818.3,1,1764715648118
-1,-1,,,63031.5,1,1764715648331
-1,-1,,,63199.5,1,1764715648499
-1,-1,,,63355.7,1,1764715648655
-1,-1,,,63469.8,1,1764715648770
-1,-1,,,63569.5,1,1764715648869
-1,-1,,,63637.7,1,1764715648937
-1,-1,,,63752,1,1764715649052
-1,-1,,,63832.6,1,1764715649132
-1,-1,,,63901.5,1,1764715649201
-1,-1,,,63966.9,1,1764715649267
-1,-1,,,64039,1,1764715649339
-1,-1,,,64104.5,1,1764715649404
-1,-1,,,64187.2,1,1764715649487
-1,-1,,,64287.3,1,1764715649587
-1,-1,,,64389.9,1,1764715649690
-1,-1,,,64466.4,1,1764715649766
-1,-1,,,64542.3,1,1764715649842
-1,-1,,,64627.6,1,1764715649927
-1,-1,,,64711.8,1,1764715650011
-1,-1,,,64794.3,1,1764715650094
-1,-1,,,64869.1,1,1764715650169
-1,-1,,,64968.2,1,1764715650268
-1,-1,,,65032.9,1,1764715650333
-1,-1,,,65104.6,1,1764715650404
-1,-1,,,65201.6,1,1764715650501
-1,-1,,,65292.9,1,1764715650593
-1,-1,,,65368.5,1,1764715650668
-1,-1,,,65445.5,1,1764715650745
-1,-1,,,65561.3,1,1764715650861
-1,-1,,,65665.2,1,1764715650965
-1,-1,,,65751.3,1,1764715651051
-1,-1,,,65788.4,1,1764715651174
-1,-1,,,65788.4,1,1764715665721
-1,-1,,,65788.4,1,1764715665815
-1,-1,,,65788.4,1,1764715665886
-1,-1,,,65788.4,1,1764715665955
-1,-1,,,65911.1,1,1764715666846
-1,-1,,,65983.3,1,1764715666919
-1,-1,,,66052,1,1764715666987
-1,-1,,,66119.8,1,1764715667055
-1,-1,,,66193.8,1,1764715667129
-1,-1,,,66273,1,1764715667208
-1,-1,,,66352.5,1,1764715667288
-1,-1,,,66431.9,1,1764715667367
-1,-1,,,66520.9,1,1764715667456
-1,-1,,,66620.199999999,1,1764715667555
-1,-1,,,66707.1,1,1764715667642
-1,-1,,,66793.9,1,1764715667729
-1,-1,,,66876.199999999,1,1764715667811
-1,-1,,,66955.4,1,1764715667891
-1,-1,,,67040,1,1764715667975
-1,-1,,,67131.5,1,1764715668067
-1,-1,,,67231.199999999,1,1764715668166
-1,-1,,,67325.4,1,1764715668261
-1,-1,,,67413.5,1,1764715668349
-1,-1,,,67507.199999999,1,1764715668442
-1,-1,,,67595.3,1,1764715668530
-1,-1,,,67670.9,1,1764715668606
-1,-1,,,67754.9,1,1764715668690
-1,-1,,,67825.9,1,1764715668761
-1,-1,,,67895.9,1,1764715668831
-1,-1,,,67963.4,1,1764715668898
-1,-1,,,68028.199999999,1,1764715668963
-1,-1,,,68098.6,1,1764715669034
-1,-1,,,68165.1,1,1764715669100
-1,-1,,,68254.1,1,1764715669189
-1,-1,,,68328.5,1,1764715669264
-1,-1,,,68403.8,1,1764715669339
-1,-1,,,68477.3,1,1764715669413
-1,-1,,,68553.699999999,1,1764715669489
-1,-1,,,68630.699999999,1,1764715669566
-1,-1,,,68704.8,1,1764715669640
-1,-1,,,68783.1,1,1764715669718
-1,-1,,,68868.8,1,1764715669804
-1,-1,,,68951.6,1,1764715669887
-1,-1,,,69035.8,1,1764715669971
-1,-1,,,69133.4,1,1764715670069
-1,-1,,,69218.4,1,1764715670153
-1,-1,,,69302,1,1764715670237
-1,-1,,,69383.699999999,1,1764715670319
-1,-1,,,69463.8,1,1764715670399
-1,-1,,,69556.9,1,1764715670492
-1,-1,,,69636.3,1,1764715670571
-1,-1,,,69731,1,1764715670666
-1,-1,,,69810.5,1,1764715670746
-1,-1,,,69893.4,1,1764715670829
-1,-1,,,69976.6,1,1764715670912
-1,-1,,,70053.9,1,1764715670989
-1,-1,,,70132.8,1,1764715671068
-1,-1,,,70211.9,1,1764715671147
-1,-1,,,70299.3,1,1764715671234
-1,-1,,,70377.199999999,1,1764715671312
-1,-1,,,70451.3,1,1764715671386
-1,-1,,,70527.699999999,1,1764715671463
-1,-1,,,70602.8,1,1764715671538
-1,-1,,,70677.699999999,1,1764715671613
-1,-1,,,70751.5,1,1764715671687
-1,-1,,,70822.1,1,1764715671757
-1,-1,,,70888.5,1,1764715671824
-1,-1,,,70960.5,1,1764715671896
-1,-1,,,71049.9,1,1764715671985
-1,-1,,,71123.4,1,1764715672058
-1,-1,,,71202.199999999,1,1764715672137
-1,-1,,,71281.1,1,1764715672216
-1,-1,,,71356,1,1764715672291
-1,-1,,,71433.699999999,1,1764715672369
-1,-1,,,71514.3,1,1764715672449
-1,-1,,,71592.1,1,1764715672527
-1,-1,,,71667.3,1,1764715672602
-1,-1,,,71750,1,1764715672685
-1,-1,,,71825.8,1,1764715672761
-1,-1,,,71899.199999999,1,1764715672834
-1,-1,,,71978.5,1,1764715672914
-1,-1,,,72058.4,1,1764715672994
-1,-1,,,72139.8,1,1764715673075
-1,-1,,,72220.4,1,1764715673156
-1,-1,,,72302.5,1,1764715673238
-1,-1,,,72379.3,1,1764715673315
-1,-1,,,72455.4,1,1764715673390
-1,-1,,,72539.199999999,1,1764715673474
-1,-1,,,72621.199999999,1,1764715673556
-1,-1,,,72699.5,1,1764715673635
-1,-1,,,72782.3,1,1764715673717
-1,-1,,,72859,1,1764715673794
-1,-1,,,72939.3,1,1764715673874
-1,-1,,,73020.1,1,1764715673955
-1,-1,,,73101.699999999,1,1764715674037
-1,-1,,,73178.699999999,1,1764715674114
-1,-1,,,73259.4,1,1764715674195
-1,-1,,,73385.4,1,1764715674321
-1,-1,,,73461.1,1,1764715674396
-1,-1,,,73539.699999999,1,1764715674475
-1,-1,,,73619.9,1,1764715674555
-1,-1,,,73712.1,1,1764715674647
-1,-1,,,73795.4,1,1764715674731
-1,-1,,,73876.3,1,1764715674811
-1,-1,,,74020.699999999,1,1764715674956
-1,-1,,,74055.5,1,1764715675040
-1,-1,,,74175.8,1,1764715684551
-1,-1,,,74262.899999999,1,1764715684638
370,2286.4,"uilding**:",2116,74352.5,1,1764715684728
480,2530.4,"erences**:",2365,74454.099999999,1,1764715684830
466,2478.4,"d Epilogue",2337,74533.5,1,1764715684909
380,2371.4,"tensive details abou",2151,74626,1,1764715685002
353,2349.4,"extensive details a",2148,74707,1,1764715685083
353,2349.4,"extensive details a",2148,74786.099999999,1,1764715685162
339,2306.4,"uilding**:",2116,74879,1,1764715685254
338,2298.4,"uilding**:",2116,74955.8,1,1764715685331
338,2298.4,"uilding**:",2116,75025.899999999,1,1764715685401
338,2298.4,"uilding**:",2116,75112.899999999,1,1764715685488
338,2298.4,"uilding**:",2116,75195.099999999,1,1764715685571
338,2298.4,"uilding**:",2116,75276.699999999,1,1764715685652
338,2298.4,"uilding**:",2116,75353.599999999,1,1764715685729
338,2298.4,"uilding**:",2116,75427.5,1,1764715685803
338,2298.4,"uilding**:",2116,75501.399999999,1,1764715685877
338,2298.4,"uilding**:",2116,75587.199999999,1,1764715685963
338,2298.4,"uilding**:",2116,75653.8,1,1764715686029
338,2298.4,"uilding**:",2116,75738,1,1764715686114
338,2298.4,"uilding**:",2116,75808.599999999,1,1764715686184
-1,-1,,,77924.699999999,1,1764715688300
-1,-1,,,77995.699999999,1,1764715688371
-1,-1,,,78070.099999999,1,1764715688445
-1,-1,,,78142.699999999,1,1764715688518
825,2337.4,"d that are often con",2191,78220,1,1764715688596
829,2350.4,"that are often cond",2192,78312.5,1,1764715688688
829,2401.2,"community.",2313,78406.599999999,1,1764715688782
829,2656.4,"pilogue in",2385,78486.8,1,1764715688862
-1,-1,,,78564.399999999,1,1764715688940
-1,-1,,,78640.899999999,1,1764715689016
-1,-1,,,78735.3,1,1764715689111
-1,-1,,,78819.399999999,1,1764715689195
-1,-1,,,78903,1,1764715689278
-1,-1,,,78980.3,1,1764715689355
-1,-1,,,79058.8,1,1764715689434
-1,-1,,,79132.099999999,1,1764715689507
-1,-1,,,79217.8,1,1764715689593
-1,-1,,,79294.099999999,1,1764715689669
-1,-1,,,79369.699999999,1,1764715689745
-1,-1,,,79443.899999999,1,1764715689819
-1,-1,,,79523.099999999,1,1764715689898
-1,-1,,,79605.399999999,1,1764715689981
-1,-1,,,79691.3,1,1764715690066
-1,-1,,,79772.099999999,1,1764715690147
-1,-1,,,79861.5,1,1764715690237
-1,-1,,,79941.399999999,1,1764715690317
-1,-1,,,80027.099999999,1,1764715690402
-1,-1,,,80121.599999999,1,1764715690497
-1,-1,,,80195.3,1,1764715690571
-1,-1,,,80265.599999999,1,1764715690641
-1,-1,,,80339.5,1,1764715690715
-1,-1,,,80417.599999999,1,1764715690793
-1,-1,,,80502.8,1,1764715690878
-1,-1,,,80573.5,1,1764715690949
-1,-1,,,80649.3,1,1764715691024
-1,-1,,,80741.599999999,1,1764715691117
-1,-1,,,80819.5,1,1764715691195
-1,-1,,,80905.199999999,1,1764715691280
-1,-1,,,80986.599999999,1,1764715691362
-1,-1,,,81067.099999999,1,1764715691442
-1,-1,,,81153.8,1,1764715691529
-1,-1,,,81230.599999999,1,1764715691606
-1,-1,,,81306.899999999,1,1764715691682
-1,-1,,,81387.8,1,1764715691763
-1,-1,,,81467.399999999,1,1764715691843
-1,-1,,,81542.5,1,1764715691918
-1,-1,,,81622.399999999,1,1764715691998
-1,-1,,,81690.5,1,1764715692066
836,2662.4,"pilogue in",2385,81776.099999999,1,1764715692152
836,2662.4,"pilogue in",2385,81847.599999999,1,1764715692223
836,2662.4,"pilogue in",2385,81947.899999999,1,1764715692324
836,2662.4,"pilogue in",2385,82040.099999999,1,1764715692416
829,2661.4,"pilogue in",2385,82110.199999999,1,1764715692486
716,2608.4,"pilogue in",2385,82183.099999999,1,1764715692559
664,2589.4,"erences**:",2365,82245.3,1,1764715692621
664,2589.4,"erences**:",2365,82324.899999999,1,1764715692700
664,2575.8,"erences**:",2365,82423.5,1,1764715692799
664,2434.2,"zarding community.",2305,82495.8,1,1764715692871
664,2356.6,"wizarding world that",2177,82566.199999999,1,1764715692942
664,1989.4,"ifferences",1870,82639.199999999,1,1764715693015
661,1989.4,"ifferences",1870,82719,1,1764715693095
639,1986.4,"ifferences",1870,82792.8,1,1764715693168
578,1961.4,"nal beats.",1834,82871.3,1,1764715693247
561,1958.4,"nal beats.",1834,82944.8,1,1764715693320
561,1956.8,"nal beats.",1834,83018,1,1764715693393
570,1923.4,"nal beats.",1834,83098,1,1764715693473
808,1888.8,"g toward a blockbust",1738,83175.399999999,1,1764715693551
990,1776,"iations**:",1664,83256.199999999,1,1764715693632
1098,1757.4,"the films.",1641,83333.199999999,1,1764715693709
1308,1776.4,"iations**:",1664,83411.399999999,1,1764715693787
1320,1755.4,"the films.",1641,83497.399999999,1,1764715693873
1324,1748.4,"the films.",1641,83579,1,1764715693955
1349,1453.6,"of death.",1436,83661.399999999,1,1764715694037
1470,1276.8,"ntation**:",1250,83748,1,1764715694124
-1,-1,,,83835.199999999,1,1764715694211
-1,-1,,,83914.399999999,1,1764715694290
-1,-1,,,84022.599999999,1,1764715694398
-1,-1,,,84105.399999999,1,1764715694481
-1,-1,,,84188.899999999,1,1764715694564
-1,-1,,,84262.199999999,1,1764715694638
-1,-1,,,84341.3,1,1764715694716
-1,-1,,,84426.8,1,1764715694802
-1,-1,,,84501.8,1,1764715694877
-1,-1,,,84580.5,1,1764715694956
-1,-1,,,84659.899999999,1,1764715695035
-1,-1,,,84750.8,1,1764715695126
-1,-1,,,84832.5,1,1764715695208
-1,-1,,,84911.899999999,1,1764715695287
1221,942.4,"ce of the Battle of",929,84995.8,1,1764715695371
1412,957.4,"le of the",943,85072.199999999,1,1764715695448
1418,954.4,"le of the",943,85166.099999999,1,1764715695542
-1,-1,,,85250.099999999,1,1764715695625
-1,-1,,,85329.399999999,1,1764715695705
-1,-1,,,85416.699999999,1,1764715695792
-1,-1,,,85495.5,1,1764715695871
-1,-1,,,85576.199999999,1,1764715695951
-1,-1,,,85664.099999999,1,1764715696039
-1,-1,,,85748.099999999,1,1764715696123
946,986.4,"ter books, the signi",904,85828.399999999,1,1764715696204
-1,-1,,,85907.899999999,1,1764715696283
-1,-1,,,85984.8,1,1764715696360
-1,-1,,,86065.699999999,1,1764715696441
-1,-1,,,86145.599999999,1,1764715696521
-1,-1,,,86227.099999999,1,1764715696602
-1,-1,,,86312.899999999,1,1764715696688
-1,-1,,,86387.899999999,1,1764715696763
-1,-1,,,86461.8,1,1764715696837
-1,-1,,,86545.199999999,1,1764715696921
-1,-1,,,86624.5,1,1764715697000
-1,-1,,,86703.399999999,1,1764715697079
-1,-1,,,86778.099999999,1,1764715697153
-1,-1,,,86853,1,1764715697228
-1,-1,,,86937.3,1,1764715697313
-1,-1,,,87010.8,1,1764715697386
-1,-1,,,87086.8,1,1764715697462
-1,-1,,,87154.8,1,1764715697530
-1,-1,,,87234.399999999,1,1764715697610
-1,-1,,,87318.199999999,1,1764715697693
-1,-1,,,87402.199999999,1,1764715697777
-1,-1,,,87480,1,1764715697855
-1,-1,,,87551.599999999,1,1764715697927
-1,-1,,,87635.3,1,1764715698010
-1,-1,,,87719.599999999,1,1764715698095
537,942.4,"ch as the Quidditch",867,87798.599999999,1,1764715698174
537,942.4,"ch as the Quidditch",867,87866.5,1,1764715698242
538,942.4,"ch as the Quidditch",867,87941.599999999,1,1764715698317
538,942.4,"ch as the Quidditch",867,88012.899999999,1,1764715698388
538,942.4,"ch as the Quidditch",867,88113.599999999,1,1764715698489
538,942.4,"ch as the Quidditch",867,88187.3,1,1764715698563
538,942.4,"ch as the Quidditch",867,88261.699999999,1,1764715698637
538,942.4,"ch as the Quidditch",867,88336.399999999,1,1764715698712
538,942.4,"ch as the Quidditch",867,88411.599999999,1,1764715698787
538,942.4,"ch as the Quidditch",867,88484.199999999,1,1764715698860
538,942.4,"ch as the Quidditch",867,88559.099999999,1,1764715698935
538,942.4,"ch as the Quidditch",867,88625.199999999,1,1764715699001
538,942.4,"ch as the Quidditch",867,88697.3,1,1764715699073
550,942.4,"h as the Quidditch m",868,88768.699999999,1,1764715699144
705,950.4,"itch matches in the",882,88841.599999999,1,1764715699217
1072,979.4,"he significance of t",916,88917.5,1,1764715699293
1143,952.4,"nificance of the Bat",922,88989.599999999,1,1764715699365
1143,954.4,"nificance of the Bat",922,89065.899999999,1,1764715699442
1228,956.4,"e of the Battle of t",930,89138.699999999,1,1764715699514
1272,945.4,"the Battle of the",934,89213.099999999,1,1764715699589
-1,-1,,,89290,1,1764715699665
-1,-1,,,89371.5,1,1764715699747
-1,-1,,,89452.699999999,1,1764715699828
-1,-1,,,89533.8,1,1764715699909
-1,-1,,,89614.5,1,1764715699990
-1,-1,,,89705.699999999,1,1764715700081
-1,-1,,,89786.899999999,1,1764715700162
-1,-1,,,89864,1,1764715700240
-1,-1,,,89933.899999999,1,1764715700309
-1,-1,,,90017.3,1,1764715700393
-1,-1,,,90095,1,1764715700471
-1,-1,,,90168.899999999,1,1764715700544
-1,-1,,,90250.3,1,1764715700626
-1,-1,,,90325.199999999,1,1764715700701
-1,-1,,,90394.399999999,1,1764715700770
-1,-1,,,90475,1,1764715700850
-1,-1,,,90564.899999999,1,1764715700940
-1,-1,,,90637.199999999,1,1764715701013
-1,-1,,,90709.599999999,1,1764715701085
-1,-1,,,90779,1,1764715701155
1204,944.4,"nce of the Battle of",928,90863.3,1,1764715701239
951,957.4,"er books, the signif",905,90937.599999999,1,1764715701313
889,965.4,"he later books, the",899,91012.599999999,1,1764715701388
887,965.4,"he later books, the",899,91097.099999999,1,1764715701473
887,965.4,"he later books, the",899,91179.199999999,1,1764715701555
887,965.4,"he later books, the",899,91247,1,1764715701623
884,965.4,"he later books, the",899,91326.399999999,1,1764715701702
866,965.4,"the later books, th",897,91401.199999999,1,1764715701777
856,1015.4,"of Gryffindor in "D",1020,91481.3,1,1764715701857
856,1158.6,", the explanation of",1147,91555.699999999,1,1764715701931
856,1167.4,", the explanation of",1147,91630.899999999,1,1764715702006
856,1167.4,", the explanation of",1147,91729.899999999,1,1764715702105
856,1167.4,", the explanation of",1147,91810.199999999,1,1764715702186
856,1153.8,", the explanation of",1147,91880.8,1,1764715702256
856,1073,"Events**:",1069,91952.5,1,1764715702328
856,960.2,"n the later books, t",896,92028.8,1,1764715702404
856,868.2,"Events**:",818,92098.599999999,1,1764715702474
856,867.4,"Events**:",818,92166.099999999,1,1764715702541
905,867.4,"Events**:",818,92259.199999999,1,1764715702635
1269,910.4,"Events**:",818,92345.599999999,1,1764715702721
1332,916.4,"Events**:",818,92420.3,1,1764715702796
1360,921.4,"tle of the",942,92496.899999999,1,1764715702872
1388,937.4,"le of the",943,92574,1,1764715702950
1417,953.4,"le of the",943,92650.899999999,1,1764715703026
1436,966.4,"le of the",943,92732.899999999,1,1764715703109
1452,977.4,"le of the",943,92811.199999999,1,1764715703187
1473,989.4,"Hallows."",1046,92894.399999999,1,1764715703270
1480,994.4,"Hallows."",1046,92975,1,1764715703350
1481,996.4,"Hallows."",1046,93055.3,1,1764715703431
1481,996.4,"Hallows."",1046,93134,1,1764715703510
1480,995.4,"Hallows."",1046,93215.5,1,1764715703591
1480,977.8,"le of the",943,93301.199999999,1,1764715703677
1480,870.6,"Events**:",818,93384.099999999,1,1764715703760
1480,506.6,"ltergeist.",547,93464,1,1764715703840
1480,340.2,"onal arcs.",325,93540,1,1764715703916
1480,155.4,"r Depth**:",134,93615.099999999,1,1764715703991
1480,155.4,"r Depth**:",134,93686.699999999,1,1764715704062
1480,155.4,"r Depth**:",134,93775,1,1764715704151
1472,1.4,"nd movies:",76,93860.099999999,1,1764715704236
1455,0.4,"nd movies:",76,93928.3,1,1764715704304
1225,24.4,"nd movies:",76,94000.5,1,1764715704376
932,35.4,"nd movies:",76,94075.8,1,1764715704451
841,17.4,"nd movies:",76,94155,1,1764715704531
812,13.4,"s and movies:",73,94241.3,1,1764715704617
803,10.4,"ks and movies:",72,94324.899999999,1,1764715704700
803,10.4,"ks and movies:",72,94403.099999999,1,1764715704779
803,10.4,"ks and movies:",72,94478,1,1764715704853
803,10.4,"ks and movies:",72,94562.099999999,1,1764715704938
803,10.4,"ks and movies:",72,94644.8,1,1764715705020
803,10.4,"ks and movies:",72,94719.8,1,1764715705095
803,10.4,"ks and movies:",72,94786.199999999,1,1764715705162
803,10.4,"ks and movies:",72,94854.3,1,1764715705230
803,10.4,"ks and movies:",72,94929.699999999,1,1764715705305
803,10.4,"ks and movies:",72,95003.199999999,1,1764715705379
803,10.4,"ks and movies:",72,95073.5,1,1764715705449
803,10.4,"ks and movies:",72,95148.699999999,1,1764715705524
803,10.4,"ks and movies:",72,95212.099999999,1,1764715705588
803,10.4,"ks and movies:",72,95277.3,1,1764715705653
803,10.4,"ks and movies:",72,95350,1,1764715705725
803,10.4,"ks and movies:",72,95415.699999999,1,1764715705791
803,10.4,"ks and movies:",72,95475.699999999,1,1764715705851
803,10.4,"ks and movies:",72,95542.899999999,1,1764715705918
803,10.4,"ks and movies:",72,95608.899999999,1,1764715705984
803,10.4,"ks and movies:",72,95682.599999999,1,1764715706058
803,10.4,"ks and movies:",72,95761.899999999,1,1764715706138
803,10.4,"ks and movies:",72,95830.3,1,1764715706206
803,10.4,"ks and movies:",72,95892.099999999,1,1764715706267
803,10.4,"ks and movies:",72,95962.099999999,1,1764715706338
803,10.4,"ks and movies:",72,96045.399999999,1,1764715706421
803,10.4,"ks and movies:",72,96108.699999999,1,1764715706484
803,10.4,"ks and movies:",72,96180.699999999,1,1764715706556
803,10.4,"ks and movies:",72,96243,1,1764715706619
803,10.4,"ks and movies:",72,96313.099999999,1,1764715706689
803,10.4,"ks and movies:",72,96382.699999999,1,1764715706758
803,10.4,"ks and movies:",72,96456.8,1,1764715706832
803,10.4,"ks and movies:",72,96525.099999999,1,1764715706901
803,10.4,"ks and movies:",72,96589.8,1,1764715706965
803,10.4,"ks and movies:",72,96658,1,1764715707034
803,10.4,"ks and movies:",72,96726,1,1764715707102
803,10.4,"ks and movies:",72,96793.899999999,1,1764715707169
803,10.4,"ks and movies:",72,96874,1,1764715707250
803,10.4,"ks and movies:",72,96940.699999999,1,1764715707316
803,10.4,"ks and movies:",72,97007.3,1,1764715707383
803,10.4,"ks and movies:",72,97077.5,1,1764715707453
803,10.4,"ks and movies:",72,97140,1,1764715707515
803,10.4,"ks and movies:",72,97207,1,1764715707582
803,10.4,"ks and movies:",72,97278.8,1,1764715707654
803,10.4,"ks and movies:",72,97343.099999999,1,1764715707719
803,10.4,"ks and movies:",72,97409.3,1,1764715707785
803,10.4,"ks and movies:",72,97491.8,1,1764715707867
803,10.4,"ks and movies:",72,97574.099999999,1,1764715707950
803,10.4,"ks and movies:",72,97642,1,1764715708017
803,10.4,"ks and movies:",72,97722.199999999,1,1764715708098
803,10.4,"ks and movies:",72,97789,1,1764715708164
803,10.4,"ks and movies:",72,97854.8,1,1764715708230
803,10.4,"ks and movies:",72,97924.899999999,1,1764715708300
803,10.4,"ks and movies:",72,98005.5,1,1764715708381
803,10.4,"ks and movies:",72,98072.199999999,1,1764715708448
803,10.4,"ks and movies:",72,98139,1,1764715708515
803,10.4,"ks and movies:",72,98208.8,1,1764715708584
803,10.4,"ks and movies:",72,98273.099999999,1,1764715708649
803,10.4,"in the "Harry Potte",72,98343.3,1,1764715708719
803,10.4,"in the "Harry Potte",72,98421.699999999,1,1764715708798
803,10.4,"in the "Harry Potte",72,98491.699999999,1,1764715708868
803,10.4,"in the "Harry Potte",72,98559.8,1,1764715708935
803,10.4,"in the "Harry Potte",72,98634.199999999,1,1764715709010
803,10.4,"in the "Harry Potte",72,98702.3,1,1764715709078
803,10.4,"in the "Harry Potte",72,98771.8,1,1764715709147
803,10.4,"in the "Harry Potte",72,98839.099999999,1,1764715709215
803,10.4,"in the "Harry Potte",72,98908.199999999,1,1764715709284
803,10.4,"in the "Harry Potte",72,98987.3,1,1764715709363
803,10.4,"in the "Harry Potte",72,99051.099999999,1,1764715709427
803,10.4,"in the "Harry Potte",72,99121.8,1,1764715709498
803,10.4,"in the "Harry Potte",72,99198.899999999,1,1764715709574
803,10.4,"in the "Harry Potte",72,99271.3,1,1764715709647
803,10.4,"in the "Harry Potte",72,99335.099999999,1,1764715709711
803,10.4,"in the "Harry Potte",72,99399.599999999,1,1764715709775
803,10.4,"in the "Harry Potte",72,99467.099999999,1,1764715709843
803,10.4,"in the "Harry Potte",72,99539.099999999,1,1764715709915
803,10.4,"in the "Harry Potte",72,99622.599999999,1,1764715709998
803,10.4,"in the "Harry Potte",72,99706.199999999,1,1764715710082
803,10.4,"in the "Harry Potte",72,99773.399999999,1,1764715710149
803,10.4,"in the "Harry Potte",72,99836.099999999,1,1764715710212
803,10.4,"in the "Harry Potte",72,99905.399999999,1,1764715710281
803,10.4,"in the "Harry Potte",72,99972.399999999,1,1764715710348
803,10.4,"in the "Harry Potte",72,100049.9,1,1764715710425
803,10.4,"in the "Harry Potte",72,100116.8,1,1764715710492
803,10.4,"in the "Harry Potte",72,100184.5,1,1764715710560
803,10.4,"in the "Harry Potte",72,100250.2,1,1764715710626
803,10.4,"in the "Harry Potte",72,100317,1,1764715710693
803,10.4,"in the "Harry Potte",72,100385.6,1,1764715710761
803,10.4,"in the "Harry Potte",72,100453,1,1764715710828
803,10.4,"in the "Harry Potte",72,100536.3,1,1764715710912
803,10.4,"in the "Harry Potte",72,100598.3,1,1764715710974
803,10.4,"in the "Harry Potte",72,100669.2,1,1764715711045
803,10.4,"in the "Harry Potte",72,100746.6,1,1764715711122
803,10.4,"in the "Harry Potte",72,100816.7,1,1764715711192
800,10.4,"in the "Harry Potte",72,100886.7,1,1764715711262
800,10.4,"in the "Harry Potte",72,100955,1,1764715711331
800,10.4,"in the "Harry Potte",72,101025.7,1,1764715711401
800,10.4,"in the "Harry Potte",72,101095.6,1,1764715711471
800,10.4,"in the "Harry Potte",72,101165.3,1,1764715711541
800,10.4,"in the "Harry Potte",72,101250.8,1,1764715711627
800,10.4,"in the "Harry Potte",72,101321.7,1,1764715711697
800,10.4,"in the "Harry Potte",72,101402.2,1,1764715711778
800,10.4,"in the "Harry Potte",72,101472.6,1,1764715711848
800,10.4,"in the "Harry Potte",72,101539.4,1,1764715711915
800,10.4,"in the "Harry Potte",72,101617.8,1,1764715711993
800,10.4,"in the "Harry Potte",72,101687.3,1,1764715712063
800,10.4,"in the "Harry Potte",72,101759.3,1,1764715712135
800,10.4,"in the "Harry Potte",72,101832.4,1,1764715712208
800,10.4,"in the "Harry Potte",72,101900.3,1,1764715712276
800,10.4,"in the "Harry Potte",72,101971.8,1,1764715712347
800,10.4,"in the "Harry Potte",72,102040.2,1,1764715712416
800,10.4,"in the "Harry Potte",72,102118.6,1,1764715712494
800,10.4,"in the "Harry Potte",72,102186,1,1764715712561
800,10.4,"in the "Harry Potte",72,102251.6,1,1764715712627
800,10.4,"in the "Harry Potte",72,102316.2,1,1764715712692
799,10.4,"in the "Harry Potte",72,102386,1,1764715712762
799,10.4,"in the "Harry Potte",72,102465.7,1,1764715712841
799,10.4,"in the "Harry Potte",72,102535.5,1,1764715712911
799,10.4,"in the "Harry Potte",72,102607.9,1,1764715712983
799,10.4,"in the "Harry Potte",72,102682.2,1,1764715713058
799,10.4,"in the "Harry Potte",72,102753.6,1,1764715713129
799,10.4,"in the "Harry Potte",72,102827,1,1764715713202
799,10.4,"in the "Harry Potte",72,102894.8,1,1764715713270
799,10.4,"in the "Harry Potte",72,102965,1,1764715713340
799,10.4,"in the "Harry Potte",72,103050.5,1,1764715713426
799,10.4,"in the "Harry Potte",72,103129.8,1,1764715713505
799,10.4,"in the "Harry Potte",72,103198.7,1,1764715713574
799,10.4,"in the "Harry Potte",72,103279.6,1,1764715713655
799,10.4,"in the "Harry Potte",72,103346.4,1,1764715713722
799,10.4,"in the "Harry Potte",72,103413.8,1,1764715713789
799,10.4,"in the "Harry Potte",72,103474.5,1,1764715713850
-1,-1,,,103549.2,1,1764715713924
-1,-1,,,103632.7,1,1764715714008
-1,-1,,,103720.2,1,1764715714095
-1,-1,,,103802.6,1,1764715714178
-1,-1,,,103886.8,1,1764715714262
-1,-1,,,103968.4,1,1764715714344
-1,-1,,,104057.3,1,1764715714432
-1,-1,,,104132.9,1,1764715714508
-1,-1,,,104224.6,1,1764715714600
-1,-1,,,104300.8,1,1764715714676
-1,-1,,,104383.6,1,1764715714759
-1,-1,,,104472.2,1,1764715714847
-1,-1,,,104548.1,1,1764715714923
-1,-1,,,104615.5,1,1764715714991
-1,-1,,,104694.8,1,1764715715070
-1,-1,,,104764.2,1,1764715715139
-1,-1,,,104828.6,1,1764715715204
-1,-1,,,104899.2,1,1764715715274
-1,-1,,,104966.6,1,1764715715342
-1,-1,,,105029.2,1,1764715715405
-1,-1,,,105107.1,1,1764715715483
-1,-1,,,105178,1,1764715715553
-1,-1,,,105238.2,1,1764715715614
-1,-1,,,105307.8,1,1764715715683
-1,-1,,,105373.3,1,1764715715749
-1,-1,,,105448.3,1,1764715715824
-1,-1,,,105523.3,1,1764715715899
-1,-1,,,105589.2,1,1764715715965
-1,-1,,,105656.7,1,1764715716032
-1,-1,,,105727.4,1,1764715716103
-1,-1,,,105805.7,1,1764715716181
-1,-1,,,105873,1,1764715716248
-1,-1,,,105940,1,1764715716315
-1,-1,,,106005.5,1,1764715716381
-1,-1,,,106075,1,1764715716450
-1,-1,,,106153.8,1,1764715716529
-1,-1,,,106224.5,1,1764715716600
-1,-1,,,106289.9,1,1764715716665
-1,-1,,,106352.9,1,1764715716728
-1,-1,,,106427.4,1,1764715716803
-1,-1,,,106503.3,1,1764715716878
-1,-1,,,106571.9,1,1764715716947
-1,-1,,,106638.5,1,1764715717014
-1,-1,,,106711.4,1,1764715717087
-1,-1,,,106787.9,1,1764715717163
-1,-1,,,106852.3,1,1764715717227
-1,-1,,,106919.4,1,1764715717295
-1,-1,,,106990.3,1,1764715717365
-1,-1,,,107073.9,1,1764715717449
-1,-1,,,107138.6,1,1764715717514
-1,-1,,,107204.7,1,1764715717580
-1,-1,,,107268.8,1,1764715717644
-1,-1,,,107333.1,1,1764715717709
-1,-1,,,107403.4,1,1764715717779
-1,-1,,,107470.3,1,1764715717846
-1,-1,,,107537.3,1,1764715717913
-1,-1,,,107605.3,1,1764715717981
-1,-1,,,107688,1,1764715718064
-1,-1,,,107775.6,1,1764715718151
-1,-1,,,107836.9,1,1764715718212
-1,-1,,,107900.1,1,1764715718276
-1,-1,,,107969.4,1,1764715718345
-1,-1,,,108040.4,1,1764715718416
-1,-1,,,108135.2,1,1764715718511
-1,-1,,,108211.2,1,1764715718587
-1,-1,,,108290.3,1,1764715718666
-1,-1,,,108362,1,1764715718737
-1,-1,,,108441.7,1,1764715718817
-1,-1,,,108512.3,1,1764715718888
-1,-1,,,108589.7,1,1764715718965
-1,-1,,,108661.6,1,1764715719037
-1,-1,,,108740.6,1,1764715719116
-1,-1,,,108804.3,1,1764715719179
-1,-1,,,108888.4,1,1764715719264
-1,-1,,,108951.8,1,1764715719327
-1,-1,,,109022,1,1764715719397
-1,-1,,,109103.4,1,1764715719479
-1,-1,,,109192.5,1,1764715719568
-1,-1,,,109258.3,1,1764715719634
-1,-1,,,109333.8,1,1764715719709
-1,-1,,,109401.6,1,1764715719777
-1,-1,,,109471.1,1,1764715719846
-1,-1,,,109531,1,1764715719906
-1,-1,,,109598.5,1,1764715719974
-1,-1,,,109665,1,1764715720040
-1,-1,,,109733.6,1,1764715720109
-1,-1,,,109799.4,1,1764715720175
-1,-1,,,109863.1,1,1764715720238
-1,-1,,,109931.5,1,1764715720307
-1,-1,,,110002.4,1,1764715720378
-1,-1,,,110066.4,1,1764715720442
-1,-1,,,110131.5,1,1764715720507
-1,-1,,,110200.7,1,1764715720576
-1,-1,,,110266.7,1,1764715720642
-1,-1,,,110337.1,1,1764715720712
-1,-1,,,110409.8,1,1764715720785
-1,-1,,,110481.7,1,1764715720857
-1,-1,,,110547.4,1,1764715720923
-1,-1,,,110617.6,1,1764715720993
-1,-1,,,110685.6,1,1764715721061
-1,-1,,,110766,1,1764715721141
-1,-1,,,110834.8,1,1764715721210
-1,-1,,,110914.1,1,1764715721289
-1,-1,,,110976.3,1,1764715721352
-1,-1,,,111047.9,1,1764715721423
-1,-1,,,111133.3,1,1764715721509
-1,-1,,,111214.6,1,1764715721590
-1,-1,,,111283.3,1,1764715721659
-1,-1,,,111365.9,1,1764715721741
-1,-1,,,111441.7,1,1764715721817
-1,-1,,,111516.7,1,1764715721892
-1,-1,,,111579.7,1,1764715721955
-1,-1,,,111649.6,1,1764715722025
-1,-1,,,111711.7,1,1764715722087
-1,-1,,,111778.4,1,1764715722154
-1,-1,,,111849.1,1,1764715722224
-1,-1,,,111913,1,1764715722289
-1,-1,,,111981.8,1,1764715722357
-1,-1,,,112063.4,1,1764715722439
-1,-1,,,112127.3,1,1764715722502
-1,-1,,,112191.2,1,1764715722566
-1,-1,,,112260.4,1,1764715722636
-1,-1,,,112328.5,1,1764715722704
-1,-1,,,112392.1,1,1764715722767
-1,-1,,,112459.4,1,1764715722835
-1,-1,,,112528.4,1,1764715722904
-1,-1,,,112598.5,1,1764715722974
-1,-1,,,112678.3,1,1764715723053
-1,-1,,,112778.6,1,1764715723154
-1,-1,,,112870.6,1,1764715723246
-1,-1,,,112958.3,1,1764715723334
320,50.4,"rus Snape one of the",28,113035.4,1,1764715723411
320,62.4,"rus Snape one of the",28,113119.5,1,1764715723495
320,62.4,"rus Snape one of the",28,113222.8,1,1764715723598
320,62.4,"rus Snape one of the",28,113322.7,1,1764715723698
320,62.4,"rus Snape one of the",28,113403.9,1,1764715723780
320,62.4,"rus Snape one of the",28,113533.1,1,1764715723909
320,62.4,"rus Snape one of the",28,113665.4,1,1764715724042
320,62.4,"rus Snape one of the",28,113786.7,1,1764715724163
320,62.4,"rus Snape one of the",28,113919.1,1,1764715724295
132,95.4,"## Moral Ambiguity",124,114038.6,1,1764715724415
46,83.4,"### Moral Amb",116,114132.5,1,1764715724508
-1,-1,,,114220.9,1,1764715724597
-1,-1,,,114306.8,1,1764715724682
-1,-1,,,114392.2,1,1764715724768
7,32.4,"Fans consi",0,114469.8,1,1764715724845
9,34.4,"Fans consi",0,114552.1,1,1764715724928
9,35.4,"Fans consi",0,114633,1,1764715725009
9,35.4,"Fans consi",0,114712.3,1,1764715725088
9,35.4,"Fans consi",0,114781.3,1,1764715725157
9,35.4,"Fans consi",0,114868.1,1,1764715725244
9,35.4,"Fans consi",0,114953,1,1764715725329
9,35.4,"Fans consi",0,115029.3,1,1764715725405
9,35.4,"Fans consi",0,115102.9,1,1764715725478
9,35.4,"Fans consi",0,115179.3,1,1764715725555
9,35.4,"Fans consi",0,115251.1,1,1764715725627
9,35.4,"Fans consi",0,115325.2,1,1764715725701
9,35.4,"Fans consi",0,115398,1,1764715725774
9,35.4,"Fans consi",0,115473.2,1,1764715725849
9,35.4,"Fans consi",0,115540,1,1764715725916
9,35.4,"Fans consi",0,115614,1,1764715725990
9,35.4,"Fans consi",0,115687.1,1,1764715726063
9,35.4,"Fans consi",0,115755.5,1,1764715726131
15,37.4,"Fans consid",1,115829.1,1,1764715726205
164,59.4,"consider Severus Sn",14,115904.5,1,1764715726280
242,70.4,"er Severus Snape one",21,115976.3,1,1764715726352
350,102.4,"Ambiguity",132,116048.6,1,1764715726424
421,132.4,"Ambiguity",132,116122.6,1,1764715726498
489,166.4,"giances**:",156,116202.8,1,1764715726578
583,232.4,"st of the series; he",209,116278.6,1,1764715726654
605,263.4,"of the series; he o",211,116359.1,1,1764715726735
634,314.4,"ent times.",326,116440.4,1,1764715726816
648,358.4,"ent times.",326,116516.4,1,1764715726892
660,406.4,"vations**:",353,116592.1,1,1764715726968
666,439,"otions and past trau",414,116673.2,1,1764715727049
-1,-1,,,116748.8,1,1764715727124
-1,-1,,,116831.5,1,1764715727207
-1,-1,,,116906.7,1,1764715727282
-1,-1,,,116986.8,1,1764715727362
-1,-1,,,117064.7,1,1764715727440
-1,-1,,,117139.3,1,1764715727515
-1,-1,,,117212.1,1,1764715727588
-1,-1,,,117288.7,1,1764715727664
-1,-1,,,117361.7,1,1764715727737
-1,-1,,,117437.3,1,1764715727813
-1,-1,,,117506.3,1,1764715727882
-1,-1,,,117579.2,1,1764715727955
-1,-1,,,117652,1,1764715728027
-1,-1,,,117724,1,1764715728099
-1,-1,,,117789.5,1,1764715728165
-1,-1,,,117856.6,1,1764715728232
-1,-1,,,117924.2,1,1764715728300
-1,-1,,,117990.9,1,1764715728366
-1,-1,,,118059.2,1,1764715728435
-1,-1,,,118124.8,1,1764715728500
-1,-1,,,118190.6,1,1764715728566
-1,-1,,,118257.6,1,1764715728633
-1,-1,,,118333,1,1764715728709
-1,-1,,,118396.2,1,1764715728772
-1,-1,,,118460.8,1,1764715728837
-1,-1,,,118525.7,1,1764715728901
-1,-1,,,118592,1,1764715728968
-1,-1,,,118658.7,1,1764715729034
-1,-1,,,118737.7,1,1764715729113
-1,-1,,,118817,1,1764715729193
-1,-1,,,118891.7,1,1764715729267
-1,-1,,,118969.7,1,1764715729345
-1,-1,,,119050.4,1,1764715729426
-1,-1,,,119127.8,1,1764715729503
-1,-1,,,119206.8,1,1764715729582
-1,-1,,,119282.5,1,1764715729658
-1,-1,,,119369.9,1,1764715729745
-1,-1,,,119453.7,1,1764715729829
-1,-1,,,119533.4,1,1764715729909
-1,-1,,,119613.2,1,1764715729988
-1,-1,,,119689.9,1,1764715730065
-1,-1,,,119760.5,1,1764715730136
-1,-1,,,119836.8,1,1764715730212
-1,-1,,,119907.4,1,1764715730283
-1,-1,,,119982.8,1,1764715730358
-1,-1,,,120057.3,1,1764715730432
-1,-1,,,120124.8,1,1764715730500
-1,-1,,,120193.4,1,1764715730569
-1,-1,,,120260.7,1,1764715730636
-1,-1,,,120327.6,1,1764715730703
-1,-1,,,120398.5,1,1764715730774
-1,-1,,,120467,1,1764715730842
-1,-1,,,120531.2,1,1764715730906
-1,-1,,,120598,1,1764715730973
-1,-1,,,120683.7,1,1764715731059
-1,-1,,,120751.9,1,1764715731127
-1,-1,,,120816.6,1,1764715731192
-1,-1,,,120883.4,1,1764715731259
-1,-1,,,120948.1,1,1764715731323
-1,-1,,,121013.9,1,1764715731389
-1,-1,,,121079,1,1764715731454
-1,-1,,,121147,1,1764715731522
-1,-1,,,121210.4,1,1764715731586
-1,-1,,,121281.3,1,1764715731656
-1,-1,,,121343.3,1,1764715731718
-1,-1,,,121409.6,1,1764715731785
-1,-1,,,121475.2,1,1764715731850
-1,-1,,,121542.9,1,1764715731918
-1,-1,,,121605.4,1,1764715731981
-1,-1,,,121671.1,1,1764715732046
-1,-1,,,121735.2,1,1764715732110
-1,-1,,,121795.2,1,1764715732170
-1,-1,,,121862.2,1,1764715732237
-1,-1,,,121926.5,1,1764715732302
-1,-1,,,121988.8,1,1764715732364
-1,-1,,,122061.8,1,1764715732437
-1,-1,,,122133.3,1,1764715732508
-1,-1,,,122204.8,1,1764715732580
-1,-1,,,122276,1,1764715732651
-1,-1,,,122354.8,1,1764715732730
-1,-1,,,122429.4,1,1764715732805
-1,-1,,,122505.7,1,1764715732881
-1,-1,,,122587.3,1,1764715732963
-1,-1,,,122666.2,1,1764715733041
-1,-1,,,122742.8,1,1764715733118
-1,-1,,,122813.2,1,1764715733188
-1,-1,,,122883.5,1,1764715733259
-1,-1,,,122966.6,1,1764715733342
-1,-1,,,123039.1,1,1764715733414
-1,-1,,,123131.1,1,1764715733506
-1,-1,,,123209.8,1,1764715733585
-1,-1,,,123283.8,1,1764715733659
-1,-1,,,123362.7,1,1764715733738
-1,-1,,,123441.1,1,1764715733816
-1,-1,,,123510,1,1764715733885
-1,-1,,,123585.5,1,1764715733961
-1,-1,,,123658.4,1,1764715734034
-1,-1,,,123721.3,1,1764715734096
-1,-1,,,123789,1,1764715734164
-1,-1,,,123854.8,1,1764715734230
-1,-1,,,123923.5,1,1764715734299
-1,-1,,,124010.1,1,1764715734385
-1,-1,,,124095.2,1,1764715734470
-1,-1,,,124167.5,1,1764715734543
-1,-1,,,124250.1,1,1764715734625
-1,-1,,,124328.5,1,1764715734704
-1,-1,,,124416.5,1,1764715734792
-1,-1,,,124494.9,1,1764715734870
-1,-1,,,124578.3,1,1764715734954
-1,-1,,,124655.3,1,1764715735031
-1,-1,,,124728.8,1,1764715735104
-1,-1,,,124812.3,1,1764715735188
-1,-1,,,124864.2,1,1764715735308
-1,-1,,,124974.5,1,1764715752048
-1,-1,,,125063.2,1,1764715752136
-1,-1,,,125145.4,1,1764715752219
-1,-1,,,125221.5,1,1764715752295
-1,-1,,,125296.5,1,1764715752370
-1,-1,,,125381.5,1,1764715752455
-1,-1,,,125463.2,1,1764715752536
-1,-1,,,125538.6,1,1764715752612
-1,-1,,,125610.5,1,1764715752684
-1,-1,,,125702.8,1,1764715752776
-1,-1,,,125804.3,1,1764715752878
-1,-1,,,125897.3,1,1764715752971
-1,-1,,,125981,1,1764715753054
-1,-1,,,126068.8,1,1764715753142
-1,-1,,,126145.8,1,1764715753219
-1,-1,,,126222.8,1,1764715753296
-1,-1,,,126299.6,1,1764715753373
-1,-1,,,126374.3,1,1764715753447
-1,-1,,,126454.2,1,1764715753527
-1,-1,,,126533.1,1,1764715753606
-1,-1,,,126608.7,1,1764715753682
-1,-1,,,126683.2,1,1764715753757
-1,-1,,,126758.3,1,1764715753832
-1,-1,,,126837.4,1,1764715753911
-1,-1,,,126920.7,1,1764715753994
-1,-1,,,128873.4,1,1764715755947
-1,-1,,,128950.3,1,1764715756024
-1,-1,,,129022.2,1,1764715756095
-1,-1,,,129088.7,1,1764715756162
-1,-1,,,129162.6,1,1764715756236
-1,-1,,,129238.7,1,1764715756312
-1,-1,,,129322.4,1,1764715756396
-1,-1,,,129402.4,1,1764715756476
-1,-1,,,129474.4,1,1764715756548
-1,-1,,,129544.5,1,1764715756618
-1,-1,,,129621.9,1,1764715756695
-1,-1,,,129696.8,1,1764715756770
-1,-1,,,129771.7,1,1764715756845
-1,-1,,,129851.8,1,1764715756925
-1,-1,,,129924.5,1,1764715756998
-1,-1,,,130007.2,1,1764715757080
-1,-1,,,130095.7,1,1764715757169
-1,-1,,,130175.9,1,1764715757249
-1,-1,,,130252.8,1,1764715757326
-1,-1,,,130339.7,1,1764715757413
-1,-1,,,130417.9,1,1764715757491
-1,-1,,,130499.6,1,1764715757573
-1,-1,,,130572.2,1,1764715757646
-1,-1,,,130676.1,1,1764715757749
-1,-1,,,130751.7,1,1764715757825
-1,-1,,,130830.2,1,1764715757903
-1,-1,,,130915.4,1,1764715757989
-1,-1,,,130981.9,1,1764715758055
-1,-1,,,131064.6,1,1764715758138
-1,-1,,,131141.4,1,1764715758215
-1,-1,,,131220.1,1,1764715758293
-1,-1,,,131299.7,1,1764715758373
-1,-1,,,131384.1,1,1764715758457
-1,-1,,,131463.4,1,1764715758537
-1,-1,,,131545.1,1,1764715758618
-1,-1,,,131626.6,1,1764715758700
-1,-1,,,131716.3,1,1764715758789
-1,-1,,,131788.8,1,1764715758862
-1,-1,,,131859.1,1,1764715758932
-1,-1,,,131943.4,1,1764715759017
-1,-1,,,132013.3,1,1764715759086
-1,-1,,,132093.2,1,1764715759166
-1,-1,,,132170.6,1,1764715759244
-1,-1,,,132243.9,1,1764715759317
-1,-1,,,132314,1,1764715759387
-1,-1,,,132390.4,1,1764715759464
-1,-1,,,132464.4,1,1764715759538
-1,-1,,,132537.1,1,1764715759610
-1,-1,,,132605.1,1,1764715759678
-1,-1,,,132681.5,1,1764715759755
-1,-1,,,132765.4,1,1764715759839
-1,-1,,,132848.7,1,1764715759922
-1,-1,,,132932.2,1,1764715760005
-1,-1,,,133017.2,1,1764715760090
-1,-1,,,133096.4,1,1764715760170
-1,-1,,,133177.3,1,1764715760251
-1,-1,,,133258.7,1,1764715760332
-1,-1,,,133336.2,1,1764715760409
-1,-1,,,133416.3,1,1764715760490
-1,-1,,,133491,1,1764715760564
-1,-1,,,133569.4,1,1764715760643
-1,-1,,,133642.8,1,1764715760716
-1,-1,,,133733,1,1764715760806
-1,-1,,,133809,1,1764715760882
-1,-1,,,133874,1,1764715760947
-1,-1,,,133943.4,1,1764715761017
-1,-1,,,134030.1,1,1764715761103
-1,-1,,,134101.4,1,1764715761175
-1,-1,,,134174,1,1764715761247
-1,-1,,,134241.9,1,1764715761315
-1,-1,,,134323.9,1,1764715761397
-1,-1,,,134388.5,1,1764715761462
-1,-1,,,134456.8,1,1764715761530
-1,-1,,,134519.4,1,1764715761593
-1,-1,,,134584.5,1,1764715761658
-1,-1,,,134647.7,1,1764715761721
-1,-1,,,134718.6,1,1764715761792
-1,-1,,,134781.4,1,1764715761855
-1,-1,,,134856.1,1,1764715761929
-1,-1,,,134915.6,1,1764715761989
-1,-1,,,134981.6,1,1764715762055
-1,-1,,,135055,1,1764715762128
-1,-1,,,135116.6,1,1764715762190
-1,-1,,,135180.7,1,1764715762254
-1,-1,,,135253.4,1,1764715762327
-1,-1,,,135332,1,1764715762405
-1,-1,,,135400,1,1764715762473
-1,-1,,,135468,1,1764715762541
-1,-1,,,135550.4,1,1764715762624
-1,-1,,,135612.5,1,1764715762686
-1,-1,,,135684.7,1,1764715762758
-1,-1,,,135762.9,1,1764715762836
-1,-1,,,135833.1,1,1764715762906
-1,-1,,,135916.7,1,1764715762990
-1,-1,,,135984,1,1764715763057
-1,-1,,,136048.7,1,1764715763122
-1,-1,,,136118.2,1,1764715763191
-1,-1,,,136182.8,1,1764715763256
-1,-1,,,136269.1,1,1764715763342
-1,-1,,,136331.9,1,1764715763405
-1,-1,,,136397,1,1764715763470
-1,-1,,,136464.6,1,1764715763538
-1,-1,,,136526,1,1764715763599
-1,-1,,,136594.2,1,1764715763667
-1,-1,,,136667.5,1,1764715763741
-1,-1,,,136747.3,1,1764715763820
-1,-1,,,136807.6,1,1764715763881
-1,-1,,,136879.9,1,1764715763953
-1,-1,,,136948.5,1,1764715764022
-1,-1,,,137030.3,1,1764715764104
-1,-1,,,137093,1,1764715764166
-1,-1,,,137161.6,1,1764715764235
-1,-1,,,137231.7,1,1764715764305
-1,-1,,,137295.9,1,1764715764369
-1,-1,,,137358.7,1,1764715764432
-1,-1,,,137430.4,1,1764715764504
-1,-1,,,137518.4,1,1764715764592
-1,-1,,,137596.2,1,1764715764669
-1,-1,,,137665.5,1,1764715764739
-1,-1,,,137725.9,1,1764715764799
-1,-1,,,137791.4,1,1764715764865
-1,-1,,,137860.6,1,1764715764934
-1,-1,,,137926.9,1,1764715765000
-1,-1,,,137993.6,1,1764715765067
-1,-1,,,138061.6,1,1764715765135
-1,-1,,,138130.4,1,1764715765204
-1,-1,,,138197.2,1,1764715765270
-1,-1,,,138281.2,1,1764715765354
-1,-1,,,138360.4,1,1764715765434
-1,-1,,,138426.9,1,1764715765500
-1,-1,,,138495.9,1,1764715765569
-1,-1,,,138563.3,1,1764715765636
-1,-1,,,138640.4,1,1764715765714
-1,-1,,,138709.6,1,1764715765783
-1,-1,,,138774.3,1,1764715765847
-1,-1,,,138839.7,1,1764715765913
-1,-1,,,138905.3,1,1764715765979
-1,-1,,,138976.1,1,1764715766049
-1,-1,,,139042.5,1,1764715766116
-1,-1,,,139108.8,1,1764715766182
-1,-1,,,139175.4,1,1764715766249
-1,-1,,,139237.7,1,1764715766311
-1,-1,,,139312,1,1764715766385
-1,-1,,,139379.3,1,1764715766452
-1,-1,,,139459.2,1,1764715766532
-1,-1,,,139524,1,1764715766597
-1,-1,,,139590,1,1764715766663
-1,-1,,,139658.4,1,1764715766732
-1,-1,,,139723.8,1,1764715766797
-1,-1,,,139790.3,1,1764715766863
-1,-1,,,139860.6,1,1764715766934
-1,-1,,,139924.1,1,1764715766997
-1,-1,,,139989.4,1,1764715767063
-1,-1,,,140056,1,1764715767129
-1,-1,,,140122.6,1,1764715767196
-1,-1,,,140186.5,1,1764715767260
-1,-1,,,140254,1,1764715767327
-1,-1,,,140325.6,1,1764715767399
-1,-1,,,140407.8,1,1764715767481
-1,-1,,,140472.8,1,1764715767546
-1,-1,,,140536.6,1,1764715767610
-1,-1,,,140608.5,1,1764715767682
-1,-1,,,140678.2,1,1764715767751
-1,-1,,,140759.4,1,1764715767833
-1,-1,,,140839.9,1,1764715767913
-1,-1,,,140910.4,1,1764715767984
-1,-1,,,140989.8,1,1764715768063
-1,-1,,,141051.9,1,1764715768125
-1,-1,,,141121.6,1,1764715768195
-1,-1,,,141196.3,1,1764715768269
-1,-1,,,141271.1,1,1764715768344
-1,-1,,,141343.8,1,1764715768417
-1,-1,,,141408.4,1,1764715768482
-1,-1,,,141487.5,1,1764715768561
-1,-1,,,141555.3,1,1764715768629
-1,-1,,,141625,1,1764715768698
-1,-1,,,141691.3,1,1764715768764
-1,-1,,,141773.1,1,1764715768846
-1,-1,,,141840.6,1,1764715768914
-1,-1,,,141908.9,1,1764715768982
-1,-1,,,141991.2,1,1764715769064
-1,-1,,,142072.3,1,1764715769146
-1,-1,,,142157.2,1,1764715769230
-1,-1,,,142237.4,1,1764715769311
-1,-1,,,142307.1,1,1764715769380
-1,-1,,,142368.4,1,1764715769442
-1,-1,,,142435.8,1,1764715769509
-1,-1,,,142499.4,1,1764715769573
-1,-1,,,142571.7,1,1764715769645
-1,-1,,,142650.8,1,1764715769724
-1,-1,,,142719.9,1,1764715769793
-1,-1,,,142783.4,1,1764715769857
-1,-1,,,142849.8,1,1764715769923
-1,-1,,,142919.7,1,1764715769993
