480.23,163.96,"AI's response will s",138,11070.600000024,0,1760541263663
480.5,163.39,"AI's response will s",138,11771.600000024,1,1760541264342
482.57,162.72,"AI's response will s",138,12103,1,1760541264685
486.9,154.56,"I's response will sh",139,12681.700000048,1,1760541265256
486.23,144.68,"I's response will sh",139,13114.100000024,1,1760541265686
477.87,135.93,"AI's response will s",138,13509.600000024,1,1760541266080
464.46,122.72,"AI's response will",137,13891.300000072,1,1760541266462
474.54,126.97,"AI's response will s",138,14540.400000095,1,1760541267111
428.32,111.7,"The AI's response wi",134,14866.300000072,1,1760541267443
468.92,89.34,"AI's response will",137,15406.200000048,1,1760541267977
657.42,56.04,"tiently. It might ta",54,16069.400000095,1,1760541268640
780.02,56.36,"t might take up to 1",64,16435.600000024,1,1760541269006
921.78,7.49,"up to 1 minute for",76,17030.400000095,1,1760541269607
-1,-1,,,17522.100000024,1,1760541270092
-1,-1,,,17805,1,1760541270375
1095.86,29.41,"for AI to finish",91,18074.900000095,1,1760541270646
1177.85,19.18,"I to finish",97,18411.900000095,1,1760541270983
1214.88,42.68,"to finish",99,18795.100000024,1,1760541271366
1254.96,18.85,"to finish",99,19181.400000095,1,1760541271755
1077.52,12.51,"te for AI to finish",89,19567.5,1,1760541272138
1061.74,76.74,"ute for AI to finish",88,19923.700000048,1,1760541272496
953.64,196.65,"w up here.",160,20279.100000024,1,1760541272849
806.82,210.62,"w up here.",160,20500.900000095,1,1760541273072
873.86,189.42,"w up here.",160,20741.600000024,1,1760541273312
918.16,116.47,"w up here.",160,20985.900000095,1,1760541273556
857.35,106.79,"w up here.",160,21265.200000048,1,1760541273836
886.41,67.09,"ake up to 1 minute f",73,21462.200000048,1,1760541274033
924.45,54.36,"up to 1 minute for",76,21703.5,1,1760541274274
993.78,78.17,"1 minute for AI to",82,22002,1,1760541274573
1006.02,63.17,"1 minute for AI to f",83,22252.600000024,1,1760541274823
1033.98,102.42,"w up here.",160,22544.5,1,1760541275115
1126.58,100.77,"w up here.",160,22843.600000024,1,1760541275415
1083.86,25.56,"e for AI to finish",90,23257.200000048,1,1760541275828
-1,-1,,,23473.200000048,1,1760541276043
1029.81,63.81,"minute for AI to fin",85,23661.400000095,1,1760541276232
1008.18,89.44,"w up here.",160,23999,1,1760541276582
861.16,118.12,"w up here.",160,24217.200000048,1,1760541276788
772.04,115.41,"w up here.",160,24394.100000024,1,1760541276965
677.79,147.31,"l show up here.",155,24573.600000024,1,1760541277144
542.86,148.32,"esponse will show up",144,24771.900000095,1,1760541277347
454.96,133.59,"e AI's response will",136,24950.700000048,1,1760541277522
437.66,129.68,"he AI's response wil",135,25106.100000024,1,1760541277677
485.08,123.04,"I's response will sh",139,25301.100000024,1,1760541277872
486.52,135.68,"I's response will sh",139,25457.900000095,1,1760541278029
447.93,174.8,"e AI's response will",136,25625.200000048,1,1760541278196
509.67,204.58,"s response will show",141,25841.100000024,1,1760541278412
473.84,242.29,"AI's response will s",138,26044,1,1760541278614
450.02,289.52,"e AI's response will",136,26223,1,1760541278793
554.19,271.92,"esponse will show up",144,26397.400000095,1,1760541278968
597.88,271.95,"nse will show up her",148,26561,1,1760541279131
618.35,257.76,"e will show up here.",150,26730.300000072,1,1760541279301
683.47,256.09,"l show up here.",155,27019.300000072,1,1760541279590
744.13,279.9,"w up here.",160,27204.900000095,1,1760541279775
749.75,288.12,"w up here.",160,27421.700000048,1,1760541279992
782.67,267.35,"w up here.",160,27591,1,1760541280161
755.84,256.77,"w up here.",160,27763.600000024,1,1760541280334
678.27,205.64,"l show up here.",155,27925.800000072,1,1760541280497
622.24,182.84,"e will show up here.",150,28080.800000072,1,1760541280651
636.07,187.92,"will show up here.",151,28252.600000024,1,1760541280823
621.26,199.44,"e will show up here.",150,28430.200000048,1,1760541281001
549.26,179.58,"esponse will show up",144,28581.100000024,1,1760541281152
567.55,185.08,"ponse will show up h",146,28737.900000095,1,1760541281308
678.09,196.97,"l show up here.",155,28901,1,1760541281472
781.66,193.69,"w up here.",160,29066.800000072,1,1760541281638
763.15,234.81,"w up here.",160,29222.300000072,1,1760541281793
729.77,257.96,"ow up here.",159,29414.600000024,1,1760541281985
697.01,260.13,"show up here.",156,29577.800000072,1,1760541282148
671.37,279.21,"ll show up here.",154,29751,1,1760541282322
618.72,309.36,"e will show up here.",150,29919,1,1760541282489
629.15,314.15,"will show up here.",151,30088.5,1,1760541282659
627.06,311.42,"will show up here.",151,30273,1,1760541282844
637.55,313.41,"will show up here.",151,30440.800000072,1,1760541283011
607.36,332.97,"se will show up here",149,30612.300000072,1,1760541283183
607.73,319.43,"se will show up here",149,30779.300000072,1,1760541283350
582.71,340.11,"onse will show up he",147,30952,1,1760541283523
597.49,337.13,"nse will show up her",148,31140.900000095,1,1760541283712
576.26,329.23,"ds, and cash from a",440,31392.300000072,1,1760541283963
596.53,337.23,", and cash from a wa",442,31555.300000072,1,1760541284126
577.99,322.35,"ds, and cash from a",440,31719.300000072,1,1760541284290
595.1,339,", and cash from a wa",442,31897,1,1760541284468
553.51,324.93,"onds, and cash from",438,32078.400000095,1,1760541284652
535.7,320.62,"monds, and cash from",437,32268.5,1,1760541284839
536.94,319.69,"monds, and cash from",437,32439.700000048,1,1760541285010
524.69,299.73,"amonds, and cash fro",436,32606.400000095,1,1760541285177
558.1,301.32,"nds, and cash from a",439,32772.100000024,1,1760541285343
542.99,305.59,"onds, and cash from",438,32917.200000048,1,1760541285488
528.05,306.85,"amonds, and cash fro",436,33091,1,1760541285662
507.46,315.37,"iamonds, and cash fr",435,33422.100000024,1,1760541285993
559.18,313.02,"nds, and cash from a",439,33592.700000048,1,1760541286163
533.4,323.51,"monds, and cash from",437,33763,1,1760541286333
537.02,326.4,"monds, and cash from",437,33960.200000048,1,1760541286531
498.83,318.18,"diamonds, and cash f",434,34117.100000024,1,1760541286688
513.98,353.13,"iamonds, and cash fr",435,34298.400000095,1,1760541286869
533.19,353.21,"monds, and cash from",437,34472.5,1,1760541287043
516.75,351.09,"iamonds, and cash fr",435,34626.200000048,1,1760541287197
508.59,372.3,"nown for running a l",525,34793.400000095,1,1760541287364
518.48,365.84,"nown for running a l",525,34956,1,1760541287527
554.27,368.01,"n for running a larg",528,35140.100000024,1,1760541287711
532.01,382.19,"wn for running a lar",527,35303.800000072,1,1760541287874
510.03,381.48,"nown for running a l",525,35466.200000048,1,1760541288037
519.08,380.51,"own for running a la",526,35662.100000024,1,1760541288235
476.9,350.89,", diamonds, and cash",432,35836.100000024,1,1760541288407
497.74,370.84,"known for running a",524,35990.100000024,1,1760541288561
472.07,343.7,", diamonds, and cash",432,36159,1,1760541288730
462.4,321.98,"n, diamonds, and cas",431,36339.300000072,1,1760541288910
445.25,322.11,"ion, diamonds, and c",429,36505.300000072,1,1760541289076
418.38,319.42,"llion, diamonds, and",427,36671.900000095,1,1760541289242
436.81,312.15,"ion, diamonds, and c",429,36831.5,1,1760541289402
424.18,298.85,"lion, diamonds, and",428,36999.200000048,1,1760541289570
488.54,279.96,"e of some of the sto",335,37165,1,1760541289736
506.44,289.43,"diamonds, and cash f",434,37357.100000024,1,1760541289928
519.73,294.19,"amonds, and cash fro",436,37515.200000048,1,1760541290086
523.61,283.13,"f some of the stolen",338,37697.100000024,1,1760541290268
550,302.94,"onds, and cash from",438,37860.600000024,1,1760541290431
569.65,298.08,"ds, and cash from a",440,38029.200000048,1,1760541290600
597.62,316.58,", and cash from a wa",442,38198.300000072,1,1760541290769
590.87,323.61,", and cash from a wa",442,38355.200000048,1,1760541290927
574.74,321.05,"ds, and cash from a",440,38513.5,1,1760541291084
703.55,278.33,"tolen gold. The robb",353,38683.900000095,1,1760541291255
679.39,218.29,"s acquitted of invol",251,38850.100000024,1,1760541291421
642.46,176.73,"was acquitted of in",248,39021.5,1,1760541291592
572.73,146.84,"ties. Some of the ma",145,39178.700000048,1,1760541291749
495.93,134.15,"activities. Some of",139,39345.400000095,1,1760541291916
508.17,136.55,"ctivities. Some of t",140,39633.400000095,1,1760541292204
533.21,187.5,"gh Palmer was acquit",239,39789.600000024,1,1760541292360
532.85,139.37,"ivities. Some of the",142,39964.400000095,1,1760541292536
612.36,124.17,"s. Some of the main",148,40132.5,1,1760541292704
697.42,149.74,"acquitted of involv",252,40314.5,1,1760541292885
712.75,147.46,"f the main crimes th",157,40517.5,1,1760541293088
854.65,185,"involvement in this",266,40732.100000024,1,1760541293303
997.96,219.93,"involved the theft o",377,40920.100000024,1,1760541293491
1083.08,228.08,"the theft of £26",385,41120.5,1,1760541293691
1192.59,202.7,"st, he was",294,41359.700000048,1,1760541293931
1213.96,145.88,"s include:",194,41639.400000095,1,1760541294211
1167.91,180.91,"eist, he was",292,41865.600000024,1,1760541294436
1155.34,162.31,"heist, he was",291,42055.600000024,1,1760541294627
1137.43,176.19,"3 heist, he was",289,42273.600000024,1,1760541294844
1135.3,159.34,"3 heist, he was",289,42494.400000095,1,1760541295065
1199.04,166.33,"st, he was",294,42705.300000072,1,1760541295276
1251.47,169.51,"t, he was",295,42921.900000095,1,1760541295492
-1,-1,,,43130,1,1760541295700
-1,-1,,,43314.900000095,1,1760541295885
-1,-1,,,43537.100000024,1,1760541296107
1223.6,180.89,"t, he was",295,43802.5,1,1760541296373
1193.71,224.84,"ft of £26",393,44025.300000072,1,1760541296596
1122.06,711.23,"British pound notes",945,44210.600000024,1,1760541296782
967.14,710.97,"roducing fake Britis",932,44406,1,1760541296977
788.49,699.55,"and fraud.",851,44594.900000095,1,1760541297166
616.76,720.55,"ounterfeit money ope",903,44791.600000024,1,1760541297362
541.36,762.97,"in a counterfeit mo",896,44953.400000095,1,1760541297524
404.85,784.82,"was believed to hav",990,45125.300000072,1,1760541297696
389.74,800.92,"r was believed to ha",989,45311,1,1760541297881
400.92,818.78,"was believed to hav",990,45518.400000095,1,1760541298089
407.94,671.97,"rug trafficking and",835,45700.700000048,1,1760541298273
385.7,561.24,"roperties.",704,45917.5,1,1760541298488
383.25,449.13,"ociates were accused",616,46139.100000024,1,1760541298710
353.73,354.7,"ld bullion, diamonds",422,46346.5,1,1760541298917
346.29,299.67,"old bullion, diamond",421,46534,1,1760541299105
315.07,261.34,"ping to dispose of s",321,46821.200000048,1,1760541299392
358.65,196.29,"robbery: Although Pa",224,46985,1,1760541299555
415.81,207.12,"ry: Although Palmer",229,47153.600000024,1,1760541299724
444.75,191.54,": Although Palmer wa",231,47344.200000048,1,1760541299915
496.54,200.14,"hough Palmer was acq",236,47537.400000095,1,1760541300108
494.09,183.28,"though Palmer was ac",235,47711.300000072,1,1760541300282
533.84,204.02,"gh Palmer was acquit",239,47909.300000072,1,1760541300480
554.38,203.4,"h Palmer was acquitt",240,48113.600000024,1,1760541300684
619.21,265.71,"f the stolen gold. T",346,48317.900000095,1,1760541300888
582.01,298.17,"s, and cash from a w",441,48535.600000024,1,1760541301106
595.62,478.88,"ed of deceiving thou",634,48720,1,1760541301291
630.6,551.59,"roperties.",704,48921.900000095,1,1760541301492
605.7,587.39,"d of laundering mill",755,49093.300000072,1,1760541301664
594.15,617.27,"ed of laundering mil",754,49260.200000048,1,1760541301831
559.02,601.18,"ected of laundering",751,49435.600000024,1,1760541302006
529.83,612.12,"uspected of launderi",748,49620.600000024,1,1760541302191
523.66,614.08,"uspected of launderi",748,49815.900000095,1,1760541302386
495.41,631.45,"suspected of launde",746,50022.900000095,1,1760541302593
491.85,673.85,"fficking and fraud.",842,50198.600000024,1,1760541302770
495.8,727.73,"ved in a counterfeit",893,50543,1,1760541303114
404.77,797.83,"was believed to hav",990,50736.300000072,1,1760541303308
437.98,865.48,"ctivities.",1094,50921.600000024,1,1760541303492
450.27,898.14,"ctivities.",1094,51091,1,1760541303661
462.21,886.09,"ctivities.",1094,51276.200000048,1,1760541303847
534.18,940.78,"vading taxes on his",1139,51453.900000095,1,1760541304025
510.54,944.4,"evading taxes on hi",1137,51651.100000024,1,1760541304222
507.2,959.72,"evading taxes on hi",1137,51826.400000095,1,1760541304397
546.23,903.91,"ctivities.",1094,52022.200000048,1,1760541304594
704.34,869,"ctivities.",1094,52251.300000072,1,1760541304822
875.11,873.48,"ctivities.",1094,52468,1,1760541305038
1022.4,905.61,"ctivities.",1094,52705,1,1760541305275
1109.16,897.89,"ctivities.",1094,52935.600000024,1,1760541305506
1166.9,914.73,"ctivities.",1094,53137.300000072,1,1760541305708
1199.37,936.83,"ed wealth.",1175,53353.100000024,1,1760541305923
1248.24,955.19,"ed wealth.",1175,53572.100000024,1,1760541306143
1161.92,973.13,"ed wealth.",1175,53756.600000024,1,1760541306327
1060.62,999.07,"ssociation with gold",1264,53963.800000072,1,1760541306534
1034.41,1014.5,"s association with g",1261,54158.400000095,1,1760541306729
982.49,1094.54,"rred to as Britain's",1361,54323.300000072,1,1760541306894
899,1112.42,"en referred to as Br",1354,54499.900000095,1,1760541307070
850.18,1173.82,"one point.",1445,54668.300000072,1,1760541307241
-1,-1,,,54848.800000072,1,1760541307419
-1,-1,,,55040.5,1,1760541307610
-1,-1,,,55225.400000095,1,1760541307795
-1,-1,,,55440.800000072,1,1760541308011
-1,-1,,,55617.900000095,1,1760541308188
-1,-1,,,55826.5,1,1760541308396
-1,-1,,,56037.100000024,1,1760541308607
-1,-1,,,56229.200000048,1,1760541308799
-1,-1,,,56557.700000048,1,1760541309127
-1,-1,,,56805,1,1760541309375
-1,-1,,,57031.800000072,1,1760541309602
-1,-1,,,57264.800000072,1,1760541309835
-1,-1,,,57462.100000024,1,1760541310032
-1,-1,,,57647.5,1,1760541310217
-1,-1,,,57807.600000024,1,1760541310377
-1,-1,,,58006.100000024,1,1760541310576
-1,-1,,,58169.600000024,1,1760541310740
1225.94,1168.73,"one point.",1445,58327.400000095,1,1760541310898
1209.43,1111.46,"s richest",1380,58493.700000048,1,1760541311064
1226.18,1143.68,"one point.",1445,58670.600000024,1,1760541311241
1161.61,930.63,"ed wealth.",1175,58861.5,1,1760541311432
1135.9,799.14,"and was involved in",1051,59037,1,1760541311608
-1,-1,,,59210.300000072,1,1760541311780
-1,-1,,,59395.700000048,1,1760541311966
-1,-1,,,59562.200000048,1,1760541312132
-1,-1,,,59764.300000072,1,1760541312334
-1,-1,,,59953.200000048,1,1760541312523
-1,-1,,,60131.700000048,1,1760541312701
1105.62,812.37,"ups and was involved",1048,60338.300000072,1,1760541312909
1158.67,789.48,"nd was involved in",1053,60536.5,1,1760541313107
1197.65,788.25,"was involved in",1056,60730.100000024,1,1760541313301
1098.37,792.79,"ups and was involved",1048,60926.100000024,1,1760541313497
975.16,805.12,"crime groups and wa",1038,61118,1,1760541313689
907.73,840.2,"anized crime groups",1032,63466.5,1,1760541316037
826.53,813.28,"ith organized crime",1025,63641.800000072,1,1760541316213
885.24,801.41,"rganized crime group",1030,63838.900000095,1,1760541316410
992.94,804.47,"crime groups and was",1039,64035.5,1,1760541316606
-1,-1,,,64218.300000072,1,1760541316789
-1,-1,,,64430.400000095,1,1760541317000
940.98,797.64,"zed crime groups and",1035,64633.600000024,1,1760541317204
-1,-1,,,64822.600000024,1,1760541317392
-1,-1,,,65017,1,1760541317587
785.4,797.33,"s with organized cri",1022,65205,1,1760541317775
664.06,797.14,"connections with org",1012,65620.800000072,1,1760541318191
632.48,817.81,"ve connections with",1009,65859,1,1760541318430
638.57,856.76,"ctivities.",1094,66016.900000095,1,1760541318587
635.76,905.41,"ctivities.",1094,66168.900000095,1,1760541318740
627.28,902.83,"ctivities.",1094,66379.900000095,1,1760541318950
616.15,899.21,"ctivities.",1094,66562.800000072,1,1760541319133
620.79,910.71,"ctivities.",1094,66758.400000095,1,1760541319329
644.92,917.27,"ctivities.",1094,66980.5,1,1760541319551
663.44,907.31,"ctivities.",1094,67185.5,1,1760541319756
669.96,927.87,"s on his illegally o",1150,67392,1,1760541319963
719.43,914.49,"ctivities.",1094,67610.400000095,1,1760541320181
711.49,938.52,"his illegally obtai",1154,67832.800000072,1,1760541320403
749.35,962.26,"s illegally obtained",1157,68052.600000024,1,1760541320623
720.61,956.92,"his illegally obtai",1154,68477.300000072,1,1760541321048
709.24,906.97,"ctivities.",1094,68692.900000095,1,1760541321263
757.21,933.99,"s illegally obtained",1157,68891.200000048,1,1760541321462
711.12,918.03,"ctivities.",1094,69081.600000024,1,1760541321652
702.8,895.96,"ctivities.",1094,69285.900000095,1,1760541321856
710.5,915.07,"ctivities.",1094,69524.400000095,1,1760541322095
736.12,918.81,"ctivities.",1094,69723.5,1,1760541322294
741.21,942.35,"is illegally obtaine",1156,69928.5,1,1760541322499
789.39,941.58,"llegally obtained we",1160,70139.5,1,1760541322711
757.44,918.44,"ctivities.",1094,70365.900000095,1,1760541322936
776.49,938.67,"illegally obtained w",1159,70559.600000024,1,1760541323130
783.87,938.91,"llegally obtained we",1160,70824.600000024,1,1760541323395
798.33,931.22,"legally obtained wea",1161,71011.200000048,1,1760541323582
818.29,925.99,"egally obtained weal",1162,71199.800000072,1,1760541323770
829.43,877.49,"ctivities.",1094,71376,1,1760541323946
821.34,868.98,"ctivities.",1094,71553.100000024,1,1760541324124
806.31,841.38,"with organized crim",1023,71733.400000095,1,1760541324304
801.12,817.46,"with organized crim",1023,71904.400000095,1,1760541324475
870.36,826.85,"organized crime grou",1029,72066.400000095,1,1760541324637
859.86,841.73,"organized crime gro",1028,72225.900000095,1,1760541324797
815.25,878.2,"ctivities.",1094,72382.800000072,1,1760541324953
818.2,904.33,"ctivities.",1094,72536.700000048,1,1760541325107
769.83,888.25,"ctivities.",1094,72711.200000048,1,1760541325282
775.96,913.06,"ctivities.",1094,72976.700000048,1,1760541325547
755.95,890.81,"ctivities.",1094,73141.300000072,1,1760541325712
770.33,871.6,"ctivities.",1094,73339,1,1760541325910
781.74,841.56,"ns with organized cr",1021,73507.400000095,1,1760541326078
792.88,840.35,"s with organized cri",1022,73677.300000072,1,1760541326248
778.95,869.35,"ctivities.",1094,73839.200000048,1,1760541326410
804.99,858.24,"ctivities.",1094,74004.800000072,1,1760541326575
797.99,860.62,"ctivities.",1094,74175.800000072,1,1760541326746
777.62,823.09,"ns with organized cr",1021,74336.100000024,1,1760541326907
744.22,833.99,"tions with organized",1018,74522.400000095,1,1760541327093
728.1,866.79,"ctivities.",1094,74713.400000095,1,1760541327284
666.22,842.79,"connections with org",1012,74879,1,1760541327449
643.34,874.05,"ctivities.",1094,75042.100000024,1,1760541327612
683.56,906.38,"ctivities.",1094,75221.200000048,1,1760541327792
640.91,909.75,"ctivities.",1094,75403.900000095,1,1760541327974
630.23,917.82,"ctivities.",1094,75575.200000048,1,1760541328146
603.84,922.12,"taxes on his illega",1145,75768.100000024,1,1760541328339
607.77,935.22,"taxes on his illega",1145,75958.400000095,1,1760541328529
551.05,896.95,"ctivities.",1094,76127.100000024,1,1760541328697
551.85,901.27,"ctivities.",1094,76333.100000024,1,1760541328904
647.06,941.53,"xes on his illegally",1148,76511,1,1760541329082
692.89,984.26,"on his illegally obt",1152,76658.400000095,1,1760541329229
715.27,961.7,"his illegally obtai",1154,76889.700000048,1,1760541329460
727.43,983.01,"his illegally obtain",1155,77066.5,1,1760541329637
761.01,944.31,"illegally obtained",1158,77243.900000095,1,1760541329814
775.33,901.74,"ctivities.",1094,77400.200000048,1,1760541329971
871.56,869.25,"ctivities.",1094,77574,1,1760541330145
1019.33,834.58,"ime groups and was i",1041,77779.900000095,1,1760541330351
1146.46,811.6,"and was involved in",1052,77969.800000072,1,1760541330540
-1,-1,,,78184,1,1760541330755
-1,-1,,,78392.700000048,1,1760541330963
-1,-1,,,78662.400000095,1,1760541331232
-1,-1,,,78862,1,1760541331432
-1,-1,,,79025.200000048,1,1760541331595
-1,-1,,,79182.900000095,1,1760541331753
-1,-1,,,79338.300000072,1,1760541331908
887.28,807.13,"rganized crime group",1030,79587.400000095,1,1760541332158
717.77,831.14,"ections with organiz",1016,79763.200000048,1,1760541332334
630.71,832.47,"ve connections with",1009,79930.100000024,1,1760541332501
583.49,834.05,"o have connections w",1005,80090,1,1760541332661
553.84,848.72,"d to have connection",1002,80251.5,1,1760541332822
557.1,856.26,"ctivities.",1094,80424.800000072,1,1760541332995
585.36,880.86,"ctivities.",1094,80584.400000095,1,1760541333156
617.27,908.94,"ctivities.",1094,80738.200000048,1,1760541333309
630.44,933.91,"axes on his illegall",1147,80897.300000072,1,1760541333468
734.46,931.56,"his illegally obtain",1155,81061.300000072,1,1760541333632
827.74,958.12,"gally obtained wealt",1163,81219.100000024,1,1760541333790
896.78,932.84,"obtained wealth.",1169,81394.900000095,1,1760541333965
938.44,940.18,"ained wealth.",1172,81554.300000072,1,1760541334126
1015.62,917.02,"ctivities.",1094,81714.400000095,1,1760541334285
1064.33,879.2,"ctivities.",1094,81872.900000095,1,1760541334443
961.05,857.44,"ctivities.",1094,82026.100000024,1,1760541334597
885.9,881.18,"ctivities.",1094,82185.900000095,1,1760541334756
852.21,894.17,"ctivities.",1094,82347.100000024,1,1760541334917
809.49,918.98,"ctivities.",1094,82504.300000072,1,1760541335075
800.8,934.24,"legally obtained wea",1161,82681.700000048,1,1760541335252
777.71,959.55,"illegally obtained w",1159,82841.900000095,1,1760541335412
742.65,943.75,"is illegally obtaine",1156,83046,1,1760541335617
701.82,931.41,"n his illegally obta",1153,83203.900000095,1,1760541335774
675.07,974.52,"on his illegally ob",1151,83376.200000048,1,1760541335947
686.12,987.33,"on his illegally ob",1151,83528.700000048,1,1760541336101
688.6,990.96,"kname "Goldfinger" d",1233,83692.400000095,1,1760541336263
681.17,990.92,"ckname "Goldfinger"",1232,83856.600000024,1,1760541336427
696.95,1016.89,"kname "Goldfinger" d",1233,84015.700000048,1,1760541336586
689.71,1025.61,"kname "Goldfinger" d",1233,84171.800000072,1,1760541336742
657.46,995.26,"nickname "Goldfinger",1230,84337.5,1,1760541336908
598.71,962.08,"g taxes on his illeg",1144,84490.100000024,1,1760541337061
635.35,969.58,"y in London",896,84764.5,1,1760541337383
636.12,974.59,"y in London",896,84994.5,1,1760541337565
672.99,968.95,"in London",897,85162.800000072,1,1760541337733
660,919.89,"in London",897,85328,1,1760541337898
616.95,139.52,"points about this cr",156,85498.900000095,1,1760541338069
590.68,133.01,"ey points about this",153,85679.700000048,1,1760541338250
554.73,124.77,"e key points about t",150,85834.400000095,1,1760541338405
583.36,107.2,"ey points about this",153,85987.200000048,1,1760541338558
655.23,87.75,"nts about this crime",159,86141.300000072,1,1760541338712
689.05,90.72,"about this crime an",162,86316.900000095,1,1760541338888
670.06,81.52,"ts about this crime",160,86475.300000072,1,1760541339048
656.69,67.26,"'s downfall was the",54,86633.300000072,1,1760541339204
633.11,49.25,"er's downfall was th",52,86784.800000072,1,1760541339356
641.71,46.72,"r's downfall was the",53,86961.600000024,1,1760541339533
628.62,82.12,"oints about this cri",157,87125.200000048,1,1760541339696
667.32,83.14,"ts about this crime",160,87296.400000095,1,1760541339867
710.72,95.54,"bout this crime and",164,87454.300000072,1,1760541340025
721.3,73.32,"wnfall was the large",59,87625.400000095,1,1760541340196
767.7,73.25,"ll was the large-sca",63,87801.5,1,1760541340373
862.05,104.95,"ime and its conseque",176,87963.400000095,1,1760541340534
930.6,108.38,"d its consequences:",182,88121.800000072,1,1760541340693
967.5,114.42,"ts consequences:",185,88282.700000048,1,1760541340856
1002.45,62.98,"le timeshare fraud o",83,88459.5,1,1760541341030
1037.78,33.3,"timeshare fraud oper",86,88623.100000024,1,1760541341194
1185.17,32.19,"aud operation he",98,88790.100000024,1,1760541341361
1050.65,55.54,"imeshare fraud opera",87,88937.200000048,1,1760541341508
907.77,38.54,"arge-scale timeshare",75,89106.300000072,1,1760541341677
845.48,44.06,"the large-scale time",70,89263.200000048,1,1760541341834
715.79,48.8,"wnfall was the large",59,89415.600000024,1,1760541341988
654.14,33.32,"'s downfall was the",54,89572.800000072,1,1760541342144
763.59,29.83,"ll was the large-sca",63,89743.200000048,1,1760541342314
780.59,34.68,"l was the large-scal",64,89918.200000048,1,1760541342491
785.15,47.89,"was the large-scale",65,90109.800000072,1,1760541342681
772.11,57.6,"l was the large-scal",64,90288.5,1,1760541342861
699.91,59.35,"ownfall was the larg",58,90511.5,1,1760541343082
815.99,33.22,"as the large-scale t",67,90707.400000095,1,1760541343278
921.52,53.8,"rge-scale timeshare",76,91025,1,1760541343597
1110.32,81.82,"sequences:",191,91241,1,1760541343812
1055.68,77.82,"imeshare fraud opera",87,91440.800000072,1,1760541344012
968.13,105.29,"ts consequences:",185,91629.800000072,1,1760541344201
871.57,112.28,"me and its consequen",177,91838.300000072,1,1760541344411
768.8,243.83,"perties to thousands",347,92036.400000095,1,1760541344607
683.53,286.6,"are properties to th",340,92225.700000048,1,1760541344798
633.64,330.8,"included:",404,92419.200000048,1,1760541344990
628.03,399.12,"es tactics",436,92591.300000072,1,1760541345162
614.85,374.17,"es tactics",436,92774.600000024,1,1760541345345
581.45,476.08,"es and ownership rig",485,92955.900000095,1,1760541345527
569.85,515.63,"al charges",537,93145.800000072,1,1760541345716
564.08,560.52,"al charges",537,93359.300000072,1,1760541345930
551.5,622.49,"nities or services",583,93563.700000048,1,1760541346136
552.41,722.88,"mated at approximate",706,93745.200000048,1,1760541346316
553.14,710.81,"mated at approximate",706,93942.300000072,1,1760541346513
570.87,731.86,"ted at approximately",708,94129.700000048,1,1760541346701
590.45,742.79,"ed at approximately",709,94342.600000024,1,1760541346914
-1,-1,,,94513.5,1,1760541347083
688.06,800.17,"in Tenerife",788,94762.300000072,1,1760541347335
707.27,787.19,"n Tenerife",789,94969.100000024,1,1760541347540
776.65,834.88,"n Tenerife",789,95175.100000024,1,1760541347746
856.07,777.52,"30 million",730,95391.900000095,1,1760541347962
-1,-1,,,95618.700000048,1,1760541348189
975.9,776.6,"30 million",730,95819.300000072,1,1760541348391
1139.48,896.46,"ce charges",843,96010.800000072,1,1760541348582
1147.05,945.39,"in London",897,96189.200000048,1,1760541348760
1070.14,960.97,"in London",897,96361.100000024,1,1760541348932
1052.08,928,"in London",897,96531.700000048,1,1760541349102
1062.89,962.72,"in London",897,96691.200000048,1,1760541349262
1033.1,945.41,"in London",897,96853.5,1,1760541349424
964.31,941.06,"in London",897,97007.100000024,1,1760541349578
885.47,977.25,"in London",897,97170.800000072,1,1760541349741
785.88,950.79,"in London",897,97334.600000024,1,1760541349905
724.7,921.15,"in London",897,97520.900000095,1,1760541350091
714.68,1149.87,"-running criminal ca",1078,97705,1,1760541350276
671.04,1114.54,"in prison",1018,98003,1,1760541350574
-1,-1,,,98173.400000095,1,1760541350743
-1,-1,,,98344.100000024,1,1760541350914
-1,-1,,,98516,1,1760541351086
-1,-1,,,98744.300000072,1,1760541351314
-1,-1,,,98979.200000048,1,1760541351549
-1,-1,,,99145.600000024,1,1760541351715
-1,-1,,,99346.600000024,1,1760541351917
-1,-1,,,99542.200000048,1,1760541352112
-1,-1,,,99736.300000072,1,1760541352306
-1,-1,,,99923.600000024,1,1760541352494
-1,-1,,,100139.5,1,1760541352709
-1,-1,,,100347.60000002,1,1760541352918
-1,-1,,,100522.10000002,1,1760541353092
-1,-1,,,100713.5,1,1760541353283
-1,-1,,,100968.20000005,1,1760541353538
-1,-1,,,101142.70000005,1,1760541353713
-1,-1,,,101340.30000007,1,1760541353910
-1,-1,,,101528.30000007,1,1760541354098
-1,-1,,,101714.60000002,1,1760541354285
-1,-1,,,101918.10000002,1,1760541354488
-1,-1,,,102105,1,1760541354675
-1,-1,,,102414.4000001,1,1760541354984
-1,-1,,,102628.20000005,1,1760541355198
-1,-1,,,102857.30000007,1,1760541355427
-1,-1,,,103060.70000005,1,1760541355630
-1,-1,,,103231.60000002,1,1760541355802
-1,-1,,,103446.20000005,1,1760541356016
-1,-1,,,103649.60000002,1,1760541356220
-1,-1,,,103852.9000001,1,1760541356423
-1,-1,,,104030.5,1,1760541356600
-1,-1,,,104194.60000002,1,1760541356765
-1,-1,,,104392.10000002,1,1760541356962
-1,-1,,,104555.30000007,1,1760541357125
-1,-1,,,104716.4000001,1,1760541357286
-1,-1,,,104883.5,1,1760541357454
-1,-1,,,105055.20000005,1,1760541357625
-1,-1,,,105223,1,1760541357793
-1,-1,,,105389.60000002,1,1760541357959
-1,-1,,,105554.5,1,1760541358124
-1,-1,,,105715,1,1760541358285
-1,-1,,,105875.10000002,1,1760541358445
-1,-1,,,106033.20000005,1,1760541358603
-1,-1,,,106195,1,1760541358765
-1,-1,,,106369.70000005,1,1760541358940
-1,-1,,,106543,1,1760541359113
-1,-1,,,106740.80000007,1,1760541359311
-1,-1,,,106897.20000005,1,1760541359467
-1,-1,,,107042.5,1,1760541359612
-1,-1,,,107202,1,1760541359772
-1,-1,,,107361.5,1,1760541359931
-1,-1,,,107559.5,1,1760541360129
-1,-1,,,107730.60000002,1,1760541360301
-1,-1,,,107887,1,1760541360457
-1,-1,,,108038.70000005,1,1760541360608
-1,-1,,,108216.20000005,1,1760541360786
-1,-1,,,108384.5,1,1760541360954
-1,-1,,,108563.20000005,1,1760541361133
-1,-1,,,108940.5,1,1760541361510
-1,-1,,,109188.70000005,1,1760541361759
-1,-1,,,109436.80000007,1,1760541362007
-1,-1,,,109671.20000005,1,1760541362241
-1,-1,,,109949.10000002,1,1760541362519
-1,-1,,,110458.60000002,1,1760541363029
-1,-1,,,110622.30000007,1,1760541363193
-1,-1,,,110823,1,1760541363393
-1,-1,,,111025.5,1,1760541363595
-1,-1,,,111286.60000002,1,1760541363856
-1,-1,,,111511.5,1,1760541364081
-1,-1,,,111822,1,1760541364392
-1,-1,,,112017.9000001,1,1760541364588
-1,-1,,,112296.4000001,1,1760541364866
-1,-1,,,112497.9000001,1,1760541365068
-1,-1,,,112690.60000002,1,1760541365260
-1,-1,,,112855.20000005,1,1760541365425
-1,-1,,,113020.9000001,1,1760541365591
-1,-1,,,113173.9000001,1,1760541365744
-1,-1,,,113355.60000002,1,1760541365926
-1,-1,,,113537.10000002,1,1760541366107
-1,-1,,,113713.60000002,1,1760541366284
-1,-1,,,113870.20000005,1,1760541366440
-1,-1,,,114039.60000002,1,1760541366610
-1,-1,,,114273.20000005,1,1760541366843
-1,-1,,,114554.5,1,1760541367125
-1,-1,,,114732.20000005,1,1760541367302
-1,-1,,,114902,1,1760541367472
-1,-1,,,115100,1,1760541367670
-1,-1,,,115322.4000001,1,1760541367893
-1,-1,,,115506.5,1,1760541368077
-1,-1,,,115680,1,1760541368250
-1,-1,,,115943.5,1,1760541368513
-1,-1,,,116103.5,1,1760541368673
-1,-1,,,116308.4000001,1,1760541368878
-1,-1,,,116530.5,1,1760541369101
-1,-1,,,116701.30000007,1,1760541369271
-1,-1,,,116888,1,1760541369458
-1,-1,,,117059.5,1,1760541369629
-1,-1,,,117242.9000001,1,1760541369813
884.23,1157.85,"nal career and his a",1092,117449.10000002,1,1760541370020
865.67,1134.38,"minal career and his",1090,117611.10000002,1,1760541370182
812.84,962.62,"in London",897,117778.10000002,1,1760541370349
866.09,910.2,"ce charges",843,117938.60000002,1,1760541370509
816.49,912.76,"ce charges",843,118103.60000002,1,1760541370674
781.78,900.65,"ce charges",843,118269.30000007,1,1760541370840
639.6,910.62,"ce charges",843,118442.20000005,1,1760541371013
631.54,935.73,"y in London",896,118624,1,1760541371195
564.75,920.48,"Bailey in London",890,118834.20000005,1,1760541371405
498.57,906.77,"n 2001 to face charg",831,119028.5,1,1760541371601
506.69,876.77,"n 2001 to face charg",831,119220.30000007,1,1760541371791
549.56,852.71,"01 to face charges",835,119420,1,1760541371991
445.39,827.04,"ties arrested Palmer",767,119664.30000007,1,1760541372236
541.15,852.34,"001 to face charges",834,119822.5,1,1760541372393
556.29,831.42,"ted Palmer in Teneri",777,120004.60000002,1,1760541372575
547.87,932.56,"d Bailey in London",889,120163.30000007,1,1760541372734
483.41,940.34,"he Old Bailey in Lon",884,120329.60000002,1,1760541372900
478.62,983.35,"the Old Bailey in Lo",883,120501.10000002,1,1760541373073
492.56,1052.62,"d of conspiracy to d",938,120678.4000001,1,1760541373249
559.39,1133.14,"Palmer's long-runnin",1065,120901.5,1,1760541373472
662.86,1117.83,"in prison",1018,121160.60000002,1,1760541373732
722.36,1130.24,"-running criminal ca",1078,121361.9000001,1,1760541373933
685.7,1135.32,"ong-running criminal",1075,121536.80000007,1,1760541374108
710.55,1091.16,"in prison",1018,121703.4000001,1,1760541374274
629.81,1080.8,"in prison",1018,121886.10000002,1,1760541374457
697.06,1024.6,"o defraud and timesh",955,122076.20000005,1,1760541374647
727.65,1036.56,"efraud and timeshare",958,122255.20000005,1,1760541374826
761.02,1037.38,"aud and timeshare fr",961,122432,1,1760541375003
698.29,999.43,"o defraud and timesh",955,122583.20000005,1,1760541375154
745.38,945.76,"in London",897,122731.30000007,1,1760541375302
790.35,921.76,"in London",897,122910.4000001,1,1760541375481
784.9,894.22,"ce charges",843,123076.9000001,1,1760541375647
877.09,898.13,"ce charges",843,123260.10000002,1,1760541375831
852.96,877.16,"ce charges",843,123440.10000002,1,1760541376011
842.99,864.28,"ce charges",843,123616.4000001,1,1760541376187
877.03,869.65,"ce charges",843,123798.30000007,1,1760541376369
804.48,870.59,"ce charges",843,124358.30000007,1,1760541376929
793.04,918.49,"ce charges",843,124756.20000005,1,1760541377327
717.27,955.31,"in London",897,125163.10000002,1,1760541377734
560.37,992.47,"onspiracy to defraud",944,125575.10000002,1,1760541378146
530.53,1011.48,"f conspiracy to defr",941,125894.30000007,1,1760541378465
553.85,1025.51,"conspiracy to defrau",943,126114.9000001,1,1760541378686
595.09,1067.87,"in prison",1018,126328.5,1,1760541378901
624.2,1110.43,"in prison",1018,126496.20000005,1,1760541379067
653.13,1144.02,"long-running crimin",1073,126709.4000001,1,1760541379280
577.27,1203.29,"nsequences",1144,126971.80000007,1,1760541379543
572.43,1202.76,"nsequences",1144,127346.30000007,1,1760541379917
587.07,1172.77,"lmer's long-running",1067,127681.80000007,1,1760541380253
626.75,1159.04,"'s long-running crim",1071,127949.20000005,1,1760541380520
700.63,1174.17,"g-running criminal c",1077,128771.80000007,1,1760541381403
627.15,1139.47,"'s long-running crim",1071,129300,1,1760541381871
764.51,1104.23,"in prison",1018,129815.70000005,1,1760541382387
932.03,1068.25,"in prison",1018,130339.9000001,1,1760541382910
975.73,996.74,"hare fraud",974,130757.4000001,1,1760541383328
1152.19,939.05,"in London",897,131104.5,1,1760541383676
1184.46,892.89,"ce charges",843,131815.5,1,1760541384386
1014.13,935.23,"in London",897,132070.30000007,1,1760541384641
818.93,935.43,"in London",897,132308.30000007,1,1760541384879
699.35,963.02,"in London",897,132541.80000007,1,1760541385113
708.46,986.15,"in London",897,132796.10000002,1,1760541385367
604.55,958.98,"ley in London",894,132973.80000007,1,1760541385544
489.26,962.87,"he Old Bailey in Lon",884,133167.10000002,1,1760541385738
482.43,946.22,"the Old Bailey in Lo",883,133526.30000007,1,1760541386100
422.1,946.73,"l at the Old Bailey",878,133759.5,1,1760541386330
341.28,924.6,"n trial at the Old B",872,134045.60000002,1,1760541386617
365.33,951.17,"trial at the Old Bai",874,134584.4000001,1,1760541387155
425.53,973.87,"at the Old Bailey i",879,134890.4000001,1,1760541387461
449.52,997.92,"cted of conspiracy t",935,135233,1,1760541387804
462.8,1050.18,"ted of conspiracy to",936,135455.20000005,1,1760541388026
494.19,998.56,"d of conspiracy to d",938,135638.80000007,1,1760541388209
601.45,973.79,"iley in London",893,135815.70000005,1,1760541388386
557.61,944.89,"Bailey in London",890,136082.20000005,1,1760541388658
704.04,941.74,"in London",897,136410.4000001,1,1760541388981
589.94,981.35,"ailey in London",892,136697.5,1,1760541389278
607.39,1015.11,"iracy to defraud and",948,137055,1,1760541389626
592.19,1036.87,"piracy to defraud an",947,137447.20000005,1,1760541390018
613.39,1072.99,"in prison",1018,137658.20000005,1,1760541390229
615.12,1112.43,"in prison",1018,137845.10000002,1,1760541390416
683.22,1162.58,"ong-running criminal",1075,138117.4000001,1,1760541390688
654.44,973.79,"inal past or ongoing",1055,138588,1,1760541391159
-1,-1,,,138759.20000005,1,1760541391329
-1,-1,,,138925.4000001,1,1760541391495
-1,-1,,,139108.30000007,1,1760541391678
-1,-1,,,139283.60000002,1,1760541391853
-1,-1,,,139447.60000002,1,1760541392017
-1,-1,,,139635.5,1,1760541392205
-1,-1,,,139803.5,1,1760541392373
654.74,429.49,"natural causes due t",449,139968.30000007,1,1760541392539
616.74,354.26,"t his home in South",316,140144,1,1760541392715
722.68,309.38,"me in South Weald, E",324,140344.70000005,1,1760541392916
740.69,249.21,"his death",264,140617.5,1,1760541393190
618.5,209.1,"conviction",216,140820.10000002,1,1760541393391
548.73,160.65,"conviction",216,140983.30000007,1,1760541393554
541.51,93.13,"ison in 2005 after s",137,141146.4000001,1,1760541393717
596.64,80.72,"in 2005 after servin",142,141334.30000007,1,1760541393905
594.17,79.99,"in 2005 after servin",142,141496.70000005,1,1760541394068
649.37,68.13,"are the key points",53,141650.9000001,1,1760541394223
612.75,61.5,"ere are the key poin",50,141816.20000005,1,1760541394389
667.46,55.14,"re the key points re",55,141988.4000001,1,1760541394559
710.47,119.38,"fter serving half of",151,142184,1,1760541394756
735.78,137.65,"r serving half of hi",154,142377.70000005,1,1760541394949
768.47,135.05,"serving half of his",156,142582.9000001,1,1760541395155
815.84,128.44,"ing half of his 8-ye",160,142805.4000001,1,1760541395376
805.77,127.83,"ving half of his 8-y",159,143000.80000007,1,1760541395572
863.87,82.4,"half of his 8-year s",164,143211.30000007,1,1760541395782
855.62,117.39,"half of his 8-year s",164,143483.60000002,1,1760541396055
783.47,139.28,"rving half of his 8-",158,143682.5,1,1760541396253
705.16,140.9,"fter serving half of",151,143896.60000002,1,1760541396468
716.06,153.15,"conviction",216,144090.20000005,1,1760541396661
809.95,134.38,"ing half of his 8-ye",160,144299.20000005,1,1760541396870
906.04,146.37,"of his 8-year sente",168,144498.80000007,1,1760541397070
966.45,142.22,"is 8-year sentence f",173,144691.20000005,1,1760541397264
1128.04,176.21,"conviction",216,144886.30000007,1,1760541397457
1131.6,225.19,"his death",264,145101.60000002,1,1760541397672
1154.3,199.98,"conviction",216,145285.9000001,1,1760541397857
1150.58,165.14,"conviction",216,145481.10000002,1,1760541398052
1181.53,240.8,"his death",264,145661.9000001,1,1760541398233
1184.05,264.51,"his death",264,145989.60000002,1,1760541398560
1175.77,416.81,"his death",394,146209.20000005,1,1760541398780
1075.33,434.15,"rt surgery",481,146403.80000007,1,1760541398974
1020.96,480.76,"eart surgery",479,146571.60000002,1,1760541399142
978.5,596.06,"as of 2023",617,146755.70000005,1,1760541399326
910.52,638.98,"as of 2023",617,146913.80000007,1,1760541399484
929.57,665.26,"criminal activities",695,147065.5,1,1760541399636
989.29,593.04,"as of 2023",617,147244.4000001,1,1760541399815
1080.83,567.81,"sional hit",571,147466.70000005,1,1760541400037
1048.47,613.03,"as of 2023",617,147673.9000001,1,1760541400244
1112.04,576.98,"as of 2023",617,147877.20000005,1,1760541400448
1148.76,535.67,"sional hit",571,148056.20000005,1,1760541400627
1183.12,468.07,"rt surgery",481,148229,1,1760541400800
975.62,488.69,"t heart surgery",476,148396.10000002,1,1760541400967
927.87,538.75,"in a professional h",559,148631.5,1,1760541401202
-1,-1,,,148815.4000001,1,1760541401385
-1,-1,,,148990,1,1760541401560
-1,-1,,,149159.4000001,1,1760541401729
-1,-1,,,149339.5,1,1760541401909
-1,-1,,,149503.60000002,1,1760541402073
-1,-1,,,149665,1,1760541402235
-1,-1,,,149839,1,1760541402409
-1,-1,,,150033.4000001,1,1760541402603
-1,-1,,,150233.20000005,1,1760541402803
-1,-1,,,150448.30000007,1,1760541403018
-1,-1,,,150637.4000001,1,1760541403207
-1,-1,,,150827.60000002,1,1760541403398
-1,-1,,,151028,1,1760541403598
-1,-1,,,151277.20000005,1,1760541403847
-1,-1,,,151477,1,1760541404047
-1,-1,,,151671.60000002,1,1760541404242
-1,-1,,,151878.4000001,1,1760541404448
-1,-1,,,152051,1,1760541404621
-1,-1,,,152218.5,1,1760541404788
-1,-1,,,152378.20000005,1,1760541404948
-1,-1,,,152538,1,1760541405108
-1,-1,,,152702.4000001,1,1760541405272
-1,-1,,,152874.30000007,1,1760541405444
-1,-1,,,153041,1,1760541405611
-1,-1,,,153210.5,1,1760541405780
-1,-1,,,153368.60000002,1,1760541405938
-1,-1,,,153534.5,1,1760541406104
-1,-1,,,153711.30000007,1,1760541406281
-1,-1,,,153903.9000001,1,1760541406474
-1,-1,,,154107.20000005,1,1760541406677
-1,-1,,,154317.5,1,1760541406887
-1,-1,,,154504.10000002,1,1760541407074
-1,-1,,,154693.9000001,1,1760541407264
-1,-1,,,154877.9000001,1,1760541407448
-1,-1,,,155044.60000002,1,1760541407615
-1,-1,,,155206.9000001,1,1760541407777
-1,-1,,,155371.5,1,1760541407941
-1,-1,,,155530.5,1,1760541408100
-1,-1,,,155688.5,1,1760541408258
-1,-1,,,155839.10000002,1,1760541408409
-1,-1,,,155988.5,1,1760541408558
-1,-1,,,156169.10000002,1,1760541408739
-1,-1,,,156418.4000001,1,1760541408988
-1,-1,,,156589.70000005,1,1760541409160
-1,-1,,,156762.5,1,1760541409333
-1,-1,,,156922.70000005,1,1760541409493
-1,-1,,,157093.80000007,1,1760541409664
-1,-1,,,157267.5,1,1760541409837
-1,-1,,,157491.60000002,1,1760541410061
-1,-1,,,157752.9000001,1,1760541410323
-1,-1,,,157945.10000002,1,1760541410517
-1,-1,,,158145.70000005,1,1760541410716
-1,-1,,,158335.60000002,1,1760541410905
-1,-1,,,158651.20000005,1,1760541411221
-1,-1,,,158832.9000001,1,1760541411403
-1,-1,,,158996.60000002,1,1760541411567
-1,-1,,,159154,1,1760541411724
-1,-1,,,159310.4000001,1,1760541411880
-1,-1,,,159476.20000005,1,1760541412046
-1,-1,,,159664.5,1,1760541412234
-1,-1,,,159850.20000005,1,1760541412420
-1,-1,,,160055.9000001,1,1760541412626
-1,-1,,,160260.70000005,1,1760541412831
-1,-1,,,160462.9000001,1,1760541413033
-1,-1,,,160646.10000002,1,1760541413216
-1,-1,,,160806.20000005,1,1760541413376
-1,-1,,,160977.80000007,1,1760541413548
-1,-1,,,161156.30000007,1,1760541413726
-1,-1,,,161367.30000007,1,1760541413938
-1,-1,,,161564.4000001,1,1760541414135
-1,-1,,,161725.20000005,1,1760541414295
-1,-1,,,161908.70000005,1,1760541414479
-1,-1,,,162100.20000005,1,1760541414670
-1,-1,,,162306.60000002,1,1760541414877
-1,-1,,,162519.80000007,1,1760541415090
-1,-1,,,165242.5,1,1760541417812
-1,-1,,,165450.60000002,1,1760541418021
-1,-1,,,165663.70000005,1,1760541418234
-1,-1,,,165853.10000002,1,1760541418423
-1,-1,,,166014.10000002,1,1760541418584
-1,-1,,,166171.20000005,1,1760541418741
-1,-1,,,166337.10000002,1,1760541418907
-1,-1,,,166499.9000001,1,1760541419070
-1,-1,,,166662.20000005,1,1760541419232
-1,-1,,,166811,1,1760541419381
-1,-1,,,167026.4000001,1,1760541419596
-1,-1,,,167171.4000001,1,1760541419741
-1,-1,,,167333.80000007,1,1760541419904
-1,-1,,,167523.20000005,1,1760541420093
-1,-1,,,167693.10000002,1,1760541420263
-1,-1,,,167843.80000007,1,1760541420414
-1,-1,,,167995.10000002,1,1760541420565
-1,-1,,,168143.10000002,1,1760541420713
-1,-1,,,168405.9000001,1,1760541420976
-1,-1,,,168567.70000005,1,1760541421138
-1,-1,,,168763.70000005,1,1760541421334
-1,-1,,,168995,1,1760541421565
-1,-1,,,169216.60000002,1,1760541421787
-1,-1,,,169391,1,1760541421961
-1,-1,,,169541.30000007,1,1760541422111
-1,-1,,,169709,1,1760541422279
-1,-1,,,169871,1,1760541422441
-1,-1,,,170042.9000001,1,1760541422613
-1,-1,,,170201.20000005,1,1760541422771
-1,-1,,,170382,1,1760541422952
-1,-1,,,170543.20000005,1,1760541423113
-1,-1,,,170700.30000007,1,1760541423270
-1,-1,,,170886.30000007,1,1760541423456
-1,-1,,,171055.4000001,1,1760541423625
-1,-1,,,171214.60000002,1,1760541423785
-1,-1,,,171370.5,1,1760541423940
-1,-1,,,171527.20000005,1,1760541424097
-1,-1,,,171682.60000002,1,1760541424252
-1,-1,,,171931.9000001,1,1760541424502
-1,-1,,,172109.4000001,1,1760541424679
-1,-1,,,172264.20000005,0,1760541424834
-1,-1,,,172434.30000007,0,1760541425004
-1,-1,,,172594.10000002,0,1760541425164
-1,-1,,,172779.4000001,0,1760541425349
-1,-1,,,173282.5,0,1760541425852
-1,-1,,,173463.20000005,0,1760541426033
-1,-1,,,173678.20000005,0,1760541426248
-1,-1,,,173833.10000002,0,1760541426403
-1,-1,,,174047.4000001,0,1760541426617
-1,-1,,,174203.30000007,0,1760541426773
-1,-1,,,174451.30000007,0,1760541427021
-1,-1,,,174615.4000001,1,1760541427185
-1,-1,,,174785.5,1,1760541427355
-1,-1,,,174954.4000001,0,1760541427524
-1,-1,,,175120,0,1760541427690
-1,-1,,,175288.60000002,0,1760541427858
-1,-1,,,175466.9000001,0,1760541428037
-1,-1,,,175641.10000002,0,1760541428211
-1,-1,,,175804,0,1760541428374
-1,-1,,,175987,0,1760541428557
-1,-1,,,176143.5,0,1760541428713
-1,-1,,,176304.10000002,0,1760541428874
-1,-1,,,176460.70000005,0,1760541429032
-1,-1,,,176623.9000001,0,1760541429194
-1,-1,,,176879,0,1760541429449
-1,-1,,,177242.70000005,0,1760541429813
-1,-1,,,177466.70000005,0,1760541430037
-1,-1,,,177684.5,0,1760541430254
-1,-1,,,177900.5,0,1760541430470
-1,-1,,,178114.20000005,0,1760541430684
-1,-1,,,178338,0,1760541430908
-1,-1,,,178548.80000007,0,1760541431119
-1,-1,,,178806.30000007,0,1760541431376
-1,-1,,,178991.10000002,0,1760541431561
-1,-1,,,179189.10000002,0,1760541431759
-1,-1,,,179386.70000005,0,1760541431957
-1,-1,,,179615.60000002,1,1760541432186
-1,-1,,,179806.9000001,1,1760541432377
-1,-1,,,180093.10000002,1,1760541432663
-1,-1,,,180272.20000005,1,1760541432842
-1,-1,,,180424.10000002,1,1760541432994
-1,-1,,,180583.4000001,1,1760541433153
-1,-1,,,180741.60000002,1,1760541433312
-1,-1,,,180912.10000002,1,1760541433482
-1,-1,,,181074.30000007,1,1760541433644
-1,-1,,,181256.70000005,1,1760541433827
-1,-1,,,181445,1,1760541434015
-1,-1,,,181609.10000002,1,1760541434179
-1,-1,,,181762,1,1760541434332
-1,-1,,,181996.60000002,1,1760541434567
-1,-1,,,182285,1,1760541434855
-1,-1,,,182498.9000001,1,1760541435069
-1,-1,,,182733.30000007,1,1760541435303
-1,-1,,,183043.5,1,1760541435613
-1,-1,,,183420.4000001,1,1760541435990
-1,-1,,,183693.5,1,1760541436263
-1,-1,,,183956.5,1,1760541436527
-1,-1,,,184218.4000001,1,1760541436789
-1,-1,,,186364.9000001,1,1760541438935
-1,-1,,,186567.80000007,1,1760541439138
-1,-1,,,186760.20000005,1,1760541439330
-1,-1,,,186940.20000005,1,1760541439510
-1,-1,,,187105.20000005,1,1760541439675
-1,-1,,,187280.60000002,1,1760541439851
-1,-1,,,187426.5,1,1760541439996
-1,-1,,,187635.80000007,1,1760541440206
-1,-1,,,187819.20000005,1,1760541440389
-1,-1,,,187979.30000007,1,1760541440549
-1,-1,,,188125.30000007,1,1760541440695
-1,-1,,,188592.4000001,0,1760541441162
-1,-1,,,192838.80000007,0,1760541445409
-1,-1,,,193264.9000001,0,1760541445835
-1,-1,,,193497.10000002,0,1760541446067
-1,-1,,,198781.30000007,0,1760541451351
-1,-1,,,200061.20000005,0,1760541452631
-1,-1,,,203839.10000002,0,1760541456409
-1,-1,,,204094.20000005,0,1760541456664
-1,-1,,,204375.10000002,1,1760541456945
-1,-1,,,204543.70000005,1,1760541457114
-1,-1,,,204790.10000002,1,1760541457360
-1,-1,,,204982.9000001,1,1760541457553
-1,-1,,,205175.80000007,1,1760541457746
-1,-1,,,205398,1,1760541457968
-1,-1,,,205666.4000001,1,1760541458237
-1,-1,,,205907.4000001,1,1760541458477
-1,-1,,,206109.9000001,1,1760541458680
-1,-1,,,206276.20000005,1,1760541458846
-1,-1,,,206467.30000007,1,1760541459037
-1,-1,,,206655.70000005,1,1760541459226
-1,-1,,,206876.9000001,1,1760541459447
-1,-1,,,207126.30000007,1,1760541459696
-1,-1,,,207359.30000007,1,1760541459930
-1,-1,,,207587.10000002,1,1760541460157
-1,-1,,,207792.20000005,1,1760541460362
-1,-1,,,207995.20000005,1,1760541460565
-1,-1,,,208206.80000007,1,1760541460777
-1,-1,,,208441.70000005,1,1760541461012
-1,-1,,,208642,1,1760541461212
-1,-1,,,208839.5,1,1760541461410
-1,-1,,,209019.70000005,1,1760541461590
-1,-1,,,209212.20000005,1,1760541461782
-1,-1,,,209402.60000002,1,1760541461975
-1,-1,,,209586.9000001,1,1760541462157
-1,-1,,,209778.5,1,1760541462348
-1,-1,,,209964.5,1,1760541462534
-1,-1,,,210273.20000005,1,1760541462843
-1,-1,,,210640.80000007,1,1760541463211
-1,-1,,,210964.20000005,1,1760541463534
-1,-1,,,211190,1,1760541463760
-1,-1,,,211453.20000005,1,1760541464023
-1,-1,,,211801.4000001,1,1760541464371
-1,-1,,,212073.4000001,1,1760541464643
-1,-1,,,212293.60000002,1,1760541464865
-1,-1,,,212501,1,1760541465071
-1,-1,,,212701.10000002,1,1760541465271
-1,-1,,,212897.60000002,1,1760541465467
-1,-1,,,213080.70000005,1,1760541465651
-1,-1,,,213279.30000007,1,1760541465849
-1,-1,,,213451.60000002,1,1760541466021
-1,-1,,,213671.4000001,1,1760541466241
-1,-1,,,213876.20000005,1,1760541466446
-1,-1,,,214091.10000002,1,1760541466661
-1,-1,,,215918.5,1,1760541468489
-1,-1,,,216187.10000002,1,1760541468757
-1,-1,,,216352.9000001,1,1760541468923
-1,-1,,,216522.4000001,1,1760541469092
-1,-1,,,216677.5,1,1760541469247
-1,-1,,,216846,1,1760541469416
-1,-1,,,217014,1,1760541469584
-1,-1,,,217182.30000007,1,1760541469752
-1,-1,,,217352.5,1,1760541469922
-1,-1,,,217546.20000005,1,1760541470116
-1,-1,,,217724.4000001,1,1760541470294
-1,-1,,,217895.4000001,1,1760541470465
-1,-1,,,218059.9000001,1,1760541470630
-1,-1,,,218229.30000007,1,1760541470799
-1,-1,,,218398.20000005,1,1760541470968
-1,-1,,,218563.20000005,1,1760541471133
-1,-1,,,218764.5,1,1760541471334
-1,-1,,,218934.9000001,1,1760541471505
-1,-1,,,219176.9000001,1,1760541471747
-1,-1,,,219339.60000002,1,1760541471909
-1,-1,,,219503.60000002,1,1760541472073
-1,-1,,,219661.10000002,1,1760541472231
-1,-1,,,219836,1,1760541472406
-1,-1,,,220014.60000002,1,1760541472584
-1,-1,,,220190.4000001,1,1760541472760
-1,-1,,,220393.9000001,1,1760541472964
-1,-1,,,220588.60000002,1,1760541473159
-1,-1,,,220782.10000002,1,1760541473352
-1,-1,,,220946.30000007,1,1760541473516
-1,-1,,,221109.9000001,1,1760541473680
-1,-1,,,221322.10000002,1,1760541473892
-1,-1,,,221505.10000002,1,1760541474075
-1,-1,,,221687.5,1,1760541474259
-1,-1,,,221858.4000001,1,1760541474428
-1,-1,,,222031.4000001,1,1760541474601
-1,-1,,,222207.5,1,1760541474777
-1,-1,,,222370.9000001,1,1760541474941
-1,-1,,,222535.10000002,1,1760541475105
-1,-1,,,222698.9000001,1,1760541475269
-1,-1,,,222850.30000007,1,1760541475420
-1,-1,,,223023.60000002,1,1760541475594
-1,-1,,,223202.10000002,1,1760541475772
-1,-1,,,223369.9000001,1,1760541475940
-1,-1,,,223533.30000007,1,1760541476103
-1,-1,,,223679,1,1760541476249
-1,-1,,,223841.30000007,1,1760541476411
-1,-1,,,224098.60000002,1,1760541476669
-1,-1,,,224274.10000002,1,1760541476844
-1,-1,,,224459.5,1,1760541477029
-1,-1,,,224622.10000002,1,1760541477192
-1,-1,,,224813.10000002,1,1760541477383
-1,-1,,,224979.60000002,1,1760541477549
-1,-1,,,225133.10000002,1,1760541477703
-1,-1,,,225295.70000005,1,1760541477866
-1,-1,,,225481.70000005,1,1760541478052
-1,-1,,,225675.30000007,1,1760541478245
-1,-1,,,225893.5,1,1760541478463
-1,-1,,,226104.30000007,1,1760541478675
-1,-1,,,226298.80000007,1,1760541478869
-1,-1,,,226490.70000005,1,1760541479061
-1,-1,,,226682.9000001,1,1760541479253
-1,-1,,,226853.4000001,1,1760541479423
-1,-1,,,227033.80000007,1,1760541479604
-1,-1,,,227203,1,1760541479773
-1,-1,,,227384.10000002,1,1760541479954
-1,-1,,,227591.70000005,1,1760541480161
-1,-1,,,227766.80000007,1,1760541480337
-1,-1,,,227937.10000002,1,1760541480507
-1,-1,,,228101.5,1,1760541480671
-1,-1,,,228268,1,1760541480838
-1,-1,,,228456.30000007,1,1760541481026
-1,-1,,,228628.80000007,1,1760541481199
-1,-1,,,228810.60000002,1,1760541481382
-1,-1,,,228990.10000002,1,1760541481560
-1,-1,,,229240,1,1760541481810
-1,-1,,,229432.70000005,1,1760541482002
-1,-1,,,229674,1,1760541482244
-1,-1,,,229847.4000001,1,1760541482417
-1,-1,,,230035.10000002,1,1760541482605
-1,-1,,,230203.5,1,1760541482773
-1,-1,,,230390.80000007,1,1760541482961
-1,-1,,,230574,1,1760541483144
-1,-1,,,230742.4000001,1,1760541483312
-1,-1,,,230911.20000005,1,1760541483481
-1,-1,,,231070.30000007,1,1760541483640
-1,-1,,,231238,1,1760541483808
-1,-1,,,231404,1,1760541483974
-1,-1,,,231568,1,1760541484138
-1,-1,,,231736.70000005,1,1760541484307
-1,-1,,,231904.30000007,1,1760541484474
-1,-1,,,232075.60000002,1,1760541484646
-1,-1,,,232246.4000001,1,1760541484816
-1,-1,,,232408.70000005,1,1760541484979
-1,-1,,,232589.5,1,1760541485159
-1,-1,,,232773.9000001,1,1760541485344
-1,-1,,,232931.30000007,1,1760541485501
-1,-1,,,233101.80000007,1,1760541485672
-1,-1,,,233258.10000002,1,1760541485828
-1,-1,,,233440,1,1760541486010
-1,-1,,,233614.20000005,1,1760541486184
-1,-1,,,237438.80000007,1,1760541490009
-1,-1,,,237628.30000007,1,1760541490198
-1,-1,,,237907.20000005,1,1760541490477
-1,-1,,,238114.10000002,1,1760541490684
-1,-1,,,238388.4000001,1,1760541490958
-1,-1,,,238620.4000001,1,1760541491191
-1,-1,,,238838.60000002,1,1760541491409
-1,-1,,,239051.70000005,1,1760541491622
-1,-1,,,239274.30000007,1,1760541491844
-1,-1,,,239492.20000005,1,1760541492062
-1,-1,,,239703.70000005,1,1760541492274
-1,-1,,,239923.5,1,1760541492493
-1,-1,,,240122.30000007,1,1760541492692
-1,-1,,,240314.10000002,1,1760541492884
-1,-1,,,240560.4000001,1,1760541493130
-1,-1,,,240769.70000005,1,1760541493340
