479.98,136.18,"w up here.",160,12807.799999714,0,1765700195551
480.2,134.04,"w up here.",160,12945.400000095,1,1765700195688
470.63,111.31,"w up here.",160,13118.299999714,1,1765700195861
463.15,94.21,"w up here.",160,13258.699999809,0,1765700196002
444,58.97,"please wait patientl",40,13390.599999905,0,1765700196134
-1,-1,,,13539.599999905,0,1765700196282
-1,-1,,,13672.599999905,0,1765700196415
-1,-1,,,13807.400000095,1,1765700196550
-1,-1,,,13933,1,1765700196676
-1,-1,,,14058.599999905,1,1765700196801
-1,-1,,,14183.099999905,1,1765700196926
-1,-1,,,14321.5,1,1765700197064
-1,-1,,,14468.699999809,1,1765700197211
-1,-1,,,14614.199999809,1,1765700197357
-1,-1,,,14795,1,1765700197538
-1,-1,,,14943.5,1,1765700197686
-1,-1,,,15102.5,1,1765700197845
-1,-1,,,15266.400000095,1,1765700198009
-1,-1,,,15419.099999905,1,1765700198162
-1,-1,,,15607.099999905,1,1765700198350
-1,-1,,,15778.400000095,1,1765700198521
-1,-1,,,15936.199999809,1,1765700198679
-1,-1,,,16083.199999809,1,1765700198826
-1,-1,,,16255.699999809,1,1765700198998
-1,-1,,,16447.799999714,1,1765700199190
-1,-1,,,16616.699999809,1,1765700199359
-1,-1,,,16777.099999905,1,1765700199520
-1,-1,,,16960.400000095,1,1765700199703
-1,-1,,,17202.599999905,1,1765700199945
-1,-1,,,17392.600000381,1,1765700222541
-1,-1,,,17609.600000381,1,1765700222758
-1,-1,,,17754.900000095,1,1765700222903
-1,-1,,,17876.5,1,1765700223025
-1,-1,,,17997.600000381,1,1765700223146
505.95,59.91,"e wait patiently. It",45,18114.5,1,1765700223263
475.04,24,"ease wait patiently.",42,18253.600000381,1,1765700223402
-1,-1,,,18367.100000381,1,1765700223516
444.86,15.96,"please wait patientl",40,18480.400000095,1,1765700223629
455.21,55.27,"lease wait patiently",41,18599,1,1765700223748
363.97,47.77,"estion, please wait",32,18726.600000381,1,1765700223875
344.03,38.57,"question, please wai",30,18837,1,1765700223986
253.33,44.11,"pe your question, pl",22,18950.800000191,1,1765700224099
224.55,178.02,"ill show up here.",153,19053,1,1765700224202
283.77,248.19,"how up here.",158,19154.800000191,1,1765700224303
274.67,277.78,"show up here.",157,19254.800000191,1,1765700224403
171.79,423.5,,,19357,1,1765700224505
97.21,201.1,"response will show",141,19479.800000191,1,1765700224629
126.23,27.2,"fter you type your q",11,19586.200000286,1,1765700224735
-1,-1,,,19692.200000286,1,1765700224841
-1,-1,,,19813.200000286,1,1765700224962
-1,-1,,,19921.100000381,1,1765700225070
-1,-1,,,20019.800000191,1,1765700225168
-1,-1,,,20134,1,1765700225282
-1,-1,,,20231.700000286,1,1765700225380
-1,-1,,,20334.100000381,1,1765700225482
-1,-1,,,20426.300000191,1,1765700225575
-1,-1,,,20531,1,1765700225679
-1,-1,,,20637.200000286,1,1765700225786
-1,-1,,,20743.100000381,1,1765700225892
-1,-1,,,20849.5,1,1765700225998
-1,-1,,,20940.200000286,1,1765700226089
-1,-1,,,21045.900000095,1,1765700226195
-1,-1,,,21150.700000286,1,1765700226299
-1,-1,,,21251,1,1765700226399
-1,-1,,,21354.300000191,1,1765700226503
-1,-1,,,21460.200000286,1,1765700226609
-1,-1,,,21559,1,1765700226707
-1,-1,,,21666.100000381,1,1765700226815
-1,-1,,,21769.900000095,1,1765700226918
-1,-1,,,21865.900000095,1,1765700227014
-1,-1,,,21972.700000286,1,1765700227121
-1,-1,,,22066.900000095,1,1765700227215
-1,-1,,,22170.900000095,1,1765700227319
-1,-1,,,22264.600000381,1,1765700227413
-1,-1,,,22360.700000286,1,1765700227509
-1,-1,,,22465.800000191,1,1765700227614
-1,-1,,,22560.200000286,1,1765700227709
-1,-1,,,22662.400000095,1,1765700227811
-1,-1,,,22761,1,1765700227909
-1,-1,,,22866.600000381,1,1765700228015
-1,-1,,,22963.400000095,1,1765700228112
-1,-1,,,23065.600000381,1,1765700228214
-1,-1,,,23169.600000381,1,1765700228318
-1,-1,,,23291.100000381,1,1765700228440
-1,-1,,,23405.5,1,1765700228554
-1,-1,,,23518.200000286,1,1765700228667
-1,-1,,,23625.100000381,1,1765700228773
-1,-1,,,23720.700000286,1,1765700228869
-1,-1,,,23820.100000381,1,1765700228969
-1,-1,,,23918.100000381,1,1765700229067
-1,-1,,,24022.5,1,1765700229171
-1,-1,,,24127.800000191,1,1765700229276
-1,-1,,,24232.900000095,1,1765700229381
-1,-1,,,24329.800000191,1,1765700229478
-1,-1,,,24427.5,1,1765700229576
-1,-1,,,24525.100000381,1,1765700229674
-1,-1,,,24630.5,1,1765700229779
-1,-1,,,24730.200000286,1,1765700229879
-1,-1,,,24825.600000381,1,1765700229974
-1,-1,,,24923.100000381,1,1765700230072
-1,-1,,,25019.900000095,1,1765700230168
-1,-1,,,25134.900000095,1,1765700230283
-1,-1,,,25231.600000381,1,1765700230380
-1,-1,,,25326.700000286,1,1765700230475
-1,-1,,,25416.5,1,1765700230565
-1,-1,,,25520.900000095,1,1765700230669
-1,-1,,,25622.400000095,1,1765700230771
-1,-1,,,25722.600000381,1,1765700230871
-1,-1,,,25824.800000191,1,1765700230973
-1,-1,,,25923,1,1765700231071
-1,-1,,,26018.300000191,1,1765700231167
-1,-1,,,26128.400000095,1,1765700231277
-1,-1,,,26230.200000286,1,1765700231379
-1,-1,,,26334.900000095,1,1765700231483
-1,-1,,,26423.300000191,1,1765700231572
-1,-1,,,26522.800000191,1,1765700231671
-1,-1,,,26646.200000286,1,1765700231795
-1,-1,,,26751.700000286,1,1765700231900
-1,-1,,,26856.300000191,1,1765700232005
-1,-1,,,26947.900000095,1,1765700232096
-1,-1,,,27044.700000286,1,1765700232193
-1,-1,,,27149.400000095,1,1765700232298
-1,-1,,,27252.300000191,1,1765700232401
-1,-1,,,27354,1,1765700232502
-1,-1,,,27456.700000286,1,1765700232605
-1,-1,,,27568.100000381,1,1765700232717
-1,-1,,,27680.300000191,1,1765700232829
-1,-1,,,27781.100000381,1,1765700232930
-1,-1,,,27872,1,1765700233020
-1,-1,,,27967.700000286,1,1765700233116
-1,-1,,,28068.400000095,1,1765700233217
-1,-1,,,28177,1,1765700233326
-1,-1,,,28297.100000381,1,1765700233446
-1,-1,,,28418.800000191,1,1765700233567
-1,-1,,,28537,1,1765700233685
-1,-1,,,28634.900000095,1,1765700233783
-1,-1,,,28751.400000095,1,1765700233900
-1,-1,,,28876.300000191,1,1765700234025
-1,-1,,,29012.300000191,1,1765700234161
-1,-1,,,29136.700000286,1,1765700234285
-1,-1,,,29252.300000191,1,1765700234401
-1,-1,,,29376.5,1,1765700234525
-1,-1,,,29495.5,1,1765700234644
-1,-1,,,29614.100000381,1,1765700234763
-1,-1,,,29733.900000095,1,1765700234882
-1,-1,,,29851.900000095,1,1765700235000
-1,-1,,,29964,1,1765700235113
-1,-1,,,30069.400000095,1,1765700235218
-1,-1,,,30184,1,1765700235332
-1,-1,,,30291.5,1,1765700235440
-1,-1,,,30398.600000381,1,1765700235547
-1,-1,,,30501.5,1,1765700235650
-1,-1,,,30607.900000095,1,1765700235756
-1,-1,,,30710.200000286,1,1765700235859
-1,-1,,,30832.100000381,1,1765700235981
-1,-1,,,30965.600000381,1,1765700236114
-1,-1,,,31084,1,1765700236232
-1,-1,,,31226.700000286,1,1765700236375
-1,-1,,,31407.5,1,1765700236556
-1,-1,,,31556.400000095,1,1765700236705
-1,-1,,,31721,1,1765700236869
-1,-1,,,31871.300000191,1,1765700237020
-1,-1,,,32015.200000286,1,1765700237164
-1,-1,,,32160.600000381,1,1765700237309
-1,-1,,,32297.100000381,1,1765700237446
-1,-1,,,32433.200000286,1,1765700237582
-1,-1,,,32564.800000191,1,1765700237713
-1,-1,,,32719.700000286,1,1765700237868
-1,-1,,,32844.900000095,1,1765700237993
-1,-1,,,32991.800000191,1,1765700238140
-1,-1,,,33143.900000095,1,1765700238292
-1,-1,,,33300.800000191,1,1765700238449
-1,-1,,,33474.700000286,1,1765700238623
-1,-1,,,33663.900000095,1,1765700238812
-1,-1,,,33813.700000286,1,1765700238962
-1,-1,,,33966.200000286,1,1765700239115
-1,-1,,,34115.900000095,1,1765700239264
891.75,90.39,"ey ways:",155,34238.300000191,1,1765700239387
903.96,63.45,"ntasy literature and",81,34354.5,1,1765700239504
943.66,103.74,"ey ways:",155,34467.600000381,1,1765700239616
-1,-1,,,34583.800000191,1,1765700239732
-1,-1,,,34696.100000381,1,1765700239845
-1,-1,,,34869.900000095,1,1765700240018
-1,-1,,,35005.900000095,1,1765700240154
-1,-1,,,35212.900000095,1,1765700240361
-1,-1,,,35374.100000381,1,1765700240523
-1,-1,,,35532.700000286,1,1765700240681
-1,-1,,,35776.5,1,1765700240925
-1,-1,,,35948.200000286,1,1765700241097
-1,-1,,,36117.100000381,1,1765700241266
-1,-1,,,36261.300000191,1,1765700241410
-1,-1,,,36391.600000381,1,1765700241540
-1,-1,,,36522.800000191,1,1765700241671
-1,-1,,,36692.900000095,1,1765700241841
-1,-1,,,36829.600000381,1,1765700241978
-1,-1,,,36949,1,1765700242097
-1,-1,,,37046.800000191,1,1765700242195
-1,-1,,,37138.400000095,1,1765700242287
-1,-1,,,37232.400000095,1,1765700242381
-1,-1,,,37336,1,1765700242484
-1,-1,,,37469.700000286,1,1765700242618
-1,-1,,,37579,1,1765700242727
-1,-1,,,37699.5,1,1765700242848
-1,-1,,,37815.5,1,1765700242964
-1,-1,,,37941.800000191,1,1765700243090
-1,-1,,,38053.900000095,1,1765700243202
-1,-1,,,38168.200000286,1,1765700243317
-1,-1,,,38286.400000095,1,1765700243435
-1,-1,,,38439.200000286,1,1765700243588
-1,-1,,,38560.300000191,1,1765700243709
-1,-1,,,38703.600000381,1,1765700243852
-1,-1,,,38830.600000381,1,1765700243979
-1,-1,,,38959.600000381,1,1765700244108
-1,-1,,,39092.900000095,1,1765700244241
-1,-1,,,39219.700000286,1,1765700244368
-1,-1,,,39329.5,1,1765700244478
-1,-1,,,39460.300000191,1,1765700244609
-1,-1,,,39608,1,1765700244756
-1,-1,,,39727.900000095,1,1765700244876
-1,-1,,,39855.100000381,1,1765700245004
-1,-1,,,39954.100000381,1,1765700245103
-1,-1,,,40052.300000191,1,1765700245201
-1,-1,,,40161.700000286,1,1765700245310
-1,-1,,,40288.600000381,1,1765700245437
-1,-1,,,40388.800000191,1,1765700245537
-1,-1,,,40513.100000381,1,1765700245662
-1,-1,,,40626.200000286,1,1765700245775
-1,-1,,,40725.400000095,1,1765700245874
-1,-1,,,40821.600000381,1,1765700245970
-1,-1,,,40941.100000381,1,1765700246090
-1,-1,,,41047.300000191,1,1765700246196
-1,-1,,,41167.600000381,1,1765700246316
-1,-1,,,41302.300000191,1,1765700246451
-1,-1,,,41436.800000191,1,1765700246585
-1,-1,,,41575.100000381,1,1765700246724
-1,-1,,,41678.900000095,1,1765700246827
-1,-1,,,41779.400000095,1,1765700246928
-1,-1,,,41880.800000191,1,1765700247029
-1,-1,,,42001.900000095,1,1765700247150
-1,-1,,,42101.100000381,1,1765700247250
-1,-1,,,42205.600000381,1,1765700247354
-1,-1,,,42303.900000095,1,1765700247452
-1,-1,,,42452.400000095,1,1765700247601
-1,-1,,,42565.800000191,1,1765700247714
-1,-1,,,42675.700000286,1,1765700247824
-1,-1,,,42805.900000095,1,1765700247954
-1,-1,,,42928.800000191,1,1765700248077
-1,-1,,,43035.5,1,1765700248184
-1,-1,,,43146.100000381,1,1765700248295
-1,-1,,,43260.900000095,1,1765700248409
-1,-1,,,43366,1,1765700248515
-1,-1,,,43466,1,1765700248614
672.51,600.44,"rmoor*).",773,43598,1,1765700248747
-1,-1,,,43719.200000286,1,1765700248868
-1,-1,,,43831,1,1765700248979
-1,-1,,,43947,1,1765700249095
-1,-1,,,44067,1,1765700249215
-1,-1,,,44180.600000381,1,1765700249329
-1,-1,,,44290.5,1,1765700249439
-1,-1,,,44430.800000191,1,1765700249579
-1,-1,,,44537.400000095,1,1765700249686
-1,-1,,,44651.600000381,1,1765700249800
-1,-1,,,44754.100000381,1,1765700249903
-1,-1,,,44853.400000095,1,1765700250002
-1,-1,,,44965.900000095,1,1765700250114
-1,-1,,,45075.700000286,1,1765700250224
-1,-1,,,45169.300000191,1,1765700250318
-1,-1,,,45273.800000191,1,1765700250422
-1,-1,,,45375.900000095,1,1765700250524
-1,-1,,,45485,1,1765700250634
-1,-1,,,45598.900000095,1,1765700250747
-1,-1,,,45722.800000191,1,1765700250871
708.27,1668.47,"ctivism.",1977,45835.5,1,1765700250984
706.93,1922.62,"Appeal** –",2185,45945,1,1765700251094
788.42,1963.47,"Appeal** –",2185,46066.100000381,1,1765700251215
-1,-1,,,46234.5,1,1765700251383
-1,-1,,,46353,1,1765700251501
-1,-1,,,46469.800000191,1,1765700251618
-1,-1,,,46600.200000286,1,1765700251749
-1,-1,,,46725.100000381,1,1765700251874
-1,-1,,,46848.5,1,1765700251997
-1,-1,,,46971.100000381,1,1765700252120
-1,-1,,,47103.600000381,1,1765700252252
-1,-1,,,47295.900000095,1,1765700252444
-1,-1,,,47444.5,1,1765700252593
-1,-1,,,47563.800000191,1,1765700252712
-1,-1,,,47689.700000286,1,1765700252838
-1,-1,,,47811.300000191,1,1765700252960
-1,-1,,,47930.800000191,1,1765700253079
-1,-1,,,48034.600000381,1,1765700253183
-1,-1,,,48139.700000286,1,1765700253288
-1,-1,,,48253.200000286,1,1765700253402
-1,-1,,,48365.400000095,1,1765700253514
-1,-1,,,48472.300000191,1,1765700253621
-1,-1,,,48602.300000191,1,1765700253751
-1,-1,,,48720.5,1,1765700253869
-1,-1,,,48837.800000191,1,1765700253986
-1,-1,,,48943.100000381,1,1765700254092
-1,-1,,,49057.5,1,1765700254206
-1,-1,,,49239.900000095,1,1765700254388
624.05,1644.74,"ctivism.",1977,49379.200000286,1,1765700254528
584.53,1302.67,"** – Voldemort’s pur",1551,49507.200000286,1,1765700254656
546.25,1277.92,"You** – Voldemort’s",1548,49657.800000191,1,1765700254807
513.41,1221.87,"versity.",1498,49790.600000381,1,1765700254939
477.2,1255.47,"versity.",1498,49866.100000381,1,1765700255122
-1,-1,,,50080.100000381,1,1765700260769
-1,-1,,,50251.700000286,1,1765700260941
-1,-1,,,50385.400000095,1,1765700261074
-1,-1,,,50522.000000477,1,1765700261211
-1,-1,,,50666.000000477,1,1765700261355
570.36,774.77,"ergent*.",931,50808.900000095,1,1765700261498
512.08,677.17,"d that young adult f",820,50946.500000477,1,1765700261636
481.12,590.57,"rmoor*).",773,51085.900000095,1,1765700261775
516.34,500.7,"Hogwarts set a templ",683,51219.700000286,1,1765700261909
479.57,299.16,"The Hunger Games*).",375,51353.400000095,1,1765700262043
458.66,294.75,"*The Hunger Games*)",373,51488.100000381,1,1765700262178
503.77,0.75,"s had a profound imp",45,51612.800000191,1,1765700262302
-1,-1,,,51736.000000477,1,1765700262425
-1,-1,,,51856.900000095,1,1765700262546
801.35,16.36,"modern fantasy liter",72,51977.700000286,1,1765700262667
855.53,31.54,"n fantasy literature",77,52105.900000095,1,1765700262796
-1,-1,,,52232.600000381,1,1765700262922
-1,-1,,,52370.200000286,1,1765700263059
-1,-1,,,52506.000000477,1,1765700263195
-1,-1,,,52632.100000381,1,1765700263321
-1,-1,,,52792.700000286,1,1765700263482
-1,-1,,,52948.600000381,1,1765700263638
-1,-1,,,53080.400000095,1,1765700263770
-1,-1,,,53210.200000286,1,1765700263899
-1,-1,,,53314.100000381,1,1765700264003
-1,-1,,,53432.800000191,1,1765700264122
-1,-1,,,53541.500000477,1,1765700264231
-1,-1,,,53639.400000095,1,1765700264328
-1,-1,,,53740.200000286,1,1765700264429
-1,-1,,,53849.000000477,1,1765700264538
5.77,11.36,"Certainly!",0,53973.400000095,1,1765700264663
97.01,24.88,"Certainly! The *Ha",8,54093.200000286,1,1765700264783
194.76,2.09,"ly! The *Harry Potte",17,54207.100000381,1,1765700264897
-1,-1,,,54323.700000286,1,1765700265013
-1,-1,,,54437.000000477,1,1765700265126
-1,-1,,,54550.700000286,1,1765700265240
-1,-1,,,54668.700000286,1,1765700265358
-1,-1,,,54768.400000095,1,1765700265457
-1,-1,,,54869.400000095,1,1765700265558
-1,-1,,,54970.700000286,1,1765700265660
-1,-1,,,55081.800000191,1,1765700265771
-1,-1,,,55190.300000191,1,1765700265879
-1,-1,,,55299.000000477,1,1765700265988
-1,-1,,,55408.400000095,1,1765700266098
-1,-1,,,55517.200000286,1,1765700266206
-1,-1,,,55619.200000286,1,1765700266308
-1,-1,,,55725.000000477,1,1765700266414
-1,-1,,,55842.900000095,1,1765700266532
-1,-1,,,55950.900000095,1,1765700266640
-1,-1,,,56065.300000191,1,1765700266754
-1,-1,,,56190.600000381,1,1765700266880
639.25,10.43,"ound impact on moder",57,56290.900000095,1,1765700266980
629.6,3.21,"found impact on mode",56,56398.600000381,1,1765700267088
611.2,16.72,"ofound impact on mod",55,56505.700000286,1,1765700267195
614.22,29.71,"ofound impact on mod",55,56619.100000381,1,1765700267309
668.83,128.65,"ey ways:",155,56728.900000095,1,1765700267418
617,66.69,"ofound impact on mod",55,56841.600000381,1,1765700267531
644.87,56.8,"und impact on modern",58,56951.700000286,1,1765700267641
632.3,32.22,"ound impact on moder",57,57067.300000191,1,1765700267757
-1,-1,,,57177.200000286,1,1765700267866
-1,-1,,,57287.900000095,1,1765700267977
-1,-1,,,57398.300000191,1,1765700268087
-1,-1,,,57500.000000477,1,1765700268189
-1,-1,,,57611.000000477,1,1765700268300
-1,-1,,,57710.900000095,1,1765700268400
-1,-1,,,57819.300000191,1,1765700268508
-1,-1,,,57935.100000381,1,1765700268624
-1,-1,,,58042.600000381,1,1765700268732
-1,-1,,,58148.300000191,1,1765700268837
-1,-1,,,58262.600000381,1,1765700268952
-1,-1,,,58375.800000191,1,1765700269065
-1,-1,,,58483.100000381,1,1765700269172
-1,-1,,,58589.600000381,1,1765700269279
-1,-1,,,58692.300000191,1,1765700269381
-1,-1,,,58797.000000477,1,1765700269486
-1,-1,,,58907.600000381,1,1765700269597
-1,-1,,,59003.200000286,1,1765700269692
-1,-1,,,59093.800000191,1,1765700269783
-1,-1,,,59183.700000286,1,1765700269873
-1,-1,,,59288.800000191,1,1765700269978
-1,-1,,,59401.000000477,1,1765700270090
-1,-1,,,59505.700000286,1,1765700270195
-1,-1,,,59614.300000191,1,1765700270303
-1,-1,,,59712.500000477,1,1765700270402
-1,-1,,,59821.900000095,1,1765700270511
-1,-1,,,59931.100000381,1,1765700270620
-1,-1,,,60044.900000095,1,1765700270734
-1,-1,,,60147.200000286,1,1765700270836
-1,-1,,,60257.900000095,1,1765700270947
-1,-1,,,60362.000000477,1,1765700271051
-1,-1,,,60496.500000477,1,1765700271186
-1,-1,,,60603.400000095,1,1765700271292
-1,-1,,,60704.500000477,1,1765700271394
-1,-1,,,60813.500000477,1,1765700271503
-1,-1,,,60900.600000381,1,1765700271590
-1,-1,,,60991.800000191,1,1765700271681
-1,-1,,,61104.800000191,1,1765700271794
-1,-1,,,61219.600000381,1,1765700271909
-1,-1,,,61335.300000191,1,1765700272024
-1,-1,,,61454.500000477,1,1765700272144
-1,-1,,,61560.500000477,1,1765700272250
-1,-1,,,61665.100000381,1,1765700272354
-1,-1,,,61776.600000381,1,1765700272466
-1,-1,,,61888.300000191,1,1765700272577
-1,-1,,,61988.300000191,1,1765700272677
-1,-1,,,62134.400000095,1,1765700272824
-1,-1,,,62242.500000477,1,1765700272932
-1,-1,,,62349.600000381,1,1765700273039
-1,-1,,,62461.700000286,1,1765700273151
-1,-1,,,62563.000000477,1,1765700273252
-1,-1,,,62673.200000286,1,1765700273362
-1,-1,,,62782.500000477,1,1765700273472
-1,-1,,,62895.000000477,1,1765700273584
-1,-1,,,63005.000000477,1,1765700273694
-1,-1,,,63104.100000381,1,1765700273793
-1,-1,,,63214.200000286,1,1765700273903
-1,-1,,,63318.200000286,1,1765700274007
-1,-1,,,63427.100000381,1,1765700274116
-1,-1,,,63525.800000191,1,1765700274215
-1,-1,,,63652.400000095,1,1765700274341
-1,-1,,,63762.200000286,1,1765700274451
-1,-1,,,63854.900000095,1,1765700274544
-1,-1,,,63950.000000477,1,1765700274639
-1,-1,,,64042.500000477,1,1765700274732
-1,-1,,,64150.000000477,1,1765700274839
-1,-1,,,64247.500000477,1,1765700274937
-1,-1,,,64359.500000477,1,1765700275049
-1,-1,,,64472.500000477,1,1765700275162
-1,-1,,,64581.100000381,1,1765700275270
-1,-1,,,64713.700000286,1,1765700275403
-1,-1,,,64888.900000095,1,1765700275578
-1,-1,,,65004.300000191,1,1765700275693
-1,-1,,,65118.800000191,1,1765700275808
466.13,131.78,", and resistance. He",170,65231.800000191,1,1765700275921
500.96,158.57,"ion (Racism/Classism",237,65346.900000095,1,1765700276036
497.14,157.78,"tion (Racism/Classis",236,65448.900000095,1,1765700276138
482.37,161.9,"ation (Racism/Classi",235,65564.500000477,1,1765700276254
479.37,175.99,"ation (Racism/Classi",235,65679.900000095,1,1765700276369
485.38,192.22,"ation (Racism/Classi",235,65818.800000191,1,1765700276508
484.99,185.65,"ation (Racism/Classi",235,65944.400000095,1,1765700276634
496.84,176.41,"tion (Racism/Classis",236,66080.800000191,1,1765700276770
493.21,144.71,"and resistance. Here",172,66187.600000381,1,1765700276877
505.55,251.93,"**real-world racism",298,66297.300000191,1,1765700276987
518.49,267.81,"*real-world racism a",299,66406.800000191,1,1765700277096
539.86,297.62,"etoric).",425,66527.500000477,1,1765700277217
560.39,266.69,"l-world racism and e",303,66637.800000191,1,1765700277327
546.94,254.89,"al-world racism and",302,66744.900000095,1,1765700277435
575.04,242.23,"-world racism and eu",304,66883.400000095,1,1765700277573
-1,-1,,,67006.800000191,1,1765700277696
-1,-1,,,67148.300000191,1,1765700277837
-1,-1,,,67285.000000477,1,1765700277974
622.99,205.76,"/Classism)**",248,67415.400000095,1,1765700278105
618.02,226.5,"ld racism and eugeni",308,67533.400000095,1,1765700278223
618.03,260.96,"ld racism and eugeni",308,67647.700000286,1,1765700278337
608.12,295.69,"etoric).",425,67780.500000477,1,1765700278470
604.3,360.95,"torical witch hunts,",480,67934.900000095,1,1765700278625
619.25,401.7,"rical witch hunts, a",482,68070.900000095,1,1765700278761
581.72,393.44,"istorical witch hunt",478,68199.600000381,1,1765700278889
539.4,400.17,"**historical witch",474,68376.600000381,1,1765700279066
542.92,430.67,"y’s Muggle-born Regi",607,68507.700000286,1,1765700279197
542.9,414.73,"**historical witch h",475,68635.500000477,1,1765700279325
562.19,475,"’s Muggle-born Regis",608,68749.400000095,1,1765700279439
564.8,436.48,"s Muggle-born Regist",609,68887.400000095,1,1765700279577
594.96,448.28,"Muggle-born Registra",611,69020.300000191,1,1765700279710
600.82,508.36,"tion and complacency",723,69128.500000477,1,1765700279818
640.46,525.05,"n and complacency**—",726,69263.400000095,1,1765700279953
664.81,487.65,"born Registration Co",618,69381.400000095,1,1765700280071
647.82,463.35,"e-born Registration",616,69523.600000381,1,1765700280213
598.31,447.1,"uggle-born Registrat",612,69680.300000191,1,1765700280370
587.34,371.46,"storical witch hunts",479,69817.200000286,1,1765700280507
-1,-1,,,69964.800000191,1,1765700280654
-1,-1,,,70105.200000286,1,1765700280794
-1,-1,,,70241.200000286,1,1765700280930
-1,-1,,,70391.400000095,1,1765700281081
-1,-1,,,70534.700000286,1,1765700281224
-1,-1,,,70669.300000191,1,1765700281358
-1,-1,,,70795.500000477,1,1765700281485
-1,-1,,,70921.000000477,1,1765700281610
-1,-1,,,71048.000000477,1,1765700281737
-1,-1,,,71175.500000477,1,1765700281864
-1,-1,,,71299.900000095,1,1765700281989
-1,-1,,,71431.500000477,1,1765700282121
-1,-1,,,71578.400000095,1,1765700282267
-1,-1,,,71698.700000286,1,1765700282388
-1,-1,,,71837.200000286,1,1765700282526
-1,-1,,,71987.800000191,1,1765700282677
-1,-1,,,72122.400000095,1,1765700282811
-1,-1,,,72257.000000477,1,1765700282946
-1,-1,,,72398.000000477,1,1765700283087
-1,-1,,,72531.900000095,1,1765700283221
-1,-1,,,72667.700000286,1,1765700283357
-1,-1,,,72810.600000381,1,1765700283500
-1,-1,,,72925.300000191,1,1765700283614
-1,-1,,,73029.300000191,1,1765700283718
-1,-1,,,73130.300000191,1,1765700283819
-1,-1,,,73256.800000191,1,1765700283946
-1,-1,,,73368.900000095,1,1765700284058
-1,-1,,,73470.900000095,1,1765700284160
-1,-1,,,73585.500000477,1,1765700284275
-1,-1,,,73695.000000477,1,1765700284384
427.68,505.86,"iques **exploitation",707,73809.700000286,1,1765700284499
509.11,519.5,"*exploitation and co",714,73921.200000286,1,1765700284611
-1,-1,,,74048.600000381,1,1765700284738
-1,-1,,,74163.000000477,1,1765700284852
-1,-1,,,74290.100000381,1,1765700284979
-1,-1,,,74404.400000095,1,1765700285093
-1,-1,,,74506.600000381,1,1765700285196
-1,-1,,,74622.100000381,1,1765700285311
-1,-1,,,74754.400000095,1,1765700285443
-1,-1,,,74887.000000477,1,1765700285576
-1,-1,,,75044.700000286,1,1765700285734
-1,-1,,,75186.600000381,1,1765700285876
-1,-1,,,75329.900000095,1,1765700286019
-1,-1,,,75451.800000191,1,1765700286141
480.29,1257.73,"*tribalism and preju",1572,75570.900000095,1,1765700286260
537.3,1258.91,"alism and prejudice*",1577,75680.600000381,1,1765700286370
558.28,1293.63,"c bias).",1671,75846.700000286,1,1765700286536
563.73,1324.83,"c bias).",1671,75980.600000381,1,1765700286670
558.51,1456.78,"hically.",1845,76125.400000095,1,1765700286815
-1,-1,,,76242.000000477,1,1765700286931
-1,-1,,,76392.500000477,1,1765700287082
-1,-1,,,76537.400000095,1,1765700287226
-1,-1,,,76672.800000191,1,1765700287362
-1,-1,,,76797.100000381,1,1765700287486
-1,-1,,,76920.600000381,1,1765700287610
-1,-1,,,77053.700000286,1,1765700287743
-1,-1,,,77188.200000286,1,1765700287877
-1,-1,,,77327.400000095,1,1765700288016
-1,-1,,,77479.100000381,1,1765700288168
-1,-1,,,77625.800000191,1,1765700288315
-1,-1,,,77769.500000477,1,1765700288459
-1,-1,,,77918.700000286,1,1765700288608
-1,-1,,,78072.800000191,1,1765700288762
-1,-1,,,78308.200000286,1,1765700288997
-1,-1,,,78466.300000191,1,1765700289155
-1,-1,,,78564.400000095,1,1765700289253
-1,-1,,,78676.000000477,1,1765700289365
-1,-1,,,78787.400000095,1,1765700289476
-1,-1,,,78888.900000095,1,1765700289578
-1,-1,,,78993.900000095,1,1765700289683
-1,-1,,,79174.800000191,1,1765700289864
-1,-1,,,79280.000000477,1,1765700289969
-1,-1,,,79386.600000381,1,1765700290076
-1,-1,,,79540.100000381,1,1765700290229
-1,-1,,,79726.600000381,1,1765700290416
-1,-1,,,79851.100000381,1,1765700290540
-1,-1,,,79970.500000477,1,1765700290660
-1,-1,,,80091.900000095,1,1765700290781
-1,-1,,,80245.900000095,1,1765700290935
-1,-1,,,80376.600000381,1,1765700291066
-1,-1,,,80498.900000095,1,1765700291188
-1,-1,,,80609.700000286,1,1765700291299
-1,-1,,,80722.000000477,1,1765700291411
-1,-1,,,80841.700000286,1,1765700291531
-1,-1,,,80940.400000095,1,1765700291629
-1,-1,,,81042.900000095,1,1765700291732
-1,-1,,,81138.200000286,1,1765700291827
-1,-1,,,81239.700000286,1,1765700291929
-1,-1,,,81329.400000095,1,1765700292019
-1,-1,,,81423.700000286,1,1765700292113
-1,-1,,,81523.900000095,1,1765700292213
-1,-1,,,81619.700000286,1,1765700292309
-1,-1,,,81709.900000095,1,1765700292399
-1,-1,,,81799.600000381,1,1765700292489
-1,-1,,,81896.300000191,1,1765700292585
-1,-1,,,81993.500000477,1,1765700292683
-1,-1,,,82095.500000477,1,1765700292785
-1,-1,,,82205.300000191,1,1765700292894
-1,-1,,,82306.400000095,1,1765700292996
-1,-1,,,82410.000000477,1,1765700293099
-1,-1,,,82504.600000381,1,1765700293194
-1,-1,,,82601.500000477,1,1765700293290
-1,-1,,,82700.800000191,1,1765700293390
-1,-1,,,82811.000000477,1,1765700293500
-1,-1,,,82926.600000381,1,1765700293616
-1,-1,,,83039.400000095,1,1765700293728
-1,-1,,,83157.800000191,1,1765700293847
-1,-1,,,83293.000000477,1,1765700293982
-1,-1,,,83429.800000191,1,1765700294119
-1,-1,,,83547.900000095,1,1765700294237
-1,-1,,,83673.500000477,1,1765700294363
-1,-1,,,83800.100000381,1,1765700294489
-1,-1,,,83933.300000191,1,1765700294622
-1,-1,,,84067.600000381,1,1765700294757
-1,-1,,,84205.100000381,1,1765700294894
-1,-1,,,84332.900000095,1,1765700295022
-1,-1,,,84447.900000095,1,1765700295137
-1,-1,,,84579.000000477,1,1765700295268
-1,-1,,,84697.900000095,1,1765700295387
-1,-1,,,84825.800000191,1,1765700295515
-1,-1,,,84955.100000381,1,1765700295644
-1,-1,,,85087.300000191,1,1765700295776
704.16,1625.48,"aw, like **undergrou",2071,85209.000000477,1,1765700295899
592.92,1597.49,"ellion**",2007,85331.900000095,1,1765700296021
435.53,1587.9,"ellion**",2007,85451.000000477,1,1765700296140
394.5,1135.57,"crocosm of Society**",1516,85559.900000095,1,1765700296249
367.44,1088.04,"ms** (e.g., fascist",1445,85705.900000095,1,1765700296396
280.45,506.95,"lavery** critiques *",694,85874.800000191,1,1765700296564
257.88,489.64,"ial slurs, and the M",581,86003.800000191,1,1765700296694
289.52,501.33,"avery** critiques **",695,86120.600000381,1,1765700296810
294.27,364.08,"Persecution** reflec",452,86240.300000191,1,1765700296930
276.44,287.79,"Supremacy** mirrors",277,86358.200000286,1,1765700297048
204.21,273.69,"-blood Supremacy** m",271,86498.900000095,1,1765700297188
243.39,196.39,"ood Status & Discrim",213,86627.100000381,1,1765700297317
-1,-1,,,86745.100000381,1,1765700297434
-1,-1,,,86871.700000286,1,1765700297561
-1,-1,,,86994.100000381,1,1765700297683
-1,-1,,,87132.500000477,1,1765700297822
-1,-1,,,87265.700000286,1,1765700297955
-1,-1,,,87395.700000286,1,1765700298085
-1,-1,,,87525.500000477,1,1765700298215
-1,-1,,,87657.600000381,1,1765700298347
-1,-1,,,87797.000000477,1,1765700298486
-1,-1,,,87861.700000286,1,1765700298672
-1,-1,,,88058.500000477,1,1765700302544
-1,-1,,,88219.000000477,1,1765700302704
-1,-1,,,88356.000000477,1,1765700302841
504.33,0,"magical setting to m",45,88472.400000572,1,1765700302958
503.15,49.69,"magical setting to m",45,88599.600000381,1,1765700303085
523.73,59.15,"gical setting to mir",47,88727.800000668,1,1765700303214
498.48,78.57,"magical setting to m",45,88841.200000286,1,1765700303327
433.91,87.01,"ism, and resistance.",167,88970.500000477,1,1765700303456
401.51,87.14,"ianism, and resistan",164,89083.700000286,1,1765700303569
331.5,68.6,"series uses its magi",29,89242.100000381,1,1765700303728
279.51,17.99,"er* series uses its",25,89365.500000477,1,1765700303852
-1,-1,,,89475.900000572,1,1765700303961
-1,-1,,,89591.300000668,1,1765700304077
-1,-1,,,89702.600000381,1,1765700304188
-1,-1,,,89810.300000668,1,1765700304296
-1,-1,,,89910.400000572,1,1765700304396
-1,-1,,,90046.500000477,1,1765700304532
-1,-1,,,90150.100000381,1,1765700304635
-1,-1,,,90260.100000381,1,1765700304745
-1,-1,,,90367.900000572,1,1765700304853
-1,-1,,,90480.800000668,1,1765700304966
-1,-1,,,90597.700000286,1,1765700305083
-1,-1,,,90706.300000668,1,1765700305192
-1,-1,,,90812.400000572,1,1765700305298
-1,-1,,,90921.500000477,1,1765700305407
-1,-1,,,91031.300000668,1,1765700305517
-1,-1,,,91138.200000286,1,1765700305623
-1,-1,,,91241.600000381,1,1765700305727
-1,-1,,,91345.600000381,1,1765700305831
-1,-1,,,91447.200000286,1,1765700305932
-1,-1,,,91547.100000381,1,1765700306032
-1,-1,,,91651.400000572,1,1765700306137
-1,-1,,,91753.900000572,1,1765700306239
-1,-1,,,91859.300000668,1,1765700306345
-1,-1,,,91964.500000477,1,1765700306450
-1,-1,,,92071.400000572,1,1765700306557
-1,-1,,,92182.600000381,1,1765700306668
381.98,8.57,"s uses its magical s",34,92278.600000381,1,1765700306764
459.12,17.82,"its magical setting",41,92390.200000286,1,1765700306876
555.78,71.21,"al setting to mirror",50,92490.000000477,1,1765700306976
600.26,99.5,"ance. Here’s how:",182,92595.800000668,1,1765700307082
654.9,130.4,"Here’s how:",187,92697.900000572,1,1765700307184
644.44,75.95,"ng to mirror real-wo",58,92806.400000572,1,1765700307292
677.71,84.32,"ere’s how:",189,92910.700000286,1,1765700307396
689.75,64.08,"o mirror real-world",62,93013.000000477,1,1765700307499
660.31,24.15,"g to mirror real-wor",59,93112.400000572,1,1765700307598
636.62,52.43,"ing to mirror real-w",57,93214.000000477,1,1765700307700
708.68,109.47,"e’s how:",191,93324.700000286,1,1765700307810
696.51,130.89,"e’s how:",191,93428.300000668,1,1765700307914
629.09,104.96,"ce. Here’s how:",184,93533.100000381,1,1765700308019
568.99,63.02,"l setting to mirror",51,93646.200000286,1,1765700308132
505.1,36.47,"magical setting to m",45,93753.500000477,1,1765700308239
-1,-1,,,93867.800000668,1,1765700308353
-1,-1,,,93973.300000668,1,1765700308458
-1,-1,,,94084.000000477,1,1765700308569
-1,-1,,,94186.900000572,1,1765700308672
-1,-1,,,94297.700000286,1,1765700308783
-1,-1,,,94411.200000286,1,1765700308897
-1,-1,,,94512.300000668,1,1765700308997
-1,-1,,,94624.000000477,1,1765700309109
-1,-1,,,94739.700000286,1,1765700309225
-1,-1,,,94856.100000381,1,1765700309341
-1,-1,,,94970.200000286,1,1765700309456
-1,-1,,,95076.300000668,1,1765700309562
-1,-1,,,95178.100000381,1,1765700309663
-1,-1,,,95271.100000381,1,1765700309756
-1,-1,,,95366.900000572,1,1765700309852
381.81,13.8,"s uses its magical s",34,95455.300000668,1,1765700309941
-1,-1,,,95554.900000572,1,1765700310040
443.2,31.04,"its magical setting",40,95647.100000381,1,1765700310133
420.52,32.31,"ses its magical sett",37,95739.200000286,1,1765700310225
410.29,8.14,"ses its magical sett",37,95832.100000381,1,1765700310318
389.34,50.82,"uses its magical se",35,95935.800000668,1,1765700310422
452.3,67.77,"its magical setting",40,96028.100000381,1,1765700310514
468.59,76.66,"ts magical setting t",42,96124.300000668,1,1765700310610
470.73,68.2,"ts magical setting t",42,96218.600000381,1,1765700310704
531.81,41.41,"ical setting to mirr",48,96304.000000477,1,1765700310790
-1,-1,,,96403.000000477,1,1765700310888
-1,-1,,,96495.600000381,1,1765700310981
-1,-1,,,96601.400000572,1,1765700311087
-1,-1,,,96689.000000477,1,1765700311174
-1,-1,,,96795.100000381,1,1765700311280
-1,-1,,,96894.300000668,1,1765700311380
-1,-1,,,96999.200000286,1,1765700311484
-1,-1,,,97106.000000477,1,1765700311591
-1,-1,,,97218.700000286,1,1765700311704
-1,-1,,,97328.500000477,1,1765700311814
-1,-1,,,97443.800000668,1,1765700311929
-1,-1,,,97547.000000477,1,1765700312032
-1,-1,,,97659.800000668,1,1765700312145
-1,-1,,,97789.200000286,1,1765700312274
530.77,44.99,"gical setting to mir",47,97911.000000477,1,1765700312397
513.38,43.94,"agical setting to mi",46,98036.200000286,1,1765700312523
494.02,20.28,"magical setting to",44,98141.300000668,1,1765700312627
489.1,28.44,"magical setting to",44,98241.700000286,1,1765700312727
483.71,45.4,"s magical setting to",43,98350.700000286,1,1765700312836
379.33,33.17,"s uses its magical s",34,98446.200000286,1,1765700312932
397.88,59.8,"uses its magical se",35,98545.300000668,1,1765700313031
437.35,55.45,"s its magical settin",39,98651.100000381,1,1765700313137
415.47,31.96,"ses its magical sett",37,98762.800000668,1,1765700313248
453.89,35.36,"its magical setting",40,98869.800000668,1,1765700313356
456.18,5.58,"its magical setting",41,98977.400000572,1,1765700313463
-1,-1,,,99082.600000381,1,1765700313568
-1,-1,,,99190.000000477,1,1765700313675
-1,-1,,,99313.900000572,1,1765700313799
-1,-1,,,99419.900000572,1,1765700313905
-1,-1,,,99525.300000668,1,1765700314010
-1,-1,,,99630.200000286,1,1765700314115
-1,-1,,,99736.200000286,1,1765700314221
-1,-1,,,99835.300000668,1,1765700314321
-1,-1,,,99943.300000668,1,1765700314429
399.7,5.98,"uses its magical set",36,100058.00000048,1,1765700314544
-1,-1,,,100159.30000067,1,1765700314645
-1,-1,,,100266.10000038,1,1765700314751
-1,-1,,,100357.40000057,1,1765700314843
-1,-1,,,100466.20000029,1,1765700314951
-1,-1,,,100566.80000067,1,1765700315052
-1,-1,,,100670.20000029,1,1765700315155
-1,-1,,,100776.60000038,1,1765700315262
-1,-1,,,100886.20000029,1,1765700315372
-1,-1,,,101000.20000029,1,1765700315485
-1,-1,,,101098.30000067,1,1765700315584
-1,-1,,,101198.50000048,1,1765700315684
-1,-1,,,101311.90000057,1,1765700315797
-1,-1,,,101418.50000048,1,1765700315904
-1,-1,,,101536.20000029,1,1765700316021
-1,-1,,,101655.40000057,1,1765700316141
-1,-1,,,101773.30000067,1,1765700316259
-1,-1,,,101882.20000029,1,1765700316367
-1,-1,,,101978.70000029,1,1765700316464
-1,-1,,,102071.80000067,1,1765700316557
-1,-1,,,102164.70000029,1,1765700316650
-1,-1,,,102266.20000029,1,1765700316751
-1,-1,,,102365.90000057,1,1765700316851
-1,-1,,,102455.20000029,1,1765700316940
-1,-1,,,102547.40000057,1,1765700317033
-1,-1,,,102645.40000057,1,1765700317131
-1,-1,,,102739.80000067,1,1765700317225
-1,-1,,,102829.40000057,1,1765700317315
-1,-1,,,102929.90000057,1,1765700317415
-1,-1,,,103030.70000029,1,1765700317516
-1,-1,,,103124.70000029,1,1765700317610
-1,-1,,,103216.40000057,1,1765700317702
-1,-1,,,103324.60000038,1,1765700317810
-1,-1,,,103453.20000029,1,1765700317938
-1,-1,,,103575.90000057,1,1765700318061
-1,-1,,,103733.70000029,1,1765700318219
-1,-1,,,103856.40000057,1,1765700318342
-1,-1,,,103985.70000029,1,1765700318471
-1,-1,,,104116.90000057,1,1765700318602
583.34,50.96,"Psychological Impact",52,104218.00000048,1,1765700318704
590.01,41.14,"sychological Impact",53,104362.90000057,1,1765700318849
591.52,52.43,"sychological Impact",53,104502.10000038,1,1765700318988
-1,-1,,,104632.50000048,1,1765700319118
-1,-1,,,104747.40000057,1,1765700319233
-1,-1,,,104846.80000067,1,1765700319332
542.6,24.2,"he Psychological Imp",49,104967.30000067,1,1765700319453
470.01,26.47,"ent & the Psychologi",42,105091.80000067,1,1765700319578
-1,-1,,,105217.60000038,1,1765700319703
-1,-1,,,105320.20000029,1,1765700319806
-1,-1,,,105454.00000048,1,1765700319939
-1,-1,,,105586.90000057,1,1765700320072
-1,-1,,,105707.70000029,1,1765700320193
434.84,4.16,"opment & the Psychol",39,105813.60000038,1,1765700320299
444.28,9.43,"pment & the Psycholo",40,105923.90000057,1,1765700320410
454.61,17.49,"ment & the Psycholog",41,106030.90000057,1,1765700320517
464.07,6.68,"ment & the Psycholog",41,106150.00000048,1,1765700320636
-1,-1,,,106254.10000038,1,1765700320739
-1,-1,,,106391.70000029,1,1765700320877
-1,-1,,,106520.30000067,1,1765700321006
-1,-1,,,106654.90000057,1,1765700321140
433.73,18.47,"opment & the Psychol",39,106790.40000057,1,1765700321276
453.87,74.2,"pment & the Psycholo",40,106935.50000048,1,1765700321421
408.92,23.99,"velopment & the Psyc",36,107061.80000067,1,1765700321547
421.3,1.19,"lopment & the Psycho",38,107186.90000057,1,1765700321673
-1,-1,,,107313.70000029,1,1765700321799
494.35,31.32,"t & the Psychologica",44,107410.40000057,1,1765700321896
-1,-1,,,107518.80000067,1,1765700322004
578.91,21.9,"Psychological Impact",52,107627.30000067,1,1765700322113
583.17,4.61,"Psychological Impact",52,107751.00000048,1,1765700322237
602.21,15.23,"ychological Impact o",54,107856.50000048,1,1765700322342
588.19,51.76,"sychological Impact",53,107993.30000067,1,1765700322479
544.98,111.17,"ffects**",151,108134.30000067,1,1765700322620
481.1,97.06,"ing Effects**",146,108261.80000067,1,1765700322748
460.51,113.24,"sting Effects**",144,108380.60000038,1,1765700322866
481.25,133.96,"ing Effects**",146,108484.70000029,1,1765700322970
513.53,124.65,"Effects**",149,108620.10000038,1,1765700323106
473.97,108.78,"ting Effects**",145,108757.20000029,1,1765700323243
482.13,65.98,"nt & the Psychologic",43,108881.70000029,1,1765700323368
535.19,86.29,"ffects**",151,108993.10000038,1,1765700323479
581.71,46.44,"Psychological Impact",52,109138.60000038,1,1765700323625
650.76,65.25,"logical Impact of Tr",58,109246.30000067,1,1765700323732
618.13,9.28,"chological Impact of",55,109352.30000067,1,1765700323838
624.52,4.48,"hological Impact of",56,109477.30000067,1,1765700323963
569.42,32.08,"Psychological Impac",51,109561.50000048,1,1765700324047
520.54,54.43,"the Psychological I",47,109682.40000057,1,1765700324168
-1,-1,,,109777.10000038,1,1765700324262
-1,-1,,,109876.30000067,1,1765700324362
-1,-1,,,109981.00000048,1,1765700324466
652.67,47.63,"ogical Impact of Tra",59,110081.30000067,1,1765700324567
-1,-1,,,110176.60000038,1,1765700324662
622.39,4.24,"hological Impact of",56,110277.10000038,1,1765700324763
-1,-1,,,110375.40000057,1,1765700324861
-1,-1,,,110467.40000057,1,1765700324953
543.66,13.07,"he Psychological Imp",49,110572.20000029,1,1765700325058
-1,-1,,,110668.30000067,1,1765700325154
-1,-1,,,110786.60000038,1,1765700325272
-1,-1,,,110903.80000067,1,1765700325389
-1,-1,,,111004.10000038,1,1765700325489
-1,-1,,,111164.90000057,1,1765700325650
-1,-1,,,111292.20000029,1,1765700325777
-1,-1,,,111425.20000029,1,1765700325910
-1,-1,,,111568.50000048,1,1765700326054
383.83,7.3,"Development & the Ps",34,111692.40000057,1,1765700326178
-1,-1,,,111833.60000038,1,1765700326319
-1,-1,,,111971.50000048,1,1765700326457
-1,-1,,,112109.80000067,1,1765700326595
-1,-1,,,112221.60000038,1,1765700326707
-1,-1,,,112359.10000038,1,1765700326844
351.41,2.47,"er Development & the",31,112486.30000067,1,1765700326972
407.91,14.09,"velopment & the Psyc",36,112622.10000038,1,1765700327108
424.57,2.86,"lopment & the Psycho",38,112758.10000038,1,1765700327244
-1,-1,,,112885.10000038,1,1765700327370
-1,-1,,,113016.50000048,1,1765700327502
-1,-1,,,113149.90000057,1,1765700327635
-1,-1,,,113288.80000067,1,1765700327774
-1,-1,,,113432.60000038,1,1765700327918
388.91,18.59,"evelopment & the Psy",35,113560.30000067,1,1765700328046
-1,-1,,,113684.70000029,1,1765700328170
427.6,45.46,"lopment & the Psycho",38,113813.30000067,1,1765700328299
501.25,41.5,"& the Psychological",45,113909.50000048,1,1765700328395
512.96,41.49,"& the Psychological",46,114026.50000048,1,1765700328512
519.48,52.92,"& the Psychological",46,114152.40000057,1,1765700328638
524.46,72.36,"the Psychological I",47,114288.40000057,1,1765700328774
543.41,48.03,"he Psychological Imp",49,114416.40000057,1,1765700328902
544.77,33.66,"he Psychological Imp",49,114553.60000038,1,1765700329039
521.6,27,"the Psychological I",47,114684.20000029,1,1765700329170
518.84,35.07,"& the Psychological",46,114820.40000057,1,1765700329306
512.8,17.05,"& the Psychological",46,114958.30000067,1,1765700329444
500.17,22.8,"& the Psychological",45,115126.70000029,1,1765700329613
-1,-1,,,115247.70000029,1,1765700329733
-1,-1,,,115356.00000048,1,1765700329841
-1,-1,,,115463.70000029,1,1765700329949
-1,-1,,,115568.20000029,1,1765700330053
563.89,8.34,"e Psychological Impa",50,115681.10000038,1,1765700330167
542.52,81.35,"ffects**",151,115793.70000029,1,1765700330279
576.41,44.1,"Psychological Impact",52,115913.90000057,1,1765700330400
-1,-1,,,116035.40000057,1,1765700330521
-1,-1,,,116146.10000038,1,1765700330631
-1,-1,,,116254.00000048,1,1765700330739
-1,-1,,,116374.90000057,1,1765700330860
-1,-1,,,116490.40000057,1,1765700330976
-1,-1,,,116582.00000048,1,1765700331067
-1,-1,,,116677.70000029,1,1765700331163
-1,-1,,,116765.80000067,1,1765700331251
-1,-1,,,116866.40000057,1,1765700331352
-1,-1,,,116958.10000038,1,1765700331443
-1,-1,,,117053.10000038,1,1765700331538
-1,-1,,,117140.40000057,1,1765700331626
-1,-1,,,117239.30000067,1,1765700331724
-1,-1,,,117346.30000067,1,1765700331832
-1,-1,,,117457.80000067,1,1765700331943
-1,-1,,,117580.30000067,1,1765700332065
-1,-1,,,117683.00000048,1,1765700332168
652.14,27.57,"ogical Impact of Tra",59,117795.50000048,1,1765700332281
657.95,47.47,"ogical Impact of Tra",59,117899.50000048,1,1765700332385
708.07,77.88,"l Impact of Trauma,",64,118014.40000057,1,1765700332500
651.85,52.19,"logical Impact of Tr",58,118121.40000057,1,1765700332607
707.28,110.71,"ffects**",151,118227.90000057,1,1765700332714
685.51,63.8,"cal Impact of Trauma",62,118328.20000029,1,1765700332814
709.71,90.04,"ffects**",151,118432.30000067,1,1765700332918
614.13,80.87,"ffects**",151,118540.90000057,1,1765700333026
578.65,48.36,"Psychological Impact",52,118655.10000038,1,1765700333141
544.97,59.15,"he Psychological Imp",49,118785.90000057,1,1765700333272
547.83,39.11,"he Psychological Imp",49,118894.80000067,1,1765700333381
555.15,49.5,"e Psychological Impa",50,119020.50000048,1,1765700333506
-1,-1,,,119133.70000029,1,1765700333619
524.86,29.86,"the Psychological I",47,119241.50000048,1,1765700333727
581.96,16.19,"Psychological Impact",52,119345.90000057,1,1765700333832
539.42,15.16,"the Psychological Im",48,119457.80000067,1,1765700333944
-1,-1,,,119567.60000038,1,1765700334053
540.67,37.33,"the Psychological Im",48,119671.50000048,1,1765700334157
580.56,89.79,"ffects**",151,119779.80000067,1,1765700334265
641.11,110.32,"ffects**",151,119886.00000048,1,1765700334372
689.69,149.45,"**low self-worth**",214,119980.30000067,1,1765700334466
677.64,99.78,"ffects**",151,120090.50000048,1,1765700334576
739.06,94.28,"ffects**",151,120205.40000057,1,1765700334691
767.89,140.78,"ffects**",151,120311.20000029,1,1765700334797
702.22,94.02,"ffects**",151,120410.40000057,1,1765700334896
550.07,5.47,"he Psychological Imp",49,120501.60000038,1,1765700334987
601.98,0.39,"ychological Impact o",54,120598.50000048,1,1765700335084
-1,-1,,,120701.70000029,1,1765700335187
-1,-1,,,120807.20000029,1,1765700335292
-1,-1,,,120913.40000057,1,1765700335399
-1,-1,,,121024.80000067,1,1765700335510
-1,-1,,,121126.40000057,1,1765700335612
-1,-1,,,121232.70000029,1,1765700335718
-1,-1,,,121336.60000038,1,1765700335822
-1,-1,,,121446.90000057,1,1765700335932
-1,-1,,,121554.50000048,1,1765700336040
-1,-1,,,121660.50000048,1,1765700336146
-1,-1,,,121758.80000067,1,1765700336244
-1,-1,,,121867.20000029,1,1765700336352
-1,-1,,,121972.90000057,1,1765700336458
-1,-1,,,122072.10000038,1,1765700336557
-1,-1,,,122171.60000038,1,1765700336657
595.92,0.5,"sychological Impact",53,122281.10000038,1,1765700336767
626.41,32.53,"hological Impact of",56,122385.50000048,1,1765700336871
595.25,21.94,"sychological Impact",53,122490.70000029,1,1765700336976
-1,-1,,,122585.60000038,1,1765700337071
-1,-1,,,122706.30000067,1,1765700337192
-1,-1,,,122821.10000038,1,1765700337306
524.77,14.26,"the Psychological I",47,122931.90000057,1,1765700337418
-1,-1,,,123036.90000057,1,1765700337522
-1,-1,,,123144.00000048,1,1765700337629
-1,-1,,,123262.00000048,1,1765700337747
-1,-1,,,123366.60000038,1,1765700337852
-1,-1,,,123467.80000067,1,1765700337953
410.5,1.57,"elopment & the Psych",37,123570.50000048,1,1765700338056
432.93,9.14,"opment & the Psychol",39,123683.30000067,1,1765700338169
450.28,22.02,"pment & the Psycholo",40,123785.60000038,1,1765700338271
501.54,49.29,"& the Psychological",45,123891.40000057,1,1765700338377
573.41,50.7,"Psychological Impac",51,123992.50000048,1,1765700338478
517.98,72.92,"& the Psychological",46,124094.80000067,1,1765700338580
547.72,83.13,"ffects**",151,124203.10000038,1,1765700338689
581.46,85.76,"ffects**",151,124314.80000067,1,1765700338800
568.48,2.62,"Psychological Impac",51,124414.70000029,1,1765700338901
563.01,28.07,"e Psychological Impa",50,124512.00000048,1,1765700338998
-1,-1,,,124616.70000029,1,1765700339102
-1,-1,,,124723.20000029,1,1765700339208
-1,-1,,,124829.00000048,1,1765700339314
-1,-1,,,124929.10000038,1,1765700339414
-1,-1,,,125047.80000067,1,1765700339533
395.37,4.02,"evelopment & the Psy",35,125174.30000067,1,1765700339660
-1,-1,,,125289.70000029,1,1765700339775
-1,-1,,,125408.50000048,1,1765700339894
-1,-1,,,125504.60000038,1,1765700339990
-1,-1,,,125617.60000038,1,1765700340103
-1,-1,,,125706.70000029,1,1765700340192
-1,-1,,,125811.60000038,1,1765700340297
-1,-1,,,125908.70000029,1,1765700340394
-1,-1,,,126029.70000029,1,1765700340515
-1,-1,,,126124.00000048,1,1765700340609
-1,-1,,,126227.60000038,1,1765700340713
-1,-1,,,126335.30000067,1,1765700340821
-1,-1,,,126434.80000067,1,1765700340920
-1,-1,,,126532.50000048,1,1765700341018
552.34,5.03,"he Psychological Imp",49,126633.30000067,1,1765700341119
424.5,9.41,"lopment & the Psycho",38,126731.90000057,1,1765700341218
414.62,53.85,"elopment & the Psych",37,126832.90000057,1,1765700341319
451.72,105.75,"asting Effects**",143,126921.20000029,1,1765700341407
431.75,93,"Lasting Effects**",141,127024.40000057,1,1765700341510
307.6,38,"racter Development &",27,127114.10000038,1,1765700341600
337.86,50.79,"ter Development & th",30,127222.90000057,1,1765700341708
-1,-1,,,127314.00000048,1,1765700341799
189.11,82.76,"*1. Early Trauma & I",119,127402.80000067,1,1765700341888
252.52,94.62,"rly Trauma & Its Las",125,127493.40000057,1,1765700341979
209.38,127.87,". Early Trauma & Its",121,127595.40000057,1,1765700342081
199.99,76.7,"arry’s Character Dev",17,127694.50000048,1,1765700342180
241.77,23.76,"’s Character Develop",21,127788.60000038,1,1765700342274
294.15,37.71,"aracter Development",26,127885.90000057,1,1765700342372
311.64,84.87,"auma & Its Lasting E",131,127977.20000029,1,1765700342463
378.77,125.41,"Its Lasting Effects",137,128076.40000057,1,1765700342562
348.31,122.59,"a & Its Lasting Effe",134,128176.80000067,1,1765700342662
361.55,148.01,"& Its Lasting Effec",135,128279.80000067,1,1765700342766
370.79,117.59,"& Its Lasting Effect",136,128383.90000057,1,1765700342869
448.48,129.98,"asting Effects**",143,128483.60000038,1,1765700342969
413.95,135.75,"s Lasting Effects**",140,128577.10000038,1,1765700343063
367.37,99.14,"& Its Lasting Effect",136,128685.20000029,1,1765700343171
362.74,113.13,"& Its Lasting Effec",135,128789.50000048,1,1765700343275
316.23,96.02,"auma & Its Lasting E",131,128900.60000038,1,1765700343386
301.73,114.24,"rauma & Its Lasting",130,129019.50000048,1,1765700343505
356.08,70.96,"r Development & the",32,129131.30000067,1,1765700343617
409.42,95.21,"ts Lasting Effects**",139,129234.80000067,1,1765700343720
493.05,107.47,"ng Effects**",147,129324.20000029,1,1765700343810
516.74,126.07,"Effects**",149,129419.20000029,1,1765700343905
565.44,122.36,"ffects**",151,129519.90000057,1,1765700344006
566.52,50.97,"Psychological Impac",51,129621.90000057,1,1765700344108
549.42,31.58,"he Psychological Imp",49,129719.90000057,1,1765700344206
557.33,62.89,"e Psychological Impa",50,129817.60000038,1,1765700344303
604.41,19.44,"ychological Impact o",54,129912.10000038,1,1765700344398
-1,-1,,,130009.20000029,1,1765700344494
-1,-1,,,130095.70000029,1,1765700344581
-1,-1,,,130189.50000048,1,1765700344675
-1,-1,,,130287.30000067,1,1765700344773
-1,-1,,,130387.20000029,1,1765700344872
-1,-1,,,130498.10000038,1,1765700344983
-1,-1,,,130614.00000048,1,1765700345099
-1,-1,,,130730.90000057,1,1765700345216
651.48,17.37,"logical Impact of Tr",58,130830.60000038,1,1765700345316
-1,-1,,,130934.80000067,1,1765700345420
-1,-1,,,131043.00000048,1,1765700345528
-1,-1,,,131197.10000038,1,1765700345682
340.3,15.34,"ter Development & th",30,131334.60000038,1,1765700345820
-1,-1,,,131483.40000057,1,1765700345969
-1,-1,,,131612.90000057,1,1765700346098
-1,-1,,,131738.70000029,1,1765700346224
-1,-1,,,131859.50000048,1,1765700346345
-1,-1,,,131983.80000067,1,1765700346469
-1,-1,,,132102.80000067,1,1765700346588
-1,-1,,,132222.20000029,1,1765700346708
-1,-1,,,132338.90000057,1,1765700346824
-1,-1,,,132458.30000067,1,1765700346944
-1,-1,,,132570.60000038,1,1765700347056
-1,-1,,,132683.00000048,1,1765700347168
-1,-1,,,132805.30000067,1,1765700347291
-1,-1,,,132970.00000048,1,1765700347455
-1,-1,,,133100.10000038,1,1765700347585
-1,-1,,,133231.60000038,1,1765700347717
-1,-1,,,133348.10000038,1,1765700347833
-1,-1,,,133459.30000067,1,1765700347945
-1,-1,,,133575.40000057,1,1765700348061
-1,-1,,,133686.00000048,1,1765700348171
-1,-1,,,133792.30000067,0,1765700348278
-1,-1,,,133896.70000029,0,1765700348382
-1,-1,,,134050.00000048,0,1765700348535
-1,-1,,,134196.10000038,0,1765700348681
-1,-1,,,134341.40000057,0,1765700348827
932.23,38.73,"Loss, and Responsibi",84,134472.40000057,0,1765700348958
-1,-1,,,134622.90000057,0,1765700349108
-1,-1,,,134777.40000057,0,1765700349263
-1,-1,,,134897.90000057,0,1765700349383
-1,-1,,,135020.90000057,0,1765700349506
-1,-1,,,135156.80000067,1,1765700349642
-1,-1,,,135275.40000057,1,1765700349761
-1,-1,,,135393.40000057,1,1765700349879
-1,-1,,,135511.60000038,1,1765700349997
-1,-1,,,135635.50000048,1,1765700350121
-1,-1,,,135757.10000038,1,1765700350242
-1,-1,,,135873.80000067,1,1765700350359
-1,-1,,,135988.40000057,1,1765700350474
-1,-1,,,136106.70000029,1,1765700350592
-1,-1,,,136223.80000067,1,1765700350709
-1,-1,,,136344.50000048,1,1765700350830
-1,-1,,,136459.80000067,1,1765700350945
-1,-1,,,136575.20000029,1,1765700351061
-1,-1,,,136692.20000029,1,1765700351177
-1,-1,,,136807.00000048,1,1765700351292
-1,-1,,,136936.50000048,1,1765700351422
-1,-1,,,137077.50000048,1,1765700351563
-1,-1,,,137257.90000057,1,1765700351743
-1,-1,,,137443.10000038,1,1765700351928
-1,-1,,,137652.00000048,1,1765700352137
-1,-1,,,137796.50000048,1,1765700352282
-1,-1,,,137930.00000048,1,1765700352415
-1,-1,,,138054.20000029,1,1765700352539
-1,-1,,,138177.40000057,1,1765700352663
-1,-1,,,138313.60000038,1,1765700352799
-1,-1,,,138443.60000038,1,1765700352929
-1,-1,,,138585.00000048,1,1765700353070
-1,-1,,,138725.50000048,1,1765700353211
-1,-1,,,138857.20000029,1,1765700353342
-1,-1,,,138993.90000057,1,1765700353479
-1,-1,,,139126.00000048,1,1765700353611
-1,-1,,,139248.10000038,1,1765700353733
-1,-1,,,139365.30000067,1,1765700353851
-1,-1,,,139498.60000038,1,1765700353984
-1,-1,,,139624.40000057,1,1765700354110
-1,-1,,,139745.10000038,1,1765700354230
-1,-1,,,139863.40000057,1,1765700354349
-1,-1,,,139985.00000048,1,1765700354470
-1,-1,,,140117.00000048,1,1765700354602
-1,-1,,,140242.30000067,1,1765700354728
683.36,16.18,"ical Impact of Traum",61,140387.80000067,1,1765700354874
740.18,85.86,"ffects**",151,140507.70000029,1,1765700354993
726.7,110.64,"ffects**",151,140624.40000057,1,1765700355110
629.47,105.7,"ffects**",151,140747.10000038,1,1765700355233
666.77,156.51,"is **low self-worth*",212,140866.40000057,1,1765700355352
634.13,161.39,"s his **low self-wor",209,140986.20000029,1,1765700355472
609.76,159.27,"pes his **low self-w",207,141099.00000048,1,1765700355585
551.46,124.67,"ffects**",151,141241.00000048,1,1765700355727
482.22,183.86,"glect)** shapes his",195,141361.20000029,1,1765700355847
460.29,206.75,"Neglect)** shapes hi",193,141486.10000038,1,1765700355972
426.56,182.31,"s’ Neglect)** shapes",190,141613.30000067,1,1765700356099
426.68,161.82,"s’ Neglect)** shapes",190,141726.30000067,1,1765700356212
447.53,145.72,"asting Effects**",143,141838.20000029,1,1765700356324
478.12,98.6,"ing Effects**",146,141982.80000067,1,1765700356469
502.26,162.15,"ect)** shapes his **",197,142101.10000038,1,1765700356587
528.61,208.39,"t)** shapes his **lo",199,142215.90000057,1,1765700356702
548.28,185.91,"** shapes his **low",201,142330.80000067,1,1765700356817
581.73,175.54,"shapes his **low sel",204,142445.90000057,1,1765700356932
544.47,152,"** shapes his **low",201,142579.60000038,1,1765700357065
577.24,111.02,"ffects**",151,142712.40000057,1,1765700357198
652.83,170.07,"his **low self-worth",211,142864.90000057,1,1765700357351
694.45,110.71,"ffects**",151,143029.80000067,1,1765700357515
728.3,76.28,"Impact of Trauma, L",65,143154.90000057,1,1765700357641
741.01,137.39,"ffects**",151,143330.50000048,1,1765700357816
769.06,123.45,"ffects**",151,143506.90000057,1,1765700357993
773.43,138.97,"ffects**",151,143697.40000057,1,1765700358183
-1,-1,,,143841.70000029,1,1765700358327
-1,-1,,,143992.70000029,1,1765700358478
-1,-1,,,144180.50000048,1,1765700358666
-1,-1,,,144384.20000029,1,1765700358869
-1,-1,,,144561.00000048,1,1765700359046
-1,-1,,,144733.80000067,1,1765700359219
-1,-1,,,144883.10000038,1,1765700359368
-1,-1,,,145005.30000067,1,1765700359491
189.37,352.18,"rvivor’s Guilt** fro",307,145129.00000048,1,1765700359615
234.21,280,"trust).",290,145261.80000067,1,1765700359747
358.23,326.93,"from his parents’ d",323,145396.30000067,1,1765700359882
469.65,415.17,".g., hearing his mot",460,145528.30000067,1,1765700360014
-1,-1,,,145661.60000038,1,1765700360147
616.75,439.3,"Series**",571,145809.10000038,1,1765700360296
-1,-1,,,145950.30000067,1,1765700360436
-1,-1,,,146117.70000029,1,1765700360603
-1,-1,,,146261.50000048,1,1765700360747
-1,-1,,,146407.70000029,1,1765700360893
-1,-1,,,146542.70000029,1,1765700361028
-1,-1,,,146673.30000067,1,1765700361159
-1,-1,,,146798.40000057,1,1765700361284
-1,-1,,,146973.80000067,1,1765700361459
-1,-1,,,147103.00000048,1,1765700361588
-1,-1,,,147377.40000057,1,1765700361863
-1,-1,,,147533.60000038,1,1765700362019
-1,-1,,,147685.80000067,1,1765700362171
-1,-1,,,147839.90000057,1,1765700362325
-1,-1,,,147992.20000029,1,1765700362478
-1,-1,,,148134.50000048,1,1765700362620
-1,-1,,,148356.60000038,1,1765700362842
-1,-1,,,148535.40000057,1,1765700363021
-1,-1,,,148686.90000057,1,1765700363172
-1,-1,,,148836.20000029,1,1765700363321
-1,-1,,,148967.40000057,1,1765700363453
-1,-1,,,149101.30000067,1,1765700363587
-1,-1,,,149233.30000067,1,1765700363719
-1,-1,,,149367.50000048,1,1765700363853
-1,-1,,,149522.40000057,1,1765700364008
-1,-1,,,149669.20000029,1,1765700364155
-1,-1,,,149815.40000057,1,1765700364301
-1,-1,,,154058.30000067,1,1765700368544
-1,-1,,,154309.40000057,1,1765700368795
-1,-1,,,154451.60000038,1,1765700368937
-1,-1,,,154558.70000029,1,1765700369044
-1,-1,,,154664.90000057,1,1765700369150
-1,-1,,,154782.50000048,1,1765700369268
-1,-1,,,154896.80000067,1,1765700369382
-1,-1,,,155024.00000048,1,1765700369509
-1,-1,,,155195.80000067,1,1765700369681
810.42,409.5,"ms via Dementors) mi",491,155345.80000067,1,1765700369832
852.49,413.63,"ia Dementors) mirror",495,155462.00000048,1,1765700369948
874.98,93.94,"ffects**",151,155561.20000029,1,1765700370047
837.79,40.42,"Trauma, Loss, and R",75,155654.90000057,1,1765700370140
797.28,34.31,"of Trauma, Loss, an",72,155752.50000048,1,1765700370238
828.59,20.06,"Trauma, Loss, and R",75,155868.70000029,1,1765700370354
831.4,7.15,"Trauma, Loss, and R",75,155984.30000067,1,1765700370470
-1,-1,,,156095.40000057,1,1765700370581
-1,-1,,,156193.90000057,1,1765700370679
-1,-1,,,156336.40000057,1,1765700370822
826.53,517.18,"rtality, triggering",646,156471.20000029,1,1765700370957
-1,-1,,,156604.00000048,1,1765700371089
-1,-1,,,156729.60000038,1,1765700371215
-1,-1,,,156874.30000067,1,1765700371360
-1,-1,,,157063.90000057,1,1765700371549
724.55,1297.18,"**ground him** (e.g",1553,157182.70000029,1,1765700371668
636.71,1295.01,"Hermione **ground hi",1545,157301.10000038,1,1765700371787
-1,-1,,,157413.80000067,1,1765700371899
-1,-1,,,157529.20000029,1,1765700372014
-1,-1,,,157651.40000057,1,1765700372137
-1,-1,,,157768.40000057,1,1765700372254
-1,-1,,,157890.10000038,1,1765700372375
-1,-1,,,158000.60000038,1,1765700372486
-1,-1,,,158116.70000029,1,1765700372602
-1,-1,,,158231.10000038,1,1765700372716
-1,-1,,,158349.50000048,1,1765700372835
-1,-1,,,158491.10000038,1,1765700372976
-1,-1,,,158707.00000048,1,1765700373193
-1,-1,,,158902.40000057,1,1765700373388
-1,-1,,,159030.80000067,1,1765700373516
-1,-1,,,159162.20000029,1,1765700373647
-1,-1,,,159279.30000067,1,1765700373765
-1,-1,,,159385.20000029,1,1765700373870
-1,-1,,,159519.00000048,1,1765700374004
-1,-1,,,159652.60000038,1,1765700374138
-1,-1,,,159760.70000029,1,1765700374246
-1,-1,,,159877.50000048,1,1765700374363
-1,-1,,,159993.20000029,1,1765700374478
-1,-1,,,160111.10000038,1,1765700374596
-1,-1,,,160223.20000029,1,1765700374708
-1,-1,,,160331.50000048,1,1765700374817
-1,-1,,,160455.40000057,1,1765700374941
-1,-1,,,160598.40000057,1,1765700375084
-1,-1,,,160737.40000057,1,1765700375223
-1,-1,,,160872.10000038,1,1765700375357
-1,-1,,,160995.20000029,1,1765700375480
-1,-1,,,161112.70000029,1,1765700375598
-1,-1,,,161231.10000038,1,1765700375716
-1,-1,,,161347.50000048,1,1765700375833
-1,-1,,,161462.70000029,1,1765700375948
-1,-1,,,161593.30000067,1,1765700376079
-1,-1,,,161705.30000067,1,1765700376191
-1,-1,,,161811.00000048,1,1765700376296
-1,-1,,,161921.90000057,1,1765700376407
-1,-1,,,162016.80000067,1,1765700376502
-1,-1,,,162122.60000038,1,1765700376608
-1,-1,,,162236.10000038,1,1765700376721
-1,-1,,,162334.90000057,1,1765700376820
-1,-1,,,162461.00000048,1,1765700376946
-1,-1,,,162586.30000067,1,1765700377072
-1,-1,,,162713.90000057,1,1765700377199
-1,-1,,,162811.80000067,1,1765700377297
-1,-1,,,162923.90000057,1,1765700377409
-1,-1,,,163066.00000048,1,1765700377551
-1,-1,,,163200.70000029,1,1765700377686
-1,-1,,,163336.50000048,1,1765700377822
-1,-1,,,163495.50000048,1,1765700377981
-1,-1,,,163636.60000038,1,1765700378122
-1,-1,,,163838.80000067,1,1765700378324
-1,-1,,,164050.20000029,1,1765700378535
-1,-1,,,164124.90000057,1,1765700378985
-1,-1,,,164323.20000076,1,1765700431993
-1,-1,,,164458.20000076,1,1765700432128
-1,-1,,,164611.20000076,1,1765700432281
-1,-1,,,164793.30000067,1,1765700432463
-1,-1,,,165017.00000095,1,1765700432687
-1,-1,,,165141.10000086,1,1765700432811
-1,-1,,,165308.20000076,1,1765700432978
-1,-1,,,165513.80000067,1,1765700433183
-1,-1,,,165675.80000067,1,1765700433345
-1,-1,,,165877.70000076,1,1765700433547
-1,-1,,,166007.10000086,1,1765700433677
-1,-1,,,166142.20000076,1,1765700433812
-1,-1,,,166275.60000086,1,1765700433945
-1,-1,,,166414.80000067,1,1765700434084
-1,-1,,,166555.90000057,1,1765700434225
-1,-1,,,166688.50000095,1,1765700434358
-1,-1,,,166830.60000086,1,1765700434500
-1,-1,,,166976.40000057,1,1765700434646
-1,-1,,,167134.10000086,1,1765700434804
-1,-1,,,167273.80000067,1,1765700434943
-1,-1,,,167412.40000057,1,1765700435082
-1,-1,,,167551.80000067,1,1765700435221
-1,-1,,,167680.90000057,1,1765700435350
-1,-1,,,167805.50000095,1,1765700435475
-1,-1,,,167909.20000076,1,1765700435579
-1,-1,,,168032.30000067,1,1765700435702
-1,-1,,,168170.90000057,1,1765700435840
-1,-1,,,168311.40000057,1,1765700435981
-1,-1,,,168448.50000095,1,1765700436118
-1,-1,,,168579.10000086,1,1765700436249
-1,-1,,,168709.40000057,1,1765700436379
-1,-1,,,168857.80000067,1,1765700436527
-1,-1,,,168999.10000086,1,1765700436669
-1,-1,,,169141.70000076,1,1765700436811
-1,-1,,,169276.60000086,1,1765700436946
-1,-1,,,169419.60000086,1,1765700437089
-1,-1,,,169559.10000086,1,1765700437229
-1,-1,,,169687.60000086,1,1765700437357
-1,-1,,,169811.20000076,1,1765700437481
-1,-1,,,169946.40000057,1,1765700437616
-1,-1,,,170076.20000076,1,1765700437746
-1,-1,,,170200.20000076,1,1765700437870
-1,-1,,,170326.50000095,1,1765700437996
-1,-1,,,170458.90000057,1,1765700438128
-1,-1,,,170590.80000067,1,1765700438260
-1,-1,,,170729.60000086,1,1765700438399
-1,-1,,,170925.00000095,1,1765700438595
-1,-1,,,171140.70000076,1,1765700438810
-1,-1,,,171285.20000076,1,1765700438955
-1,-1,,,171457.30000067,1,1765700439127
-1,-1,,,171708.20000076,1,1765700439378
-1,-1,,,171853.90000057,1,1765700439524
-1,-1,,,172005.70000076,1,1765700439675
-1,-1,,,172213.70000076,1,1765700439883
-1,-1,,,172378.80000067,1,1765700440048
-1,-1,,,172530.80000067,1,1765700440200
-1,-1,,,172680.80000067,1,1765700440350
-1,-1,,,172824.80000067,1,1765700440494
-1,-1,,,172958.80000067,1,1765700440628
-1,-1,,,173093.40000057,1,1765700440763
-1,-1,,,173220.00000095,1,1765700440890
-1,-1,,,173348.20000076,1,1765700441018
-1,-1,,,173481.80000067,1,1765700441151
-1,-1,,,173630.10000086,1,1765700441300
-1,-1,,,173775.00000095,1,1765700441444
-1,-1,,,173933.70000076,1,1765700441603
-1,-1,,,174145.20000076,1,1765700441815
-1,-1,,,174327.30000067,1,1765700441997
-1,-1,,,174471.80000067,1,1765700442141
-1,-1,,,174620.80000067,1,1765700442290
-1,-1,,,174763.60000086,1,1765700442433
-1,-1,,,174958.00000095,1,1765700442628
-1,-1,,,175136.40000057,1,1765700442806
-1,-1,,,175268.90000057,1,1765700442938
-1,-1,,,175405.30000067,1,1765700443075
-1,-1,,,175531.80000067,1,1765700443201
-1,-1,,,175679.40000057,1,1765700443349
-1,-1,,,175800.30000067,1,1765700443470
-1,-1,,,175916.50000095,1,1765700443586
-1,-1,,,176040.30000067,1,1765700443710
-1,-1,,,176193.80000067,1,1765700443863
-1,-1,,,176316.10000086,1,1765700443986
-1,-1,,,176436.70000076,1,1765700444106
-1,-1,,,176560.00000095,1,1765700444230
-1,-1,,,176682.30000067,1,1765700444352
-1,-1,,,176806.30000067,1,1765700444476
-1,-1,,,176927.20000076,1,1765700444597
-1,-1,,,177057.50000095,1,1765700444727
-1,-1,,,177186.80000067,1,1765700444856
-1,-1,,,177314.00000095,1,1765700444984
-1,-1,,,177431.80000067,1,1765700445101
-1,-1,,,177549.20000076,1,1765700445219
-1,-1,,,177671.80000067,1,1765700445341
-1,-1,,,177793.30000067,1,1765700445463
-1,-1,,,177915.40000057,1,1765700445585
-1,-1,,,178040.30000067,1,1765700445710
-1,-1,,,178158.80000067,1,1765700445828
-1,-1,,,178274.50000095,1,1765700445944
-1,-1,,,178472.70000076,1,1765700446142
-1,-1,,,178596.60000086,1,1765700446266
-1,-1,,,178713.30000067,1,1765700446383
-1,-1,,,178832.00000095,1,1765700446502
-1,-1,,,178947.40000057,1,1765700446617
-1,-1,,,179069.40000057,1,1765700446739
-1,-1,,,179194.80000067,1,1765700446864
-1,-1,,,179313.40000057,1,1765700446983
-1,-1,,,179442.30000067,1,1765700447112
-1,-1,,,179560.90000057,1,1765700447230
-1,-1,,,179681.50000095,1,1765700447351
-1,-1,,,179804.40000057,1,1765700447474
-1,-1,,,179928.50000095,1,1765700447598
-1,-1,,,180048.70000076,1,1765700447718
-1,-1,,,180170.10000086,1,1765700447840
-1,-1,,,180287.90000057,1,1765700447957
-1,-1,,,180407.70000076,1,1765700448077
-1,-1,,,180538.70000076,1,1765700448208
-1,-1,,,180661.70000076,1,1765700448331
-1,-1,,,180779.70000076,1,1765700448449
-1,-1,,,180896.00000095,1,1765700448566
-1,-1,,,181016.30000067,1,1765700448686
-1,-1,,,181139.10000086,1,1765700448809
-1,-1,,,181257.80000067,1,1765700448927
-1,-1,,,181371.50000095,1,1765700449041
-1,-1,,,181481.20000076,1,1765700449151
-1,-1,,,181584.60000086,1,1765700449254
-1,-1,,,181703.40000057,1,1765700449373
-1,-1,,,181822.80000067,1,1765700449492
-1,-1,,,181943.90000057,1,1765700449613
-1,-1,,,182069.90000057,1,1765700449739
-1,-1,,,182189.70000076,1,1765700449859
-1,-1,,,182309.90000057,1,1765700449979
