-1,-1,,,5439.7000000002,0,1765703575021
-1,-1,,,5544.1000000001,1,1765703575125
-1,-1,,,5655.9000000004,1,1765703575237
-1,-1,,,5732.7000000002,1,1765703575314
-1,-1,,,5820.8000000003,1,1765703575402
-1,-1,,,5900.2000000002,1,1765703575481
-1,-1,,,5985.4000000004,1,1765703575567
-1,-1,,,6075.5,1,1765703575656
-1,-1,,,6147.3000000003,1,1765703575728
-1,-1,,,6217.2000000002,1,1765703575798
-1,-1,,,6302.7000000002,1,1765703575884
-1,-1,,,6384.5,1,1765703575965
-1,-1,,,6470.1000000001,1,1765703576051
-1,-1,,,6550,1,1765703576131
-1,-1,,,6634.2000000002,1,1765703576215
-1,-1,,,6722.9000000004,1,1765703576304
-1,-1,,,6801.3000000003,1,1765703576382
-1,-1,,,6869.2000000002,1,1765703576450
-1,-1,,,6950.3000000003,1,1765703576531
-1,-1,,,7027.8000000003,1,1765703576609
-1,-1,,,7097.4000000004,1,1765703576678
107.49,62.98,"After you type your",9,7184.9000000004,1,1765703576766
327.2,107.82,"finish generating th",102,7258.2000000002,1,1765703576839
449.35,185.98,"w up here.",160,7335.3000000003,1,1765703576916
273.76,193.82,"w up here.",160,7414.5,1,1765703576996
83.62,106.89,"1 minute for AI t",80,7505.4000000004,1,1765703577086
-1,-1,,,7584.9000000004,1,1765703577166
-1,-1,,,7661.4000000004,1,1765703577243
-1,-1,,,7740.9000000004,1,1765703577322
-1,-1,,,7824.7000000002,1,1765703577406
-1,-1,,,7907,1,1765703577488
-1,-1,,,7995.3000000003,1,1765703577576
-1,-1,,,8074.2000000002,1,1765703577655
-1,-1,,,8158.3000000003,1,1765703577739
-1,-1,,,8242.5,1,1765703577823
-1,-1,,,8335.2000000002,1,1765703577916
-1,-1,,,8426.3000000003,1,1765703578007
-1,-1,,,8534.5,1,1765703578115
-1,-1,,,8627.9000000004,1,1765703578209
-1,-1,,,8717.3000000003,1,1765703578298
-1,-1,,,8796,1,1765703578377
-1,-1,,,8879.3000000003,1,1765703578460
-1,-1,,,8983.3000000003,1,1765703578564
-1,-1,,,9070.2000000002,1,1765703578651
-1,-1,,,9154.5,1,1765703578735
-1,-1,,,9247.7000000002,1,1765703578829
-1,-1,,,9324.9000000004,1,1765703578906
-1,-1,,,9407.4000000004,1,1765703578988
-1,-1,,,9489.4000000004,1,1765703579070
-1,-1,,,9573,1,1765703579154
-1,-1,,,9657.8000000003,1,1765703579239
-1,-1,,,9744.6000000001,1,1765703579326
-1,-1,,,9827.7000000002,1,1765703579408
-1,-1,,,9908.9000000004,1,1765703579490
-1,-1,,,9999.3000000003,1,1765703579580
-1,-1,,,10087.5,1,1765703579668
-1,-1,,,10175.4,1,1765703579756
-1,-1,,,10265.9,1,1765703579847
-1,-1,,,10350.7,1,1765703579932
-1,-1,,,10447.3,1,1765703580028
-1,-1,,,10535.9,1,1765703580117
-1,-1,,,10638,1,1765703580219
-1,-1,,,10729.4,1,1765703580310
-1,-1,,,10819.2,1,1765703580400
-1,-1,,,10904.1,1,1765703580485
-1,-1,,,10999.2,1,1765703580580
-1,-1,,,11086.7,1,1765703580668
-1,-1,,,11179.3,1,1765703580760
-1,-1,,,11270.4,1,1765703580851
-1,-1,,,11369.6,1,1765703580951
75.39,180.51,"will show up her",148,11465,1,1765703581046
125.11,150.25,"ill show up here.",153,11549.9,1,1765703581131
47.77,166.38,"will show up h",146,11636.8,1,1765703581218
-1,-1,,,11716.5,1,1765703581298
-1,-1,,,11799.9,1,1765703581381
-1,-1,,,11878.8,1,1765703581460
-1,-1,,,11969.9,1,1765703581551
-1,-1,,,12063.9,1,1765703581645
-1,-1,,,12151.3,1,1765703581732
-1,-1,,,12234.7,1,1765703581816
-1,-1,,,12310.5,1,1765703581891
-1,-1,,,12383,1,1765703581964
-1,-1,,,12463.4,1,1765703582044
-1,-1,,,12533.9,1,1765703582115
-1,-1,,,12604.7,1,1765703582186
-1,-1,,,12679.8,1,1765703582261
-1,-1,,,12754.7,1,1765703582336
-1,-1,,,12842.6,1,1765703582423
-1,-1,,,12919.9,1,1765703582501
-1,-1,,,12997.2,1,1765703582578
-1,-1,,,13075.9,1,1765703582657
-1,-1,,,13168.9,1,1765703582750
-1,-1,,,13254.9,1,1765703582836
179.86,352.93,"how up here.",158,13333.9,1,1765703582915
176.22,244.41,"show up here.",157,13407.5,1,1765703582989
173.59,216.1,"show up here.",157,13489.1,1,1765703583070
180.01,255.26,"how up here.",158,13603.5,1,1765703583185
197.83,224.85,"ow up here.",159,13681.7,1,1765703583263
251.66,177.03,"w up here.",160,13758.5,1,1765703583340
263.57,176.31,"w up here.",160,13833,1,1765703583414
279.02,201.6,"w up here.",160,13907.3,1,1765703583489
265.54,161.85,"w up here.",160,13981.5,1,1765703583563
284.97,162.97,"w up here.",160,14051.6,1,1765703583633
324.17,162.74,"w up here.",160,14122.1,1,1765703583703
293.08,203.01,"w up here.",160,14199.9,1,1765703583781
248.06,234.85,"w up here.",160,14279.5,1,1765703583860
254.26,231.74,"w up here.",160,14350.7,1,1765703583932
242.85,252.79,"w up here.",160,14459.6,1,1765703584041
222.12,234.82,"w up here.",160,14531.6,1,1765703584113
196.02,268.69,"ow up here.",159,14604,1,1765703584185
161.76,261.42,"show up here.",156,14696.2,1,1765703584277
137.15,307.64,"ll show up here.",154,14781.4,1,1765703584363
92.93,329.93,"will show up here.",150,14867,1,1765703584448
104.24,307.9,"will show up here.",151,14952.9,1,1765703584534
108.56,327.01,"will show up here.",151,15039,1,1765703584620
113.52,298.48,"will show up here.",151,15132.2,1,1765703584713
155.87,275.66,"l show up here.",155,15218,1,1765703584799
178.18,31.81,"you type your quest",15,15306.8,1,1765703584888
90.72,80.44,"1 minute for AI t",80,15390.7,1,1765703584972
41.73,72.61,"After you typ",3,15503.8,1,1765703585085
-1,-1,,,15593.9,1,1765703585175
-1,-1,,,15689.2,1,1765703585270
-1,-1,,,15783.1,1,1765703585364
-1,-1,,,15869.8,1,1765703585451
-1,-1,,,15958.7,1,1765703585540
-1,-1,,,16079.2,1,1765703585660
-1,-1,,,16166.1,1,1765703585747
-1,-1,,,16257.2,1,1765703585838
-1,-1,,,16337.3,1,1765703585919
-1,-1,,,16418.9,1,1765703586000
-1,-1,,,16504.8,1,1765703586086
-1,-1,,,16587.8,1,1765703586169
-1,-1,,,16673.8,1,1765703586255
-1,-1,,,16748.1,1,1765703586329
-1,-1,,,16834.7,1,1765703586416
-1,-1,,,16919,1,1765703586500
-1,-1,,,17003,1,1765703586584
-1,-1,,,17082.2,1,1765703586663
-1,-1,,,17181.7,1,1765703586763
-1,-1,,,17271.6,1,1765703586853
-1,-1,,,17356.4,1,1765703586938
-1,-1,,,17450.8,1,1765703587032
-1,-1,,,17538.2,1,1765703587119
-1,-1,,,17657.4,1,1765703587238
-1,-1,,,17758.2,1,1765703587339
-1,-1,,,17860.3,1,1765703587441
-1,-1,,,17951.3,1,1765703587532
-1,-1,,,18041.8,1,1765703587623
-1,-1,,,18130.4,1,1765703587711
-1,-1,,,18219.5,1,1765703587800
-1,-1,,,18309.3,1,1765703587890
-1,-1,,,18390.6,1,1765703587971
-1,-1,,,18469.5,1,1765703588050
-1,-1,,,18550.5,1,1765703588131
-1,-1,,,18645.7,1,1765703588227
-1,-1,,,18735.7,1,1765703588317
-1,-1,,,18826.4,1,1765703588408
-1,-1,,,18914.4,1,1765703588495
-1,-1,,,19013.5,1,1765703588595
-1,-1,,,19097.1,1,1765703588678
-1,-1,,,19179.2,1,1765703588760
-1,-1,,,19263.1,1,1765703588844
-1,-1,,,19379.6,1,1765703588961
-1,-1,,,19464.2,1,1765703589045
-1,-1,,,19554.3,1,1765703589135
-1,-1,,,19656.4,1,1765703589237
-1,-1,,,19798.1,1,1765703589379
-1,-1,,,19881.7,1,1765703589463
-1,-1,,,19936.3,1,1765703589566
-1,-1,,,20079.4,1,1765703620576
-1,-1,,,20180,1,1765703620676
-1,-1,,,20288.8,1,1765703620785
-1,-1,,,20377.700000001,1,1765703620874
-1,-1,,,20471.600000001,1,1765703620968
-1,-1,,,20562.4,1,1765703621059
-1,-1,,,20656.5,1,1765703621153
-1,-1,,,20752.100000001,1,1765703621248
-1,-1,,,20848.8,1,1765703621345
-1,-1,,,20973.600000001,1,1765703621470
-1,-1,,,21074.4,1,1765703621571
-1,-1,,,21212,1,1765703621709
-1,-1,,,21345.100000001,1,1765703621842
-1,-1,,,21492.600000001,1,1765703621989
-1,-1,,,21597.200000001,1,1765703622094
-1,-1,,,21688.700000001,1,1765703622185
-1,-1,,,21793.100000001,1,1765703622290
-1,-1,,,21909.700000001,1,1765703622406
-1,-1,,,22001.5,1,1765703622498
-1,-1,,,22088.200000001,1,1765703622585
-1,-1,,,22174.8,1,1765703622671
-1,-1,,,22254,1,1765703622750
-1,-1,,,22341.4,1,1765703622838
-1,-1,,,22423.100000001,1,1765703622919
-1,-1,,,22514.3,1,1765703623011
-1,-1,,,22589.100000001,1,1765703623085
-1,-1,,,22674.5,1,1765703623171
-1,-1,,,22758.200000001,1,1765703623255
-1,-1,,,22856.600000001,1,1765703623353
-1,-1,,,22956.100000001,1,1765703623452
-1,-1,,,23054,1,1765703623550
-1,-1,,,23142.700000001,1,1765703623639
-1,-1,,,23223.5,1,1765703623720
-1,-1,,,23310,1,1765703623806
-1,-1,,,23395.9,1,1765703623892
-1,-1,,,23471.8,1,1765703623968
-1,-1,,,23557.5,1,1765703624054
-1,-1,,,23646.600000001,1,1765703624143
-1,-1,,,23726,1,1765703624222
-1,-1,,,23808.9,1,1765703624305
-1,-1,,,23895,1,1765703624391
-1,-1,,,23988.700000001,1,1765703624485
-1,-1,,,24071.700000001,1,1765703624568
-1,-1,,,24183.4,1,1765703624680
-1,-1,,,24266.3,1,1765703624763
-1,-1,,,24347.700000001,1,1765703624844
-1,-1,,,24434.4,1,1765703624931
-1,-1,,,24521.600000001,1,1765703625018
-1,-1,,,24617.4,1,1765703625114
-1,-1,,,24718.4,1,1765703625215
-1,-1,,,24833,1,1765703625330
85.5,108.47,"1 minute for AI t",80,24931.5,1,1765703625428
285.99,80.79,"to finish generatin",98,25021.100000001,1,1765703625517
469.04,22.69,"ease wait patiently.",42,25117.8,1,1765703625614
-1,-1,,,25207.3,1,1765703625703
-1,-1,,,25302.100000001,1,1765703625798
-1,-1,,,25393.3,1,1765703625889
-1,-1,,,25485.5,1,1765703625982
-1,-1,,,25597.100000001,1,1765703626093
-1,-1,,,25688.9,1,1765703626185
-1,-1,,,25785.8,1,1765703626282
-1,-1,,,25871.700000001,1,1765703626368
-1,-1,,,25969.4,1,1765703626465
-1,-1,,,26059,1,1765703626555
-1,-1,,,26138.9,1,1765703626635
-1,-1,,,26220.4,1,1765703626717
-1,-1,,,26301.9,1,1765703626798
-1,-1,,,26406.8,1,1765703626903
-1,-1,,,26500.600000001,1,1765703626997
-1,-1,,,26590.600000001,1,1765703627087
-1,-1,,,26673.9,1,1765703627170
-1,-1,,,26750.9,1,1765703627247
-1,-1,,,26828.5,1,1765703627325
-1,-1,,,26914.4,1,1765703627410
-1,-1,,,26999.5,1,1765703627496
-1,-1,,,27079.3,1,1765703627575
-1,-1,,,27160.8,1,1765703627657
-1,-1,,,27252.200000001,1,1765703627748
-1,-1,,,27339.3,1,1765703627835
-1,-1,,,27428.5,1,1765703627924
-1,-1,,,27524,1,1765703628020
-1,-1,,,27613,1,1765703628109
-1,-1,,,27709.5,1,1765703628206
-1,-1,,,27804.3,1,1765703628300
-1,-1,,,27894.9,1,1765703628391
-1,-1,,,27977.8,1,1765703628474
-1,-1,,,28062.3,1,1765703628558
-1,-1,,,28151.200000001,1,1765703628647
-1,-1,,,28230.100000001,1,1765703628726
-1,-1,,,28305.9,1,1765703628802
-1,-1,,,28399.9,1,1765703628896
-1,-1,,,28481.200000001,1,1765703628977
-1,-1,,,28560.3,1,1765703629056
-1,-1,,,28635.700000001,1,1765703629132
-1,-1,,,28721.9,1,1765703629218
-1,-1,,,28804.200000001,1,1765703629300
-1,-1,,,28881.700000001,1,1765703629378
-1,-1,,,28963.200000001,1,1765703629459
-1,-1,,,29050.8,1,1765703629547
-1,-1,,,29134.100000001,1,1765703629630
-1,-1,,,29206,1,1765703629702
-1,-1,,,29306.100000001,1,1765703629802
-1,-1,,,29381.9,1,1765703629878
-1,-1,,,29470,1,1765703629966
-1,-1,,,29553.600000001,1,1765703630050
-1,-1,,,29634.100000001,1,1765703630130
-1,-1,,,29727.200000001,1,1765703630223
-1,-1,,,29805.3,1,1765703630301
-1,-1,,,29885.9,1,1765703630382
-1,-1,,,29964.700000001,1,1765703630461
-1,-1,,,30047.9,1,1765703630544
-1,-1,,,30131.200000001,1,1765703630627
-1,-1,,,30220.4,1,1765703630716
-1,-1,,,30302.4,1,1765703630799
-1,-1,,,30386.700000001,1,1765703630883
-1,-1,,,30467.4,1,1765703630964
-1,-1,,,30548.200000001,1,1765703631044
-1,-1,,,30634.9,1,1765703631131
-1,-1,,,30722.100000001,1,1765703631218
-1,-1,,,30800.3,1,1765703631296
-1,-1,,,30885.100000001,1,1765703631381
-1,-1,,,30969.9,1,1765703631466
-1,-1,,,31053.700000001,1,1765703631550
-1,-1,,,31133.9,1,1765703631630
-1,-1,,,31218.9,1,1765703631715
-1,-1,,,31300.3,1,1765703631796
-1,-1,,,31384.200000001,1,1765703631880
-1,-1,,,31465.9,1,1765703631962
-1,-1,,,31549.200000001,1,1765703632045
-1,-1,,,31639.100000001,1,1765703632135
-1,-1,,,31723.9,1,1765703632220
-1,-1,,,31808.8,1,1765703632305
-1,-1,,,31883.4,1,1765703632379
-1,-1,,,31967.100000001,1,1765703632463
-1,-1,,,32050.200000001,1,1765703632546
-1,-1,,,32132.600000001,1,1765703632629
-1,-1,,,32222,1,1765703632718
-1,-1,,,32299.200000001,1,1765703632795
-1,-1,,,32386.4,1,1765703632882
-1,-1,,,32468.600000001,1,1765703632965
-1,-1,,,32549.5,1,1765703633046
-1,-1,,,32631.100000001,1,1765703633127
152.82,222.27,"l show up here.",155,32719.9,1,1765703633216
390.36,294.78,"w up here.",160,32798.4,1,1765703633295
514.08,290.69,"w up here.",160,32867,1,1765703633363
666.4,345.27,,,32949.9,1,1765703633446
791.74,384.32,,,33032.9,1,1765703633529
711.26,363.04,,,33103.200000001,1,1765703633599
561.12,294.43,"w up here.",160,33184.700000001,1,1765703633681
421.88,229.52,"w up here.",160,33267,1,1765703633763
274.97,144.86,"I to finish generati",97,33350,1,1765703633846
128.98,95.53,"minute for AI to fi",84,33435,1,1765703633931
8.35,56.8,"After you",0,33520.600000001,1,1765703634017
-1,-1,,,33597.8,1,1765703634094
-1,-1,,,33686.3,1,1765703634183
-1,-1,,,33769.600000001,1,1765703634266
-1,-1,,,33850.4,1,1765703634347
-1,-1,,,33931.4,1,1765703634427
-1,-1,,,34003.700000001,1,1765703634500
-1,-1,,,34090.200000001,1,1765703634586
-1,-1,,,34166.600000001,1,1765703634663
-1,-1,,,34248.8,1,1765703634745
-1,-1,,,34335.8,1,1765703634832
-1,-1,,,34415.4,1,1765703634911
-1,-1,,,34497.3,1,1765703634993
-1,-1,,,34581.600000001,1,1765703635078
-1,-1,,,34662,1,1765703635158
-1,-1,,,34751.700000001,1,1765703635248
-1,-1,,,34831.3,1,1765703635327
-1,-1,,,34917.600000001,1,1765703635414
-1,-1,,,34999.700000001,1,1765703635496
-1,-1,,,35098,1,1765703635594
-1,-1,,,35187.600000001,1,1765703635684
-1,-1,,,35265.5,1,1765703635762
-1,-1,,,35350.600000001,1,1765703635847
-1,-1,,,35433.8,1,1765703635930
-1,-1,,,35520.9,1,1765703636017
-1,-1,,,35599.700000001,1,1765703636096
-1,-1,,,35681,1,1765703636177
-1,-1,,,35765.700000001,1,1765703636262
-1,-1,,,35865,1,1765703636361
-1,-1,,,35946.8,1,1765703636443
-1,-1,,,36018.600000001,1,1765703636515
-1,-1,,,36098.600000001,1,1765703636595
-1,-1,,,36182.8,1,1765703636679
-1,-1,,,36265.100000001,1,1765703636761
-1,-1,,,36349.9,1,1765703636846
-1,-1,,,36434.200000001,1,1765703636930
-1,-1,,,36514.100000001,1,1765703637010
-1,-1,,,36597.4,1,1765703637093
-1,-1,,,36679.600000001,1,1765703637176
-1,-1,,,36762.9,1,1765703637259
-1,-1,,,36848.4,1,1765703637345
-1,-1,,,36935.100000001,1,1765703637431
-1,-1,,,37015.3,1,1765703637512
-1,-1,,,37104.9,1,1765703637601
-1,-1,,,37183.9,1,1765703637680
-1,-1,,,37267,1,1765703637763
-1,-1,,,37349.4,1,1765703637845
-1,-1,,,37436,1,1765703637932
-1,-1,,,37514.5,1,1765703638010
-1,-1,,,37584.100000001,1,1765703638080
-1,-1,,,37661,1,1765703638157
-1,-1,,,37754.4,1,1765703638250
-1,-1,,,37830.600000001,1,1765703638327
-1,-1,,,37915.9,1,1765703638412
-1,-1,,,37998,1,1765703638494
-1,-1,,,38082.8,1,1765703638579
-1,-1,,,38158.9,1,1765703638655
-1,-1,,,38238.200000001,1,1765703638734
-1,-1,,,38315.600000001,1,1765703638812
-1,-1,,,38397.8,1,1765703638894
-1,-1,,,38482.5,1,1765703638978
-1,-1,,,38562.700000001,1,1765703639059
-1,-1,,,38648,1,1765703639144
-1,-1,,,38722.100000001,1,1765703639218
-1,-1,,,38798.3,1,1765703639295
-1,-1,,,38879.5,1,1765703639376
-1,-1,,,38964.200000001,1,1765703639460
-1,-1,,,39047.8,1,1765703639544
-1,-1,,,39131.3,1,1765703639628
-1,-1,,,39215.4,1,1765703639712
-1,-1,,,39298,1,1765703639794
153.58,1.68,"er you type your que",13,39380.3,1,1765703639877
-1,-1,,,39457.5,1,1765703639954
-1,-1,,,39534.700000001,1,1765703640031
-1,-1,,,39614.600000001,1,1765703640111
-1,-1,,,39687.700000001,1,1765703640184
-1,-1,,,39767.3,1,1765703640263
-1,-1,,,39846.600000001,1,1765703640343
-1,-1,,,39929.200000001,1,1765703640425
176.01,24.38,"you type your quest",15,40018,1,1765703640514
-1,-1,,,40098.3,1,1765703640594
-1,-1,,,40169.4,1,1765703640665
-1,-1,,,40247.3,1,1765703640744
-1,-1,,,40329.8,1,1765703640826
-1,-1,,,40417.200000001,1,1765703640914
-1,-1,,,40499.4,1,1765703640996
-1,-1,,,40581.100000001,1,1765703641077
-1,-1,,,40678.200000001,1,1765703641175
-1,-1,,,40770.9,1,1765703641267
-1,-1,,,40848.9,1,1765703641345
-1,-1,,,40937.3,1,1765703641434
-1,-1,,,41012.100000001,1,1765703641508
-1,-1,,,41097.5,1,1765703641594
-1,-1,,,41182.100000001,1,1765703641678
-1,-1,,,41264.9,1,1765703641761
-1,-1,,,41349.100000001,1,1765703641845
-1,-1,,,41431.200000001,1,1765703641927
-1,-1,,,41516.700000001,1,1765703642013
-1,-1,,,41599.200000001,1,1765703642096
-1,-1,,,41683.100000001,1,1765703642179
-1,-1,,,41763.4,1,1765703642260
-1,-1,,,41850.8,1,1765703642347
-1,-1,,,41936.3,1,1765703642432
-1,-1,,,42014.600000001,1,1765703642511
-1,-1,,,42099,1,1765703642595
-1,-1,,,42176.200000001,1,1765703642672
-1,-1,,,42248,1,1765703642744
-1,-1,,,42328.8,1,1765703642825
-1,-1,,,42403,1,1765703642899
-1,-1,,,42482.600000001,1,1765703642979
-1,-1,,,42567.600000001,1,1765703643064
-1,-1,,,42648.4,1,1765703643144
-1,-1,,,42732.600000001,1,1765703643229
-1,-1,,,42814.3,1,1765703643310
-1,-1,,,42904.100000001,1,1765703643400
-1,-1,,,42979.100000001,1,1765703643475
-1,-1,,,43051,1,1765703643547
-1,-1,,,43138.9,1,1765703643635
-1,-1,,,43212.100000001,1,1765703643708
-1,-1,,,43296,1,1765703643792
-1,-1,,,43381.8,1,1765703643878
-1,-1,,,43463.9,1,1765703643960
-1,-1,,,43546.100000001,1,1765703644042
-1,-1,,,43628.5,1,1765703644125
-1,-1,,,43700.3,1,1765703644196
-1,-1,,,43779.8,1,1765703644276
-1,-1,,,43863.600000001,1,1765703644360
-1,-1,,,43948.700000001,1,1765703644445
-1,-1,,,44029.5,1,1765703644526
-1,-1,,,44109.700000001,1,1765703644606
-1,-1,,,44194.3,1,1765703644690
-1,-1,,,44278,1,1765703644774
-1,-1,,,44359.100000001,1,1765703644855
-1,-1,,,44447.8,1,1765703644944
-1,-1,,,44532.600000001,1,1765703645029
-1,-1,,,44608.200000001,1,1765703645104
-1,-1,,,44697.9,1,1765703645194
-1,-1,,,44776.100000001,1,1765703645272
-1,-1,,,44861.100000001,1,1765703645357
-1,-1,,,44946.8,1,1765703645443
-1,-1,,,45027.4,1,1765703645524
-1,-1,,,45109,1,1765703645605
-1,-1,,,45200.3,1,1765703645696
-1,-1,,,45275.3,1,1765703645771
-1,-1,,,45366.4,1,1765703645862
-1,-1,,,45446,1,1765703645942
-1,-1,,,45529.3,1,1765703646025
-1,-1,,,45607.5,1,1765703646104
-1,-1,,,45703.600000001,1,1765703646200
-1,-1,,,45779,1,1765703646275
-1,-1,,,45864,1,1765703646360
-1,-1,,,45942.4,1,1765703646438
-1,-1,,,46027.8,1,1765703646524
-1,-1,,,46110.9,1,1765703646607
-1,-1,,,46190.600000001,1,1765703646687
-1,-1,,,46276.9,1,1765703646773
-1,-1,,,46344.100000001,1,1765703646840
-1,-1,,,46435,1,1765703646931
-1,-1,,,46516.100000001,1,1765703647012
-1,-1,,,46594.9,1,1765703647091
-1,-1,,,46706.8,1,1765703647203
100.16,20.91,"After you type you",8,46782.3,1,1765703647279
75.49,22.34,"After you type y",6,46863.3,1,1765703647360
46.44,20.3,"After you typ",3,46963.8,1,1765703647460
40.84,26.9,"After you typ",3,47046.3,1,1765703647543
17.64,168.29,"will show u",143,47130.9,1,1765703647627
-1,-1,,,47210.8,1,1765703647707
-1,-1,,,47288.9,1,1765703647785
-1,-1,,,47378.9,1,1765703647875
-1,-1,,,47475.700000001,1,1765703647972
-1,-1,,,47547.9,1,1765703648044
-1,-1,,,47626.600000001,1,1765703648123
-1,-1,,,47716.5,1,1765703648213
-1,-1,,,47799.4,1,1765703648296
-1,-1,,,47879.8,1,1765703648376
-1,-1,,,47963.200000001,1,1765703648459
-1,-1,,,48036.100000001,1,1765703648532
-1,-1,,,48113.600000001,1,1765703648610
-1,-1,,,48208,1,1765703648704
-1,-1,,,48319.600000001,1,1765703648816
-1,-1,,,48388.8,1,1765703648885
-1,-1,,,48462.200000001,1,1765703648958
-1,-1,,,48548.100000001,1,1765703649044
-1,-1,,,48626.700000001,1,1765703649123
-1,-1,,,48716.3,1,1765703649212
-1,-1,,,48794.8,1,1765703649291
-1,-1,,,48888.600000001,1,1765703649385
-1,-1,,,48968,1,1765703649464
-1,-1,,,49046.8,1,1765703649543
-1,-1,,,49122.100000001,1,1765703649619
-1,-1,,,49199,1,1765703649695
-1,-1,,,49273.600000001,1,1765703649770
-1,-1,,,49359.4,1,1765703649856
-1,-1,,,49458,1,1765703649954
-1,-1,,,49525.8,1,1765703650022
-1,-1,,,49610.4,1,1765703650107
-1,-1,,,49696.3,1,1765703650193
-1,-1,,,49770.8,1,1765703650267
1.24,75.83,"After you",0,49860.4,1,1765703650357
6.79,96.15,"ake up to",73,49941.100000001,1,1765703650437
26.35,48.71,"After you ty",2,50028.4,1,1765703650525
17.75,57.78,"After you t",1,50122.9,1,1765703650619
0.08,58.3,"After you",0,50227.5,1,1765703650724
-1,-1,,,50302.100000001,1,1765703650798
-1,-1,,,50381.600000001,1,1765703650878
-1,-1,,,50463,1,1765703650959
-1,-1,,,50545.8,1,1765703651042
-1,-1,,,50625.4,1,1765703651122
-1,-1,,,50707.100000001,1,1765703651203
-1,-1,,,50794,1,1765703651290
-1,-1,,,50872.100000001,1,1765703651370
-1,-1,,,50962,1,1765703651458
-1,-1,,,51034.5,1,1765703651531
-1,-1,,,51126.5,1,1765703651623
-1,-1,,,51229.200000001,1,1765703651726
-1,-1,,,51353,1,1765703651849
-1,-1,,,51430.8,1,1765703651927
-1,-1,,,51510.100000001,1,1765703652006
-1,-1,,,51616.8,1,1765703652113
-1,-1,,,51692.200000001,1,1765703652188
-1,-1,,,51773.8,1,1765703652270
-1,-1,,,51855.200000001,1,1765703652351
-1,-1,,,51925.200000001,1,1765703652421
-1,-1,,,52005.8,1,1765703652502
-1,-1,,,52095,1,1765703652591
-1,-1,,,52173.5,1,1765703652669
-1,-1,,,52258.600000001,1,1765703652755
-1,-1,,,52339.600000001,1,1765703652836
-1,-1,,,52422.200000001,1,1765703652918
-1,-1,,,52502.4,1,1765703652998
-1,-1,,,52582.600000001,1,1765703653079
-1,-1,,,52667.700000001,1,1765703653164
-1,-1,,,52748.700000001,1,1765703653245
-1,-1,,,52824.8,1,1765703653321
-1,-1,,,52913.5,1,1765703653410
-1,-1,,,52993.4,1,1765703653489
-1,-1,,,53067.9,1,1765703653564
-1,-1,,,53141.200000001,1,1765703653637
-1,-1,,,53236.4,1,1765703653732
-1,-1,,,53331.100000001,1,1765703653827
-1,-1,,,53406.3,1,1765703653902
-1,-1,,,53482,1,1765703653978
-1,-1,,,53558.700000001,1,1765703654055
-1,-1,,,53644.4,1,1765703654140
-1,-1,,,53724.8,1,1765703654221
-1,-1,,,53810.600000001,1,1765703654307
-1,-1,,,53890.4,1,1765703654387
-1,-1,,,53972.4,1,1765703654468
-1,-1,,,54061.100000001,1,1765703654557
-1,-1,,,54141.700000001,1,1765703654638
-1,-1,,,54227.8,1,1765703654724
-1,-1,,,54309.700000001,1,1765703654806
-1,-1,,,54390.100000001,1,1765703654886
-1,-1,,,54475,1,1765703654971
-1,-1,,,54567.700000001,1,1765703655064
-1,-1,,,54636.5,1,1765703655133
-1,-1,,,54709.600000001,1,1765703655206
-1,-1,,,54791.600000001,1,1765703655288
-1,-1,,,54882.9,1,1765703655379
-1,-1,,,54973.8,1,1765703655470
41.87,53.62,"# How Adaptat",3,55056.100000001,1,1765703655552
50.91,161.32,"- **Novel vs.",81,55140.700000001,1,1765703655638
74.37,131.44,"## Narrative Per",51,55219.100000001,1,1765703655717
86.54,113.31,"## Narrative Pers",52,55294.3,1,1765703655791
72.77,101.16,"## Narrative Per",51,55393.9,1,1765703655890
66.29,81.71,"## Narrative Pe",50,55493.8,1,1765703655990
-1,-1,,,55562.700000001,1,1765703656059
-1,-1,,,55640.600000001,1,1765703656137
-1,-1,,,55728.4,1,1765703656225
-1,-1,,,55810.200000001,1,1765703656307
-1,-1,,,55885.9,1,1765703656383
-1,-1,,,55964.9,1,1765703656462
-1,-1,,,56041.9,1,1765703656539
-1,-1,,,56156,1,1765703656654
-1,-1,,,56239.4,1,1765703656737
-1,-1,,,56325.3,1,1765703656822
-1,-1,,,56405.100000001,1,1765703656902
-1,-1,,,56498,1,1765703656995
30.2,286.87,"(Aibileen, M",148,56577.3,1,1765703657074
68.6,275.63,"(Aibileen, Minn",151,56657.9,1,1765703657154
69.35,310.15,"as the primary",222,56736.8,1,1765703657233
48.32,311.32,"as the primary",221,56820.100000001,1,1765703657317
66.22,289.87,"as the primary",222,56904.8,1,1765703657401
50.62,327,"as the primary",221,56997.200000001,1,1765703657494
48.8,367.56,"- **Centering",241,57092,1,1765703657588
61.71,392.09,"- **Centering w",242,57183.5,1,1765703657680
9.76,406.36,"- **Center",237,57278.600000001,1,1765703657775
12.11,449.09,"y of self-",305,57377.600000001,1,1765703657874
-1,-1,,,57475.4,1,1765703657971
-1,-1,,,57563.3,1,1765703658059
-1,-1,,,57651,1,1765703658147
-1,-1,,,57736.3,1,1765703658232
-1,-1,,,57848.9,1,1765703658345
-1,-1,,,57938,1,1765703658434
-1,-1,,,58025.5,1,1765703658522
-1,-1,,,58111.200000001,1,1765703658607
-1,-1,,,58199.200000001,1,1765703658695
-1,-1,,,58292.700000001,1,1765703658789
-1,-1,,,58384.3,1,1765703658880
-1,-1,,,58469.8,1,1765703658966
-1,-1,,,58564,1,1765703659060
-1,-1,,,58674.600000001,1,1765703659171
-1,-1,,,58772.5,1,1765703659269
-1,-1,,,58861.3,1,1765703659357
-1,-1,,,58946.100000001,1,1765703659442
-1,-1,,,59031.3,1,1765703659527
-1,-1,,,59119.100000001,1,1765703659615
-1,-1,,,59206.5,1,1765703659703
-1,-1,,,59294.9,1,1765703659791
-1,-1,,,59372,1,1765703659868
-1,-1,,,59456.600000001,1,1765703659953
-1,-1,,,59561.100000001,1,1765703660057
-1,-1,,,59656.3,1,1765703660152
-1,-1,,,59746.5,1,1765703660243
-1,-1,,,59834.3,1,1765703660330
-1,-1,,,59918.200000001,1,1765703660414
-1,-1,,,59999.100000001,1,1765703660495
-1,-1,,,60089.5,1,1765703660585
-1,-1,,,60178.700000001,1,1765703660675
-1,-1,,,60265.8,1,1765703660762
-1,-1,,,60355.600000001,1,1765703660852
-1,-1,,,60448.3,1,1765703660944
-1,-1,,,60541.9,1,1765703661038
-1,-1,,,60629.100000001,1,1765703661125
-1,-1,,,60716.5,1,1765703661213
-1,-1,,,60803.600000001,1,1765703661300
-1,-1,,,60893.100000001,1,1765703661389
-1,-1,,,61015.3,1,1765703661511
-1,-1,,,61103.100000001,1,1765703661599
-1,-1,,,61190.9,1,1765703661687
-1,-1,,,61278.4,1,1765703661774
-1,-1,,,61363,1,1765703661859
-1,-1,,,61452.600000001,1,1765703661949
-1,-1,,,61532.5,1,1765703662028
-1,-1,,,61621.3,1,1765703662117
-1,-1,,,61709.200000001,1,1765703662205
-1,-1,,,61788.100000001,1,1765703662284
-1,-1,,,61870.700000001,1,1765703662367
-1,-1,,,61947.4,1,1765703662443
-1,-1,,,62032.600000001,1,1765703662529
-1,-1,,,62110.9,1,1765703662607
-1,-1,,,62190.100000001,1,1765703662686
-1,-1,,,62287.8,1,1765703662784
-1,-1,,,62365.700000001,1,1765703662862
-1,-1,,,62448.9,1,1765703662945
-1,-1,,,62532.8,1,1765703663029
-1,-1,,,62611,1,1765703663107
-1,-1,,,62695.200000001,1,1765703663191
-1,-1,,,62775.5,1,1765703663272
-1,-1,,,62864.9,1,1765703663361
-1,-1,,,62947.100000001,1,1765703663443
-1,-1,,,63028.9,1,1765703663525
-1,-1,,,63116.5,1,1765703663612
-1,-1,,,63198.700000001,1,1765703663695
-1,-1,,,63282.200000001,1,1765703663778
-1,-1,,,63362.100000001,1,1765703663858
-1,-1,,,63440.5,1,1765703663937
-1,-1,,,63516.3,1,1765703664012
-1,-1,,,63591.700000001,1,1765703664088
-1,-1,,,63669.9,1,1765703664166
-1,-1,,,63745.8,1,1765703664242
-1,-1,,,63832.4,1,1765703664328
-1,-1,,,63940.700000001,1,1765703664437
-1,-1,,,64023.600000001,1,1765703664520
-1,-1,,,64104.3,1,1765703664600
-1,-1,,,64176.100000001,1,1765703664672
-1,-1,,,64254.600000001,1,1765703664751
-1,-1,,,64327.3,1,1765703664823
-1,-1,,,64421.9,1,1765703664918
-1,-1,,,64538,1,1765703665034
-1,-1,,,64634.3,1,1765703665130
-1,-1,,,64721.600000001,1,1765703665218
-1,-1,,,64804.200000001,1,1765703665300
-1,-1,,,64894.200000001,1,1765703665390
-1,-1,,,64980.9,1,1765703665477
-1,-1,,,65062.9,1,1765703665559
-1,-1,,,65152.3,1,1765703665648
-1,-1,,,65241.9,1,1765703665738
-1,-1,,,65330.5,1,1765703665826
-1,-1,,,65423.200000001,1,1765703665919
-1,-1,,,65511,1,1765703666007
-1,-1,,,65596.700000001,1,1765703666093
-1,-1,,,65682.600000001,1,1765703666179
-1,-1,,,65780,1,1765703666276
-1,-1,,,65862.8,1,1765703666359
-1,-1,,,65951.4,1,1765703666448
-1,-1,,,66029.9,1,1765703666526
172.08,393.59,"entering whiteness**",252,66124.700000001,1,1765703666621
136.91,227.55,"ibileen, Minny, and",158,66210.600000001,1,1765703666707
221.26,383.43,"ring whiteness**: By",256,66296.700000001,1,1765703666793
265.36,437.34,"e film positions a w",328,66381.9,1,1765703666878
285.98,317.21,"imary lens",236,66510.8,1,1765703667007
288.09,263.94,"y, and Skeeter), but",171,66606.3,1,1765703667103
158.88,203.4,"Novel vs. Film**: Th",91,66701.3,1,1765703667198
70.56,177.28,"- **Novel vs. Fi",83,66787.9,1,1765703667284
18.06,97.71,"## Narrativ",46,66872.3,1,1765703667368
-1,-1,,,66960.200000001,1,1765703667456
-1,-1,,,67037.9,1,1765703667534
-1,-1,,,67113.5,1,1765703667610
-1,-1,,,67210.3,1,1765703667706
-1,-1,,,67306.3,1,1765703667803
-1,-1,,,67396.4,1,1765703667892
-1,-1,,,67487.5,1,1765703667984
-1,-1,,,67575.3,1,1765703668071
-1,-1,,,67665.3,1,1765703668161
-1,-1,,,67755.3,1,1765703668251
-1,-1,,,67846.3,1,1765703668342
-1,-1,,,67935.3,1,1765703668431
-1,-1,,,68020.700000001,1,1765703668517
-1,-1,,,68100.700000001,1,1765703668597
-1,-1,,,68187.600000001,1,1765703668684
-1,-1,,,68281.200000001,1,1765703668777
-1,-1,,,68361.600000001,1,1765703668858
-1,-1,,,68449.3,1,1765703668945
-1,-1,,,68537.100000001,1,1765703669033
-1,-1,,,68623.200000001,1,1765703669119
-1,-1,,,68704.200000001,1,1765703669200
-1,-1,,,68786.200000001,1,1765703669282
-1,-1,,,68869.600000001,1,1765703669366
-1,-1,,,68946.100000001,1,1765703669442
-1,-1,,,69026.100000001,1,1765703669522
-1,-1,,,69107.4,1,1765703669604
-1,-1,,,69192,1,1765703669688
-1,-1,,,69278.8,1,1765703669775
-1,-1,,,69355.100000001,1,1765703669851
-1,-1,,,69448.5,1,1765703669945
-1,-1,,,69535.200000001,1,1765703670031
-1,-1,,,69610.5,1,1765703670107
-1,-1,,,69694.5,1,1765703670191
-1,-1,,,69771.5,1,1765703670268
-1,-1,,,69856.100000001,1,1765703670352
-1,-1,,,69933.600000001,1,1765703670430
-1,-1,,,70004.600000001,1,1765703670501
-1,-1,,,70089.200000001,1,1765703670585
413.41,2.25,"inforce Critiques",37,70172.3,1,1765703670669
536.39,25.89,"Critiques",44,70260.100000001,1,1765703670756
-1,-1,,,70350.8,1,1765703670847
489.04,142.87,"ive Shifts",76,70435.3,1,1765703670932
220.21,198.93,"vs. Film**: The boo",96,70518.3,1,1765703671015
-1,-1,,,70603.3,1,1765703671100
-1,-1,,,70695.700000001,1,1765703671192
-1,-1,,,70776.100000001,1,1765703671273
-1,-1,,,70858.100000001,1,1765703671355
-1,-1,,,70946.600000001,1,1765703671443
-1,-1,,,71029,1,1765703671525
-1,-1,,,71106.8,1,1765703671603
-1,-1,,,71220.9,1,1765703671717
-1,-1,,,71412.700000001,1,1765703671913
-1,-1,,,71456,1,1765703671992
-1,-1,,,71588.900000001,1,1765703777638
-1,-1,,,71679.900000001,1,1765703777729
-1,-1,,,71775.3,1,1765703777825
-1,-1,,,71857.600000001,1,1765703777907
-1,-1,,,71941.900000001,1,1765703777991
-1,-1,,,72029.8,1,1765703778079
-1,-1,,,72117.400000001,1,1765703778166
-1,-1,,,72213,1,1765703778262
-1,-1,,,72312.600000001,1,1765703778361
-1,-1,,,72421,1,1765703778470
-1,-1,,,72559.3,1,1765703778608
-1,-1,,,72689,1,1765703778738
-1,-1,,,72795.3,1,1765703778844
-1,-1,,,72880,1,1765703778928
-1,-1,,,72964.100000001,1,1765703779012
-1,-1,,,73044.400000001,1,1765703779093
-1,-1,,,73144.600000001,1,1765703779193
-1,-1,,,73250.5,1,1765703779299
-1,-1,,,73346.100000001,1,1765703779394
-1,-1,,,73421.100000001,1,1765703779469
-1,-1,,,73497.900000001,1,1765703779546
-1,-1,,,73585.100000001,1,1765703779633
-1,-1,,,73666.400000001,1,1765703779715
-1,-1,,,73749.3,1,1765703779798
-1,-1,,,73840.3,1,1765703779889
-1,-1,,,73923.400000001,1,1765703779972
-1,-1,,,74005,1,1765703780053
-1,-1,,,74095.100000001,1,1765703780143
-1,-1,,,74168.100000001,1,1765703780217
-1,-1,,,74258,1,1765703780307
-1,-1,,,74334.700000001,1,1765703780383
-1,-1,,,74419.600000001,1,1765703780469
-1,-1,,,74502.8,1,1765703780551
-1,-1,,,74578.900000001,1,1765703780628
-1,-1,,,74672.600000001,1,1765703780721
-1,-1,,,74744.400000001,1,1765703780793
-1,-1,,,74829.100000001,1,1765703780878
-1,-1,,,74930.700000001,1,1765703780980
-1,-1,,,75028.200000001,1,1765703781077
-1,-1,,,75115.700000001,1,1765703781165
-1,-1,,,75203.400000001,1,1765703781252
-1,-1,,,75294.400000001,1,1765703781343
-1,-1,,,75374.700000001,1,1765703781424
-1,-1,,,75463.700000001,1,1765703781512
-1,-1,,,75549.200000001,1,1765703781598
126.13,137.69,"# Narrative Perspect",56,75632.600000001,1,1765703781681
358.95,137.13,"ive Shifts",76,75717.100000001,1,1765703781766
594.02,138.56,"ive Shifts",76,75827.3,1,1765703781876
737.73,59.53,"Critiques",44,75913,1,1765703781962
-1,-1,,,75996.5,1,1765703782045
-1,-1,,,76085.400000001,1,1765703782134
-1,-1,,,76180.3,1,1765703782229
-1,-1,,,76284.200000001,1,1765703782333
-1,-1,,,76384.700000001,1,1765703782433
-1,-1,,,76484.5,1,1765703782533
-1,-1,,,76567.600000001,1,1765703782616
-1,-1,,,81141.700000001,1,1765703787190
-1,-1,,,81235.400000001,1,1765703787284
-1,-1,,,81330.600000001,1,1765703787379
-1,-1,,,81410.3,1,1765703787459
-1,-1,,,81493.400000001,1,1765703787542
-1,-1,,,81577.3,1,1765703787626
-1,-1,,,81656.3,1,1765703787705
-1,-1,,,81759.3,1,1765703787808
-1,-1,,,81856,1,1765703787907
-1,-1,,,81963.600000001,1,1765703788012
-1,-1,,,82064.200000001,1,1765703788113
-1,-1,,,82147.100000001,1,1765703788195
-1,-1,,,82230.3,1,1765703788279
-1,-1,,,82329.200000001,1,1765703788378
-1,-1,,,82419.3,1,1765703788468
-1,-1,,,82496.5,1,1765703788545
-1,-1,,,82568.5,1,1765703788617
-1,-1,,,82646,1,1765703788694
-1,-1,,,82730.600000001,1,1765703788779
-1,-1,,,82836.600000001,1,1765703788885
-1,-1,,,82916.900000001,1,1765703788965
-1,-1,,,82998.700000001,1,1765703789047
-1,-1,,,83084.900000001,1,1765703789133
-1,-1,,,83166.200000001,1,1765703789215
-1,-1,,,83246,1,1765703789294
-1,-1,,,83326.600000001,1,1765703789375
-1,-1,,,83407.400000001,1,1765703789456
-1,-1,,,83491,1,1765703789539
-1,-1,,,83573.400000001,1,1765703789622
-1,-1,,,83662.700000001,1,1765703789711
-1,-1,,,83747.8,1,1765703789796
-1,-1,,,83836.400000001,1,1765703789885
-1,-1,,,83922,1,1765703789970
-1,-1,,,84005.5,1,1765703790054
-1,-1,,,84098.900000001,1,1765703790147
-1,-1,,,84183.900000001,1,1765703790232
-1,-1,,,84267.200000001,1,1765703790316
-1,-1,,,84345.5,1,1765703790394
-1,-1,,,84421.700000001,1,1765703790470
-1,-1,,,84510.200000001,1,1765703790559
-1,-1,,,84594.900000001,1,1765703790643
-1,-1,,,84683.700000001,1,1765703790732
-1,-1,,,84768.5,1,1765703790817
-1,-1,,,84876.8,1,1765703790925
-1,-1,,,84960.200000001,1,1765703791009
-1,-1,,,85047.900000001,1,1765703791096
-1,-1,,,85133.8,1,1765703791182
-1,-1,,,85217,1,1765703791265
-1,-1,,,85300.3,1,1765703791349
-1,-1,,,85380.400000001,1,1765703791429
-1,-1,,,85462.100000001,1,1765703791510
-1,-1,,,85545.200000001,1,1765703791594
-1,-1,,,85621.200000001,1,1765703791670
-1,-1,,,85705.8,1,1765703791754
-1,-1,,,85783.200000001,1,1765703791831
-1,-1,,,85862,1,1765703791910
-1,-1,,,85948.600000001,1,1765703791997
-1,-1,,,86031.200000001,1,1765703792080
-1,-1,,,86109.8,1,1765703792158
-1,-1,,,86192.400000001,1,1765703792241
-1,-1,,,86271.3,1,1765703792320
-1,-1,,,86350.100000001,1,1765703792398
-1,-1,,,86433.400000001,1,1765703792482
-1,-1,,,86511.5,1,1765703792560
-1,-1,,,86583.200000001,1,1765703792632
-1,-1,,,86666.600000001,1,1765703792715
-1,-1,,,86752.3,1,1765703792801
-1,-1,,,86832.3,1,1765703792881
-1,-1,,,86913.5,1,1765703792962
-1,-1,,,86985.700000001,1,1765703793034
-1,-1,,,87075.400000001,1,1765703793124
-1,-1,,,87167.900000001,1,1765703793216
-1,-1,,,87252,1,1765703793300
-1,-1,,,87335,1,1765703793384
-1,-1,,,87416.5,1,1765703793465
-1,-1,,,87483.3,1,1765703793532
-1,-1,,,87551.600000001,1,1765703793600
81.88,479.13,"discovery, the fi",312,87643.700000001,1,1765703793692
117.5,447.78,"discovery, the film",315,87717.8,1,1765703793767
136.22,262.34,"ibileen, Minny, and",158,87795.3,1,1765703793844
122.58,31.7,"# How Adaptation Cho",10,87866.5,1,1765703793915
42.9,8.88,"# How Adaptat",3,87936.700000001,1,1765703793985
-1,-1,,,88001,1,1765703794049
-1,-1,,,88092.400000001,1,1765703794141
-1,-1,,,88164.8,1,1765703794213
-1,-1,,,88252,1,1765703794300
-1,-1,,,88350.900000001,1,1765703794399
-1,-1,,,88438,1,1765703794486
-1,-1,,,88522.5,1,1765703794571
-1,-1,,,88599.8,1,1765703794648
-1,-1,,,88684.5,1,1765703794733
-1,-1,,,88768.100000001,1,1765703794816
-1,-1,,,88847.700000001,1,1765703794896
-1,-1,,,88934.3,1,1765703794983
-1,-1,,,89023.100000001,1,1765703795071
-1,-1,,,89108.8,1,1765703795157
468.71,18.66,"ce Critiques",42,89198.200000001,1,1765703795247
-1,-1,,,89299.100000001,1,1765703795347
464.49,295.73,"imary lens",236,89406.400000001,1,1765703795455
-1,-1,,,89495.600000001,1,1765703795544
-1,-1,,,89582.200000001,1,1765703795631
-1,-1,,,89671.8,1,1765703795720
-1,-1,,,89754.400000001,1,1765703795803
-1,-1,,,89864,1,1765703795912
-1,-1,,,89952.3,1,1765703796001
-1,-1,,,90058.700000001,1,1765703796107
-1,-1,,,90147.3,1,1765703796196
-1,-1,,,90232.900000001,1,1765703796281
-1,-1,,,90321,1,1765703796369
-1,-1,,,90406.8,1,1765703796455
-1,-1,,,90496.400000001,1,1765703796545
-1,-1,,,90580.700000001,1,1765703796629
-1,-1,,,90660.700000001,1,1765703796709
-1,-1,,,90743.8,1,1765703796792
-1,-1,,,90832.700000001,1,1765703796881
-1,-1,,,90926.8,1,1765703796975
-1,-1,,,91011.200000001,1,1765703797060
27.81,281.69,"(Aibileen, M",148,91098.400000001,1,1765703797147
-1,-1,,,91191.600000001,1,1765703797240
-1,-1,,,91281.600000001,1,1765703797330
-1,-1,,,91357.3,1,1765703797406
-1,-1,,,91433,1,1765703797481
-1,-1,,,91526.100000001,1,1765703797574
-1,-1,,,91607.200000001,1,1765703797656
-1,-1,,,91676.600000001,1,1765703797725
-1,-1,,,91742.8,1,1765703797791
-1,-1,,,91817.3,1,1765703797866
-1,-1,,,91889.5,1,1765703797938
-1,-1,,,91957.700000001,1,1765703798006
-1,-1,,,92035.400000001,1,1765703798084
-1,-1,,,92112.700000001,1,1765703798161
-1,-1,,,92184.200000001,1,1765703798233
-1,-1,,,92253.8,1,1765703798302
-1,-1,,,92326.700000001,1,1765703798375
-1,-1,,,92416.100000001,1,1765703798465
-1,-1,,,92492.100000001,1,1765703798540
-1,-1,,,92570.5,1,1765703798619
139.69,373.11,"**Centering whitenes",249,92665.100000001,1,1765703798714
279.29,359.66,"hiteness**: By empha",262,92736.600000001,1,1765703798785
400.07,342.08,"imary lens",236,92818.8,1,1765703798868
547.45,268.15,"film gravitates tow",195,92927.400000001,1,1765703798976
658.34,204.19,"three perspectives",136,93006.200000001,1,1765703799055
752.17,166.1,"rspectives",145,93099.100000001,1,1765703799148
758.39,122.76,"ive Shifts",76,93185.100000001,1,1765703799234
792.57,92.94,"ive Shifts",76,93277.100000001,1,1765703799326
-1,-1,,,93366.3,1,1765703799415
-1,-1,,,93448.400000001,1,1765703799497
-1,-1,,,93524.900000001,1,1765703799573
-1,-1,,,93601.400000001,1,1765703799650
-1,-1,,,93678.8,1,1765703799727
328.91,54.36,"oices Reinforce Crit",29,93760.200000001,1,1765703799809
203.37,43.31,"aptation Choices Rei",18,93845.8,1,1765703799894
-1,-1,,,93929.5,1,1765703799978
-1,-1,,,94015.100000001,1,1765703800064
-1,-1,,,94126.8,1,1765703800176
-1,-1,,,94208.700000001,1,1765703800257
-1,-1,,,94286.400000001,1,1765703800335
-1,-1,,,94388.5,1,1765703800437
-1,-1,,,94475,1,1765703800524
-1,-1,,,94584,1,1765703800634
24.06,135.76,"domestic wo",882,94666.100000001,1,1765703800715
94.25,87.66,"domestic workers f",889,94755.3,1,1765703800804
123.65,75.36,"domestic workers fac",891,94833.600000001,1,1765703800883
200.84,32.1,"le for white audienc",829,94915.3,1,1765703800964
-1,-1,,,94999.600000001,1,1765703801048
202.89,15.97,"e for white audience",830,95082.8,1,1765703801131
185.57,46.84,"ble for white audien",828,95183.600000001,1,1765703801232
267.33,101.93,"kers faced",903,95274.700000001,1,1765703801323
338.85,404.12,"yst**: The narrative",1073,95362.200000001,1,1765703801411
-1,-1,,,95445.900000001,1,1765703801494
-1,-1,,,95529.200000001,1,1765703801578
-1,-1,,,95611.3,1,1765703801660
-1,-1,,,95689,1,1765703801737
-1,-1,,,95775.600000001,1,1765703801824
-1,-1,,,95854,1,1765703801902
-1,-1,,,95928.100000001,1,1765703801976
-1,-1,,,96012.400000001,1,1765703802061
-1,-1,,,96096.700000001,1,1765703802145
-1,-1,,,96184.400000001,1,1765703802233
216.46,383.84,"er as catalyst**: Th",1062,96273,1,1765703802322
196.53,216.8,"ual goodwill can ove",983,96356.400000001,1,1765703802405
220.82,213.17,"resolution**: The r",923,96442.700000001,1,1765703802491
296.86,182.56,"tion**: The relative",930,96523.8,1,1765703802573
449.08,154.45,"latively upbeat endi",944,96604.400000001,1,1765703802653
544.63,147.05,"upbeat ending sugges",953,96687,1,1765703802736
662.87,93.27,"kers faced",903,96770.5,1,1765703802819
667.67,45.59,"ctual terror Black",872,96848.3,1,1765703802897
723.66,9.87,"terror Black",877,96930.5,1,1765703802979
-1,-1,,,97016.900000001,1,1765703803065
-1,-1,,,97114,1,1765703803162
-1,-1,,,97212.3,1,1765703803261
-1,-1,,,97300.600000001,1,1765703803349
-1,-1,,,97391.700000001,1,1765703803440
-1,-1,,,97483.900000001,1,1765703803532
-1,-1,,,97565,1,1765703803613
-1,-1,,,97653.200000001,1,1765703803702
703.79,41.18,"al terror Black",875,97738.700000001,1,1765703803787
598.06,9.99,"the actual terror B",866,97834.400000001,1,1765703803883
460.25,38.6,"ut undermines the ac",853,97920.8,1,1765703803970
245.54,3.43,"able viewing**: Redu",767,98010.900000001,1,1765703804060
111.38,46.98,"palatable for white",821,98101.3,1,1765703804150
-1,-1,,,98189.400000001,1,1765703804238
-1,-1,,,98271.700000001,1,1765703804320
-1,-1,,,98363.900000001,1,1765703804413
-1,-1,,,98466.900000001,1,1765703804516
-1,-1,,,98565.700000001,1,1765703804615
-1,-1,,,98655.100000001,1,1765703804704
-1,-1,,,98739,1,1765703804788
-1,-1,,,98816,1,1765703804865
-1,-1,,,98907.100000001,1,1765703804955
19.41,84.29,"them",541,98991,1,1765703805039
-1,-1,,,99082.5,1,1765703805131
-1,-1,,,99164.400000001,1,1765703805213
-1,-1,,,99238.200000001,1,1765703805287
-1,-1,,,99313.200000001,1,1765703805362
-1,-1,,,99405.200000001,1,1765703805453
-1,-1,,,99497.3,1,1765703805546
-1,-1,,,99565,1,1765703805613
-1,-1,,,99630.3,1,1765703805679
-1,-1,,,99700.400000001,1,1765703805749
-1,-1,,,99767.600000001,1,1765703805816
-1,-1,,,99851.400000001,1,1765703805901
-1,-1,,,99938.3,1,1765703805987
-1,-1,,,100020.4,1,1765703806069
-1,-1,,,100100.1,1,1765703806150
-1,-1,,,100167.2,1,1765703806216
-1,-1,,,100246.4,1,1765703806295
-1,-1,,,100310.6,1,1765703806359
-1,-1,,,100376.4,1,1765703806425
-1,-1,,,100446.2,1,1765703806495
-1,-1,,,100513.1,1,1765703806562
-1,-1,,,100577.9,1,1765703806626
-1,-1,,,100649.5,1,1765703806698
-1,-1,,,100718,1,1765703806767
-1,-1,,,100783.4,1,1765703806832
-1,-1,,,100902.9,1,1765703806951
-1,-1,,,100999.9,1,1765703807049
-1,-1,,,101099.6,1,1765703807150
-1,-1,,,101196.6,1,1765703807245
-1,-1,,,101287.4,1,1765703807336
-1,-1,,,101354.6,1,1765703807403
-1,-1,,,101444.5,1,1765703807493
49.25,132.41,"them",544,101513.5,1,1765703807562
81.58,95.72,"them",544,101575.2,1,1765703807624
94.7,113.91,"them",544,101647.9,1,1765703807696
210.89,140.42,"them",544,101713.7,1,1765703807762
240.21,188.57,"ng Violence and Hist",566,101777.9,1,1765703807826
262.57,87.95,"them",544,101844.4,1,1765703807893
310.66,39.94,"Skeeter's story of b",499,101913.8,1,1765703807962
187.28,78.56,"framed as Skeeter's",488,101982.1,1,1765703808031
205.09,60.69,"ramed as Skeeter's s",490,102048.8,1,1765703808098
166.16,45.49,"'s framed as Skeeter",486,102114.8,1,1765703808164
71.36,129.11,"them",544,102192.9,1,1765703808241
-1,-1,,,102265.9,1,1765703808314
-1,-1,,,102335.2,1,1765703808384
-1,-1,,,102411,1,1765703808460
-1,-1,,,102476.3,1,1765703808525
-1,-1,,,102547.8,1,1765703808596
-1,-1,,,102612.4,1,1765703808661
-1,-1,,,102683.4,1,1765703808732
-1,-1,,,102748.8,1,1765703808797
-1,-1,,,102814.4,1,1765703808863
-1,-1,,,102903.5,1,1765703808952
-1,-1,,,102982.3,1,1765703809031
-1,-1,,,103064.5,1,1765703809113
-1,-1,,,103152,1,1765703809200
-1,-1,,,103217.6,1,1765703809266
-1,-1,,,103282.8,1,1765703809331
-1,-1,,,103360.4,1,1765703809409
-1,-1,,,103426.1,1,1765703809474
-1,-1,,,103494.8,1,1765703809543
-1,-1,,,103567.6,1,1765703809616
445.59,427.11,"n systemic",745,103644.5,1,1765703809693
498.16,362.29,"r manageable and int",704,103715.7,1,1765703809764
555.04,300.99,"geable and interpers",710,103778.8,1,1765703809827
613.3,231.93,"brutal realities of",646,103842.8,1,1765703809891
652.39,216.55,"al Reality",590,103911.5,1,1765703809960
669.62,198.47,"al Reality",590,103980.2,1,1765703810029
661.34,168.32,"al Reality",590,104045.8,1,1765703810094
690.65,173.18,"al Reality",590,104114,1,1765703810163
674.01,110.67,"them",544,104183.9,1,1765703810233
678.55,168.26,"al Reality",590,104266,1,1765703810314
476.75,182.51,"ical Reality",588,104345,1,1765703810394
472.68,243.48,"softens the brutal",633,104408.2,1,1765703810457
431.16,215.63,"istorical Reality",583,104483.1,1,1765703810532
395.61,104.49,"them",544,104546.6,1,1765703810595
385.24,135.5,"them",544,104614.1,1,1765703810663
334.52,231.03,"**: The film softens",621,104680.5,1,1765703810730
327.52,267.19,"m**: The film soften",620,104748.3,1,1765703810797
395.8,259.14,"he film softens the",626,104829,1,1765703810878
459.63,339.36,"pear manageable and",701,104896.7,1,1765703810945
446.29,358.53,"ppear manageable and",700,104962.7,1,1765703811011
446.09,357.5,"ppear manageable and",700,105030.2,1,1765703811079
517.6,352.36,"manageable and inter",706,105099.2,1,1765703811148
529.5,318.12,"anageable and interp",707,105167.5,1,1765703811216
507.4,332.23,"manageable and inte",705,105247.9,1,1765703811297
479.46,276.71,"softens the brutal r",634,105325.3,1,1765703811374
501.86,298.21,"manageable and inte",705,105401.9,1,1765703811450
408.3,343.82,"sm appear manageable",696,105488.3,1,1765703811537
455.82,303.76,"pear manageable and",701,105564.8,1,1765703811614
508.23,436.93,"violence makes the",791,105631.9,1,1765703811680
616.44,434.96,,,105718.8,1,1765703811767
615.73,358.26,"e and interpersonal",715,105787.2,1,1765703811836
676.45,326.25,,,105860.5,1,1765703811909
773.55,355.53,,,105933.2,1,1765703811982
705.11,436.19,,,106001.7,1,1765703812050
520.91,412.37,"n systemic",745,106082.3,1,1765703812131
398.42,334.54,"ism appear manageabl",695,106157.8,1,1765703812206
296,310.62,"aking racism appear",686,106231.7,1,1765703812280
197.09,277.19,"itized racism**: The",608,106304.8,1,1765703812353
148.23,191.53,"Minimizing Violence",558,106386.8,1,1765703812435
79.87,250.85,"- **Sanitized ra",597,106466.1,1,1765703812515
-1,-1,,,106538.2,1,1765703812587
24.34,178.49,"## Minimizi",546,106619.9,1,1765703812669
-1,-1,,,106703.8,1,1765703812752
-1,-1,,,106787.3,1,1765703812836
-1,-1,,,106868.3,1,1765703812917
-1,-1,,,106957.4,1,1765703813006
-1,-1,,,107046.3,1,1765703813095
-1,-1,,,107127.1,1,1765703813176
-1,-1,,,107208.1,1,1765703813257
-1,-1,,,107290.6,1,1765703813339
-1,-1,,,107373.2,1,1765703813422
614.92,122.97,"them",544,107461.9,1,1765703813511
688.18,200.9,"al Reality",590,107549.5,1,1765703813598
685.88,223.86,"al Reality",590,107636.8,1,1765703813685
748.13,303.43,,,107736.6,1,1765703813785
775.22,338.71,,,107828.7,1,1765703813877
780.6,337.21,,,107911.8,1,1765703813960
784.46,376.87,,,107993.3,1,1765703814042
760.26,439.27,,,108077.3,1,1765703814126
721.5,425.76,,,108163.8,1,1765703814212
744.14,385.11,,,108270.7,1,1765703814319
725.88,379.25,,,108354.8,1,1765703814403
768.54,318.77,,,108457.9,1,1765703814506
739.81,304.64,,,108544,1,1765703814592
746.98,315.17,,,108637.8,1,1765703814686
704.05,366.32,,,108722.6,1,1765703814771
709.39,365.7,,,108806,1,1765703814854
702.75,339.34,,,108892.2,1,1765703814941
509.2,378.39,"n systemic",745,108966.9,1,1765703815015
266.56,403.76,"n systemic",745,109047.8,1,1765703815096
117.41,354.83,"Crow violence, makin",670,109119.3,1,1765703815168
-1,-1,,,109202.3,1,1765703815251
-1,-1,,,109283.5,1,1765703815332
-1,-1,,,109367.3,1,1765703815416
-1,-1,,,109452.6,1,1765703815501
-1,-1,,,109538.7,1,1765703815587
-1,-1,,,109615.4,1,1765703815664
-1,-1,,,109700.2,1,1765703815749
-1,-1,,,109782.4,1,1765703815831
-1,-1,,,109867.1,1,1765703815916
-1,-1,,,109945.2,1,1765703815994
-1,-1,,,110015.2,1,1765703816064
-1,-1,,,110098.7,1,1765703816147
-1,-1,,,110185.2,1,1765703816234
-1,-1,,,110264.5,1,1765703816313
-1,-1,,,110353.2,1,1765703816402
-1,-1,,,110433.9,1,1765703816483
21.18,266.04,"- **Sanitiz",592,110523.7,1,1765703816572
196.27,364.26,"n systemic",745,110598.6,1,1765703816647
368.37,433.22,"n systemic",745,110683,1,1765703816732
402.38,369.12,"n systemic",745,110769.7,1,1765703816818
373.88,476.24,,,110848.1,1,1765703816896
-1,-1,,,110932.1,1,1765703816980
-1,-1,,,111015.1,1,1765703817063
-1,-1,,,111086.5,1,1765703817135
-1,-1,,,111168.1,1,1765703817216
60.61,397.52,"than systemic",737,111250.6,1,1765703817299
3.67,334.05,"es of Jim",660,111352.1,1,1765703817401
-1,-1,,,111436.3,1,1765703817485
-1,-1,,,111526,1,1765703817575
-1,-1,,,111601.8,1,1765703817650
-1,-1,,,111686.3,1,1765703817735
-1,-1,,,111775.9,1,1765703817825
-1,-1,,,111853.7,1,1765703817902
-1,-1,,,111941,1,1765703817989
-1,-1,,,112038.4,1,1765703818087
-1,-1,,,112124.7,1,1765703818173
-1,-1,,,112209.2,1,1765703818258
-1,-1,,,112313.3,1,1765703818362
-1,-1,,,112406.8,1,1765703818455
-1,-1,,,112497.1,1,1765703818547
-1,-1,,,112592.4,1,1765703818641
-1,-1,,,112673.2,1,1765703818722
-1,-1,,,112776.9,1,1765703818826
-1,-1,,,112882.8,1,1765703818939
-1,-1,,,112970.8,1,1765703819019
-1,-1,,,113053.7,1,1765703819102
-1,-1,,,113131.3,1,1765703819180
-1,-1,,,113214.2,1,1765703819263
-1,-1,,,113295,1,1765703819343
-1,-1,,,113370.5,1,1765703819419
-1,-1,,,113461.8,1,1765703819510
-1,-1,,,113540,1,1765703819588
-1,-1,,,113619.9,1,1765703819668
-1,-1,,,113702,1,1765703819750
-1,-1,,,113785.6,1,1765703819834
-1,-1,,,113866.1,1,1765703819914
-1,-1,,,113953.4,1,1765703820002
-1,-1,,,114042.5,1,1765703820091
-1,-1,,,114119.7,1,1765703820169
-1,-1,,,114199.9,1,1765703820249
-1,-1,,,114288.8,1,1765703820338
-1,-1,,,114372.6,1,1765703820421
-1,-1,,,114451.5,1,1765703820500
-1,-1,,,114530.9,1,1765703820579
-1,-1,,,114600.1,1,1765703820648
-1,-1,,,114696.9,1,1765703820745
-1,-1,,,114783,1,1765703820831
-1,-1,,,114851.7,1,1765703820900
-1,-1,,,114927.4,1,1765703820976
-1,-1,,,114995.3,1,1765703821044
-1,-1,,,115084,1,1765703821132
-1,-1,,,115172.3,1,1765703821221
-1,-1,,,115252.8,1,1765703821301
-1,-1,,,115337.4,1,1765703821386
-1,-1,,,115416.4,1,1765703821465
-1,-1,,,115503.9,1,1765703821552
-1,-1,,,115578.7,1,1765703821627
59.67,423.72,"than systemic",737,115652.1,1,1765703821701
69.68,400.99,"than systemic",737,115732.4,1,1765703821781
57.69,393.2,"than systemic",736,115813.9,1,1765703821863
22.53,371.09,"than system",733,115898.5,1,1765703821947
40.07,310.62,"Crow violence",663,115988.4,1,1765703822037
-1,-1,,,116070,1,1765703822118
-1,-1,,,116154.1,1,1765703822203
-1,-1,,,116234.6,1,1765703822283
-1,-1,,,116317.8,1,1765703822366
-1,-1,,,116393.5,1,1765703822442
-1,-1,,,116465.3,1,1765703822514
-1,-1,,,116547.9,1,1765703822596
-1,-1,,,116631.1,1,1765703822679
-1,-1,,,116716,1,1765703822764
-1,-1,,,116798.2,1,1765703822847
-1,-1,,,116865.4,1,1765703822914
-1,-1,,,116945.2,1,1765703822993
-1,-1,,,117030.9,1,1765703823079
-1,-1,,,117117.2,1,1765703823166
-1,-1,,,117200,1,1765703823248
-1,-1,,,117277.6,1,1765703823326
-1,-1,,,117365.8,1,1765703823414
-1,-1,,,117445.4,1,1765703823494
-1,-1,,,117512.3,1,1765703823561
-1,-1,,,117595.3,1,1765703823644
-1,-1,,,117679.8,1,1765703823728
-1,-1,,,117750.4,1,1765703823799
-1,-1,,,117831.7,1,1765703823880
-1,-1,,,117914.2,1,1765703823963
-1,-1,,,118001.6,1,1765703824050
-1,-1,,,118080.1,1,1765703824128
-1,-1,,,118178.7,1,1765703824227
-1,-1,,,118264,1,1765703824312
-1,-1,,,118347.4,1,1765703824396
-1,-1,,,118425.5,1,1765703824474
-1,-1,,,118493.5,1,1765703824542
-1,-1,,,118578.7,1,1765703824627
-1,-1,,,118647.8,1,1765703824696
-1,-1,,,118731.5,1,1765703824780
-1,-1,,,118813.2,1,1765703824862
-1,-1,,,118897.2,1,1765703824946
-1,-1,,,118980,1,1765703825028
-1,-1,,,119063.7,1,1765703825112
-1,-1,,,119146.8,1,1765703825195
-1,-1,,,119236.6,1,1765703825285
-1,-1,,,119311.3,1,1765703825360
-1,-1,,,119397.2,1,1765703825445
-1,-1,,,119475.6,1,1765703825524
-1,-1,,,119547,1,1765703825595
-1,-1,,,119616.5,1,1765703825665
-1,-1,,,119697,1,1765703825745
-1,-1,,,119777.1,1,1765703825825
-1,-1,,,119861,1,1765703825909
-1,-1,,,119950.2,1,1765703825998
-1,-1,,,120025.3,1,1765703826074
-1,-1,,,120094.5,1,1765703826143
-1,-1,,,120184.7,1,1765703826233
-1,-1,,,120261.4,1,1765703826310
-1,-1,,,120332.3,1,1765703826381
-1,-1,,,120418.8,1,1765703826467
-1,-1,,,120496.8,1,1765703826545
-1,-1,,,120575,1,1765703826623
-1,-1,,,120641.9,1,1765703826690
-1,-1,,,120715.4,1,1765703826764
58.9,455.91,"- **Comfortable",751,120796.5,1,1765703826845
26.63,431.48,"than systemi",734,120877.3,1,1765703826926
-1,-1,,,120967.7,1,1765703827016
-1,-1,,,121044.9,1,1765703827093
-1,-1,,,121133,1,1765703827181
-1,-1,,,121213.5,1,1765703827262
-1,-1,,,121293.8,1,1765703827342
-1,-1,,,121360.3,1,1765703827409
-1,-1,,,121444.1,1,1765703827492
-1,-1,,,121528.6,1,1765703827577
-1,-1,,,121612.4,1,1765703827661
-1,-1,,,121691,1,1765703827739
-1,-1,,,121763.3,1,1765703827812
-1,-1,,,121843.2,1,1765703827892
-1,-1,,,121926.1,1,1765703827975
-1,-1,,,122011.5,1,1765703828060
-1,-1,,,122081.2,1,1765703828130
-1,-1,,,122164.9,1,1765703828213
-1,-1,,,122236.1,1,1765703828284
-1,-1,,,122306.2,1,1765703828355
-1,-1,,,122371,1,1765703828419
-1,-1,,,122439.4,1,1765703828488
-1,-1,,,122504.5,1,1765703828553
-1,-1,,,122573.5,1,1765703828622
-1,-1,,,122639.6,1,1765703828688
-1,-1,,,122715.1,1,1765703828763
-1,-1,,,122797.4,1,1765703828846
-1,-1,,,122872.8,1,1765703828921
-1,-1,,,122950.6,1,1765703828999
-1,-1,,,123027.8,1,1765703829076
-1,-1,,,123119.7,1,1765703829168
-1,-1,,,123206.7,1,1765703829255
-1,-1,,,123281.8,1,1765703829330
-1,-1,,,123364,1,1765703829412
-1,-1,,,123436.1,1,1765703829485
-1,-1,,,123549.8,1,1765703829598
-1,-1,,,123629.7,1,1765703829678
-1,-1,,,123716.4,1,1765703829765
-1,-1,,,123797.9,1,1765703829846
-1,-1,,,123830.6,1,1765703829922
-1,-1,,,123955.4,1,1765703842629
-1,-1,,,124037.9,1,1765703842712
-1,-1,,,124128.4,1,1765703842802
-1,-1,,,124197.1,1,1765703842871
-1,-1,,,124289.7,1,1765703842964
-1,-1,,,124366,1,1765703843040
-1,-1,,,124440.7,1,1765703843115
-1,-1,,,124522.6,1,1765703843196
-1,-1,,,124602,1,1765703843276
-1,-1,,,124690.9,1,1765703843365
-1,-1,,,124771.9,1,1765703843446
-1,-1,,,124849.8,1,1765703843524
-1,-1,,,124926.7,1,1765703843601
-1,-1,,,125012.6,1,1765703843687
-1,-1,,,125095.1,1,1765703843769
-1,-1,,,125180.9,1,1765703843855
-1,-1,,,125267.8,1,1765703843942
-1,-1,,,125359.4,1,1765703844033
-1,-1,,,125443.7,1,1765703844117
-1,-1,,,125527.9,1,1765703844202
-1,-1,,,125616.1,1,1765703844290
-1,-1,,,125692.5,1,1765703844366
-1,-1,,,125772.9,1,1765703844447
-1,-1,,,125855.1,1,1765703844529
-1,-1,,,125934.3,1,1765703844608
-1,-1,,,126011.7,1,1765703844686
-1,-1,,,126099.9,1,1765703844774
-1,-1,,,126174.8,1,1765703844849
-1,-1,,,126261.7,1,1765703844936
-1,-1,,,126356.9,1,1765703845031
-1,-1,,,126447.8,1,1765703845122
-1,-1,,,126538.7,1,1765703845213
-1,-1,,,126637.4,1,1765703845311
-1,-1,,,126715.9,1,1765703845390
-1,-1,,,126796.6,1,1765703845470
-1,-1,,,126879.3,1,1765703845553
-1,-1,,,126961.5,1,1765703845635
-1,-1,,,127044.8,1,1765703845719
-1,-1,,,127127.5,1,1765703845801
-1,-1,,,127201.9,1,1765703845876
-1,-1,,,127285,1,1765703845959
-1,-1,,,127370.5,1,1765703846044
-1,-1,,,127460.5,1,1765703846134
-1,-1,,,127547.8,1,1765703846222
-1,-1,,,127627.7,1,1765703846302
-1,-1,,,127713.9,1,1765703846388
-1,-1,,,127795.7,1,1765703846470
-1,-1,,,127879.3,1,1765703846553
-1,-1,,,127968.7,1,1765703846643
-1,-1,,,128086.5,1,1765703846760
-1,-1,,,128173.5,1,1765703846847
-1,-1,,,128270.8,1,1765703846945
-1,-1,,,128361,1,1765703847035
-1,-1,,,128438.5,1,1765703847112
-1,-1,,,128528.9,1,1765703847203
-1,-1,,,128613.6,1,1765703847287
-1,-1,,,128697.8,1,1765703847372
-1,-1,,,128778.5,1,1765703847452
-1,-1,,,128864.9,1,1765703847539
-1,-1,,,128952,1,1765703847626
-1,-1,,,129038.6,1,1765703847712
-1,-1,,,129132.2,1,1765703847806
-1,-1,,,129218.5,1,1765703847892
-1,-1,,,129293.3,1,1765703847967
-1,-1,,,129369.9,1,1765703848044
-1,-1,,,129454.2,1,1765703848128
-1,-1,,,129537.6,1,1765703848211
-1,-1,,,129621.4,1,1765703848295
-1,-1,,,129703.3,1,1765703848377
-1,-1,,,129785.4,1,1765703848459
-1,-1,,,129863,1,1765703848537
-1,-1,,,129949,1,1765703848623
-1,-1,,,130035.2,1,1765703848709
-1,-1,,,130125.9,1,1765703848800
-1,-1,,,130204.2,1,1765703848878
-1,-1,,,130304,1,1765703848978
-1,-1,,,130388.2,1,1765703849062
-1,-1,,,130479.7,1,1765703849154
-1,-1,,,130557.4,1,1765703849231
-1,-1,,,130638,1,1765703849312
-1,-1,,,130721,1,1765703849395
-1,-1,,,130802.5,1,1765703849476
-1,-1,,,130885.9,1,1765703849560
-1,-1,,,130969.6,1,1765703849643
-1,-1,,,131051,1,1765703849725
-1,-1,,,131137.7,1,1765703849812
-1,-1,,,131217.6,1,1765703849891
-1,-1,,,131299.4,1,1765703849973
-1,-1,,,131381.3,1,1765703850055
-1,-1,,,131460.3,1,1765703850134
-1,-1,,,131541.4,1,1765703850215
-1,-1,,,131621.1,1,1765703850295
-1,-1,,,131699.2,1,1765703850373
-1,-1,,,131779,1,1765703850453
-1,-1,,,131855.9,1,1765703850530
-1,-1,,,131933,1,1765703850607
-1,-1,,,132009,1,1765703850683
-1,-1,,,132088.2,1,1765703850762
-1,-1,,,132166.9,1,1765703850841
-1,-1,,,132250,1,1765703850924
-1,-1,,,132331.1,1,1765703851005
-1,-1,,,132408.4,1,1765703851082
-1,-1,,,132487.9,1,1765703851162
-1,-1,,,132569,1,1765703851243
-1,-1,,,132659.5,1,1765703851333
-1,-1,,,132741.3,1,1765703851415
-1,-1,,,132828.5,1,1765703851502
-1,-1,,,132914.4,1,1765703851588
-1,-1,,,133050.1,1,1765703851724
-1,-1,,,133140.5,1,1765703851814
-1,-1,,,133229.9,1,1765703851904
-1,-1,,,133305.7,1,1765703851980
-1,-1,,,133378.7,1,1765703852052
-1,-1,,,133465.6,1,1765703852139
-1,-1,,,133550.3,1,1765703852224
-1,-1,,,133624.4,1,1765703852298
-1,-1,,,133703.1,1,1765703852377
-1,-1,,,133781.2,1,1765703852455
-1,-1,,,133852.3,1,1765703852526
-1,-1,,,133921.9,1,1765703852596
-1,-1,,,134006.7,1,1765703852680
-1,-1,,,134090.7,1,1765703852765
-1,-1,,,134181.2,1,1765703852855
-1,-1,,,134275.7,1,1765703852950
-1,-1,,,134364.2,1,1765703853038
-1,-1,,,134451.4,1,1765703853125
-1,-1,,,134527.8,1,1765703853202
-1,-1,,,134602.6,1,1765703853276
171.06,469.44,"eriod nostalgia**: T",266,134677.4,1,1765703853352
79.06,423.94,"subject matter",242,134746.6,1,1765703853421
34.88,403.45,"subject matt",238,134846.6,1,1765703853521
15.24,311.38,"production",170,134939.4,1,1765703853614
36.52,285.81,"- **Visual c",106,135013.7,1,1765703853688
57.77,255.64,"- **Visual com",108,135098.4,1,1765703853773
71.02,177.37,"### Creating Acc",83,135177.9,1,1765703853852
53.13,145.23,"## Bright, Nos",42,135245.2,1,1765703853920
54.31,160.71,"### Creating A",81,135317.3,1,1765703853992
60.78,130.1,"## Bright, Nost",43,135397.4,1,1765703854072
42.19,137.95,"## Bright, No",41,135470.3,1,1765703854145
44.64,0.56,"# Strategic F",3,135547.7,1,1765703854222
-1,-1,,,135626.5,1,1765703854301
-1,-1,,,135700.9,1,1765703854375
-1,-1,,,135780.9,1,1765703854455
47.02,11.9,"# Strategic F",3,135867.8,1,1765703854542
-1,-1,,,135935.6,1,1765703854610
-1,-1,,,136012.4,1,1765703854686
-1,-1,,,136089.7,1,1765703854764
74.34,53.21,"# Strategic Func",6,136162,1,1765703854836
85.22,37.48,"# Strategic Funct",7,136242.7,1,1765703854917
159.81,1.38,"rategic Functions of",14,136332,1,1765703855006
246.36,61.33,"Functions of Visual",22,136424.9,1,1765703855099
323.37,157.1,"essibility",103,136513.6,1,1765703855188
-1,-1,,,136605,1,1765703855279
-1,-1,,,136693.4,1,1765703855367
-1,-1,,,136783.4,1,1765703855457
-1,-1,,,136880.4,1,1765703855554
-1,-1,,,136969,1,1765703855643
-1,-1,,,137063.4,1,1765703855737
-1,-1,,,137157.6,1,1765703855832
-1,-1,,,137248.8,1,1765703855923
-1,-1,,,137331.7,1,1765703856006
-1,-1,,,137407,1,1765703856081
-1,-1,,,137490.6,1,1765703856164
-1,-1,,,137583.7,1,1765703856258
-1,-1,,,137668.3,1,1765703856342
-1,-1,,,137763.2,1,1765703856437
-1,-1,,,137860.8,1,1765703856535
-1,-1,,,137978.3,1,1765703856652
-1,-1,,,138073.8,1,1765703856748
-1,-1,,,138154.9,1,1765703856829
-1,-1,,,138231.7,1,1765703856906
-1,-1,,,138319.3,1,1765703856993
-1,-1,,,138400,1,1765703857074
-1,-1,,,138492.3,1,1765703857166
-1,-1,,,138568.7,1,1765703857243
-1,-1,,,138645.5,1,1765703857319
-1,-1,,,138737.6,1,1765703857412
-1,-1,,,138931.8,1,1765703857606
-1,-1,,,139074.1,1,1765703880382
-1,-1,,,139154.8,1,1765703880462
-1,-1,,,139233.9,1,1765703880542
-1,-1,,,139308.8,1,1765703880616
-1,-1,,,139391.2,1,1765703880699
-1,-1,,,139467.7,1,1765703880775
-1,-1,,,139546.1,1,1765703880854
-1,-1,,,139640.3,1,1765703880948
-1,-1,,,139731.1,1,1765703881040
-1,-1,,,139818.8,1,1765703881127
-1,-1,,,139899.3,1,1765703881207
-1,-1,,,139986.2,1,1765703881294
-1,-1,,,140071.6,1,1765703881380
-1,-1,,,140152.1,1,1765703881460
-1,-1,,,140242.3,1,1765703881550
-1,-1,,,140356.5,1,1765703881664
-1,-1,,,140467.3,1,1765703881775
-1,-1,,,140574.8,1,1765703881882
-1,-1,,,140680.2,1,1765703881988
-1,-1,,,140776.9,1,1765703882085
-1,-1,,,140861,1,1765703882169
-1,-1,,,140941.1,1,1765703882249
-1,-1,,,141028.5,1,1765703882336
-1,-1,,,141117.2,1,1765703882425
-1,-1,,,141197.4,1,1765703882505
-1,-1,,,141279.4,1,1765703882587
-1,-1,,,141350.1,1,1765703882658
-1,-1,,,141420.1,1,1765703882728
-1,-1,,,141500.9,1,1765703882809
-1,-1,,,141593,1,1765703882901
-1,-1,,,141683.5,1,1765703882991
-1,-1,,,141763.9,1,1765703883072
-1,-1,,,141834.1,1,1765703883142
-1,-1,,,141902.1,1,1765703883210
-1,-1,,,141979.3,1,1765703883287
-1,-1,,,142051.5,1,1765703883360
-1,-1,,,142124.4,1,1765703883433
-1,-1,,,142197.1,1,1765703883506
-1,-1,,,142284.7,1,1765703883593
-1,-1,,,142361.8,1,1765703883670
-1,-1,,,142438.1,1,1765703883747
-1,-1,,,142517.2,1,1765703883826
-1,-1,,,142600.4,1,1765703883909
-1,-1,,,142678.8,1,1765703883987
108.63,167.94,"### Creating Access",86,142797.1,1,1765703884106
172.21,132.03,"ight, Nostalgic Aest",53,142880.6,1,1765703884189
207.42,28.3,"gic Functions of Vis",18,142964.3,1,1765703884272
-1,-1,,,143044.3,1,1765703884352
-1,-1,,,143123.8,1,1765703884432
444.26,33.05,"sual Style",37,143207.5,1,1765703884515
432.91,25.85,"sual Style",37,143291.8,1,1765703884600
469.49,12.32,"sual Style",37,143380.5,1,1765703884689
535.57,30.32,"sual Style",37,143468.4,1,1765703884776
665.24,12.45,"sual Style",37,143556.6,1,1765703884864
-1,-1,,,143660.2,1,1765703884968
-1,-1,,,143754,1,1765703885062
-1,-1,,,143841.8,1,1765703885150
-1,-1,,,143917,1,1765703885225
-1,-1,,,144002.3,1,1765703885310
-1,-1,,,144091.9,1,1765703885399
-1,-1,,,144168,1,1765703885476
619.17,9.85,"sual Style",37,144241.3,1,1765703885549
-1,-1,,,144318.2,1,1765703885626
650.09,2.53,"sual Style",37,144402.2,1,1765703885710
618.27,3.93,"sual Style",37,144472.8,1,1765703885781
436.76,42.7,"sual Style",37,144551.9,1,1765703885860
375.04,17.71,"f Visual Style",33,144626,1,1765703885934
352.36,14.82,"of Visual Style",31,144705.9,1,1765703886014
-1,-1,,,144783,1,1765703886091
-1,-1,,,144860.1,1,1765703886168
-1,-1,,,144936.8,1,1765703886244
-1,-1,,,145016,1,1765703886324
-1,-1,,,145091.4,1,1765703886399
-1,-1,,,145169.9,1,1765703886478
-1,-1,,,145253.1,1,1765703886561
-1,-1,,,145343.9,1,1765703886652
217.26,94.8,", Nostalgic Aestheti",57,145454.2,1,1765703886762
216.19,198.16,"ing Accessibility",96,145553.6,1,1765703886862
-1,-1,,,145639.5,1,1765703886947
-1,-1,,,145719.4,1,1765703887027
-1,-1,,,145811.2,1,1765703887119
-1,-1,,,145895.4,1,1765703887203
-1,-1,,,145980.3,1,1765703887288
-1,-1,,,146060.6,1,1765703887368
-1,-1,,,146148.2,1,1765703887456
-1,-1,,,146223.6,1,1765703887531
-1,-1,,,146302,1,1765703887610
-1,-1,,,146384.3,1,1765703887692
-1,-1,,,146460.7,1,1765703887768
-1,-1,,,146551.1,1,1765703887859
-1,-1,,,146637.1,1,1765703887945
-1,-1,,,146722.9,1,1765703888031
111.68,395.25,"subject matter",245,146807.4,1,1765703888116
105.95,342.05,"production design c",178,146881.4,1,1765703888190
112.38,322.71,"production design c",178,146965.6,1,1765703888274
80.15,441.08,"- **Period nosta",257,147066.8,1,1765703888375
9.03,472.48,"- **Period",251,147152.4,1,1765703888461
-1,-1,,,147233.1,1,1765703888541
-1,-1,,,147309.5,1,1765703888617
-1,-1,,,147383.4,1,1765703888691
-1,-1,,,147461,1,1765703888769
-1,-1,,,147531.9,1,1765703888840
-1,-1,,,147611.9,1,1765703888920
-1,-1,,,147707.7,1,1765703889016
-1,-1,,,147788.2,1,1765703889096
-1,-1,,,147864.6,1,1765703889172
-1,-1,,,147946.3,1,1765703889255
-1,-1,,,148028.5,1,1765703889338
-1,-1,,,148117.6,1,1765703889426
-1,-1,,,148200.3,1,1765703889508
-1,-1,,,148279,1,1765703889587
-1,-1,,,148373.7,1,1765703889681
-1,-1,,,148471.2,1,1765703889779
-1,-1,,,148550,1,1765703889858
-1,-1,,,148634.1,1,1765703889942
-1,-1,,,148716.7,1,1765703890024
-1,-1,,,148804.2,1,1765703890112
-1,-1,,,148889.5,1,1765703890197
-1,-1,,,148980.4,1,1765703890288
-1,-1,,,149063,1,1765703890371
-1,-1,,,149150.7,1,1765703890459
17.45,124.73,"discomfort",524,149239.7,1,1765703890548
31.94,65.89,"violence eas",462,149331.4,1,1765703890639
54.81,27.78,"violence easie",464,149423,1,1765703890731
35.16,17.69,"violence eas",462,149501.4,1,1765703890810
-1,-1,,,149588.3,1,1765703890896
-1,-1,,,149671.9,1,1765703890980
-1,-1,,,149756.5,1,1765703891064
-1,-1,,,149849.2,1,1765703891157
-1,-1,,,149941.7,1,1765703891249
-1,-1,,,150034.3,1,1765703891342
-1,-1,,,150122.7,1,1765703891430
-1,-1,,,150208.3,1,1765703891516
-1,-1,,,150297.8,1,1765703891605
-1,-1,,,150374.3,1,1765703891682
-1,-1,,,150454.1,1,1765703891762
-1,-1,,,150553.7,1,1765703891861
-1,-1,,,150644.5,1,1765703891952
-1,-1,,,150732.8,1,1765703892040
-1,-1,,,150819.8,1,1765703892127
-1,-1,,,150919.3,1,1765703892227
-1,-1,,,151018.9,1,1765703892327
-1,-1,,,151120.2,1,1765703892428
-1,-1,,,151204.9,1,1765703892513
-1,-1,,,151289.3,1,1765703892597
-1,-1,,,151381.2,1,1765703892689
-1,-1,,,151472.2,1,1765703892780
-1,-1,,,151573.2,1,1765703892881
-1,-1,,,151657,1,1765703892965
-1,-1,,,151747.5,1,1765703893055
-1,-1,,,151831,1,1765703893139
-1,-1,,,151944.2,1,1765703893252
-1,-1,,,152034.3,1,1765703893342
-1,-1,,,152118.6,1,1765703893426
-1,-1,,,152198.6,1,1765703893506
-1,-1,,,152278.3,1,1765703893586
-1,-1,,,152356.1,1,1765703893664
-1,-1,,,152434.8,1,1765703893742
-1,-1,,,152514.7,1,1765703893822
-1,-1,,,152598.8,1,1765703893906
-1,-1,,,152684.1,1,1765703893992
-1,-1,,,152764.7,1,1765703894072
-1,-1,,,152846.5,1,1765703894154
-1,-1,,,152934.2,1,1765703894242
-1,-1,,,153016.5,1,1765703894324
-1,-1,,,153100.2,1,1765703894408
-1,-1,,,153186.2,1,1765703894494
-1,-1,,,153262.3,1,1765703894570
-1,-1,,,153356.5,1,1765703894664
-1,-1,,,153434.7,1,1765703894742
-1,-1,,,153515.4,1,1765703894823
-1,-1,,,153594.2,1,1765703894902
-1,-1,,,153671,1,1765703894979
-1,-1,,,153755.7,1,1765703895063
-1,-1,,,153835.7,1,1765703895143
-1,-1,,,153919.3,1,1765703895227
-1,-1,,,154012.3,1,1765703895320
-1,-1,,,154104.2,1,1765703895412
-1,-1,,,154195.1,1,1765703895503
-1,-1,,,154274.4,1,1765703895583
-1,-1,,,154368.8,1,1765703895677
-1,-1,,,154449.6,1,1765703895758
-1,-1,,,154529.1,1,1765703895837
-1,-1,,,154608.7,1,1765703895918
-1,-1,,,154691.3,1,1765703896000
-1,-1,,,154780.9,1,1765703896089
-1,-1,,,154879.9,1,1765703896188
-1,-1,,,154967.2,1,1765703896275
-1,-1,,,155065.2,1,1765703896373
-1,-1,,,155156.8,1,1765703896464
-1,-1,,,155242.6,1,1765703896550
-1,-1,,,155331,1,1765703896639
-1,-1,,,155410.4,1,1765703896718
-1,-1,,,155485.1,1,1765703896793
-1,-1,,,155582.4,1,1765703896890
-1,-1,,,155666.8,1,1765703896974
-1,-1,,,155745.7,1,1765703897053
-1,-1,,,155833.6,1,1765703897141
-1,-1,,,155925.6,1,1765703897233
-1,-1,,,155993.6,1,1765703897301
-1,-1,,,156080.6,1,1765703897388
-1,-1,,,156166.2,1,1765703897474
-1,-1,,,156243.7,1,1765703897552
-1,-1,,,156331.5,1,1765703897640
-1,-1,,,156410.4,1,1765703897718
-1,-1,,,156484.8,1,1765703897793
-1,-1,,,156564.2,1,1765703897872
-1,-1,,,156645.6,1,1765703897953
-1,-1,,,156734.1,1,1765703898042
-1,-1,,,156816.3,1,1765703898125
-1,-1,,,156904.9,1,1765703898213
-1,-1,,,156979.7,1,1765703898287
-1,-1,,,157080.5,1,1765703898388
-1,-1,,,157154.8,1,1765703898462
-1,-1,,,157231.4,1,1765703898539
-1,-1,,,157314.9,1,1765703898623
-1,-1,,,157395.6,1,1765703898703
-1,-1,,,157462.6,1,1765703898770
-1,-1,,,157546.9,1,1765703898855
514.33,385.51,"l visuals clash with",731,157628,1,1765703898936
469.51,296.29,"th Content",684,157721.4,1,1765703899030
442.88,241.65,"ational Civil Rights",642,157806.5,1,1765703899115
366.61,191.77,": Reduces visual bar",566,157906.7,1,1765703899215
384.54,240.91,"frontational Civil R",637,157987.1,1,1765703899295
355.79,265.94,"onfrontational Civil",635,158065.9,1,1765703899375
369.96,263.07,"nfrontational Civil",636,158155.4,1,1765703899464
465.04,301.94,"th Content",684,158232.7,1,1765703899541
411.27,263.55,"ntational Civil Righ",640,158314.1,1,1765703899622
429.43,280.6,"tational Civil Right",641,158399.5,1,1765703899708
454.01,289.09,"tional Civil Rights",643,158473.5,1,1765703899782
477.09,337.73,"th Content",684,158547.8,1,1765703899856
482.44,329.46,"th Content",684,158631.9,1,1765703899940
464.16,367.47,"utiful visuals clash",726,158716.4,1,1765703900025
489.3,415.71,"ful visuals clash wi",729,158803.5,1,1765703900112
502.4,419.45,"ul visuals clash wit",730,158885.8,1,1765703900194
501.86,439.63,"oppression",779,158965.6,1,1765703900275
-1,-1,,,159154.8,1,1765703900463
-1,-1,,,159294.6,1,1765703900603
-1,-1,,,159387,1,1765703900695
629.02,447.27,,,159485.8,1,1765703900794
609.35,354.76,"th Content",684,159579.3,1,1765703900888
696.57,280.16,"ghts films",658,159672.7,1,1765703900981
727.48,243.86,"ghts films",658,159776.8,1,1765703901085
735.72,315.27,,,159868.4,1,1765703901176
719.63,316.77,,,159968.6,1,1765703901277
744.14,208.3,"for viewers",601,160053.2,1,1765703901361
794.67,177.08,"r viewers",603,160134.7,1,1765703901443
785.3,110.91,"discomfort",533,160212.7,1,1765703901521
794.86,127.2,"discomfort",533,160293.8,1,1765703901602
788.87,123.75,"discomfort",533,160384,1,1765703901692
668.8,64.51,"hout genuine",520,160473.3,1,1765703901782
616.51,14.84,"e without genuine",515,160578.1,1,1765703901886
558.4,11.13,"tified" South makes",443,160669.1,1,1765703901977
-1,-1,,,160764.4,1,1765703902072
-1,-1,,,160864.8,1,1765703902173
-1,-1,,,160989.1,1,1765703902297
-1,-1,,,161088.5,1,1765703902396
-1,-1,,,161172,1,1765703902480
-1,-1,,,161250.8,1,1765703902558
-1,-1,,,161337.1,1,1765703902645
-1,-1,,,161481.7,1,1765703902789
-1,-1,,,161571.1,1,1765703902879
-1,-1,,,161658.1,1,1765703902966
-1,-1,,,161757.6,1,1765703903065
-1,-1,,,161847.6,1,1765703903155
-1,-1,,,161946.2,1,1765703903254
-1,-1,,,162036.8,1,1765703903344
-1,-1,,,162165.8,1,1765703903473
-1,-1,,,162263.4,1,1765703903571
105.25,179,"- **Gateway approac",543,162356.9,1,1765703903665
96.41,250.24,"who might avoid mo",611,162445.1,1,1765703903754
44.5,218.18,"- **Gateway a",537,162544.8,1,1765703903853
22.73,217.36,"who might a",604,162635.4,1,1765703903944
36.48,202.18,"### Contrast",661,162727.5,1,1765703904036
58.3,171.46,"- **Ironic jux",784,162819.4,1,1765703904128
15.82,183.84,"- **Ironic",781,162912.1,1,1765703904220
48.98,181.03,"- **Ironic jux",784,163001.3,1,1765703904309
48.39,234.9,"possible by ex",851,163089.2,1,1765703904398
49.48,344.54,"- **Safe dista",962,163176.3,1,1765703904485
-1,-1,,,163262.5,1,1765703904570
-1,-1,,,163347,1,1765703904655
-1,-1,,,163436.6,1,1765703904744
-1,-1,,,163547.9,1,1765703904856
-1,-1,,,163634.3,1,1765703904942
-1,-1,,,163728.5,1,1765703905036
-1,-1,,,163805.6,1,1765703905113
-1,-1,,,163907.4,1,1765703905215
-1,-1,,,163999.5,1,1765703905307
-1,-1,,,164079.7,1,1765703905388
-1,-1,,,164152.1,1,1765703905460
-1,-1,,,164233.6,1,1765703905541
-1,-1,,,164316,1,1765703905624
-1,-1,,,164399,1,1765703905707
-1,-1,,,164479.3,1,1765703905787
-1,-1,,,164566.5,1,1765703905874
-1,-1,,,164645,1,1765703905953
-1,-1,,,164729.5,1,1765703906037
-1,-1,,,164811.4,1,1765703906119
-1,-1,,,164896.9,1,1765703906205
-1,-1,,,164977.3,1,1765703906285
-1,-1,,,165052.7,1,1765703906360
-1,-1,,,165129.6,1,1765703906437
-1,-1,,,165205.6,1,1765703906513
-1,-1,,,165283,1,1765703906591
-1,-1,,,165379.8,1,1765703906687
-1,-1,,,165479.4,1,1765703906787
-1,-1,,,165583.9,1,1765703906892
-1,-1,,,165671.4,1,1765703906979
-1,-1,,,165759.9,1,1765703907068
-1,-1,,,165836.6,1,1765703907144
-1,-1,,,165924.9,1,1765703907233
-1,-1,,,166024.7,1,1765703907332
-1,-1,,,166107.9,1,1765703907416
-1,-1,,,166197,1,1765703907505
-1,-1,,,166290.4,1,1765703907598
-1,-1,,,166396.3,1,1765703907704
-1,-1,,,166489.9,1,1765703907797
-1,-1,,,166576.4,1,1765703907884
-1,-1,,,166662.3,1,1765703907970
-1,-1,,,166764.1,1,1765703908072
-1,-1,,,166846,1,1765703908154
-1,-1,,,166928.5,1,1765703908236
-1,-1,,,167008.3,1,1765703908316
-1,-1,,,167084,1,1765703908392
-1,-1,,,167164.1,1,1765703908472
-1,-1,,,167271.7,1,1765703908579
-1,-1,,,167355.8,1,1765703908663
-1,-1,,,167432.7,1,1765703908740
-1,-1,,,167512.1,1,1765703908820
-1,-1,,,167590.9,1,1765703908899
-1,-1,,,167679.1,1,1765703908987
-1,-1,,,167766.9,1,1765703909075
-1,-1,,,167842.9,1,1765703909151
-1,-1,,,167925.5,1,1765703909233
-1,-1,,,168008.1,1,1765703909316
-1,-1,,,168094.2,1,1765703909402
-1,-1,,,168177.3,1,1765703909485
-1,-1,,,168249.5,1,1765703909557
-1,-1,,,168323.2,1,1765703909631
-1,-1,,,168410.7,1,1765703909718
-1,-1,,,168490.4,1,1765703909798
-1,-1,,,168578.5,1,1765703909886
-1,-1,,,168659.5,1,1765703909967
-1,-1,,,168743.5,1,1765703910051
-1,-1,,,168826.8,1,1765703910134
-1,-1,,,168905.6,1,1765703910213
-1,-1,,,168997.3,1,1765703910305
-1,-1,,,169083.4,1,1765703910391
-1,-1,,,169163.4,1,1765703910471
-1,-1,,,169248.3,1,1765703910556
-1,-1,,,169327.1,1,1765703910635
-1,-1,,,169413.9,1,1765703910722
-1,-1,,,169493.5,1,1765703910801
-1,-1,,,169572.1,1,1765703910880
-1,-1,,,169656.5,1,1765703910964
-1,-1,,,169728.6,1,1765703911036
-1,-1,,,169805.5,1,1765703911113
-1,-1,,,169876.2,1,1765703911184
-1,-1,,,169959,1,1765703911267
-1,-1,,,170039.8,1,1765703911347
-1,-1,,,170111.6,1,1765703911419
-1,-1,,,170196.3,1,1765703911504
-1,-1,,,170279.9,1,1765703911588
-1,-1,,,170363.1,1,1765703911671
-1,-1,,,170442.2,1,1765703911750
-1,-1,,,170526.9,1,1765703911835
-1,-1,,,170609.3,1,1765703911917
-1,-1,,,170691.2,1,1765703911999
-1,-1,,,170774.3,1,1765703912082
-1,-1,,,170860.8,1,1765703912168
-1,-1,,,170935.1,1,1765703912243
-1,-1,,,171019.1,1,1765703912327
-1,-1,,,171095.1,1,1765703912403
-1,-1,,,171177.8,1,1765703912485
-1,-1,,,171260.3,1,1765703912568
-1,-1,,,171339.2,1,1765703912647
-1,-1,,,171423.6,1,1765703912731
-1,-1,,,171524.3,1,1765703912832
-1,-1,,,171606.6,1,1765703912914
-1,-1,,,171673.8,1,1765703912981
-1,-1,,,171761.2,1,1765703913069
-1,-1,,,171839.1,1,1765703913147
-1,-1,,,171917.2,1,1765703913225
-1,-1,,,171996.5,1,1765703913304
-1,-1,,,172080.6,1,1765703913388
-1,-1,,,172170.4,1,1765703913478
-1,-1,,,172251.5,1,1765703913559
-1,-1,,,172334.3,1,1765703913642
-1,-1,,,172421.7,1,1765703913729
-1,-1,,,172500.6,1,1765703913808
-1,-1,,,172605.8,1,1765703913913
-1,-1,,,172685.4,1,1765703913993
-1,-1,,,172775.3,1,1765703914083
-1,-1,,,172861.6,1,1765703914169
-1,-1,,,172952,1,1765703914260
-1,-1,,,173039.5,1,1765703914347
-1,-1,,,173128.1,1,1765703914436
-1,-1,,,173214.8,1,1765703914522
-1,-1,,,173297.6,1,1765703914605
-1,-1,,,173381,1,1765703914689
-1,-1,,,173451.8,1,1765703914759
-1,-1,,,173526.7,1,1765703914834
-1,-1,,,173605.2,1,1765703914913
-1,-1,,,173688.3,1,1765703914996
-1,-1,,,173763,1,1765703915071
-1,-1,,,173836.8,1,1765703915144
-1,-1,,,173917.8,1,1765703915225
-1,-1,,,174005.6,1,1765703915313
-1,-1,,,174082.4,1,1765703915390
-1,-1,,,174161.9,1,1765703915469
-1,-1,,,174236.3,1,1765703915544
-1,-1,,,174314.1,1,1765703915622
-1,-1,,,174393.6,1,1765703915701
-1,-1,,,174474.9,1,1765703915783
-1,-1,,,174551.3,1,1765703915859
-1,-1,,,174636.2,1,1765703915944
-1,-1,,,174717,1,1765703916025
-1,-1,,,174799.2,1,1765703916107
-1,-1,,,174889.6,1,1765703916197
-1,-1,,,174972.1,1,1765703916280
-1,-1,,,175056.6,1,1765703916364
-1,-1,,,175136.7,1,1765703916444
-1,-1,,,175223,1,1765703916531
-1,-1,,,175307.8,1,1765703916615
-1,-1,,,175387.3,1,1765703916695
-1,-1,,,175466.5,1,1765703916774
-1,-1,,,175551.4,1,1765703916859
-1,-1,,,175631.3,1,1765703916939
-1,-1,,,175716.6,1,1765703917024
-1,-1,,,175811.3,1,1765703917119
-1,-1,,,175906.5,1,1765703917214
-1,-1,,,175981.3,1,1765703917289
-1,-1,,,176070.3,1,1765703917378
-1,-1,,,176143.1,1,1765703917451
-1,-1,,,176223.3,1,1765703917531
-1,-1,,,176313.2,1,1765703917621
-1,-1,,,176391.2,1,1765703917699
-1,-1,,,176464.1,1,1765703917772
-1,-1,,,176549.4,1,1765703917857
-1,-1,,,176629.4,1,1765703917937
-1,-1,,,176715.5,1,1765703918023
-1,-1,,,176801,1,1765703918109
-1,-1,,,176891.3,1,1765703918199
-1,-1,,,176980.2,1,1765703918288
-1,-1,,,177058.5,1,1765703918366
-1,-1,,,177131.1,1,1765703918439
-1,-1,,,177238.8,1,1765703918546
-1,-1,,,177314.5,1,1765703918622
-1,-1,,,177393.4,1,1765703918701
-1,-1,,,177472.9,1,1765703918781
-1,-1,,,177553,1,1765703918861
-1,-1,,,177639.8,1,1765703918947
