480.26,136.18,"ow up here.",159,5016.9000000022,0,1765696554415
479.44,133.43,"ow up here.",159,5116.9000000022,1,1765696554515
478.64,122.55,"ow up here.",159,5191.6999999993,1,1765696554590
480.39,95.94,"ow up here.",159,5259.1000000015,1,1765696554657
488.44,55.46,"se wait patiently. I",44,5325.8000000007,1,1765696554724
-1,-1,,,5392,1,1765696554790
-1,-1,,,5455,1,1765696554853
-1,-1,,,5522,1,1765696554920
-1,-1,,,5607.3000000007,1,1765696555005
-1,-1,,,5680.9000000022,1,1765696555079
-1,-1,,,5796.6999999993,1,1765696574075
-1,-1,,,5879,1,1765696574157
-1,-1,,,5939.6999999993,1,1765696574218
-1,-1,,,6007.1000000015,1,1765696574286
-1,-1,,,6084.6000000015,1,1765696574363
-1,-1,,,6165.8000000007,1,1765696574444
-1,-1,,,6248.5,1,1765696574527
-1,-1,,,6318,1,1765696574596
-1,-1,,,6383.1000000015,1,1765696574662
-1,-1,,,6447.6000000015,1,1765696574726
-1,-1,,,6512,1,1765696574790
-1,-1,,,6583.1999999993,1,1765696574862
-1,-1,,,6656.8999999985,1,1765696574935
-1,-1,,,6723.3999999985,1,1765696575002
-1,-1,,,6798.1999999993,1,1765696575077
-1,-1,,,6872,1,1765696575150
625.3,13.08,"ently. It might take",56,6955.6999999993,1,1765696575234
-1,-1,,,7033.6999999993,1,1765696575312
-1,-1,,,7102,1,1765696575380
-1,-1,,,7177.8999999985,1,1765696575456
-1,-1,,,7253.6999999993,1,1765696575532
-1,-1,,,7332.3000000007,1,1765696575611
632.67,4.7,"ntly. It might take",57,7402.1000000015,1,1765696575681
-1,-1,,,7476.1999999993,1,1765696575755
-1,-1,,,7542.1999999993,1,1765696575821
-1,-1,,,7606.3000000007,1,1765696575885
-1,-1,,,7671.3999999985,1,1765696575950
-1,-1,,,7740.6000000015,1,1765696576019
-1,-1,,,7809.6999999993,1,1765696576088
-1,-1,,,7877.8999999985,1,1765696576156
-1,-1,,,7959.1999999993,1,1765696576238
-1,-1,,,8029.6999999993,1,1765696576308
-1,-1,,,8114,1,1765696576392
-1,-1,,,8188.1000000015,1,1765696576467
-1,-1,,,8257.8999999985,1,1765696576536
-1,-1,,,8327.6000000015,1,1765696576606
-1,-1,,,8399.8999999985,1,1765696576678
-1,-1,,,8478,1,1765696576756
-1,-1,,,8547,1,1765696576826
-1,-1,,,8617.6999999993,1,1765696576896
-1,-1,,,8695.5,1,1765696576974
-1,-1,,,8760.3000000007,1,1765696577039
-1,-1,,,8862.5,1,1765696577141
-1,-1,,,8945,1,1765696577224
-1,-1,,,9038,1,1765696577317
-1,-1,,,9114.8999999985,1,1765696577393
-1,-1,,,9184.3999999985,1,1765696577463
-1,-1,,,9277.1000000015,1,1765696577556
-1,-1,,,9338.8999999985,1,1765696577617
-1,-1,,,9413.6999999993,1,1765696577692
-1,-1,,,9487.5,1,1765696577766
-1,-1,,,9556.1999999993,1,1765696577835
-1,-1,,,9621.1000000015,1,1765696577900
-1,-1,,,9691,1,1765696577969
-1,-1,,,9754.3000000007,1,1765696578033
-1,-1,,,9818.1000000015,1,1765696578097
-1,-1,,,9887.3999999985,1,1765696578166
-1,-1,,,9952.8000000007,1,1765696578231
-1,-1,,,10019.5,1,1765696578298
-1,-1,,,10084.199999999,1,1765696578363
-1,-1,,,10163.699999999,1,1765696578442
-1,-1,,,10228.899999999,1,1765696578507
-1,-1,,,10297.800000001,1,1765696578576
-1,-1,,,10363,1,1765696578642
-1,-1,,,10424.800000001,1,1765696578703
-1,-1,,,10506.800000001,1,1765696578785
-1,-1,,,10571.699999999,1,1765696578850
1304.66,3.84,"ing their",116,10639.300000001,1,1765696578918
-1,-1,,,10707.199999999,1,1765696578986
-1,-1,,,10772.800000001,1,1765696579051
1224.64,8.46,"nerating their",111,10850,1,1765696579129
1032.01,3.73,"or AI to finish gene",93,10925.100000001,1,1765696579204
1070.97,61.73,"I to finish generati",97,10990.100000001,1,1765696579269
1107.35,70.65,"o finish generating",100,11055.300000001,1,1765696579334
1133.47,79.88,"w up here.",160,11119.300000001,1,1765696579398
1001.42,91.29,"w up here.",160,11187.800000001,1,1765696579466
733.94,44.67,"might take up to 1 m",66,11251.600000001,1,1765696579530
-1,-1,,,11317.300000001,1,1765696579596
-1,-1,,,11383.199999999,1,1765696579662
-1,-1,,,11456,1,1765696579734
-1,-1,,,11516.800000001,1,1765696579795
-1,-1,,,11586.199999999,1,1765696579865
-1,-1,,,11650.5,1,1765696579929
-1,-1,,,11718,1,1765696579997
-1,-1,,,11781.699999999,1,1765696580060
-1,-1,,,11852.899999999,1,1765696580131
-1,-1,,,11918.199999999,1,1765696580197
-1,-1,,,11983.199999999,1,1765696580262
-1,-1,,,12050.300000001,1,1765696580329
-1,-1,,,12118.399999999,1,1765696580397
-1,-1,,,12184.600000001,1,1765696580463
-1,-1,,,12249.100000001,1,1765696580528
-1,-1,,,12316.800000001,1,1765696580595
-1,-1,,,12385.5,1,1765696580664
-1,-1,,,12453.100000001,1,1765696580732
-1,-1,,,12518.5,1,1765696580797
-1,-1,,,12594.699999999,1,1765696580873
-1,-1,,,12677.5,1,1765696580956
-1,-1,,,12739.5,1,1765696581018
-1,-1,,,12805.100000001,1,1765696581084
-1,-1,,,12875.100000001,1,1765696581154
-1,-1,,,12935.5,1,1765696581214
1130.66,55.03,", England.",86,13003.600000001,1,1765696581282
998.63,88.14,", England.",86,13082.699999999,1,1765696581361
894.82,123.42,"ridge, England.",81,13153,1,1765696581432
936.42,96.78,"ge, England.",84,13222.600000001,1,1765696581501
969.17,93.28,", England.",86,13288.899999999,1,1765696581568
893.55,126.6,"bridge, England.",80,13353.300000001,1,1765696581632
738.94,70.67,"fically in Cambridge",66,13420.100000001,1,1765696581699
678.31,51.17,"specifically in Camb",61,13529.800000001,1,1765696581809
-1,-1,,,13612.800000001,1,1765696581891
-1,-1,,,13746.899999999,1,1765696582025
-1,-1,,,13846.600000001,1,1765696582125
-1,-1,,,13932.199999999,1,1765696582211
-1,-1,,,14014.899999999,1,1765696582293
-1,-1,,,14112.699999999,1,1765696582391
-1,-1,,,14183.5,1,1765696582462
-1,-1,,,14248.899999999,1,1765696582527
-1,-1,,,14316.899999999,1,1765696582595
-1,-1,,,14388.300000001,1,1765696582667
-1,-1,,,14447,1,1765696582725
-1,-1,,,14504.699999999,1,1765696582783
359.99,56,"born in the United",32,14562.100000001,1,1765696582841
442.68,151.37,"n the United Kingdom",39,14621.699999999,1,1765696582900
518.3,252.26,"nited Kingdom, speci",46,14683.399999999,1,1765696582962
584.24,288.41,"Kingdom, specificall",52,14739,1,1765696583018
640.92,304.57,"om, specifically in",57,14794.399999999,1,1765696583073
688.43,301.54,"pecifically in Cambr",62,14870.800000001,1,1765696583149
690.47,300.66,"pecifically in Cambr",62,14939.699999999,1,1765696583218
741.98,311.26,"ically in Cambridge,",67,15002.600000001,1,1765696583281
805.63,314.25,"y in Cambridge, Engl",72,15070.699999999,1,1765696583349
867.6,347.61,"ambridge, England.",78,15136.199999999,1,1765696583415
-1,-1,,,15201.399999999,1,1765696583480
-1,-1,,,15262,1,1765696583540
-1,-1,,,15325,1,1765696583603
-1,-1,,,15397.5,1,1765696583676
-1,-1,,,15461.699999999,1,1765696583740
-1,-1,,,15527.5,1,1765696583806
-1,-1,,,15594.899999999,1,1765696583873
-1,-1,,,15669.399999999,1,1765696583948
-1,-1,,,15740.100000001,1,1765696584019
-1,-1,,,15813.699999999,1,1765696584092
-1,-1,,,15883.800000001,1,1765696584162
-1,-1,,,15974,1,1765696584252
-1,-1,,,16041.800000001,1,1765696584320
-1,-1,,,16108.699999999,1,1765696584387
-1,-1,,,16177.899999999,1,1765696584456
-1,-1,,,16244.100000001,1,1765696584523
-1,-1,,,16315.800000001,1,1765696584594
-1,-1,,,16395.699999999,1,1765696584674
-1,-1,,,16459.199999999,1,1765696584738
-1,-1,,,16528.100000001,1,1765696584807
-1,-1,,,16592.699999999,1,1765696584871
-1,-1,,,16664.699999999,1,1765696584943
-1,-1,,,16740.100000001,1,1765696585019
-1,-1,,,16808.899999999,1,1765696585087
-1,-1,,,16874.800000001,1,1765696585153
-1,-1,,,16942.600000001,1,1765696585221
-1,-1,,,17009.600000001,1,1765696585288
1223.25,353.44,", England.",86,17072.600000001,1,1765696585351
-1,-1,,,17145.399999999,1,1765696585424
-1,-1,,,17217,1,1765696585495
-1,-1,,,17283.399999999,1,1765696585562
-1,-1,,,17365.399999999,1,1765696585644
-1,-1,,,17445.300000001,1,1765696585724
-1,-1,,,17517.399999999,1,1765696585796
-1,-1,,,17600.100000001,1,1765696585879
-1,-1,,,17682.800000001,1,1765696585961
-1,-1,,,17754.600000001,1,1765696586033
-1,-1,,,17826.5,1,1765696586105
-1,-1,,,17897.899999999,1,1765696586176
-1,-1,,,17958.300000001,1,1765696586237
-1,-1,,,18020.800000001,1,1765696586299
-1,-1,,,18093.199999999,1,1765696586372
-1,-1,,,18154.699999999,1,1765696586433
845.03,324.78,"Cambridge, England.",76,18214.800000001,1,1765696586493
736.51,268.81,"fically in Cambridge",66,18273.899999999,1,1765696586552
661.28,233.76,", specifically in Ca",59,18335.399999999,1,1765696586614
530.21,231.91,"ited Kingdom, specif",47,18401.899999999,1,1765696586680
447.68,200.99,"the United Kingdom,",40,18465.199999999,1,1765696586744
293.61,172.78,"hn was born in the U",26,18535.600000001,1,1765696586814
168.57,154.16,"a Newton-John was bo",15,18600.800000001,1,1765696586879
112.85,97.94,"Olivia Newton-John",9,18696.100000001,1,1765696586975
-1,-1,,,18813.199999999,1,1765696587092
-1,-1,,,18929,1,1765696587207
-1,-1,,,19029.100000001,1,1765696587308
-1,-1,,,19116.600000001,1,1765696587395
-1,-1,,,19174.5,1,1765696587453
-1,-1,,,19236.600000001,1,1765696587515
-1,-1,,,19303.899999999,1,1765696587582
-1,-1,,,19372.199999999,1,1765696587651
-1,-1,,,19438.699999999,1,1765696587717
-1,-1,,,19508.699999999,1,1765696587787
-1,-1,,,19575.899999999,1,1765696587854
-1,-1,,,19644.399999999,1,1765696587923
-1,-1,,,19708.800000001,1,1765696587987
-1,-1,,,19774.399999999,1,1765696588053
-1,-1,,,19841.699999999,1,1765696588120
-1,-1,,,19913.399999999,1,1765696588192
-1,-1,,,19984.100000001,1,1765696588263
-1,-1,,,20052.100000001,1,1765696588331
-1,-1,,,20131.600000001,1,1765696588410
761.36,33.4,"cally in Cambridge,",68,20217.5,1,1765696588496
687.47,51.19,"pecifically in Cambr",62,20291.600000001,1,1765696588570
649.01,60.79,"m, specifically in C",58,20365.600000001,1,1765696588644
586.54,56.16,"ingdom, specifically",53,20430.199999999,1,1765696588709
568,67.89,"Kingdom, specifical",51,20490.899999999,1,1765696588769
572.96,68.53,"Kingdom, specifical",51,20558.5,1,1765696588837
517.42,7.74,"nited Kingdom, speci",46,20625.399999999,1,1765696588904
-1,-1,,,20712.300000001,1,1765696588991
-1,-1,,,20795.5,1,1765696589074
-1,-1,,,20862.600000001,1,1765696589141
-1,-1,,,20923.300000001,1,1765696589202
-1,-1,,,20987.800000001,1,1765696589266
-1,-1,,,21053.100000001,1,1765696589332
-1,-1,,,21121.699999999,1,1765696589400
-1,-1,,,21197.600000001,1,1765696589476
-1,-1,,,21267.699999999,1,1765696589546
-1,-1,,,21361.600000001,1,1765696595993
-1,-1,,,21427.200000003,1,1765696596059
-1,-1,,,21499.900000002,1,1765696596132
-1,-1,,,21600.400000002,1,1765696596232
-1,-1,,,21670.700000003,1,1765696596302
-1,-1,,,21734.400000002,1,1765696596366
-1,-1,,,21800.800000001,1,1765696596432
-1,-1,,,21959.200000003,0,1765696596591
-1,-1,,,22095.200000003,1,1765696596727
-1,-1,,,22172.500000004,1,1765696596804
-1,-1,,,22234.500000004,1,1765696596866
-1,-1,,,22302.900000002,1,1765696596934
-1,-1,,,22368.700000003,1,1765696597000
-1,-1,,,22436.000000004,1,1765696597068
-1,-1,,,22507.600000001,1,1765696597139
-1,-1,,,22574.300000001,1,1765696597206
-1,-1,,,22644.900000002,1,1765696597276
-1,-1,,,22714.700000003,1,1765696597346
458,11.02,"the United Kingdom,",41,22809.100000001,1,1765696597441
491.59,19.57,"United Kingdom, spe",44,22877.500000004,1,1765696597509
-1,-1,,,22943.800000001,1,1765696597575
-1,-1,,,23013.400000002,1,1765696597645
-1,-1,,,23081.600000001,1,1765696597713
454.81,23,"the United Kingdom,",41,23152.700000003,1,1765696597784
515.03,37.05,"nited Kingdom, speci",46,23218.400000002,1,1765696597850
537.62,25.25,"ted Kingdom, specifi",48,23288.700000003,1,1765696597920
-1,-1,,,23359.200000003,1,1765696597991
-1,-1,,,23433.400000002,1,1765696598065
-1,-1,,,23500.100000001,1,1765696598132
667.02,15.46,"specifically in Cam",60,23564.500000004,1,1765696598196
-1,-1,,,23636.800000001,1,1765696598268
-1,-1,,,23705.300000001,1,1765696598337
-1,-1,,,23768.200000003,1,1765696598400
-1,-1,,,23838.700000003,1,1765696598470
-1,-1,,,23894.600000001,1,1765696598526
-1,-1,,,23964.400000002,1,1765696598596
-1,-1,,,24040.700000003,1,1765696598672
-1,-1,,,24119.000000004,1,1765696598750
-1,-1,,,24180.500000004,1,1765696598812
-1,-1,,,24251.500000004,1,1765696598883
-1,-1,,,24321.400000002,1,1765696598953
-1,-1,,,24392.100000001,1,1765696599024
-1,-1,,,24454.200000003,1,1765696599086
-1,-1,,,24518.900000002,1,1765696599151
-1,-1,,,24585.200000003,1,1765696599217
-1,-1,,,24644.400000002,1,1765696599276
-1,-1,,,24708.600000001,1,1765696599340
-1,-1,,,24772.800000001,1,1765696599404
-1,-1,,,24836.000000004,1,1765696599468
-1,-1,,,24908.400000002,1,1765696599540
-1,-1,,,24992.400000002,1,1765696599624
-1,-1,,,25097.100000001,1,1765696599729
-1,-1,,,25188.100000001,1,1765696599820
-1,-1,,,25264.700000003,1,1765696599896
-1,-1,,,25330.800000001,1,1765696599962
-1,-1,,,25405.300000001,1,1765696600037
-1,-1,,,25469.600000001,1,1765696600101
-1,-1,,,25545.800000001,1,1765696600177
-1,-1,,,25615.900000002,1,1765696600247
-1,-1,,,25684.400000002,1,1765696600316
-1,-1,,,25752.300000001,1,1765696600384
1204.17,9.99,", England.",86,25818.900000002,1,1765696600451
1209.72,15.72,", England.",86,25885.400000002,1,1765696600517
1256.89,49.2,", England.",86,25954.800000001,1,1765696600587
1262.44,21.75,", England.",86,26019.200000003,1,1765696600651
1243.98,31.28,", England.",86,26080.200000003,1,1765696600712
1223.64,17.41,", England.",86,26155.100000001,1,1765696600787
1231.95,20.47,", England.",86,26228.100000001,1,1765696600860
1255.34,56.3,", England.",86,26311.000000004,1,1765696600943
1283.88,87.25,", England.",86,26396.400000002,1,1765696601028
1307.06,102.78,", England.",86,26465.600000001,1,1765696601097
-1,-1,,,26537.900000002,1,1765696601170
-1,-1,,,26605.900000002,1,1765696601237
-1,-1,,,26674.300000001,1,1765696601306
-1,-1,,,26739.000000004,1,1765696601370
-1,-1,,,26821.200000003,1,1765696601453
-1,-1,,,26887.800000001,1,1765696601519
-1,-1,,,26951.400000002,1,1765696601583
-1,-1,,,27027.600000001,1,1765696601659
1212.58,34.21,", England.",86,27103.200000003,1,1765696601735
-1,-1,,,27174.100000001,1,1765696601806
-1,-1,,,27237.000000004,1,1765696601868
-1,-1,,,27299.800000001,1,1765696601931
-1,-1,,,27367.300000001,1,1765696601999
-1,-1,,,27431.400000002,1,1765696602063
-1,-1,,,27497.400000002,1,1765696602129
-1,-1,,,27563.300000001,1,1765696602195
-1,-1,,,27631.900000002,1,1765696602263
-1,-1,,,27699.700000003,1,1765696602331
-1,-1,,,27780.100000001,1,1765696602412
-1,-1,,,27860.000000004,1,1765696602492
-1,-1,,,27931.900000002,1,1765696602563
-1,-1,,,28002.400000002,1,1765696602634
-1,-1,,,28066.400000002,1,1765696602698
-1,-1,,,28131.100000001,1,1765696602763
-1,-1,,,28198.000000004,1,1765696602829
1167.48,18.74,"as a singer,",105,28263.900000002,1,1765696602896
1132.12,63.12,"ss as a singer,",102,28328.300000001,1,1765696602960
1153.45,90.28,"fame for her role as",212,28396.000000004,1,1765696603028
1171.85,119.4,"me for her role as",214,28464.400000002,1,1765696603096
1204.48,138.88,,,28518.900000002,1,1765696603150
1240.21,155.29,,,28580.100000001,1,1765696603212
1252.2,140.4,,,28646.800000001,1,1765696603278
1269.39,120.49,"r role as",223,28714.500000004,1,1765696603346
1209.67,94.06,"for her role as",217,28778.500000004,1,1765696603410
1195.96,89.17,"for her role as",216,28843.100000001,1,1765696603475
1140.33,68.75,"s as a singer,",103,28942.300000001,1,1765696603574
1088.43,81.49,"ining fame for her r",206,29044.100000001,1,1765696603676
1053.76,31.77,"t success as a singe",95,29104.400000002,1,1765696603736
1071.9,27.59,"success as a singer,",97,29164.800000001,1,1765696603796
1094.92,26.34,"ccess as a singer,",99,29228.100000001,1,1765696603860
-1,-1,,,29291.700000003,1,1765696603923
1039.53,25.52,"nt success as a sing",94,29348.800000001,1,1765696603980
984.86,43.47,"ificant success as a",89,29414.900000002,1,1765696604047
941.09,16.84,"significant success",85,29481.700000003,1,1765696604113
934.89,21.74,"significant success",84,29545.400000002,1,1765696604177
891.55,35.61,"eved significant suc",80,29625.700000003,1,1765696604257
805.18,122.58,"y Love You," while a",180,29742.800000001,1,1765696604375
816.7,263.26,""Grease."",258,29859.000000004,1,1765696604491
-1,-1,,,29958.600000001,1,1765696604590
-1,-1,,,30060.100000001,1,1765696604692
-1,-1,,,30159.100000001,1,1765696604791
-1,-1,,,30275.700000003,1,1765696604907
-1,-1,,,30375.600000001,1,1765696605007
-1,-1,,,30460.600000001,1,1765696605092
-1,-1,,,30516.100000001,1,1765696605148
-1,-1,,,30586.600000001,1,1765696605218
-1,-1,,,30651.200000003,1,1765696605283
-1,-1,,,30713.200000003,1,1765696605345
-1,-1,,,30775.100000001,1,1765696605407
-1,-1,,,30856.800000001,1,1765696605488
-1,-1,,,30924.300000001,1,1765696605556
-1,-1,,,30992.500000004,1,1765696605624
-1,-1,,,31059.600000001,1,1765696605691
-1,-1,,,31128.700000003,1,1765696605760
-1,-1,,,31211.000000004,1,1765696605843
-1,-1,,,31278.600000001,1,1765696605910
-1,-1,,,31352.000000004,1,1765696605984
-1,-1,,,31427.400000002,1,1765696606059
-1,-1,,,31495.500000004,1,1765696606127
-1,-1,,,31566.100000001,1,1765696606198
-1,-1,,,31634.400000002,1,1765696606266
-1,-1,,,31699.100000001,1,1765696606331
-1,-1,,,31763.400000002,1,1765696606395
-1,-1,,,31839.600000001,1,1765696606471
-1,-1,,,31919.300000001,1,1765696606551
-1,-1,,,31995.600000001,1,1765696606627
-1,-1,,,32057.700000003,1,1765696606689
-1,-1,,,32127.100000001,1,1765696606759
-1,-1,,,32192.900000002,1,1765696606825
-1,-1,,,32257.300000001,1,1765696606889
-1,-1,,,32320.100000001,1,1765696606952
-1,-1,,,32390.400000002,1,1765696607022
-1,-1,,,32452.900000002,1,1765696607084
-1,-1,,,32519.700000003,1,1765696607151
-1,-1,,,32587.300000001,1,1765696607219
-1,-1,,,32647.200000003,1,1765696607279
-1,-1,,,32718.800000001,1,1765696607350
-1,-1,,,32782.900000002,1,1765696607414
-1,-1,,,32848.600000001,1,1765696607480
-1,-1,,,32913.900000002,1,1765696607545
-1,-1,,,32982.100000001,1,1765696607614
-1,-1,,,33045.700000003,1,1765696607677
-1,-1,,,33113.200000003,1,1765696607745
-1,-1,,,33189.100000001,1,1765696607821
-1,-1,,,33250.300000001,1,1765696607882
-1,-1,,,33312.400000002,1,1765696607944
-1,-1,,,33379.600000001,1,1765696608011
-1,-1,,,33445.400000002,1,1765696608077
-1,-1,,,33521.200000003,1,1765696608153
-1,-1,,,33578.200000003,1,1765696608210
-1,-1,,,33645.400000002,1,1765696608277
-1,-1,,,33716.300000001,1,1765696608348
-1,-1,,,33781.400000002,1,1765696608413
-1,-1,,,33852.800000001,1,1765696608484
-1,-1,,,33915.200000003,1,1765696608547
-1,-1,,,33979.500000004,1,1765696608611
-1,-1,,,34045.900000002,1,1765696608677
-1,-1,,,34116.600000001,1,1765696608748
-1,-1,,,34189.400000002,1,1765696608821
-1,-1,,,34246.900000002,1,1765696608878
-1,-1,,,34312.300000001,1,1765696608944
-1,-1,,,34380.400000002,1,1765696609012
-1,-1,,,34444.400000002,1,1765696609076
-1,-1,,,34515.600000001,1,1765696609147
-1,-1,,,34577.100000001,1,1765696609209
-1,-1,,,34645.900000002,1,1765696609278
-1,-1,,,34705.100000001,1,1765696609337
-1,-1,,,34768.800000001,1,1765696609400
-1,-1,,,34833.800000001,1,1765696609465
-1,-1,,,34903.400000002,1,1765696609535
-1,-1,,,35007.900000002,1,1765696609640
-1,-1,,,35191.600000001,1,1765696609823
-1,-1,,,35312.000000004,1,1765696609943
-1,-1,,,35388.900000002,1,1765696610020
-1,-1,,,35461.400000002,1,1765696610093
-1,-1,,,35528.500000004,1,1765696610160
-1,-1,,,35607.000000004,1,1765696610239
-1,-1,,,35678.900000002,1,1765696610310
-1,-1,,,35751.200000003,1,1765696610383
-1,-1,,,35818.100000001,1,1765696610450
-1,-1,,,35888.300000001,1,1765696610520
-1,-1,,,35954.700000003,1,1765696610586
-1,-1,,,36020.400000002,1,1765696610652
-1,-1,,,36094.200000003,1,1765696610726
-1,-1,,,36161.800000001,1,1765696610793
-1,-1,,,36227.100000001,1,1765696610859
-1,-1,,,36292.900000002,1,1765696610924
-1,-1,,,36354.100000001,1,1765696610986
-1,-1,,,36416.500000004,1,1765696611048
-1,-1,,,36494.000000004,1,1765696611126
-1,-1,,,36563.200000003,1,1765696611195
-1,-1,,,36625.500000004,1,1765696611257
-1,-1,,,36691.600000001,1,1765696611323
-1,-1,,,36765.500000004,1,1765696611397
-1,-1,,,36840.200000003,1,1765696611472
-1,-1,,,36900.000000004,1,1765696611532
-1,-1,,,36957.900000002,1,1765696611589
-1,-1,,,37018.200000003,1,1765696611650
-1,-1,,,37075.700000003,1,1765696611707
-1,-1,,,37133.900000002,1,1765696611765
-1,-1,,,37190.200000003,1,1765696611822
-1,-1,,,37254.700000003,1,1765696611886
-1,-1,,,37310.000000004,1,1765696611942
-1,-1,,,37369.400000002,1,1765696612001
-1,-1,,,37430.900000002,1,1765696612062
-1,-1,,,37486.900000002,1,1765696612119
-1,-1,,,37544.500000004,1,1765696612176
-1,-1,,,37613.600000001,1,1765696612245
-1,-1,,,37672.100000001,1,1765696612304
-1,-1,,,37726.700000003,1,1765696612358
-1,-1,,,37783.200000003,1,1765696612415
-1,-1,,,37841.800000001,1,1765696612473
-1,-1,,,37914.200000003,1,1765696612546
-1,-1,,,37984.800000001,1,1765696612616
-1,-1,,,38054.200000003,1,1765696612686
-1,-1,,,38119.800000001,1,1765696612751
-1,-1,,,38184.000000004,1,1765696612815
-1,-1,,,38256.300000001,1,1765696612888
-1,-1,,,38322.000000004,1,1765696612954
-1,-1,,,38392.700000003,1,1765696613024
-1,-1,,,38462.200000003,1,1765696613094
-1,-1,,,38535.200000003,1,1765696613167
-1,-1,,,38606.300000001,1,1765696613238
-1,-1,,,38682.800000001,1,1765696613314
-1,-1,,,38756.700000003,1,1765696613388
-1,-1,,,38846.600000001,1,1765696613478
-1,-1,,,38922.100000001,1,1765696613554
-1,-1,,,38997.800000001,1,1765696613629
-1,-1,,,39075.600000001,1,1765696613707
-1,-1,,,39150.800000001,1,1765696613782
-1,-1,,,39228.500000004,1,1765696613860
-1,-1,,,39308.900000002,1,1765696613940
-1,-1,,,39373.800000001,1,1765696614005
-1,-1,,,39441.400000002,1,1765696614073
-1,-1,,,39509.200000003,1,1765696614141
-1,-1,,,39577.400000002,1,1765696614209
-1,-1,,,39640.600000001,1,1765696614272
-1,-1,,,39704.100000001,1,1765696614336
-1,-1,,,39776.400000002,1,1765696614408
-1,-1,,,39855.600000001,1,1765696614487
-1,-1,,,39919.500000004,1,1765696614551
-1,-1,,,39987.300000001,1,1765696614619
-1,-1,,,40053.100000001,1,1765696614685
-1,-1,,,40121.100000001,1,1765696614753
-1,-1,,,40185.500000004,1,1765696614817
-1,-1,,,40247.500000004,1,1765696614879
-1,-1,,,40318.000000004,1,1765696614950
-1,-1,,,40389.200000003,1,1765696615021
-1,-1,,,40457.500000004,1,1765696615089
-1,-1,,,40525.400000002,1,1765696615157
-1,-1,,,40595.500000004,1,1765696615227
-1,-1,,,40663.500000004,1,1765696615295
-1,-1,,,40736.500000004,1,1765696615368
-1,-1,,,40807.800000001,1,1765696615439
-1,-1,,,40874.500000004,1,1765696615506
-1,-1,,,40937.600000001,1,1765696615569
-1,-1,,,41005.800000001,1,1765696615637
-1,-1,,,41072.900000002,1,1765696615704
-1,-1,,,41141.300000001,1,1765696615773
-1,-1,,,41206.600000001,1,1765696615838
-1,-1,,,41267.700000003,1,1765696615899
-1,-1,,,41342.300000001,1,1765696615974
-1,-1,,,41417.000000004,1,1765696616049
-1,-1,,,41482.800000001,1,1765696616114
-1,-1,,,41548.700000003,1,1765696616180
-1,-1,,,41613.800000001,1,1765696616245
-1,-1,,,41683.900000002,1,1765696616315
-1,-1,,,41751.400000002,1,1765696616383
-1,-1,,,41815.400000002,1,1765696616447
-1,-1,,,41882.300000001,1,1765696616514
-1,-1,,,41958.300000001,1,1765696616590
-1,-1,,,42045.800000001,1,1765696616677
-1,-1,,,42125.000000004,1,1765696616757
-1,-1,,,42227.600000001,1,1765696616859
-1,-1,,,42297.700000003,1,1765696616929
-1,-1,,,42354.400000002,1,1765696616986
-1,-1,,,42415.900000002,1,1765696617048
-1,-1,,,42478.800000001,1,1765696617110
-1,-1,,,42543.300000001,1,1765696617175
-1,-1,,,42641.600000001,1,1765696617273
-1,-1,,,42758.400000002,1,1765696617390
-1,-1,,,42875.900000002,1,1765696617508
-1,-1,,,42991.700000003,1,1765696617623
544.61,301.51,""Grease."",258,43091.900000002,1,1765696617724
615.52,177.85,""Grease."",258,43225.400000002,1,1765696617857
643.91,154.48,""Grease."",258,43284.400000002,1,1765696617916
620.09,140.53,"" and "I Honestly Lo",164,43343.800000001,1,1765696617976
588.33,101.71,"cal" and "I Honestly",161,43416.600000001,1,1765696618048
651.14,50.22,"c and acting. She ac",58,43482.300000001,1,1765696618114
-1,-1,,,43545.500000004,1,1765696618177
-1,-1,,,43623.100000001,1,1765696618255
-1,-1,,,43700.700000003,1,1765696618332
-1,-1,,,43772.300000001,1,1765696618404
-1,-1,,,43835.600000001,1,1765696618467
-1,-1,,,43902.700000003,1,1765696618534
-1,-1,,,43965.900000002,1,1765696618597
-1,-1,,,44036.400000002,1,1765696618668
-1,-1,,,44103.000000004,1,1765696618735
-1,-1,,,44166.600000001,1,1765696618798
-1,-1,,,44235.100000001,1,1765696618867
-1,-1,,,44300.700000003,1,1765696618932
-1,-1,,,44364.700000003,1,1765696618996
-1,-1,,,44430.200000003,1,1765696619062
-1,-1,,,44494.300000001,1,1765696619126
-1,-1,,,44567.600000001,1,1765696619199
-1,-1,,,44636.900000002,1,1765696619268
-1,-1,,,44703.000000004,1,1765696619335
-1,-1,,,44767.300000001,1,1765696619399
-1,-1,,,44838.400000002,1,1765696619470
-1,-1,,,44904.100000001,1,1765696619536
-1,-1,,,44972.600000001,1,1765696619604
-1,-1,,,45059.400000002,1,1765696619691
-1,-1,,,45144.100000001,1,1765696619776
-1,-1,,,45246.200000003,1,1765696619878
-1,-1,,,45316.900000002,1,1765696619948
-1,-1,,,45398.900000002,1,1765696620030
-1,-1,,,45481.800000001,1,1765696620113
-1,-1,,,45561.500000004,1,1765696630863
-1,-1,,,45622.300000004,1,1765696630923
542.78,13.59,"both music and actin",49,45695.300000004,1,1765696630997
482.39,57.61,"s for both music and",43,45759.200000003,1,1765696631060
450.25,79.39,"s like "Physical" an",148,45835.000000004,1,1765696631136
457.86,83.41,"like "Physical" and",149,45906.100000005,1,1765696631207
387.96,25.99,"ost famous for both",34,45985.400000006,1,1765696631287
359.7,16.03,"most famous for bot",32,46059.600000005,1,1765696631361
-1,-1,,,46127.300000004,1,1765696631428
-1,-1,,,46195.000000004,1,1765696631496
-1,-1,,,46259.000000004,1,1765696631560
-1,-1,,,46325.500000004,1,1765696631627
-1,-1,,,46391.500000004,1,1765696631693
-1,-1,,,46473.800000004,1,1765696631775
-1,-1,,,46538.500000004,1,1765696631840
-1,-1,,,46619.700000003,1,1765696631921
-1,-1,,,46690.300000004,1,1765696631991
-1,-1,,,46769.100000005,1,1765696632070
382.67,58.76,"ost famous for both",34,46838.800000004,1,1765696632140
435.26,48.3,"amous for both music",39,46909.200000003,1,1765696632210
435.02,56.1,"amous for both music",39,46981.300000004,1,1765696632283
465.88,21.01,"us for both music an",42,47045.900000006,1,1765696632347
562.26,25.69,"oth music and acting",50,47119.700000003,1,1765696632421
608.17,1.91,"music and acting. Sh",54,47184.000000004,1,1765696632485
-1,-1,,,47256.300000004,1,1765696632557
-1,-1,,,47331.100000005,1,1765696632632
-1,-1,,,47400.100000005,1,1765696632701
466.96,2.83,"us for both music an",42,47461.200000003,1,1765696632763
502.17,21.52,"for both music and a",45,47545.200000003,1,1765696632846
-1,-1,,,47601.000000004,1,1765696632902
424.46,2.6,"famous for both musi",38,47657.200000003,1,1765696632959
-1,-1,,,47730.900000006,1,1765696633032
-1,-1,,,47797.000000004,1,1765696633098
-1,-1,,,47864.200000003,1,1765696633165
-1,-1,,,47931.700000003,1,1765696633233
-1,-1,,,47997.400000006,1,1765696633299
-1,-1,,,48068.600000005,1,1765696633370
-1,-1,,,48133.800000004,1,1765696633435
-1,-1,,,48202.100000005,1,1765696633503
-1,-1,,,48271.200000003,1,1765696633572
-1,-1,,,48341.300000004,1,1765696633642
1244.57,18.79,"a singer,",108,48409.700000003,1,1765696633711
1193.85,22.41,"a singer,",108,48477.300000004,1,1765696633779
1154.73,38.19,"as a singer,",104,48547.000000004,1,1765696633848
1189.2,62.24,"a singer,",107,48625.900000006,1,1765696633927
1154.81,66.98,"as a singer,",104,48709.800000004,1,1765696634011
1165.35,66.01,"as a singer,",105,48778.900000006,1,1765696634080
1137.38,57.91,"s as a singer,",103,48853.100000005,1,1765696634154
1202.39,70.62,"a singer,",108,48944.600000005,1,1765696634246
1219.99,85.83,"or her role as",218,49022.700000003,1,1765696634324
1235.87,80.79,"her role as",220,49104.500000004,1,1765696634406
1235.88,43.47,"a singer,",108,49174.200000003,1,1765696634476
1230.55,86.22,"r her role as",219,49239.000000004,1,1765696634540
1225.68,113.5,,,49318.200000003,1,1765696634619
1270.75,105.95,"r role as",223,49380.400000006,1,1765696634682
1239.2,75.76,"a singer,",108,49448.200000003,1,1765696634749
1264.93,66.37,"a singer,",108,49516.700000003,1,1765696634818
1271.55,69.28,"a singer,",108,49577.500000004,1,1765696634879
1294.34,44.87,"a singer,",108,49646.700000003,1,1765696634948
1274.41,24.91,"a singer,",108,49711.500000004,1,1765696635013
1248.56,37.41,"a singer,",108,49774.700000003,1,1765696635076
1267.16,37.75,"a singer,",108,49834.200000003,1,1765696635136
1245.32,34.48,"a singer,",108,49897.100000005,1,1765696635199
1207.93,7.95,"a singer,",108,49961.000000004,1,1765696635262
1185.51,15.55,"a singer,",107,50034.200000003,1,1765696635336
-1,-1,,,50105.000000004,1,1765696635406
-1,-1,,,50167.500000004,1,1765696635469
-1,-1,,,50233.900000006,1,1765696635535
-1,-1,,,50306.300000004,1,1765696635607
-1,-1,,,50371.800000004,1,1765696635673
-1,-1,,,50435.800000004,1,1765696635737
-1,-1,,,50500.600000005,1,1765696635802
-1,-1,,,50567.300000004,1,1765696635868
-1,-1,,,50632.800000004,1,1765696635934
-1,-1,,,50713.700000003,1,1765696636015
-1,-1,,,50779.300000004,1,1765696636080
-1,-1,,,50846.300000004,1,1765696636147
1163.12,7.06,"as a singer,",105,50916.100000005,1,1765696636217
-1,-1,,,50979.300000004,1,1765696636281
954.66,0.47,"ignificant success a",86,51045.200000003,1,1765696636347
771.51,24.65,"g. She achieved sign",69,51154.700000003,1,1765696636456
655.04,11.37,"and acting. She ach",59,51227.200000003,1,1765696636528
520.36,11.8,"r both music and act",47,51304.600000005,1,1765696636606
421.8,60.91,"famous for both musi",38,51421.400000006,1,1765696636723
331.94,46.6,"was most famous for",29,51479.500000004,1,1765696636781
311.76,66.37,"was most famous for",28,51571.500000004,1,1765696636873
293.54,67.37,"hn was most famous f",26,51687.700000003,1,1765696636989
244.74,95.22,"y with her hit songs",129,51787.500000004,1,1765696637089
156.38,125.48,"ticularly with her h",121,51904.500000004,1,1765696637206
141.91,135.24,"rticularly with her",120,51980.500000004,1,1765696637282
181.74,141.02,"ularly with her hit",124,52046.900000006,1,1765696637348
210.04,157.5,"the musical film "G",241,52106.600000005,1,1765696637408
298.81,185.96,"ical film "Grease."",249,52167.100000005,1,1765696637468
304.26,246.61,"cal film "Grease."",250,52222.500000004,1,1765696637524
353.79,271.89,"film "Grease."",254,52279.900000006,1,1765696637581
344.4,291.68,"film "Grease."",254,52335.800000004,1,1765696637637
375.99,326.12,"lm "Grease."",256,52393.500000004,1,1765696637695
388.36,313.01,"m "Grease."",257,52453.700000003,1,1765696637755
373.58,290.23,"lm "Grease."",256,52513.900000006,1,1765696637815
402.81,307.88,""Grease."",258,52571.500000004,1,1765696637873
427.07,318.37,""Grease."",258,52624.500000004,1,1765696637926
450.05,309.22,""Grease."",258,52683.900000006,1,1765696637985
549.85,324.39,""Grease."",258,52739.900000006,1,1765696638041
579.38,333.81,""Grease."",258,52798.800000004,1,1765696638100
-1,-1,,,52857.000000004,1,1765696638158
-1,-1,,,52913.900000006,1,1765696638215
-1,-1,,,52973.700000003,1,1765696638275
-1,-1,,,53033.100000005,1,1765696638334
-1,-1,,,53093.500000004,1,1765696638395
-1,-1,,,53157.600000005,1,1765696638459
-1,-1,,,53271.200000003,1,1765696638572
-1,-1,,,53356.300000004,1,1765696638657
-1,-1,,,53418.500000004,1,1765696638720
-1,-1,,,53490.000000004,1,1765696638791
-1,-1,,,53558.900000006,1,1765696638860
-1,-1,,,53626.300000004,1,1765696638927
-1,-1,,,53694.200000003,1,1765696638995
-1,-1,,,53761.200000003,1,1765696639062
-1,-1,,,53827.300000004,1,1765696639128
-1,-1,,,53895.900000006,1,1765696639197
-1,-1,,,53958.500000004,1,1765696639260
-1,-1,,,54029.500000004,1,1765696639331
-1,-1,,,54121.100000005,1,1765696639422
-1,-1,,,54206.300000004,1,1765696639507
-1,-1,,,54281.600000005,1,1765696639583
-1,-1,,,54354.500000004,1,1765696639656
-1,-1,,,54426.000000004,1,1765696639727
-1,-1,,,54504.800000004,1,1765696639806
-1,-1,,,54605.500000004,1,1765696639907
-1,-1,,,54691.500000004,1,1765696639993
-1,-1,,,54787.500000004,1,1765696640089
-1,-1,,,54887.500000004,1,1765696640189
-1,-1,,,54987.700000003,1,1765696640289
-1,-1,,,55088.600000005,1,1765696640390
-1,-1,,,55173.200000003,1,1765696640474
-1,-1,,,55254.400000006,1,1765696640556
-1,-1,,,55371.100000005,1,1765696640672
-1,-1,,,55448.200000003,1,1765696640749
-1,-1,,,55537.400000006,1,1765696640839
-1,-1,,,55637.300000004,1,1765696640938
-1,-1,,,55696.800000004,1,1765696640998
-1,-1,,,55762.100000005,1,1765696641063
-1,-1,,,55854.100000005,1,1765696641155
-1,-1,,,56006.000000004,1,1765696641307
-1,-1,,,56076.200000003,1,1765696641377
-1,-1,,,56144.000000004,1,1765696641445
-1,-1,,,56223.300000004,1,1765696641524
-1,-1,,,56296.200000003,1,1765696641597
-1,-1,,,56373.800000004,1,1765696641675
-1,-1,,,56451.400000006,1,1765696641753
-1,-1,,,56525.000000004,1,1765696641826
-1,-1,,,56595.500000004,1,1765696641897
-1,-1,,,56664.300000004,1,1765696641965
-1,-1,,,56741.000000004,1,1765696642042
-1,-1,,,56829.200000003,1,1765696642130
-1,-1,,,56897.600000005,1,1765696642199
-1,-1,,,56962.700000003,1,1765696642264
-1,-1,,,57021.200000003,1,1765696642322
-1,-1,,,57079.700000003,1,1765696642381
-1,-1,,,57146.100000005,1,1765696642447
-1,-1,,,57213.000000004,1,1765696642514
-1,-1,,,57290.100000005,1,1765696642591
-1,-1,,,57376.100000005,1,1765696642677
-1,-1,,,57452.500000004,1,1765696642754
-1,-1,,,57516.900000006,1,1765696642818
-1,-1,,,57582.500000004,1,1765696642884
-1,-1,,,57643.400000006,1,1765696642945
-1,-1,,,57706.100000005,1,1765696643007
-1,-1,,,57772.800000004,1,1765696643074
-1,-1,,,57838.800000004,1,1765696643140
-1,-1,,,57902.700000003,1,1765696643204
-1,-1,,,57987.400000006,1,1765696643289
-1,-1,,,58170.700000003,1,1765696643472
-1,-1,,,58239.100000005,1,1765696643540
-1,-1,,,58306.600000005,1,1765696643608
-1,-1,,,58377.100000005,1,1765696643678
-1,-1,,,58458.500000004,1,1765696643760
-1,-1,,,58541.700000003,1,1765696643843
-1,-1,,,58621.400000006,1,1765696643923
-1,-1,,,58688.300000004,1,1765696643989
-1,-1,,,58752.500000004,1,1765696644054
-1,-1,,,58818.300000004,1,1765696644119
-1,-1,,,58882.600000005,1,1765696644184
-1,-1,,,58948.100000005,1,1765696644249
-1,-1,,,59017.700000003,1,1765696644319
-1,-1,,,59082.900000006,1,1765696644384
-1,-1,,,59154.500000004,1,1765696644456
-1,-1,,,59228.500000004,1,1765696644530
-1,-1,,,59299.300000004,1,1765696644600
-1,-1,,,59360.200000003,1,1765696644661
-1,-1,,,59423.600000005,1,1765696644725
-1,-1,,,59479.600000005,1,1765696644781
-1,-1,,,59542.900000006,1,1765696644844
-1,-1,,,59601.700000003,1,1765696644903
-1,-1,,,59674.400000006,1,1765696644976
-1,-1,,,59739.500000004,1,1765696645041
-1,-1,,,59797.100000005,1,1765696645098
-1,-1,,,59861.900000006,1,1765696645163
-1,-1,,,59928.700000003,1,1765696645230
-1,-1,,,59985.200000003,1,1765696645286
-1,-1,,,60044.200000003,1,1765696645345
-1,-1,,,60107.600000005,1,1765696645409
-1,-1,,,60184.900000006,1,1765696645486
-1,-1,,,60243.700000003,1,1765696645545
-1,-1,,,60319.300000004,1,1765696645620
-1,-1,,,60389.900000006,1,1765696645691
-1,-1,,,60464.300000004,1,1765696645765
-1,-1,,,60556.100000005,1,1765696645857
-1,-1,,,60624.800000004,1,1765696645926
-1,-1,,,60695.800000004,1,1765696645997
-1,-1,,,60761.100000005,1,1765696646062
-1,-1,,,60839.100000005,1,1765696646140
-1,-1,,,60907.700000003,1,1765696646209
-1,-1,,,60976.700000003,1,1765696646278
-1,-1,,,61045.400000006,1,1765696646347
-1,-1,,,61112.900000006,1,1765696646414
-1,-1,,,61195.200000003,1,1765696646496
-1,-1,,,61268.800000004,1,1765696646570
-1,-1,,,61338.000000004,1,1765696646639
-1,-1,,,61417.400000006,1,1765696646719
-1,-1,,,61499.900000006,1,1765696646801
-1,-1,,,61578.600000005,1,1765696646880
-1,-1,,,61650.200000003,1,1765696646951
-1,-1,,,61714.000000004,1,1765696647015
-1,-1,,,61777.200000003,1,1765696647078
-1,-1,,,61853.600000005,1,1765696647155
-1,-1,,,61950.400000006,1,1765696647252
-1,-1,,,62018.000000004,1,1765696647319
-1,-1,,,62083.100000005,1,1765696647384
-1,-1,,,62150.600000005,1,1765696647452
-1,-1,,,62214.700000003,1,1765696647516
-1,-1,,,62283.900000006,1,1765696647585
-1,-1,,,62344.600000005,1,1765696647646
-1,-1,,,62415.200000003,1,1765696647716
-1,-1,,,62481.200000003,1,1765696647782
-1,-1,,,62542.800000004,1,1765696647844
-1,-1,,,62610.400000006,1,1765696647912
-1,-1,,,62674.800000004,1,1765696647976
-1,-1,,,62741.000000004,1,1765696648042
-1,-1,,,62830.200000003,1,1765696648131
-1,-1,,,62891.700000003,1,1765696648193
-1,-1,,,62953.600000005,1,1765696648255
-1,-1,,,63016.000000004,1,1765696648317
-1,-1,,,63097.400000006,1,1765696648399
-1,-1,,,63171.900000006,1,1765696648473
-1,-1,,,63248.200000003,1,1765696648549
-1,-1,,,63314.200000003,1,1765696648615
-1,-1,,,63398.500000004,1,1765696648700
-1,-1,,,63468.900000006,1,1765696648770
-1,-1,,,63534.100000005,1,1765696648835
-1,-1,,,63600.400000006,1,1765696648902
-1,-1,,,63668.100000005,1,1765696648969
-1,-1,,,63735.400000006,1,1765696649037
-1,-1,,,63801.300000004,1,1765696649102
-1,-1,,,63874.000000004,1,1765696649175
-1,-1,,,63941.800000004,1,1765696649243
-1,-1,,,64014.000000004,1,1765696649315
-1,-1,,,64089.900000006,1,1765696649391
-1,-1,,,64177.900000006,1,1765696649479
-1,-1,,,64244.600000005,1,1765696649546
-1,-1,,,64309.400000006,1,1765696649611
-1,-1,,,64379.800000004,1,1765696649681
-1,-1,,,64444.700000003,1,1765696649746
-1,-1,,,64515.600000005,1,1765696649817
-1,-1,,,64577.000000004,1,1765696649878
-1,-1,,,64636.700000003,1,1765696649938
-1,-1,,,64697.700000003,1,1765696649999
-1,-1,,,67120.400000006,1,1765696652422
-1,-1,,,67256.300000004,1,1765696652558
-1,-1,,,67338.700000003,1,1765696652640
-1,-1,,,67405.000000004,1,1765696652706
-1,-1,,,67462.400000006,1,1765696652764
-1,-1,,,67526.600000005,1,1765696652828
-1,-1,,,67595.300000004,1,1765696652896
-1,-1,,,67657.400000006,1,1765696652959
-1,-1,,,67725.300000004,1,1765696653026
-1,-1,,,67797.700000003,1,1765696653099
-1,-1,,,67859.600000005,1,1765696653161
-1,-1,,,67926.000000004,1,1765696653227
-1,-1,,,67992.900000006,1,1765696653294
-1,-1,,,68058.500000004,1,1765696653360
-1,-1,,,68126.900000006,1,1765696653428
-1,-1,,,68192.400000006,1,1765696653494
-1,-1,,,68259.800000004,1,1765696653561
-1,-1,,,68323.300000004,1,1765696653624
-1,-1,,,68389.600000005,1,1765696653691
-1,-1,,,68462.600000005,1,1765696653764
-1,-1,,,68525.300000004,1,1765696653826
-1,-1,,,68591.000000004,1,1765696653892
-1,-1,,,68658.200000003,1,1765696653959
-1,-1,,,68722.900000006,1,1765696654024
-1,-1,,,68791.900000006,1,1765696654093
-1,-1,,,68861.500000004,1,1765696654163
-1,-1,,,68928.100000005,1,1765696654229
-1,-1,,,68993.200000003,1,1765696654294
-1,-1,,,69059.100000005,1,1765696654360
-1,-1,,,69124.700000003,1,1765696654426
-1,-1,,,69195.100000005,1,1765696654496
-1,-1,,,69266.500000004,1,1765696654568
-1,-1,,,69328.300000004,1,1765696654629
-1,-1,,,69389.900000006,1,1765696654691
-1,-1,,,69457.900000006,1,1765696654759
-1,-1,,,69525.200000003,1,1765696654826
-1,-1,,,69593.500000004,1,1765696654895
-1,-1,,,69659.900000006,1,1765696654961
-1,-1,,,69727.100000005,1,1765696655028
-1,-1,,,69791.100000005,1,1765696655092
-1,-1,,,69860.100000005,1,1765696655161
-1,-1,,,69924.800000004,1,1765696655226
-1,-1,,,69993.600000005,1,1765696655295
-1,-1,,,70061.100000005,1,1765696655362
-1,-1,,,70146.100000005,1,1765696655447
-1,-1,,,70208.000000004,1,1765696655509
-1,-1,,,70278.200000003,1,1765696655579
-1,-1,,,70345.300000004,1,1765696655647
-1,-1,,,70409.000000004,1,1765696655710
-1,-1,,,70475.400000006,1,1765696655777
-1,-1,,,70544.500000004,1,1765696655846
-1,-1,,,70613.800000004,1,1765696655915
-1,-1,,,70674.800000004,1,1765696655976
-1,-1,,,70746.300000004,1,1765696656047
-1,-1,,,70810.300000004,1,1765696656111
-1,-1,,,70879.100000005,1,1765696656180
-1,-1,,,70946.100000005,1,1765696656247
-1,-1,,,71012.700000003,1,1765696656314
-1,-1,,,71079.600000005,1,1765696656381
-1,-1,,,71141.500000004,1,1765696656443
-1,-1,,,71211.000000004,1,1765696656512
-1,-1,,,71274.800000004,1,1765696656576
-1,-1,,,71344.300000004,1,1765696656645
-1,-1,,,71406.700000003,1,1765696656708
-1,-1,,,71475.300000004,1,1765696656776
-1,-1,,,71546.000000004,1,1765696656847
-1,-1,,,71615.100000005,1,1765696656916
-1,-1,,,71675.700000003,1,1765696656977
-1,-1,,,71744.900000006,1,1765696657046
-1,-1,,,71806.600000005,1,1765696657108
-1,-1,,,71886.200000003,1,1765696657187
-1,-1,,,72053.400000006,1,1765696657355
-1,-1,,,72139.000000004,1,1765696657440
-1,-1,,,72221.700000003,1,1765696657523
-1,-1,,,72291.400000006,1,1765696657593
-1,-1,,,72357.900000006,1,1765696657659
-1,-1,,,72425.200000003,1,1765696657726
-1,-1,,,72498.600000005,1,1765696657800
-1,-1,,,72565.300000004,1,1765696657866
-1,-1,,,72631.300000004,1,1765696657932
-1,-1,,,72698.100000005,1,1765696657999
-1,-1,,,72765.700000003,1,1765696658067
-1,-1,,,72831.700000003,1,1765696658133
-1,-1,,,72899.400000006,1,1765696658201
-1,-1,,,72960.700000003,1,1765696658262
-1,-1,,,73034.000000004,1,1765696658335
-1,-1,,,73098.500000004,1,1765696658400
-1,-1,,,73160.700000003,1,1765696658462
-1,-1,,,73227.900000006,1,1765696658529
-1,-1,,,73291.700000003,1,1765696658593
-1,-1,,,73356.100000005,1,1765696658657
-1,-1,,,73427.600000005,1,1765696658729
-1,-1,,,73505.000000004,1,1765696658806
-1,-1,,,73579.400000006,1,1765696658881
-1,-1,,,73641.500000004,1,1765696658943
-1,-1,,,73713.000000004,1,1765696659014
-1,-1,,,73741.100000005,1,1765696659074
-1,-1,,,73892.700000003,1,1765696669621
-1,-1,,,73972.300000004,1,1765696669700
-1,-1,,,74031.700000003,1,1765696669760
-1,-1,,,74105.400000002,1,1765696669833
-1,-1,,,74165.400000002,1,1765696669893
-1,-1,,,74235.800000004,1,1765696669964
-1,-1,,,74302.000000004,1,1765696670030
-1,-1,,,74370.200000003,1,1765696670098
-1,-1,,,74435.300000004,1,1765696670163
-1,-1,,,74498.900000002,1,1765696670227
-1,-1,,,74567.200000003,1,1765696670295
-1,-1,,,74628.000000004,1,1765696670356
-1,-1,,,74697.400000002,1,1765696670425
-1,-1,,,74765.400000002,1,1765696670493
-1,-1,,,74832.400000002,1,1765696670560
-1,-1,,,74901.300000004,1,1765696670629
-1,-1,,,74973.800000004,1,1765696670702
-1,-1,,,75048.000000004,1,1765696670776
-1,-1,,,75123.600000005,1,1765696670852
-1,-1,,,75195.000000004,1,1765696670923
-1,-1,,,75263.600000005,1,1765696670992
-1,-1,,,75335.400000002,1,1765696671063
-1,-1,,,75414.600000005,1,1765696671142
-1,-1,,,75485.700000003,1,1765696671214
-1,-1,,,75565.200000003,1,1765696671293
-1,-1,,,75643.900000002,1,1765696671372
-1,-1,,,75723.600000005,1,1765696671452
-1,-1,,,75794.300000004,1,1765696671522
-1,-1,,,75866.700000003,1,1765696671595
-1,-1,,,75937.800000004,1,1765696671666
-1,-1,,,76010.800000004,1,1765696671739
-1,-1,,,76075.800000004,1,1765696671804
-1,-1,,,76143.900000002,1,1765696671872
-1,-1,,,76209.900000002,1,1765696671938
-1,-1,,,76273.800000004,1,1765696672002
-1,-1,,,76340.800000004,1,1765696672069
-1,-1,,,76403.700000003,1,1765696672132
-1,-1,,,76467.500000004,1,1765696672195
-1,-1,,,76533.800000004,1,1765696672262
-1,-1,,,76599.600000005,1,1765696672327
-1,-1,,,76672.400000002,1,1765696672400
-1,-1,,,76734.200000003,1,1765696672462
-1,-1,,,76818.200000003,1,1765696672546
-1,-1,,,76883.600000005,1,1765696672612
-1,-1,,,76952.400000002,1,1765696672680
-1,-1,,,77023.000000004,1,1765696672751
-1,-1,,,77080.800000004,1,1765696672809
-1,-1,,,77155.500000004,1,1765696672884
-1,-1,,,77214.800000004,1,1765696672943
-1,-1,,,77280.100000005,1,1765696673008
-1,-1,,,77349.500000004,1,1765696673077
-1,-1,,,77414.200000003,1,1765696673142
-1,-1,,,77480.000000004,1,1765696673208
-1,-1,,,77547.100000005,1,1765696673275
-1,-1,,,77614.200000003,1,1765696673342
-1,-1,,,77685.600000005,1,1765696673414
-1,-1,,,77752.400000002,1,1765696673480
-1,-1,,,77826.800000004,1,1765696673555
-1,-1,,,77898.400000002,1,1765696673626
-1,-1,,,77968.200000003,1,1765696673696
-1,-1,,,78030.600000005,1,1765696673759
-1,-1,,,78097.400000002,1,1765696673825
-1,-1,,,78163.400000002,1,1765696673891
-1,-1,,,78229.800000004,1,1765696673958
-1,-1,,,78295.500000004,1,1765696674023
-1,-1,,,78363.000000004,1,1765696674091
-1,-1,,,78428.400000002,1,1765696674156
-1,-1,,,78498.900000002,1,1765696674227
-1,-1,,,78562.800000004,1,1765696674291
-1,-1,,,78641.800000004,1,1765696674370
-1,-1,,,78723.400000002,1,1765696674451
-1,-1,,,78787.100000005,1,1765696674515
-1,-1,,,78875.000000004,1,1765696674603
-1,-1,,,79025.600000005,1,1765696674754
-1,-1,,,79114.800000004,1,1765696674843
-1,-1,,,79178.400000002,1,1765696674906
-1,-1,,,79258.700000003,1,1765696674987
-1,-1,,,79375.800000004,1,1765696675104
-1,-1,,,79478.300000004,1,1765696675206
-1,-1,,,79561.300000004,1,1765696675289
-1,-1,,,79676.800000004,1,1765696675405
-1,-1,,,79741.500000004,1,1765696675470
-1,-1,,,79803.300000004,1,1765696675531
-1,-1,,,79869.700000003,1,1765696675598
-1,-1,,,79902.600000005,1,1765696675672
-1,-1,,,79977.600000005,1,1765696688135
-1,-1,,,80053.300000004,1,1765696688211
-1,-1,,,80120.200000007,1,1765696688278
-1,-1,,,80185.700000007,1,1765696688343
-1,-1,,,80254.500000004,1,1765696688412
-1,-1,,,80317.400000006,1,1765696688475
-1,-1,,,80392.700000007,1,1765696688550
-1,-1,,,80468.000000004,1,1765696688625
-1,-1,,,80554.800000004,1,1765696688712
-1,-1,,,80619.300000004,1,1765696688777
-1,-1,,,80694.500000004,1,1765696688852
-1,-1,,,80757.100000005,1,1765696688914
-1,-1,,,80820.700000007,1,1765696688978
-1,-1,,,80904.600000005,1,1765696689062
-1,-1,,,80973.300000004,1,1765696689131
-1,-1,,,81062.100000005,1,1765696689219
-1,-1,,,81147.300000004,1,1765696689305
-1,-1,,,81245.400000006,1,1765696689403
-1,-1,,,81328.700000007,1,1765696689486
-1,-1,,,81393.800000004,1,1765696689551
-1,-1,,,81453.500000004,1,1765696689611
-1,-1,,,81521.500000004,1,1765696689679
-1,-1,,,81589.000000004,1,1765696689746
-1,-1,,,83562.000000004,1,1765696691719
-1,-1,,,83680.900000006,1,1765696691838
-1,-1,,,83778.500000004,1,1765696691936
-1,-1,,,83838.200000007,1,1765696691996
-1,-1,,,83894.200000007,1,1765696692052
-1,-1,,,83967.400000006,1,1765696692125
-1,-1,,,84033.800000004,1,1765696692191
-1,-1,,,84101.400000006,1,1765696692259
-1,-1,,,84167.200000007,1,1765696692325
-1,-1,,,84235.500000004,1,1765696692393
-1,-1,,,84301.800000004,1,1765696692459
-1,-1,,,84368.700000007,1,1765696692526
-1,-1,,,84432.500000004,1,1765696692590
-1,-1,,,84508.400000006,1,1765696692666
-1,-1,,,84574.500000004,1,1765696692732
-1,-1,,,84630.600000005,1,1765696692788
-1,-1,,,84700.600000005,1,1765696692858
-1,-1,,,84764.900000006,1,1765696692922
-1,-1,,,84834.300000004,1,1765696692992
-1,-1,,,84900.900000006,1,1765696693058
-1,-1,,,84970.400000006,1,1765696693128
-1,-1,,,85033.000000004,1,1765696693190
-1,-1,,,85112.700000007,1,1765696693270
-1,-1,,,85178.600000005,1,1765696693336
-1,-1,,,85258.700000007,1,1765696693416
-1,-1,,,85321.300000004,1,1765696693479
-1,-1,,,85463.500000004,1,1765696693621
-1,-1,,,85584.600000005,1,1765696693742
-1,-1,,,85651.400000006,1,1765696693809
-1,-1,,,85722.600000005,1,1765696693880
-1,-1,,,85789.900000006,1,1765696693947
-1,-1,,,85858.800000004,1,1765696694016
-1,-1,,,85939.800000004,1,1765696694097
-1,-1,,,86012.900000006,1,1765696694170
-1,-1,,,86085.900000006,1,1765696694243
-1,-1,,,86154.200000007,1,1765696694312
-1,-1,,,86225.900000006,1,1765696694383
-1,-1,,,86297.200000007,1,1765696694455
-1,-1,,,86380.600000005,1,1765696694538
-1,-1,,,86453.300000004,1,1765696694611
-1,-1,,,86518.800000004,1,1765696694676
-1,-1,,,86586.300000004,1,1765696694744
-1,-1,,,86660.300000004,1,1765696694818
-1,-1,,,86738.500000004,1,1765696694896
-1,-1,,,86804.500000004,1,1765696694962
-1,-1,,,86882.800000004,1,1765696695040
-1,-1,,,86957.300000004,1,1765696695115
-1,-1,,,87072.000000007,1,1765696725139
-1,-1,,,87135.500000007,1,1765696725203
-1,-1,,,87211.100000005,1,1765696725278
-1,-1,,,87278.800000008,1,1765696725346
-1,-1,,,87352.400000006,1,1765696725420
-1,-1,,,87432.500000007,1,1765696725500
-1,-1,,,87509.600000005,1,1765696725577
-1,-1,,,87589.100000005,1,1765696725656
-1,-1,,,87656.900000006,1,1765696725724
-1,-1,,,87741.200000007,1,1765696725809
-1,-1,,,87816.100000005,1,1765696725883
-1,-1,,,87899.000000007,1,1765696725966
-1,-1,,,87965.400000006,1,1765696726033
-1,-1,,,88032.000000007,1,1765696726099
-1,-1,,,88100.700000007,1,1765696726168
-1,-1,,,88168.700000007,1,1765696726236
-1,-1,,,90353.300000008,1,1765696728421
-1,-1,,,90417.000000007,1,1765696728484
-1,-1,,,90474.600000005,1,1765696728542
-1,-1,,,90532.600000005,1,1765696728600
-1,-1,,,90594.200000007,1,1765696728661
-1,-1,,,90653.000000007,1,1765696728720
-1,-1,,,90715.100000005,1,1765696728782
-1,-1,,,90784.800000008,1,1765696728852
-1,-1,,,90856.100000005,1,1765696728923
-1,-1,,,90925.900000006,1,1765696728993
-1,-1,,,90989.500000007,1,1765696729057
-1,-1,,,91055.700000007,1,1765696729123
-1,-1,,,91124.700000007,1,1765696729192
-1,-1,,,91191.200000007,1,1765696729258
-1,-1,,,91260.000000007,1,1765696729327
-1,-1,,,91327.200000007,1,1765696729394
-1,-1,,,91392.700000007,1,1765696729460
-1,-1,,,91460.400000006,1,1765696729528
-1,-1,,,91524.000000007,1,1765696729591
-1,-1,,,91595.600000005,1,1765696729663
-1,-1,,,91657.300000008,1,1765696729725
-1,-1,,,91725.000000007,1,1765696729792
-1,-1,,,91789.100000005,1,1765696729856
-1,-1,,,91860.800000008,1,1765696729928
-1,-1,,,91924.800000008,1,1765696729992
-1,-1,,,91992.200000007,1,1765696730059
-1,-1,,,92054.800000008,1,1765696730122
-1,-1,,,92121.300000008,1,1765696730189
-1,-1,,,92191.900000006,1,1765696730259
-1,-1,,,92257.600000005,1,1765696730325
-1,-1,,,92325.000000007,1,1765696730392
-1,-1,,,92392.600000005,1,1765696730460
-1,-1,,,92454.500000007,1,1765696730522
-1,-1,,,92523.600000005,1,1765696730591
-1,-1,,,92591.700000007,1,1765696730659
-1,-1,,,92655.800000008,1,1765696730723
-1,-1,,,92726.500000007,1,1765696730794
-1,-1,,,92790.900000006,1,1765696730858
-1,-1,,,92857.200000007,1,1765696730924
-1,-1,,,92920.700000007,1,1765696730988
-1,-1,,,92992.500000007,1,1765696731060
-1,-1,,,93056.300000008,1,1765696731124
-1,-1,,,93121.800000008,1,1765696731189
-1,-1,,,93189.400000006,1,1765696731257
-1,-1,,,93256.200000007,1,1765696731323
-1,-1,,,93324.000000007,1,1765696731391
-1,-1,,,93390.000000007,1,1765696731457
-1,-1,,,93468.800000008,1,1765696731536
-1,-1,,,93540.500000007,1,1765696731608
-1,-1,,,93605.500000007,1,1765696731673
-1,-1,,,93673.000000007,1,1765696731740
-1,-1,,,93739.500000007,1,1765696731807
-1,-1,,,93803.500000007,1,1765696731871
-1,-1,,,93872.500000007,1,1765696731940
-1,-1,,,93938.500000007,1,1765696732006
-1,-1,,,94005.300000008,1,1765696732072
-1,-1,,,94073.200000007,1,1765696732140
-1,-1,,,94138.900000006,1,1765696732206
-1,-1,,,94207.800000008,1,1765696732275
-1,-1,,,94271.700000007,1,1765696732339
-1,-1,,,94345.200000007,1,1765696732412
-1,-1,,,94408.200000007,1,1765696732475
-1,-1,,,94475.200000007,1,1765696732542
-1,-1,,,94542.500000007,1,1765696732610
-1,-1,,,94607.400000006,1,1765696732675
-1,-1,,,94672.300000008,1,1765696732740
-1,-1,,,94743.500000007,1,1765696732811
-1,-1,,,94807.900000006,1,1765696732875
-1,-1,,,94875.600000005,1,1765696732943
-1,-1,,,94947.700000007,1,1765696733015
-1,-1,,,95008.400000006,1,1765696733076
-1,-1,,,95074.100000005,1,1765696733141
-1,-1,,,95142.000000007,1,1765696733209
-1,-1,,,95206.200000007,1,1765696733273
-1,-1,,,95274.800000008,1,1765696733342
-1,-1,,,95339.500000007,1,1765696733407
-1,-1,,,95407.400000006,1,1765696733475
-1,-1,,,95470.700000007,1,1765696733538
-1,-1,,,95542.200000007,1,1765696733609
-1,-1,,,95609.500000007,1,1765696733677
-1,-1,,,95675.600000005,1,1765696733743
-1,-1,,,95738.800000008,1,1765696733806
-1,-1,,,95804.700000007,1,1765696733872
-1,-1,,,95872.800000008,1,1765696733940
-1,-1,,,95939.500000007,1,1765696734007
-1,-1,,,96005.100000005,1,1765696734072
-1,-1,,,96071.600000005,1,1765696734139
-1,-1,,,96139.700000007,1,1765696734207
-1,-1,,,96204.300000008,1,1765696734272
-1,-1,,,96272.100000005,1,1765696734339
-1,-1,,,96338.100000005,1,1765696734405
-1,-1,,,96412.000000007,1,1765696734479
-1,-1,,,96471.400000006,1,1765696734539
-1,-1,,,96540.200000007,1,1765696734607
-1,-1,,,96607.200000007,1,1765696734674
-1,-1,,,96672.600000005,1,1765696734740
-1,-1,,,96753.500000007,1,1765696734821
-1,-1,,,96812.400000006,1,1765696734880
-1,-1,,,96869.500000007,1,1765696734937
-1,-1,,,96938.400000006,1,1765696735006
-1,-1,,,97007.200000007,1,1765696735074
-1,-1,,,97070.900000006,1,1765696735138
-1,-1,,,97138.000000007,1,1765696735205
-1,-1,,,97209.200000007,1,1765696735276
-1,-1,,,97273.000000007,1,1765696735340
-1,-1,,,97342.700000007,1,1765696735410
-1,-1,,,97416.700000007,1,1765696735484
-1,-1,,,97490.400000006,1,1765696735558
-1,-1,,,97558.300000008,1,1765696735626
-1,-1,,,97622.200000007,1,1765696735689
-1,-1,,,97689.400000006,1,1765696735757
-1,-1,,,97755.900000006,1,1765696735823
-1,-1,,,97821.100000005,1,1765696735888
-1,-1,,,97889.200000007,1,1765696735956
-1,-1,,,97963.100000005,1,1765696736030
-1,-1,,,98021.900000006,1,1765696736089
-1,-1,,,98090.500000007,1,1765696736158
-1,-1,,,98156.900000006,1,1765696736224
-1,-1,,,98222.600000005,1,1765696736290
-1,-1,,,98289.000000007,1,1765696736356
-1,-1,,,98355.400000006,1,1765696736423
-1,-1,,,98425.300000008,1,1765696736493
-1,-1,,,98490.400000006,1,1765696736558
-1,-1,,,98554.800000008,1,1765696736622
-1,-1,,,98619.300000008,1,1765696736687
-1,-1,,,98685.900000006,1,1765696736753
-1,-1,,,98752.400000006,1,1765696736820
-1,-1,,,98823.400000006,1,1765696736891
-1,-1,,,98912.300000008,1,1765696736980
-1,-1,,,98970.800000008,1,1765696737038
-1,-1,,,99040.100000005,1,1765696737107
-1,-1,,,99111.000000007,1,1765696737178
-1,-1,,,99174.000000007,1,1765696737241
-1,-1,,,99238.400000006,1,1765696737306
-1,-1,,,99304.200000007,1,1765696737371
-1,-1,,,99372.400000006,1,1765696737440
-1,-1,,,99437.400000006,1,1765696737505
-1,-1,,,99503.500000007,1,1765696737571
-1,-1,,,99569.600000005,1,1765696737637
-1,-1,,,99637.300000008,1,1765696737705
-1,-1,,,99703.200000007,1,1765696737770
-1,-1,,,99770.600000005,1,1765696737838
-1,-1,,,99839.000000007,1,1765696737906
-1,-1,,,99911.900000006,1,1765696737979
-1,-1,,,99970.200000007,1,1765696738037
-1,-1,,,100038.60000001,1,1765696738106
-1,-1,,,100104.50000001,1,1765696738172
-1,-1,,,100184.40000001,1,1765696738252
-1,-1,,,100252.90000001,1,1765696738320
-1,-1,,,100320.30000001,1,1765696738387
-1,-1,,,100389.20000001,1,1765696738457
-1,-1,,,100454.80000001,1,1765696738522
-1,-1,,,100520.50000001,1,1765696738588
-1,-1,,,100590.00000001,1,1765696738657
-1,-1,,,100653.40000001,1,1765696738721
-1,-1,,,100721.20000001,1,1765696738788
-1,-1,,,100790.20000001,1,1765696738857
-1,-1,,,100857.20000001,1,1765696738924
-1,-1,,,100923.10000001,1,1765696738990
-1,-1,,,100992.90000001,1,1765696739060
-1,-1,,,101053.90000001,1,1765696739121
-1,-1,,,101129.40000001,1,1765696739197
-1,-1,,,101190.10000001,1,1765696739257
-1,-1,,,101262.80000001,1,1765696739330
-1,-1,,,101336.00000001,1,1765696739403
-1,-1,,,101393.60000001,1,1765696739461
-1,-1,,,101455.30000001,1,1765696739523
-1,-1,,,101519.90000001,1,1765696739587
-1,-1,,,101588.10000001,1,1765696739655
-1,-1,,,101659.00000001,1,1765696739726
-1,-1,,,101722.70000001,1,1765696739790
-1,-1,,,101786.90000001,1,1765696739854
-1,-1,,,101853.90000001,1,1765696739921
-1,-1,,,101921.40000001,1,1765696739989
-1,-1,,,101987.80000001,1,1765696740055
-1,-1,,,102084.00000001,1,1765696740151
-1,-1,,,102142.40000001,1,1765696740210
-1,-1,,,102207.30000001,1,1765696740275
-1,-1,,,102276.30000001,1,1765696740344
-1,-1,,,102342.40000001,1,1765696740410
-1,-1,,,102407.40000001,1,1765696740475
-1,-1,,,102470.30000001,1,1765696740537
-1,-1,,,102538.10000001,1,1765696740605
-1,-1,,,102605.60000001,1,1765696740673
-1,-1,,,102673.30000001,1,1765696740741
-1,-1,,,102740.60000001,1,1765696740808
-1,-1,,,102806.90000001,1,1765696740874
-1,-1,,,102875.40000001,1,1765696740943
-1,-1,,,102944.60000001,1,1765696741012
-1,-1,,,103007.00000001,1,1765696741074
-1,-1,,,103072.30000001,1,1765696741140
-1,-1,,,103139.00000001,1,1765696741206
-1,-1,,,103204.00000001,1,1765696741271
-1,-1,,,103274.70000001,1,1765696741342
-1,-1,,,103351.20000001,1,1765696741418
-1,-1,,,103438.50000001,1,1765696741506
-1,-1,,,103509.40000001,1,1765696741577
-1,-1,,,103580.80000001,1,1765696741648
-1,-1,,,103640.40000001,1,1765696741708
-1,-1,,,103708.60000001,1,1765696741776
-1,-1,,,103770.10000001,1,1765696741837
-1,-1,,,103842.90000001,1,1765696741910
-1,-1,,,103904.20000001,1,1765696741971
-1,-1,,,103974.00000001,1,1765696742041
-1,-1,,,104039.90000001,1,1765696742107
-1,-1,,,104104.20000001,1,1765696742171
-1,-1,,,104182.50000001,1,1765696742250
-1,-1,,,104241.40000001,1,1765696742309
-1,-1,,,104305.70000001,1,1765696742373
-1,-1,,,104378.60000001,1,1765696742446
-1,-1,,,104441.90000001,1,1765696742509
-1,-1,,,104552.00000001,1,1765696742619
-1,-1,,,104687.00000001,1,1765696742754
-1,-1,,,104758.40000001,1,1765696742826
-1,-1,,,104833.20000001,1,1765696742900
-1,-1,,,104901.20000001,1,1765696742969
-1,-1,,,104964.60000001,1,1765696743032
-1,-1,,,105028.80000001,1,1765696743096
-1,-1,,,105095.50000001,1,1765696743163
-1,-1,,,105162.80000001,1,1765696743230
-1,-1,,,105226.30000001,1,1765696743294
-1,-1,,,105294.30000001,1,1765696743362
-1,-1,,,105362.20000001,1,1765696743429
-1,-1,,,105426.40000001,1,1765696743494
-1,-1,,,105492.40000001,1,1765696743560
-1,-1,,,105559.10000001,1,1765696743626
-1,-1,,,105628.30000001,1,1765696743696
-1,-1,,,105691.50000001,1,1765696743759
-1,-1,,,105726.20000001,1,1765696743826
-1,-1,,,105804.80000001,1,1765696752857
-1,-1,,,105880.60000001,1,1765696752933
-1,-1,,,105963.00000001,1,1765696753015
-1,-1,,,106044.20000001,1,1765696753097
-1,-1,,,106112.00000001,1,1765696753164
-1,-1,,,106181.40000001,1,1765696753234
-1,-1,,,106262.90000001,1,1765696753315
-1,-1,,,106348.10000001,1,1765696753401
-1,-1,,,106421.80000001,1,1765696753474
-1,-1,,,106503.10000001,1,1765696753556
-1,-1,,,106584.10000001,1,1765696753637
-1,-1,,,106647.80000001,1,1765696753700
-1,-1,,,106719.10000001,1,1765696753772
-1,-1,,,106786.90000001,1,1765696753839
-1,-1,,,106856.00000001,1,1765696753908
-1,-1,,,106929.90000001,1,1765696753982
-1,-1,,,107012.30000001,1,1765696754065
-1,-1,,,107081.30000001,1,1765696754134
-1,-1,,,107148.00000001,1,1765696754201
-1,-1,,,107232.10000001,1,1765696754285
-1,-1,,,107313.90000001,1,1765696754366
-1,-1,,,107382.70000001,1,1765696754435
-1,-1,,,107452.10000001,1,1765696754505
-1,-1,,,107548.80000001,1,1765696754601
-1,-1,,,107621.50000001,1,1765696754674
-1,-1,,,107689.20000001,1,1765696754742
-1,-1,,,107796.60000001,1,1765696754849
-1,-1,,,107900.20000001,1,1765696754953
-1,-1,,,107966.70000001,1,1765696755019
-1,-1,,,108045.60000001,1,1765696755098
-1,-1,,,108111.70000001,1,1765696755164
-1,-1,,,108181.80000001,1,1765696755234
-1,-1,,,108253.10000001,1,1765696755306
-1,-1,,,108325.90000001,1,1765696755378
-1,-1,,,110182.50000001,1,1765696757235
-1,-1,,,110281.10000001,1,1765696757334
-1,-1,,,110380.40000001,1,1765696757433
-1,-1,,,110456.50000001,1,1765696757509
-1,-1,,,110515.80000001,1,1765696757568
-1,-1,,,110588.70000001,1,1765696757641
-1,-1,,,110654.10000001,1,1765696757706
-1,-1,,,110722.70000001,1,1765696757775
-1,-1,,,110787.90000001,1,1765696757840
-1,-1,,,110858.80000001,1,1765696757911
-1,-1,,,110922.20000001,1,1765696757975
-1,-1,,,110987.50000001,1,1765696758040
-1,-1,,,111053.40000001,1,1765696758106
-1,-1,,,111121.20000001,1,1765696758174
-1,-1,,,111189.50000001,1,1765696758242
-1,-1,,,111252.10000001,1,1765696758305
-1,-1,,,111318.90000001,1,1765696758371
-1,-1,,,111384.20000001,1,1765696758437
-1,-1,,,111450.90000001,1,1765696758503
-1,-1,,,111517.60000001,1,1765696758570
-1,-1,,,111589.70000001,1,1765696758642
-1,-1,,,111652.10000001,1,1765696758705
-1,-1,,,111719.20000001,1,1765696758772
-1,-1,,,111787.30000001,1,1765696758840
-1,-1,,,111855.80000001,1,1765696758908
-1,-1,,,111922.40000001,1,1765696758975
-1,-1,,,111989.90000001,1,1765696759042
-1,-1,,,112052.00000001,1,1765696759104
-1,-1,,,112120.70000001,1,1765696759173
-1,-1,,,112184.70000001,1,1765696759237
-1,-1,,,112253.40000001,1,1765696759306
-1,-1,,,112318.00000001,1,1765696759370
-1,-1,,,112385.00000001,1,1765696759437
-1,-1,,,112449.50000001,1,1765696759502
-1,-1,,,112525.40000001,1,1765696759578
-1,-1,,,112591.00000001,1,1765696759643
-1,-1,,,112664.30000001,1,1765696759717
-1,-1,,,112742.50000001,1,1765696759795
-1,-1,,,112805.00000001,1,1765696759857
-1,-1,,,112867.70000001,1,1765696759920
-1,-1,,,112939.30000001,1,1765696759992
-1,-1,,,113002.50000001,1,1765696760055
-1,-1,,,113068.20000001,1,1765696760121
-1,-1,,,113135.10000001,1,1765696760188
-1,-1,,,113206.90000001,1,1765696760259
-1,-1,,,113271.40000001,1,1765696760324
-1,-1,,,113336.70000001,1,1765696760389
-1,-1,,,113403.70000001,1,1765696760456
-1,-1,,,113467.90000001,1,1765696760520
-1,-1,,,113536.80000001,1,1765696760589
-1,-1,,,113601.90000001,1,1765696760654
-1,-1,,,113669.50000001,1,1765696760722
-1,-1,,,113738.40000001,1,1765696760791
-1,-1,,,113804.70000001,1,1765696760857
-1,-1,,,113870.20000001,1,1765696760923
-1,-1,,,113937.30000001,1,1765696760990
-1,-1,,,114004.10000001,1,1765696761057
-1,-1,,,114071.90000001,1,1765696761124
-1,-1,,,114135.30000001,1,1765696761188
-1,-1,,,114208.00000001,1,1765696761260
-1,-1,,,114270.50000001,1,1765696761323
-1,-1,,,114337.20000001,1,1765696761390
-1,-1,,,114403.30000001,1,1765696761456
-1,-1,,,114469.20000001,1,1765696761522
-1,-1,,,114540.20000001,1,1765696761593
-1,-1,,,114612.50000001,1,1765696761665
-1,-1,,,114686.60000001,1,1765696761739
-1,-1,,,114751.70000001,1,1765696761804
-1,-1,,,114820.40000001,1,1765696761873
-1,-1,,,114887.70000001,1,1765696761940
-1,-1,,,114951.50000001,1,1765696762004
-1,-1,,,115018.30000001,1,1765696762071
-1,-1,,,115087.00000001,1,1765696762139
-1,-1,,,115152.70000001,1,1765696762205
-1,-1,,,115220.20000001,1,1765696762273
-1,-1,,,115286.90000001,1,1765696762339
-1,-1,,,115351.50000001,1,1765696762404
-1,-1,,,115424.20000001,1,1765696762477
-1,-1,,,115509.90000001,1,1765696762562
-1,-1,,,115610.50000001,1,1765696762663
-1,-1,,,115670.20000001,0,1765696762723
-1,-1,,,115744.00000001,0,1765696762796
-1,-1,,,115803.20000001,0,1765696762856
-1,-1,,,115871.60000001,0,1765696762924
-1,-1,,,115935.80000001,0,1765696762988
-1,-1,,,116005.10000001,0,1765696763058
-1,-1,,,116067.80000001,0,1765696763120
-1,-1,,,116134.00000001,0,1765696763186
-1,-1,,,116202.90000001,0,1765696763255
-1,-1,,,116273.90000001,0,1765696763326
-1,-1,,,116374.20000001,0,1765696763427
-1,-1,,,116431.40000001,0,1765696763484
-1,-1,,,116500.40000001,0,1765696763553
-1,-1,,,116573.70000001,0,1765696763626
-1,-1,,,116633.60000001,0,1765696763686
-1,-1,,,116704.20000001,0,1765696763757
-1,-1,,,116767.00000001,0,1765696763819
-1,-1,,,116835.20000001,0,1765696763888
-1,-1,,,116918.90000001,1,1765696763971
-1,-1,,,116985.20000001,1,1765696764038
-1,-1,,,117054.70000001,1,1765696764107
-1,-1,,,117117.70000001,1,1765696764170
-1,-1,,,117189.10000001,1,1765696764242
-1,-1,,,117254.30000001,1,1765696764307
-1,-1,,,117317.00000001,1,1765696764369
-1,-1,,,117388.80000001,1,1765696764441
-1,-1,,,117453.60000001,1,1765696764506
-1,-1,,,117532.60000001,1,1765696764585
-1,-1,,,117613.60000001,1,1765696764666
-1,-1,,,117779.80000001,1,1765696764833
-1,-1,,,117859.80000001,1,1765696764912
-1,-1,,,117932.90000001,1,1765696764986
-1,-1,,,118001.40000001,1,1765696765054
-1,-1,,,118076.80000001,1,1765696765129
-1,-1,,,118147.50000001,1,1765696765200
-1,-1,,,118220.20000001,1,1765696765273
-1,-1,,,118294.60000001,1,1765696765347
-1,-1,,,118368.20000001,1,1765696765421
-1,-1,,,118462.80000001,1,1765696765515
-1,-1,,,118580.40000001,1,1765696765633
-1,-1,,,118677.00000001,1,1765696765730
-1,-1,,,118745.00000001,1,1765696765797
-1,-1,,,118816.40000001,1,1765696765869
-1,-1,,,118884.10000001,1,1765696765936
-1,-1,,,118963.30000001,1,1765696766016
-1,-1,,,120889.10000001,1,1765696767942
-1,-1,,,120980.40000001,1,1765696768033
-1,-1,,,121080.40000001,1,1765696768133
-1,-1,,,121164.80000001,1,1765696768217
-1,-1,,,121231.90000001,1,1765696768284
-1,-1,,,121302.10000001,1,1765696768355
-1,-1,,,121368.30000001,1,1765696768421
-1,-1,,,121437.50000001,1,1765696768490
-1,-1,,,121507.20000001,1,1765696768560
-1,-1,,,121582.80000001,1,1765696768635
-1,-1,,,121650.10000001,1,1765696768703
-1,-1,,,121718.60000001,1,1765696768771
-1,-1,,,121788.20000001,1,1765696768841
-1,-1,,,121853.40000001,1,1765696768906
-1,-1,,,121917.70000001,1,1765696768970
-1,-1,,,121986.30000001,1,1765696769039
-1,-1,,,122051.40000001,1,1765696769104
-1,-1,,,122119.20000001,1,1765696769172
-1,-1,,,122190.20000001,1,1765696769243
-1,-1,,,122251.00000001,1,1765696769303
-1,-1,,,122319.50000001,1,1765696769372
-1,-1,,,122385.40000001,1,1765696769438
-1,-1,,,122453.30000001,1,1765696769506
-1,-1,,,122517.80000001,1,1765696769570
-1,-1,,,122646.90000001,1,1765696769700
-1,-1,,,122785.80000001,1,1765696769839
-1,-1,,,122853.90000001,1,1765696769906
-1,-1,,,122925.60000001,1,1765696769978
-1,-1,,,122999.40000001,1,1765696770052
-1,-1,,,123068.50000001,1,1765696770121
-1,-1,,,123149.10000001,1,1765696770202
-1,-1,,,123219.60000001,1,1765696770272
-1,-1,,,123295.20000001,1,1765696770348
-1,-1,,,123364.20000001,1,1765696770417
-1,-1,,,123430.20000001,1,1765696770483
-1,-1,,,123497.10000001,1,1765696770550
-1,-1,,,123561.00000001,1,1765696770613
-1,-1,,,123624.90000001,1,1765696770677
-1,-1,,,123688.90000001,1,1765696770741
-1,-1,,,123759.00000001,1,1765696770811
-1,-1,,,123823.10000001,1,1765696770876
-1,-1,,,123891.00000001,1,1765696770944
-1,-1,,,123954.40000001,1,1765696771007
-1,-1,,,124020.30000001,1,1765696771073
-1,-1,,,124085.40000001,1,1765696771138
-1,-1,,,124153.50000001,1,1765696771206
-1,-1,,,124231.90000001,1,1765696771284
-1,-1,,,124300.50000001,1,1765696771353
-1,-1,,,124369.10000001,1,1765696771422
-1,-1,,,124434.00000001,1,1765696771486
-1,-1,,,124499.20000001,1,1765696771552
-1,-1,,,124570.80000001,1,1765696771623
-1,-1,,,124653.00000001,1,1765696771705
-1,-1,,,124728.50000001,1,1765696771781
-1,-1,,,124794.10000001,1,1765696771847
-1,-1,,,124857.60000001,1,1765696771910
-1,-1,,,124926.40000001,1,1765696771979
-1,-1,,,124991.50000001,1,1765696772044
-1,-1,,,127280.40000001,1,1765696774333
-1,-1,,,127382.10000001,1,1765696774435
-1,-1,,,127481.50000001,1,1765696774534
-1,-1,,,127579.40000001,1,1765696774632
-1,-1,,,127652.90000001,1,1765696774705
-1,-1,,,127714.50000001,1,1765696774767
-1,-1,,,127798.90000001,1,1765696774851
-1,-1,,,127869.60000001,1,1765696774922
-1,-1,,,127934.50000001,1,1765696774987
-1,-1,,,127999.90000001,1,1765696775052
-1,-1,,,128078.90000001,1,1765696775131
-1,-1,,,128156.10000001,1,1765696775209
-1,-1,,,128217.50000001,1,1765696775270
-1,-1,,,128284.10000001,1,1765696775337
-1,-1,,,128354.80000001,1,1765696775407
-1,-1,,,128420.70000001,1,1765696775473
-1,-1,,,128487.80000001,1,1765696775540
-1,-1,,,128555.20000001,1,1765696775608
-1,-1,,,128620.40000001,1,1765696775673
-1,-1,,,128684.30000001,1,1765696775737
-1,-1,,,128754.60000001,1,1765696775807
-1,-1,,,128823.00000001,1,1765696775875
-1,-1,,,128884.50000001,1,1765696775937
-1,-1,,,128953.30000001,1,1765696776006
-1,-1,,,129026.60000001,1,1765696776079
-1,-1,,,129084.80000001,0,1765696776137
-1,-1,,,129164.70000001,1,1765696776217
-1,-1,,,129234.10000001,1,1765696776287
-1,-1,,,129307.90000001,1,1765696776360
-1,-1,,,129369.90000001,1,1765696776422
-1,-1,,,129444.70000001,1,1765696776497
-1,-1,,,129522.60000001,1,1765696776575
-1,-1,,,129585.20000001,1,1765696776638
-1,-1,,,129652.90000001,1,1765696776705
-1,-1,,,129718.30000001,1,1765696776771
-1,-1,,,129784.40000001,1,1765696776837
-1,-1,,,129851.00000001,1,1765696776903
-1,-1,,,129918.60000001,1,1765696776971
-1,-1,,,129987.50000001,1,1765696777040
-1,-1,,,130056.00000001,1,1765696777108
-1,-1,,,130122.10000001,1,1765696777175
-1,-1,,,130188.00000001,1,1765696777240
-1,-1,,,130253.00000001,1,1765696777305
-1,-1,,,130320.70000001,1,1765696777373
-1,-1,,,130384.00000001,1,1765696777436
-1,-1,,,130451.60000001,1,1765696777504
-1,-1,,,130521.40000001,1,1765696777574
-1,-1,,,130587.90000001,1,1765696777640
-1,-1,,,130653.00000001,1,1765696777705
-1,-1,,,130718.40000001,1,1765696777771
-1,-1,,,130787.70000001,1,1765696777840
-1,-1,,,130850.40000001,1,1765696777903
-1,-1,,,130919.20000001,1,1765696777972
-1,-1,,,130986.90000001,1,1765696778039
-1,-1,,,131054.50000001,1,1765696778107
-1,-1,,,131119.30000001,1,1765696778172
-1,-1,,,131186.30000001,1,1765696778239
-1,-1,,,131252.10000001,1,1765696778304
-1,-1,,,131320.30000001,1,1765696778373
-1,-1,,,131386.00000001,1,1765696778438
-1,-1,,,131452.50000001,1,1765696778505
-1,-1,,,131516.60000001,1,1765696778569
-1,-1,,,131584.30000001,1,1765696778637
-1,-1,,,131658.00000001,1,1765696778710
-1,-1,,,131719.60000001,1,1765696778772
-1,-1,,,131785.30000001,1,1765696778838
-1,-1,,,131852.60000001,1,1765696778905
-1,-1,,,131923.40000001,1,1765696778976
-1,-1,,,131987.80000001,1,1765696779040
-1,-1,,,132146.00000001,1,1765696779199
-1,-1,,,132247.60000001,1,1765696779300
-1,-1,,,132319.90000001,1,1765696779372
-1,-1,,,132394.60000001,1,1765696779447
-1,-1,,,132467.00000001,1,1765696779519
-1,-1,,,132546.20000001,1,1765696779599
-1,-1,,,132617.30000001,1,1765696779670
-1,-1,,,132688.70000001,1,1765696779741
-1,-1,,,132779.00000001,1,1765696779832
-1,-1,,,132895.40000001,1,1765696779948
-1,-1,,,132984.70000001,1,1765696780037
-1,-1,,,133051.80000001,1,1765696780104
-1,-1,,,133121.30000001,1,1765696780174
-1,-1,,,133200.10000001,1,1765696780253
-1,-1,,,134731.50000001,1,1765696781784
-1,-1,,,134846.20000001,1,1765696781899
-1,-1,,,134948.00000001,1,1765696782000
-1,-1,,,135014.20000001,1,1765696782067
-1,-1,,,135073.70000001,1,1765696782126
-1,-1,,,135136.30000001,1,1765696782189
-1,-1,,,135196.90000001,1,1765696782249
-1,-1,,,135257.00000001,1,1765696782309
-1,-1,,,135378.80000001,1,1765696782431
-1,-1,,,135535.70000001,1,1765696782588
-1,-1,,,135603.60000001,1,1765696782656
-1,-1,,,135677.30000001,1,1765696782730
-1,-1,,,135745.70000001,1,1765696782798
-1,-1,,,135821.70000001,1,1765696782874
-1,-1,,,135895.60000001,1,1765696782948
-1,-1,,,135968.90000001,1,1765696783021
-1,-1,,,136040.80000001,1,1765696783093
-1,-1,,,136113.50000001,1,1765696783166
-1,-1,,,136185.50000001,1,1765696783238
-1,-1,,,136257.10000001,1,1765696783310
-1,-1,,,136331.40000001,1,1765696783384
-1,-1,,,136411.40000001,1,1765696783464
-1,-1,,,136476.70000001,1,1765696783529
-1,-1,,,136542.40000001,1,1765696783595
-1,-1,,,136609.30000001,1,1765696783662
-1,-1,,,136680.40000001,1,1765696783733
-1,-1,,,136749.10000001,1,1765696783802
-1,-1,,,136813.20000001,1,1765696783866
-1,-1,,,136879.70000001,1,1765696783932
-1,-1,,,136947.40000001,1,1765696784000
-1,-1,,,137026.30000001,1,1765696784079
-1,-1,,,137085.70000001,1,1765696784138
-1,-1,,,137153.50000001,1,1765696784206
-1,-1,,,137219.20000001,1,1765696784272
-1,-1,,,137287.00000001,1,1765696784339
-1,-1,,,137353.10000001,1,1765696784406
-1,-1,,,137421.80000001,1,1765696784474
-1,-1,,,137489.20000001,1,1765696784542
-1,-1,,,137552.30000001,1,1765696784605
-1,-1,,,137617.40000001,1,1765696784670
-1,-1,,,137685.00000001,1,1765696784737
-1,-1,,,137752.80000001,1,1765696784805
-1,-1,,,137830.80000001,1,1765696784883
-1,-1,,,137901.60000001,1,1765696784954
-1,-1,,,137972.20000001,1,1765696785025
-1,-1,,,138035.20000001,1,1765696785088
-1,-1,,,138100.30000001,1,1765696785153
-1,-1,,,138167.20000001,1,1765696785220
-1,-1,,,138233.80000001,1,1765696785286
-1,-1,,,138302.30000001,1,1765696785355
-1,-1,,,138370.90000001,1,1765696785423
-1,-1,,,138438.00000001,1,1765696785490
-1,-1,,,138502.20000001,1,1765696785555
-1,-1,,,138570.80000001,1,1765696785623
-1,-1,,,138633.30000001,1,1765696785686
-1,-1,,,138700.30000001,1,1765696785753
-1,-1,,,138774.40000001,1,1765696785827
-1,-1,,,138837.00000001,1,1765696785889
-1,-1,,,138900.30000001,1,1765696785953
-1,-1,,,140385.10000001,1,1765696787438
-1,-1,,,140479.40000001,1,1765696787532
-1,-1,,,140579.10000001,1,1765696787632
-1,-1,,,140664.90000001,1,1765696787717
-1,-1,,,140723.30000001,1,1765696787776
-1,-1,,,140787.20000001,1,1765696787840
-1,-1,,,140852.00000001,1,1765696787904
-1,-1,,,140917.80000001,1,1765696787970
-1,-1,,,140984.70000001,1,1765696788037
-1,-1,,,141050.60000001,1,1765696788103
-1,-1,,,141120.90000001,1,1765696788173
