499.94694759406,499.88156988168,4631.8000000007,1757942786755
500.61596734605,498.11128680054,4970.200000003,1757942787094
495.1203941131,492.96041131781,5249.6000000015,1757942787373
493.44185897611,472.89705198974,5449.6000000015,1757942787573
479.74922252376,435.0736761949,5856.4000000022,1757942787980
580.29194459296,415.73396978388,6028.200000003,1757942788152
692.46331453585,402.05813734046,6215.5,1757942788339
746.46271555119,353.94641175539,6377.8000000007,1757942788501
624.93553648301,306.23511150671,6538.6000000015,1757942788662
468.31343451405,254.87854877505,6695.5,1757942788819
345.49223260848,170.0148619646,6882.8000000007,1757942789007
248.77432316104,114.23229980324,7036.9000000022,1757942789161
276.11585246506,121.92969335631,7220.9000000022,1757942789345
291.82966698282,97.169068041501,7426.8000000007,1757942789551
258.25100967067,82.009738341182,7589,1757942789713
299.33997476179,59.645338032029,7783.4000000022,1757942789907
363.79791650204,82.400459097109,7992.9000000022,1757942790117
267.2977161259,57.377775722114,8192.700000003,1757942790316
288.43102428339,228.63950154562,8365,1757942790489
368.28488509887,233.25902419947,8632.8000000007,1757942790756
371.96300784029,200.38169399972,8891.8000000007,1757942791015
343.70403991509,182.74911931208,9125.6000000015,1757942791249
328.19324826704,216.83834838826,9295.700000003,1757942791419
323.58321930745,253.97833077073,9462.8000000007,1757942791586
334.24636749103,254.45957021106,9619.4000000022,1757942791743
330.76695121227,263.58518330668,9793.6000000015,1757942791917
439.92671924382,329.87899392169,9979.200000003,1757942792103
444.67470860097,377.07367732998,10137.200000003,1757942792261
513.26742003859,356.77590884857,10293.100000001,1757942792417
663.28484824064,353.89940307751,10461.100000001,1757942792585
711.49820571079,306.09384903718,10639.400000002,1757942792763
764.91774919531,206.25667158948,10814.700000003,1757942792938
734.44225709018,202.43443511736,10973.600000001,1757942793097
804.14067795067,132.80138515977,11131.400000002,1757942793255
1017.0465082577,226.39615822188,11311.600000001,1757942793435
1173.3531188886,322.33412759211,11472.200000003,1757942793596
1076.0172962733,334.32814554952,11624.5,1757942793748
1036.8422009454,272.24423430691,11858.5,1757942793982
894.62337264064,319.1399403331,12081.300000001,1757942794205
845.36703815309,300.80683254138,12333.600000001,1757942794457
843.37985772036,399.50407405281,12567.100000001,1757942794691
799.88753817049,262.07823117423,12787,1757942794911
660.19329912484,271.46200935023,12972.200000003,1757942795096
578.18908644241,349.39299306278,13144.200000003,1757942795268
602.19623280828,514.65827716962,13320.800000001,1757942795444
673.82415678327,526.39994730629,13500.200000003,1757942795624
576.87227202802,608.0912657107,13668.200000003,1757942795792
497.76312058236,665.06395872705,13818.600000001,1757942795942
532.6413952627,772.64044017961,13986.700000003,1757942796110
528.9926347124,855.90212984054,14153.300000001,1757942796277
496.42946302517,902.70134514005,14303.700000003,1757942796427
460.17469684551,880.78697792594,14489.5,1757942796613
558.93628047744,867.61142809954,14668.5,1757942796792
606.52811122658,892.46693571188,14857.600000001,1757942796981
604.88691651286,903.48669441353,15151.800000001,1757942797275
660.48260590057,897.1459570324,15315.400000002,1757942797439
649.6513834061,866.73272081942,15492.300000001,1757942797616
553.9679804626,814.6311258339,15655.5,1757942797779
504.55088582073,686.12710262526,15835.900000002,1757942797960
489.39881209134,583.85964070307,15978.300000001,1757942798102
327.6642919536,468.21416001699,16148.400000002,1757942798272
253.33119283238,359.42848338594,16305.300000001,1757942798429
170.98475994146,313.7055530986,16486.800000001,1757942798610
47.648974334683,247.87951879976,16639.900000002,1757942798764
-0.45689388612697,192.34791493436,16802.700000003,1757942798926
26.336084999415,180.11081510922,16966.5,1757942799090
257.40638864348,157.34870184467,17136.200000003,1757942799260
254.48895262309,139.86246621104,17302.5,1757942799426
385.87546611091,171.20429922743,17469.800000001,1757942799593
358.96347808056,196.24199068092,17625.800000001,1757942799750
316.90804728175,257.12129679983,17783.900000002,1757942799908
306.95538298946,243.39056710292,17938.600000001,1757942800062
337.74289336961,238.13980991708,18094.700000003,1757942800218
519.84048144946,350.11510607934,18251.600000001,1757942800375
589.78571056673,469.80963002213,18405.5,1757942800529
706.39421147663,583.55710682725,18555.5,1757942800679
871.97191728923,652.9606330976,18707.600000001,1757942800831
714.04111448461,514.37605025633,18867.5,1757942800991
596.61679571599,441.88816873776,19049.700000003,1757942801173
411.69965506729,336.02908340456,19224.5,1757942801348
291.56626553529,262.98150575681,19372.400000002,1757942801496
255.71965671214,247.9351612229,19522.800000001,1757942801646
200.05599514162,195.78547840517,19686.100000001,1757942801810
178.34370092346,160.65004416821,19868.700000003,1757942801992
144.75583850476,189.70334923757,20037.900000002,1757942802162
143.98375882948,186.84408506488,20191.5,1757942802315
326.54144375197,361.09438724777,20431,1757942802555
405.77432999488,430.70770335726,20598.400000002,1757942802722
491.46181213624,536.3898527494,20783.200000003,1757942802907
429.53109509128,578.85213400869,20944.100000001,1757942803068
468.33924599888,614.03696242124,21128.400000002,1757942803252
521.75188799859,658.85583024135,21287.300000001,1757942803411
638.67939429642,706.89172854346,21453.5,1757942803577
767.60855820592,768.23020349822,21610,1757942803734
929.72588988433,803.25721831533,21767,1757942803891
1014.3135842063,835.94357769667,21908.5,1757942804032
1103.857415145,920.67144039939,22067.5,1757942804191
1124.5561551372,945.8705393256,22219.400000002,1757942804343
1031.955672615,868.14170583082,22380.800000001,1757942804505
948.0895900712,818.43585154831,22538.5,1757942804662
992.87491979353,800.35690172679,22677.800000001,1757942804801
932.95007342452,829.79376914978,22831.200000003,1757942804955
912.13704266434,649.16304413047,22995.5,1757942805119
861.10974788801,526.47319381307,23150.600000001,1757942805274
788.36562600846,416.77635186451,23312.900000002,1757942805437
693.96398351155,279.86566829567,23471.300000001,1757942805595
628.68603656386,179.48132180628,23706,1757942805830
597.93269672466,112.49173793199,23863.600000001,1757942805987
513.72527003048,74.333408942222,24030.700000003,1757942806154
494.52626886178,28.524280616262,24188.900000002,1757942806313
431.77582638861,20.768257568092,24340,1757942806464
393.69982980477,30.704169424747,24495.900000002,1757942806620
377.83880874317,3.253728270944,24650.5,1757942806774
378.47473184304,17.580234406832,24813.900000002,1757942806938
389.85214806175,285.71712929911,24965.300000001,1757942807089
423.61076716617,471.89813876223,25113.900000002,1757942807238
465.21684118255,528.3752186384,25265.200000003,1757942807389
477.18012494378,624.26393538047,25443.300000001,1757942807567
561.6508581959,672.50201527549,25594.400000002,1757942807718
634.94278943256,587.98650113107,25754.800000001,1757942807879
580.24371683506,510.0073786879,25920.700000003,1757942808044
572.43678957089,431.48995457321,26089.600000001,1757942808213
534.28997193036,402.49715464069,26317.700000003,1757942808441
477.94714844541,306.18912466362,26482.100000001,1757942808606
432.52557765424,276.15296412275,26639.700000003,1757942808763
445.21972397116,256.36790519532,26785.400000002,1757942808909
457.15070885473,244.96652228889,26934.300000001,1757942809058
479.22037915077,150.90988448427,27098.400000002,1757942809222
453.77770831473,172.52773179189,27280.700000003,1757942809404
517.78916376459,174.40157850708,27438.600000001,1757942809562
515.84650102257,160.96809610481,27590.300000001,1757942809714
582.27730081692,113.17248580584,27735.400000002,1757942809859
705.36710412728,212.48006346015,27890.600000001,1757942810014
832.89300216932,333.69719916407,28058.200000003,1757942810182
929.08631814754,493.72405737141,28213.300000001,1757942810337
1032.8441573352,604.79493594151,28371.900000002,1757942810496
1113.6284646651,689.32912252471,28531.100000001,1757942810655
994.46812863585,764.44463004972,28690.900000002,1757942810815
1095.7480496381,777.54520460096,28852.800000001,1757942810977
1104.3173396065,805.35244185119,29002,1757942811126
1080.5984650914,830.96099328485,29141.800000001,1757942811266
1056.2311024932,827.86117597023,29280.200000003,1757942811404
989.46723079459,833.95635110719,29438.600000001,1757942811562
950.40333635651,870.64432569218,29595.200000003,1757942811719
924.35017514057,853.50419177417,29746.400000002,1757942811870
896.03046789269,831.87900219044,29898.5,1757942812022
962.04014949426,608.11062675528,30049.600000001,1757942812173
876.25565887571,480.78225245759,30215.200000003,1757942812339
838.96451070164,394.77324045758,30375.400000002,1757942812499
770.0917596518,295.21659221329,30517,1757942812641
712.01149949112,232.90232026387,30752.5,1757942812876
599.91944502794,229.11917383989,31027.400000002,1757942813151
549.83365094731,201.20848066533,31211,1757942813335
624.55759814485,288.83709489164,31379.700000003,1757942813503
675.46760646004,228.88400223836,31555.200000003,1757942813679
637.94609660177,195.94681984559,31707.800000001,1757942813832
577.11249835517,190.26270931118,31865.400000002,1757942813989
616.490767911,280.83900897945,32015.300000001,1757942814139
706.47398742285,395.2630746069,32165.300000001,1757942814289
717.75972945717,490.56302335091,32330.400000002,1757942814454
686.56408100951,571.71875300013,32507.200000003,1757942814631
700.75743052294,618.21403769159,32662.300000001,1757942814786
741.03384588705,713.56866200576,32828,1757942814952
802.42599211615,738.7169089113,32988.5,1757942815112
870.62695349442,677.76245427836,33149.800000001,1757942815273
692.69251488993,695.98810361478,33315.400000002,1757942815439
665.54396226812,584.59308513054,33479.200000003,1757942815603
621.83794684167,395.84714845187,33647.900000002,1757942815772
629.56016674543,357.73592544615,33879.300000001,1757942816003
595.19345874481,277.93160738908,34048.100000001,1757942816172
606.31410682325,263.40265905734,34198.5,1757942816322
570.37347014029,235.63096646262,34360.200000003,1757942816484
570.40331551924,234.46239031755,34516.800000001,1757942816640
517.93621858564,222.85656665755,34682,1757942816806
482.87827252078,201.86498013991,34833.200000003,1757942816957
550.18431634967,176.03834630255,34990.700000003,1757942817114
485.71725657339,196.03050797242,35148.300000001,1757942817272
516.06873580858,181.45697398792,35296.600000001,1757942817420
514.91538516189,322.31419827545,35450.100000001,1757942817574
535.65520522368,387.69815110126,35594.5,1757942817718
580.36347006653,371.85470096934,35748.700000003,1757942817872
564.87009973841,344.59688306532,35902.5,1757942818026
536.37829905393,320.47046913267,36067.400000002,1757942818191
592.95211094035,280.28397177428,36218.300000001,1757942818342
550.37780434986,280.85588354906,36366.800000001,1757942818490
603.35303132245,298.9698075673,36536.5,1757942818660
515.63536331537,242.644061739,36691,1757942818815
478.82152480231,200.38782870179,36860.300000001,1757942818984
434.0050334861,215.51929240851,37002.900000002,1757942819127
445.69113892698,218.48309978193,37141,1757942819265
487.37803198091,204.05935852603,37279.5,1757942819403
489.95673508595,207.87507519142,37474.800000001,1757942819598
526.15588940239,195.11164658768,37663.100000001,1757942819787
575.63436521335,239.75101702153,37799.800000001,1757942819924
560.87618142785,382.22634895841,37980,1757942820104
633.35882129732,475.59271004993,38148.400000002,1757942820272
657.92768993425,570.60380924921,38387.600000001,1757942820511
671.52404409121,606.12463886312,38561.300000001,1757942820685
618.33042137561,505.47823796533,38749.100000001,1757942820873
615.73162770675,454.60000878367,38931,1757942821055
691.08902225881,403.40881167409,39084.100000001,1757942821208
726.60215158659,417.78993511244,39259,1757942821383
736.47320738647,462.75623391087,39438.700000003,1757942821562
713.47743095839,541.58827461369,39593.800000001,1757942821718
720.53096138683,630.42178854144,39762.900000002,1757942821887
650.68934712077,648.83370031513,39918,1757942822042
697.45054116019,611.69875459044,40074.800000001,1757942822198
703.3605538145,652.11791984759,40268,1757942822392
750.14878884538,679.73946549812,40423.700000003,1757942822547
779.33726010943,681.18632894036,40575.300000001,1757942822699
691.84298205976,712.62457004003,40731.700000003,1757942822855
750.36751523387,740.59944578789,40897,1757942823021
721.43878761679,782.43612704713,41142.400000002,1757942823266
667.15231434274,816.31039845545,41294.5,1757942823418
678.30651010398,845.96157649787,41443.5,1757942823567
645.02464765103,810.36893240709,41611.900000002,1757942823736
548.02757480739,714.02567463649,41789.100000001,1757942823913
552.5761661777,770.72181058228,41953.800000001,1757942824077
487.39297406049,782.51180346171,42113.900000002,1757942824238
589.14730473625,850.17918405783,42283.200000003,1757942824407
591.78161187761,841.49871889396,42443.900000002,1757942824568
656.67584123725,669.04231980155,42618.600000001,1757942824742
652.12978123964,488.68120014862,42767.200000003,1757942824891
661.71263272214,380.39658770215,42931.100000001,1757942825055
765.93071518855,349.8047209572,43100.200000003,1757942825224
828.54512594245,422.28038178805,43259.200000003,1757942825383
857.25932556347,492.011529803,43408.400000002,1757942825532
906.42878534172,577.27998071655,43568.300000001,1757942825692
982.89780704218,634.04369063508,43806.5,1757942825930
1054.7165677059,631.39659290718,43962.800000001,1757942826086
1173.3615610389,620.48899460603,44112.600000001,1757942826236
1093.5806627744,686.78001856585,44272.5,1757942826396
854.56639300825,727.66779131702,44414.900000002,1757942826539
771.40467407626,775.49649425011,44562.800000001,1757942826687
770.38471315695,785.06503942235,44708.400000002,1757942826832
809.06463454395,831.22783560692,44857.900000002,1757942826982
798.2211866665,866.32108598987,45009.100000001,1757942827133
838.57104421095,858.07270485645,45208.100000001,1757942827332
655.26544331637,866.71841446721,45357.900000002,1757942827482
590.89628766289,687.73161159005,45516.300000001,1757942827640
481.01039533206,554.90760786714,45661.400000002,1757942827785
512.84369492388,428.82202737426,45815.900000002,1757942827940
503.63884210311,333.56052735065,45969.900000002,1757942828094
491.21690456911,283.15127059481,46140.700000003,1757942828264
506.00420496419,225.14987117769,46297.100000001,1757942828421
548.59529301054,187.62934243347,46457.700000003,1757942828581
588.98164397097,161.60821567487,46609,1757942828733
601.55307293686,128.61932843414,46847.100000001,1757942828971
599.54911319473,164.93583540941,46993.200000003,1757942829117
522.0679411421,167.28529035273,47165.600000001,1757942829289
510.2574490869,193.83069903033,47341.900000002,1757942829466
471.28650268789,165.24242703557,47530,1757942829654
488.25218877377,156.40480531248,47735,1757942829859
527.30287157978,162.94976707816,47895.700000003,1757942830019
429.8783757605,170.335964635,48083.300000001,1757942830207
388.06168984025,190.31199541204,48248.400000002,1757942830372
375.46978033353,186.06628950348,48412.400000002,1757942830536
410.8936703087,168.54992117829,48546.5,1757942830670
468.66029224989,180.27854285906,48704.800000001,1757942830829
454.70473448678,174.13367702461,48864.300000001,1757942830988
484.60112693365,170.51979314547,49022.100000001,1757942831146
531.57438662683,215.14008535041,49181,1757942831305
584.65184241262,233.21050661014,49332.600000001,1757942831456
517.04828288137,288.33108827243,49547.600000001,1757942831671
509.42238004993,327.83506755163,49707.300000001,1757942831831
531.93963604406,291.1844167901,49852.800000001,1757942831976
595.17568896588,457.3477461042,50003.800000001,1757942832127
648.69507732776,476.4654031041,50151.400000002,1757942832275
676.7323548627,550.33857815673,50328.300000001,1757942832452
714.09692816915,626.48915332036,50482.100000001,1757942832606
692.76619323118,716.66410220612,50652.600000001,1757942832776
677.79173453163,723.87598244355,50809.900000002,1757942832934
768.16969094807,790.88813394985,50959.700000003,1757942833083
846.30246662907,818.37937417702,51132.900000002,1757942833257
775.2882368964,705.09388439238,51283.200000003,1757942833407
694.86647584315,504.13953944335,51439.800000001,1757942833563
643.2612093283,398.04555474336,51616.900000002,1757942833741
667.77939688887,325.8222213364,51782.400000002,1757942833906
670.23133119096,402.26439201849,51929.100000001,1757942834053
655.23401402584,420.54151490053,52099.600000001,1757942834223
679.24862359119,427.80919605808,52256.300000001,1757942834380
688.50391726059,477.19872345085,52408.800000001,1757942834533
643.39933802644,556.04984001454,52563.900000002,1757942834688
715.52306109905,577.03591748637,52798.200000003,1757942834922
780.7918603599,651.92342381758,52970.700000003,1757942835094
714.3464755859,691.07818161664,53152.5,1757942835276
732.80844362833,712.160888947,53301.800000001,1757942835426
643.19793968078,676.77014587798,53467.200000003,1757942835591
558.55952470009,674.31345534592,53630.400000002,1757942835754
554.34940928023,641.97747620018,53804.700000003,1757942835928
642.56092147374,667.77297683939,53952.200000003,1757942836076
768.75746571051,698.72945123396,54100.5,1757942836224
864.46456222919,735.04429287543,54243.700000003,1757942836367
968.20367686608,673.72880563961,54396.5,1757942836520
980.60820360311,578.47912269702,54557.700000003,1757942836681
873.80690333316,439.46268136605,54691.300000001,1757942836815
889.66443788723,354.1734794053,54830.300000001,1757942836954
854.13134696741,275.89626216351,54990.600000001,1757942837114
838.75384493768,220.47633840915,55148.100000001,1757942837272
788.75601892205,192.22490050334,55377.5,1757942837501
814.92514602091,175.73553176883,55567.400000002,1757942837691
793.16304941104,128.37241362901,55745.300000001,1757942837869
739.56160034326,154.54795478434,55913,1757942838037
735.95339482647,129.51979392833,56076.100000001,1757942838200
716.81011830361,105.11253444356,56228.600000001,1757942838352
705.27874183813,108.35972909679,56374.400000002,1757942838498
667.13966154523,141.30724069324,56518.600000001,1757942838642
680.98187528609,148.96836569484,56687.400000002,1757942838811
693.92840770757,154.32279584681,56839.400000002,1757942838963
678.14002482738,163.34578340433,56977.800000001,1757942839102
701.90710894697,205.2937008526,57128.700000003,1757942839252
833.77431648201,359.19603225235,57278.900000002,1757942839403
942.35133781654,494.90465076961,57424.900000002,1757942839549
961.57237249033,539.272382735,57590.800000001,1757942839714
999.07409157166,586.54667118662,57752.700000003,1757942839876
1006.2473109474,657.43319808174,57921.600000001,1757942840045
904.00483739365,756.40656158988,58090.400000002,1757942840214
847.5962142594,842.39219996264,58252.600000001,1757942840376
848.56126425836,842.64469140327,58419.200000003,1757942840543
777.14959492196,871.55949928929,58567.5,1757942840691
841.75944751474,902.02233104747,58715.700000003,1757942840839
824.26228200151,902.23392239108,58874.400000002,1757942840998
801.09618303131,872.82442013258,59024.400000002,1757942841148
791.19214316082,873.94907207029,59170.100000001,1757942841294
777.45659627847,708.75331583179,59317.200000003,1757942841441
758.43135707368,585.30839619495,59462.900000002,1757942841587
731.62383532208,502.64584413376,59611.300000001,1757942841735
743.66814310815,397.50740224297,59767.5,1757942841891
676.4886877706,375.3014403798,60075.400000002,1757942842199
721.88288255184,369.34730118702,60246.700000003,1757942842370
858.4695522307,387.06339723763,60424.900000002,1757942842549
1102.6586916856,379.57155918877,60591.600000001,1757942842715
1140.6441978693,382.74087091574,60799.300000001,1757942842923
1292.5786083936,370.04396191558,61011.300000001,1757942843135
1338.9852444729,352.03894023293,61194.800000001,1757942843318
1329.5076253082,316.05383064346,61532.700000003,1757942843656
1235.3795641878,283.87864294778,61738.300000001,1757942843862
1119.9443466988,254.18965579497,61991.900000002,1757942844116
1114.9876529758,224.96735213588,62158.100000001,1757942844282
933.65685172465,270.32551894075,62354.300000001,1757942844478
770.09256082943,247.26202842458,62501.300000001,1757942844625
589.70852392718,250.43348999825,62648.400000002,1757942844772
533.23376331463,253.02619280472,62794.800000001,1757942844918
421.855365286,230.99431590109,63032.400000002,1757942845156
368.08522961006,233.57402898466,63194.400000002,1757942845318
372.72649812321,254.65608139826,63352.600000001,1757942845476
451.85373923713,277.60802345537,63527.700000003,1757942845651
529.72351067908,297.69939740918,63702.5,1757942845826
557.62551621379,307.81598880898,63852,1757942845976
679.30277598708,315.64057223284,64000.5,1757942846124
617.64522234608,457.48140318137,64164.100000001,1757942846288
618.24704143361,448.82757643847,64335.600000001,1757942846459
704.36108108916,446.27042691674,64501.200000003,1757942846625
758.68513649346,391.10000594654,64646.200000003,1757942846770
762.76992521147,379.78614598431,64803.800000001,1757942846927
708.76302993501,361.94943485418,64965.300000001,1757942847089
673.39395225736,356.65203674958,65112.100000001,1757942847236
691.16748756511,345.35551215668,65260.600000001,1757942847384
761.08397192682,324.07444197283,65407.600000001,1757942847531
773.45868382967,342.63965527769,65546.300000001,1757942847670
797.27274185406,335.72191623934,65694.900000002,1757942847819
860.38288949864,429.22558151128,65907.100000001,1757942848031
989.94031966689,517.36378165176,66062,1757942848186
968.91023469763,592.24924703207,66233.5,1757942848357
970.10237143035,677.35098216194,66442.600000001,1757942848566
977.04746928641,731.53300432145,66593,1757942848717
1179.103413043,715.85953620869,66737.200000003,1757942848861
1266.7469111274,732.1593749258,66910.900000002,1757942849035
1328.413868523,570.36975426797,67074.700000003,1757942849198
1366.3023340709,481.51244409552,67224.400000002,1757942849348
1317.9107942288,540.61341082508,67377,1757942849501
1446.9552965362,575.2154771987,67525,1757942849649
1367.6340793876,546.43031973458,67663.400000002,1757942849787
1168.2713707717,432.00523760471,67813.900000002,1757942849938
1019.052628,325.42322552344,67975.300000001,1757942850099
797.02723549766,276.89523933139,68129.100000001,1757942850253
701.93330668165,253.04156888729,68353,1757942850477
535.3860746868,288.40058996892,68522.800000001,1757942850646
616.82833344772,342.77531772706,68675,1757942850799
815.33376226125,375.78484107945,68824.700000003,1757942850948
978.49548672515,356.88064880941,68963.5,1757942851087
862.63916076536,334.19770311445,69114.400000002,1757942851238
810.18468538175,329.49202122273,69261.800000001,1757942851385
809.34132963517,284.33608016027,69402.600000001,1757942851526
715.20453487138,284.81380113716,69550.700000003,1757942851674
601.73282325002,272.88769758658,69712.700000003,1757942851836
615.8536023722,265.09469431632,69852.5,1757942851976
559.61226247452,278.35611721198,70000.100000001,1757942852124
589.24186239307,276.47230028443,70135.200000003,1757942852259
592.06836648824,279.88456462047,70290.800000001,1757942852415
530.98735750694,304.19444522624,70443.300000001,1757942852567
607.48769268611,311.81386483905,70579.600000001,1757942852703
672.8625496828,353.16764124898,70732,1757942852856
718.39943663877,404.21453408785,70882.400000002,1757942853006
855.70658133495,426.17036867815,71029.100000001,1757942853153
969.23867560152,430.23790358403,71272.200000003,1757942853396
955.67135157307,458.73852890954,71439.5,1757942853563
955.34731335053,451.65756358506,71599.900000002,1757942853724
957.24567529326,447.57108823257,71762.600000001,1757942853886
933.83846557324,465.25649622601,71913.400000002,1757942854037
988.8033852276,514.02418264005,72062.700000003,1757942854186
1036.3276129688,514.74718035121,72238.300000001,1757942854362
1051.4839013546,534.44559049316,72395,1757942854519
1093.1341129741,519.76806156769,72564.800000001,1757942854688
1239.4093578976,489.90844214491,72725.200000003,1757942854849
1263.3784424874,468.84556846041,72874.300000001,1757942854998
1271.6542083958,497.29696785399,73047.400000002,1757942855171
1431.3101326374,481.11526649846,73213.100000001,1757942855337
1458.7531961073,521.00319031412,73348.5,1757942855472
1459.6653982748,509.45297745105,73497.400000002,1757942855621
1527.4841468529,506.92076555734,73637,1757942855761
1298.127322502,426.26729217594,73793,1757942855917
1108.6110474918,329.31456106283,73939.700000003,1757942856063
914.98269386491,345.55901159298,74077.100000001,1757942856201
698.91061739931,291.48494571492,74232.400000002,1757942856356
654.80981113682,276.4344183206,74362.400000002,1757942856486
508.97698449423,292.83419142366,74601.300000001,1757942856725
448.35750424055,330.08752284342,74773.200000003,1757942856897
381.10355858279,372.91471021836,74958.700000003,1757942857082
347.37259092863,385.30017874076,75172.100000001,1757942857296
444.80557806801,369.64666380657,75352.5,1757942857476
472.93938659083,411.08498457887,75552.300000001,1757942857676
372.58381690164,449.53150695689,75740.400000002,1757942857864
483.69006860644,489.43217819427,75922.100000001,1757942858046
576.50572888774,495.20439474225,76092.5,1757942858216
583.09963318583,511.51362684663,76242.5,1757942858366
705.80351951139,536.93733352184,76412.800000001,1757942858537
748.02071548756,485.78813561162,76551.200000003,1757942858675
848.48021395456,455.2004294016,76692.700000003,1757942858816
928.66626259354,440.08376360394,76851.5,1757942858975
1025.3423047495,435.06777308423,77007.400000002,1757942859131
1015.1033341391,475.80007168558,77164.300000001,1757942859288
1045.9779077275,505.48030179881,77326,1757942859450
1123.0061148732,533.66906599323,77493.700000003,1757942859617
1156.1890540192,503.36009948814,77642.5,1757942859766
1201.4360386725,505.94715144043,77840.700000003,1757942859964
1284.8685012744,456.84646623264,77999.700000003,1757942860123
1494.6757075995,487.63987401284,78150.5,1757942860274
1538.2446653951,524.17813617339,78300.600000001,1757942860424
1434.114545024,519.99865551489,78466.600000001,1757942860590
1278.2188327194,490.03528535627,78630.5,1757942860754
1081.7716787504,466.34456938077,78780.5,1757942860904
918.33817421853,411.67699732619,78947.600000001,1757942861071
788.86374510321,387.86973693364,79123.700000003,1757942861247
576.06543966243,362.89175682129,79264.700000003,1757942861388
462.48741292446,322.20945116508,79432.100000001,1757942861556
407.14683105415,278.84382747212,79590,1757942861714
377.04525156786,308.74606425202,79736,1757942861860
318.45304773322,261.05893492447,79907.700000003,1757942862031
451.77907994429,238.1298743055,80047.300000001,1757942862171
507.49715863844,251.2003775922,80194.700000003,1757942862318
655.54968544859,302.77963101984,80440.400000002,1757942862564
648.07443453123,388.62488894557,80622.5,1757942862746
652.55438422694,419.76346588103,80784,1757942862908
683.05117122091,491.06065266385,80923.5,1757942863047
720.40927149094,498.23026442118,81076.700000003,1757942863200
793.97985961818,513.48454011678,81229.800000001,1757942863353
756.98108204845,512.02968849258,81384.900000002,1757942863509
833.2504036891,543.02113678411,81545.300000001,1757942863669
784.82169774451,541.73340956921,81696.700000003,1757942863820
921.63654182592,507.2459101986,81843.200000003,1757942863967
998.55510260131,504.00893755883,81999.800000001,1757942864123
1055.1346410257,498.33600282602,82150.700000003,1757942864274
997.83180529197,419.58283680469,82312.200000003,1757942864436
821.6623584462,286.7521962361,82502.5,1757942864626
679.5718684862,234.98248229589,82679.600000001,1757942864803
476.68319140297,114.20170309255,82968.5,1757942865092
377.53582761062,0.078833860057458,83339.100000001,1757942865463
279.79663465931,-26.776416203422,83532.200000003,1757942865656
361.75018135973,-2.611810975318,83714.300000001,1757942865838
325.68582281273,31.728662425817,83882,1757942866006
383.3563170459,31.049630563316,84114.300000001,1757942866238
522.41819704721,102.99525661537,84307.600000001,1757942866431
661.19099800201,222.33761713608,84525.700000003,1757942866649
793.50334602085,307.84582851685,84754,1757942866878
956.41612829337,406.11837056496,84971.700000003,1757942867095
1013.6136003304,484.64884859411,85318.800000001,1757942867443
1068.5776979063,564.98674274008,85784.800000001,1757942867908
1030.0126851187,578.04186870632,85998.900000002,1757942868123
1088.3604494993,620.89600102351,86238.400000002,1757942868362
1083.3354178324,609.55149622394,86556.5,1757942868680
1115.2339406477,615.17977993064,86774,1757942868898
1083.2967165013,698.94203363453,87054.700000003,1757942869178
971.52484943878,714.54201704537,87306.700000003,1757942869430
963.41994039693,712.10399772444,87524.100000001,1757942869648
991.06420470474,674.02537172612,87722.900000002,1757942869847
1009.7956670787,654.68791252129,87946,1757942870070
1077.8489831073,658.16821110562,88159.700000003,1757942870283
1164.3304072596,658.39185986211,88334,1757942870458
1061.8446515972,586.12321653411,88555.200000003,1757942870679
950.40340630056,500.31536952537,88783.700000003,1757942870907
866.53457883934,367.22021460455,88961.200000003,1757942871085
756.56911730679,259.45678516728,89126.200000003,1757942871250
862.0102245448,177.05306454552,89287.200000003,1757942871411
1005.2373608903,190.49165285179,89453,1757942871577
993.69753290438,202.55470425008,89623.5,1757942871747
920.70353940392,198.49960123766,89767,1757942871891
831.95772043945,157.60526523594,89991.200000003,1757942872115
713.11721350062,121.03010367962,90152.800000001,1757942872276
711.18080316507,105.09072830248,90311.400000002,1757942872435
722.9156419591,80.628788153264,90483.600000001,1757942872607
748.62393385447,135.29599782608,90675.600000001,1757942872799
628.75780289849,208.99663630872,90872.300000001,1757942872996
580.36380359847,251.14883245619,91060.400000002,1757942873184
435.89495241254,304.75261418277,91264.200000003,1757942873388
362.90023263204,300.07803537823,91455.400000002,1757942873579
385.51897737757,341.34837079014,91649.700000003,1757942873773
242.20617522304,331.40030892492,91850.5,1757942873974
266.69248824543,315.58700923856,92050.400000002,1757942874174
235.04910222901,284.99102882845,92230.600000001,1757942874354
323.11685609289,402.19124008684,92400.900000002,1757942874525
447.28811866379,522.90902603849,92563.5,1757942874687
577.15978697825,573.46000350189,92712,1757942874836
546.85010880601,550.85754094181,92896,1757942875020
448.82750377208,424.17568386388,93059.400000002,1757942875183
535.65099694368,343.76266076294,93228.100000001,1757942875352
588.30603403973,291.94513166297,93410.200000003,1757942875534
506.97700376563,272.93537230991,93565.700000003,1757942875689
395.80909143804,291.44509882597,93723,1757942875847
354.61241776998,294.01871717263,93924.800000001,1757942876049
336.31781154254,289.53264641806,94249,1757942876373
471.39585807609,415.96805634315,94422.300000001,1757942876546
540.26678123373,491.88016330759,94572.700000003,1757942876696
604.67574196328,567.06258243584,94718.5,1757942876842
676.49015867566,600.76727697076,95223.700000003,1757942877347
656.37730839734,578.42190259029,95431.800000001,1757942877556
791.77142089579,670.37728852009,95593.400000002,1757942877717
774.12087141439,712.77942199334,95746.300000001,1757942877870
854.76296565323,749.57235193699,95892.700000003,1757942878016
924.12383015328,798.45191667052,96046.700000003,1757942878170
905.30843939106,797.89376298969,96225.200000003,1757942878349
885.85738912846,833.59065261382,96393,1757942878517
909.82926155913,816.46650023853,96583.300000001,1757942878707
828.7044211832,660.14474544194,96761.5,1757942878885
729.19083218623,550.16702597223,96927.400000002,1757942879051
648.29831940094,472.70111012715,97117,1757942879241
596.5886506019,399.82200705689,97273.400000002,1757942879397
523.29637280255,342.56128325926,97427.700000003,1757942879551
394.26871078459,301.43223563244,97589.700000003,1757942879713
313.71076609948,273.08908900016,97731.900000002,1757942879856
203.51533570243,260.11481494996,98018.100000001,1757942880142
274.42937832358,221.8195877992,98186.700000003,1757942880310
297.46058163318,201.63649248128,98374.800000001,1757942880499
242.23689190551,181.49106319103,98542.200000003,1757942880666
226.98907657401,217.93604677582,98700.5,1757942880824
178.8754047207,272.71066381039,98850.600000001,1757942880974
212.94785104858,267.08429567934,98995.300000001,1757942881119
199.12697929212,279.77262196526,99156.200000003,1757942881280
251.53381071562,299.60097137994,99305.700000003,1757942881429
211.41093824681,301.0645459833,99466.5,1757942881590
318.02326984971,256.91916908991,99617,1757942881741
289.44762856827,257.96954074887,99771.900000002,1757942881896
340.44483353246,297.12429069874,99917.5,1757942882041
545.46766810234,428.72330484485,100057.4,1757942882181
665.91585259489,541.82364465742,100200.5,1757942882324
799.83077472451,588.56314025982,100348.9,1757942882473
919.16818464221,651.39234302194,100514,1757942882638
1024.4165433204,723.76635348993,100676,1757942882800
956.80209272751,764.02393062763,100909,1757942883033
905.49719014496,626.46946900495,101087.7,1757942883211
825.73081398776,507.44517440374,101249.8,1757942883374
765.4318944898,432.11851094011,101401.7,1757942883525
741.21429447658,306.99049698704,101548.7,1757942883672
696.68803377699,190.73063209268,101706.3,1757942883830
770.7579976488,198.51796785482,101870.7,1757942883994
782.34896146635,200.91228541195,102017.6,1757942884141
771.69891460114,197.58129538127,102154.8,1757942884279
716.42932734711,192.13112698479,102300.4,1757942884424
636.11514438728,204.83553182767,102451.5,1757942884575
538.41914566543,218.4860612877,102609.3,1757942884733
432.74068714173,248.56074809087,102776.6,1757942884900
479.49253062685,217.21212692119,102930.8,1757942885054
591.70805138826,166.15979454208,103078.1,1757942885202
608.40332071934,175.72688889696,103255.1,1757942885379
612.21739533824,233.32828814724,103410.6,1757942885534
698.40393472138,356.97165781125,103572.8,1757942885697
789.08052706132,446.58199435876,103726.5,1757942885850
763.53190897719,564.54900379401,103880,1757942886004
802.21601227192,647.5527850407,104061,1757942886185
841.1155896931,728.88932369644,104326.6,1757942886450
745.55585535609,758.64341156826,104509,1757942886633
793.1734081731,822.76362933395,104706.3,1757942886830
762.45079578974,848.44256684876,104894.7,1757942887018
749.46946844865,867.63059667636,105064.5,1757942887188
847.28708683657,893.25764008605,105212.6,1757942887336
942.49399035203,821.98371916308,105383.5,1757942887507
874.7331910999,824.1043050032,105552.3,1757942887676
854.24338926118,828.48264412303,105702.6,1757942887826
769.04544562398,809.75949387316,105875.3,1757942887999
854.50940259621,806.74276898172,106026.5,1757942888150
864.43293582738,806.44610292291,106188.3,1757942888312
843.93549481547,796.16133789172,106356.7,1757942888480
843.87625799307,809.23161275764,106532.9,1757942888657
797.0362477423,769.9761432284,106705.1,1757942888829
649.51830218694,766.7272128401,106888,1757942889012
634.50244026836,765.02963146649,107046.2,1757942889170
678.01754098483,747.1675112332,107216.1,1757942889340
686.04394379918,751.70082934998,107369.7,1757942889493
738.13346271461,774.25229871594,107530.5,1757942889654
768.41943840905,818.00634058286,107704.8,1757942889828
760.00334329471,845.07929275179,107862.1,1757942889986
774.95077492454,869.29740181875,108010.2,1757942890134
678.05279141322,853.59992271632,108177.3,1757942890301
570.65535058608,794.58468111919,108338.6,1757942890462
568.8415244438,763.87646201695,108516.9,1757942890641
512.36222017438,629.34388685907,108695.8,1757942890819
529.66024489022,454.15546166445,108884.5,1757942891008
580.15398132144,292.90695316436,109180.5,1757942891304
532.21773430689,284.49528536004,109358.8,1757942891482
542.04458364176,241.98508542132,109546.9,1757942891671
707.09337512873,222.13245595134,109710,1757942891834
720.7335877408,321.27970507539,109880.1,1757942892004
739.29279464573,461.58594953603,110048.6,1757942892172
714.94513862349,577.31084917791,110223.6,1757942892347
794.86820214264,536.6152939604,110393.7,1757942892517
882.70364298267,448.12157095575,110553.8,1757942892677
976.59349157449,462.33919339426,110706.5,1757942892830
1072.6498306732,453.21521756408,110873.2,1757942892997
1102.2074022484,471.52539159637,111039.7,1757942893163
1262.2055728031,454.62111385752,111190.7,1757942893314
1348.8896118236,451.88861691019,111350.6,1757942893474
1336.2428317757,461.47093170171,111516.7,1757942893640
1294.7645544184,456.12156492028,111678.1,1757942893802
1381.1334693734,479.9979422784,111909.7,1757942894033
1405.0670705161,477.74834750486,112070.3,1757942894194
1311.0178636608,458.60968638972,112223.2,1757942894347
1138.5270495722,407.64896784526,112388.3,1757942894512
894.87921645591,393.05909142039,112552.4,1757942894676
751.34458991383,356.82691762218,112704.2,1757942894828
695.35126161325,290.77168405216,112861.4,1757942894985
574.14845129064,283.56030159655,113014.2,1757942895138
568.64819320455,366.51017536906,113172.8,1757942895297
629.33917405946,422.73452965834,113315.9,1757942895440
729.8091026757,450.57699406399,113482.5,1757942895606
857.89778970603,476.82635974315,113644.2,1757942895768
868.37153789356,535.62099965759,113798.2,1757942895922
941.00495037761,532.53156578757,113973.2,1757942896097
882.10522292723,515.81223867694,114131.6,1757942896255
869.10874063777,490.74882464085,114296,1757942896420
873.350296227,462.27209020021,114482,1757942896606
779.72402561716,487.50191377112,114649,1757942896773
844.68654909528,426.25656706032,114824.3,1757942896948
872.54885712952,448.63145998477,115068.2,1757942897192
773.59732846192,437.19007007617,115229.6,1757942897353
855.56400690985,505.66004723061,115422.1,1757942897546
860.38113605647,533.34528893175,115613.8,1757942897738
821.31631681926,563.88177463777,115778.1,1757942897902
640.21244631866,576.34905865661,115932.8,1757942898057
689.2594793207,468.9523180753,116099.9,1757942898224
722.07566087487,398.13611827214,116275.8,1757942898400
694.46698253183,309.16384849526,116451.1,1757942898575
807.51553196808,425.46326442482,116595.8,1757942898719
972.36862350961,532.73450926125,116746.3,1757942898870
1006.9037124065,545.12191270076,116900.3,1757942899024
1097.5655377763,619.69398689663,117054.1,1757942899178
1088.508444201,581.45529186465,117212.6,1757942899336
904.94109659965,497.04231041132,117366.9,1757942899491
881.38161991712,430.66613883974,117606.5,1757942899730
814.28623334231,358.75875993136,117774.8,1757942899899
726.80169928687,368.82431591423,117939.7,1757942900063
643.46963333313,370.55007966802,118142.6,1757942900266
693.95175777543,363.87805458121,118346.1,1757942900470
724.9127805071,378.55444463413,118544.5,1757942900668
670.85483653905,373.31339000284,118750.8,1757942900875
724.50100312473,368.47970436103,118967.2,1757942901091
667.56056054127,356.0883832391,119156.5,1757942901280
597.03903754577,306.33768259361,119348.1,1757942901472
565.78798615932,267.5748468999,119538.7,1757942901662
556.28722116588,242.52086141056,119767.8,1757942901892
551.79071671978,285.54138776105,119960.4,1757942902084
563.84870614714,309.33789196949,120148.1,1757942902272
701.95248820729,447.91144063299,120298.2,1757942902422
770.78282614202,552.62219427185,120466.9,1757942902591
841.73238657962,653.86498939705,120628.4,1757942902752
913.19412048772,728.69007460762,120870.9,1757942902995
976.5933129867,821.99506355064,121020.8,1757942903145
997.28838155086,827.84048211287,121200.7,1757942903324
951.05881229551,858.25864084761,121352.9,1757942903477
772.83918085057,853.05052975958,121517.1,1757942903641
768.2840998858,720.19924074847,121669.6,1757942903793
702.23020119838,593.78353782875,121832.1,1757942903956
592.21491572628,450.05333374728,121987.3,1757942904111
577.207695506,339.20460786615,122127.5,1757942904251
603.98214412022,275.05916665238,122287.9,1757942904412
698.72693083802,214.81325274555,122437.2,1757942904561
720.24287341325,219.49265858647,122614.5,1757942904738
682.54177216409,216.00857292889,122796.6,1757942904920
609.79894915705,206.52573887987,122950.2,1757942905074
715.47470925132,340.77123229772,123107.9,1757942905232
797.82802650052,387.13006252564,123263.4,1757942905387
829.26027092808,486.58839919084,123420.4,1757942905544
916.30784955084,503.88971002844,123648,1757942905772
811.92505995044,398.92990978284,123824.7,1757942905948
811.90812686403,355.70574595537,123992.3,1757942906116
784.0298771553,313.63317208261,124161.2,1757942906285
843.05359908399,264.60898825475,124346.9,1757942906471
752.50060794396,222.55655030177,124519.9,1757942906644
752.88998195899,284.40265129508,124679.3,1757942906803
779.42549825439,244.95586395849,124849,1757942906973
700.63560612427,284.44104226151,125057.3,1757942907181
679.1441096616,295.74193874826,125285.7,1757942907409
623.95000132433,237.68711088431,125504.6,1757942907628
595.76122177827,185.81702283977,125698,1757942907822
699.33579572417,210.27546907478,125908.5,1757942908032
828.69736867002,246.64770796233,126116.4,1757942908240
890.72022603548,335.61982887241,126282.3,1757942908406
869.19917102135,439.97102893695,126557.1,1757942908681
806.53602236327,532.78888206362,126741.7,1757942908865
662.04639673364,581.75188141797,126920.6,1757942909044
607.96433411564,578.92753189029,127104,1757942909228
488.2775877378,465.62194348938,127298.6,1757942909422
463.41546251779,400.9270195017,127470.8,1757942909595
662.39506953431,416.63669302787,127666.3,1757942909790
695.75607831637,388.09283185194,127839,1757942909963
874.87525982823,319.53427737445,128064.8,1757942910188
1030.243254604,342.55835762982,128298.6,1757942910422
1313.2279410481,328.8465372967,128555.3,1757942910679
1324.925396064,181.99765667909,128728,1757942910852
1356.9894587827,224.88552210848,128891.6,1757942911015
1224.405951234,149.77993890977,129051.8,1757942911176
1117.7239534109,277.26673513429,129276.5,1757942911400
1076.4975864375,254.43035289314,129453.6,1757942911577
1030.5397829028,288.58370766203,129614.5,1757942911738
988.06633970348,273.09387241575,129786.8,1757942911911
892.39596858201,282.49829485079,129956.4,1757942912080
904.0084030632,322.47764701552,130101.4,1757942912225
837.66991276446,296.37478711538,130248.5,1757942912372
830.4119759005,293.75409290018,130406.6,1757942912530
903.54628613975,243.05295634019,130561.4,1757942912685
825.1575625243,268.78605210006,130716.9,1757942912841
687.03657817287,240.74318894059,130866.7,1757942912990
687.79529954287,195.21144673728,131017.8,1757942913141
781.43277619459,154.08781035137,131167.3,1757942913291
783.80558626876,166.57739986938,131317.3,1757942913441
807.26370833845,250.5161314034,131481.7,1757942913605
830.08974541208,232.95003829849,131633.7,1757942913757
903.90545805541,290.00047599373,131786.4,1757942913910
938.94573865087,349.57201742759,131953.6,1757942914077
955.47284568291,360.84210571255,132102.8,1757942914226
1060.0211428368,452.14427844788,132327.8,1757942914451
954.3403626488,525.71015034873,132512.6,1757942914636
912.09911120929,457.01900159266,132685,1757942914809
789.1736589929,386.47613379583,132853.9,1757942914978
694.82912649296,310.07406160105,133026,1757942915150
649.37848368833,295.1026883872,133190.4,1757942915314
630.81510592841,258.87279110195,133348.5,1757942915472
503.7257330748,285.31005215066,133508.6,1757942915632
567.07875398449,297.96074777663,133672,1757942915796
454.76653278804,280.43016981362,133879.8,1757942916003
362.20383664446,259.94498675095,134040.9,1757942916165
224.77454426739,179.59900643743,134189.5,1757942916313
169.16249048995,143.88130475502,134353.4,1757942916477
167.58768952448,143.65854256298,134511.6,1757942916635
139.33707072237,143.00662039947,134672.5,1757942916796
243.91179563275,155.76096135935,134849.1,1757942916973
192.98342730997,102.40222137528,135021.2,1757942917145
189.17312656434,89.723384599535,135176,1757942917300
151.25647903224,113.38284395828,135403.6,1757942917527
273.6676361557,199.51562915127,135580.8,1757942917704
321.62878185801,201.44603316966,135737.6,1757942917861
439.08005940381,200.56154373517,135891.6,1757942918015
518.1353015454,200.98105246843,136040.7,1757942918164
610.77682401511,214.10040559484,136215.2,1757942918339
702.98566664311,239.88950307136,136378.4,1757942918502
754.75982319184,260.30401348008,136568.9,1757942918693
791.15252647622,241.23508990735,136723,1757942918847
937.6636095082,299.61597593537,136870.2,1757942918994
1005.4982975038,291.88260703366,137037.7,1757942919161
1027.2604992489,320.21953331338,137195.5,1757942919319
1061.3069168835,377.74005674731,137336.8,1757942919460
1093.9186657884,351.14144306707,137492.3,1757942919616
1062.6087149982,382.35592282182,137652,1757942919776
1072.8325852027,378.95901990718,137818,1757942919942
1147.7398891683,427.48270845171,138012,1757942920136
1145.3984734224,467.59165100899,138278.2,1757942920402
930.3813668088,380.59093111932,138499.4,1757942920623
718.49406693314,312.36255851399,138677.5,1757942920801
641.71674097783,344.6316162944,138898.9,1757942921023
517.63349225441,330.08858743132,139103.6,1757942921227
468.40583506959,284.5237530313,139277.4,1757942921401
471.63801411334,306.78859706189,139478.3,1757942921602
612.55177337815,425.91657371369,139672.8,1757942921797
752.55039783403,437.62738548567,139867.4,1757942921991
806.44142334751,398.59838155685,140069.7,1757942922193
847.81729909074,386.10197857193,140253.7,1757942922377
740.61418232701,484.47462855089,140424.6,1757942922548
790.09499473124,474.04501680329,140585.6,1757942922709
903.96257521241,462.68884627257,140758.1,1757942922882
1084.274641817,458.08605166616,140991.3,1757942923115
1049.9399463493,403.10943663201,141162.4,1757942923286
1005.5723088084,421.23520642187,141346.9,1757942923471
1068.424446569,378.24003027767,141527.3,1757942923651
811.53757477643,328.74919626806,141696.3,1757942923820
669.5235607352,323.42509032639,141854.9,1757942923979
494.6815478435,293.31243625286,142023.4,1757942924147
451.12703967134,286.50378756599,142173.9,1757942924298
400.90700322073,311.07938399098,142331.9,1757942924456
405.54404380916,318.24074091357,142522.8,1757942924647
401.79633062588,332.20981760476,142707.4,1757942924831
368.48441113251,349.36577349419,142876.9,1757942925001
303.33571556516,407.64348553617,143039.4,1757942925163
250.30137268277,462.33762458331,143203.9,1757942925328
309.32336475266,447.57945114483,143375.7,1757942925499
368.5265575937,432.9510970856,143542.9,1757942925667
356.27027960378,445.13136674656,143714.7,1757942925838
260.59533146808,423.48831527042,143892.6,1757942926016
236.34744683397,458.07692584488,144057.5,1757942926181
243.57355063299,435.75944104394,144214.9,1757942926339
286.15180553459,401.71124494202,144377.6,1757942926501
317.38583305144,481.74670686658,144540.4,1757942926664
318.52932271004,463.63036130181,144702.2,1757942926826
376.07541201742,423.76624460376,144874,1757942926998
454.24327469105,455.93280940835,145041.1,1757942927165
533.97885032508,498.54922317607,145225.3,1757942927349
582.66676097846,452.91312367165,145408.9,1757942927533
638.95889188002,493.87569569847,145571.4,1757942927695
768.59273729095,508.89201255336,145832.5,1757942927956
753.87538007195,475.27433708254,145986.4,1757942928110
861.10504329648,515.34730363007,146169,1757942928293
969.41612416116,442.63644087465,146374.8,1757942928499
1086.1197663389,494.04669608264,146580.9,1757942928705
1204.5025438926,492.68169435108,146750.6,1757942928874
1249.510286584,507.80292623538,146937.9,1757942929062
1161.3898967931,492.27750905969,147114.7,1757942929238
1026.8192222452,508.86604577422,147294.9,1757942929419
857.27370595687,574.30330764189,147472.1,1757942929596
762.08328989717,594.38709374563,147638.3,1757942929762
751.60931942206,571.74004931539,147803.1,1757942929927
645.52189932499,593.53055878124,147982.7,1757942930106
544.0579225592,519.45905882009,148156.4,1757942930280
515.4931553997,473.34261378863,148308.1,1757942930432
468.38585705686,433.58278074283,148569.7,1757942930693
496.85924835253,360.7138096958,148758.4,1757942930882
560.88397397883,315.71139303934,148913.4,1757942931037
601.58336602102,286.24364449247,149060.7,1757942931184
623.45070185409,286.32914502272,149220,1757942931344
680.41225747363,304.79357756376,149387.9,1757942931512
743.39927612302,283.9941431788,149558.1,1757942931682
868.58182293899,312.61696819556,149720.7,1757942931844
771.10801790142,324.96517781064,149874.7,1757942931998
756.76894258549,310.93061679332,150031.2,1757942932155
721.31369045966,296.3372793239,150208.6,1757942932332
657.61415267448,269.35514420153,150384.7,1757942932508
674.01501894693,243.4736793831,150567.9,1757942932692
567.75736172482,273.27518081778,150747,1757942932871
479.55500923646,311.39506235244,150924.3,1757942933048
426.21335522723,367.88901575279,151081.1,1757942933205
490.28685330494,399.19223309871,151331,1757942933455
491.7630234132,364.67402834637,151510.1,1757942933634
588.33557957189,417.24012675435,151673.8,1757942933797
605.48237142083,366.90600853864,151854.8,1757942933978
565.50630330048,368.31433639716,152025.9,1757942934150
502.6095228171,381.52385304695,152176.7,1757942934300
447.65986458686,369.19030409555,152340.8,1757942934465
606.45647749042,361.91826953012,152504.2,1757942934628
654.80471587952,377.54694891807,152672.7,1757942934796
772.45626928292,451.78963924673,152841.4,1757942934965
806.48541733333,497.34136187254,152989.9,1757942935114
967.63890114478,579.58104065183,153143.1,1757942935267
965.1158471308,607.14113611928,153318.3,1757942935442
965.45671704527,560.70255254787,153511.4,1757942935635
993.46762761538,625.41482695683,153663.6,1757942935787
1027.6518317057,642.18389147468,153828.2,1757942935952
1038.9521556658,593.5670102549,154078.1,1757942936202
1135.5000672703,518.80197492364,154297.4,1757942936421
1127.9831651417,475.62592429748,154473.9,1757942936598
1112.2934704719,434.07585437694,154642,1757942936766
1001.4914596743,416.60495784912,154803.8,1757942936927
945.98585873971,390.86630500897,154961.3,1757942937085
859.97912041927,377.81061416913,155116.9,1757942937241
753.00236795426,356.90128448855,155277.6,1757942937401
604.20442321803,354.40440230803,155442.4,1757942937566
435.00173913683,415.55677301718,155605.3,1757942937729
538.62620297838,389.51929121676,155787,1757942937911
573.66973533375,354.05035563982,155954.9,1757942938079
669.76386401016,304.94353891865,156125.3,1757942938249
773.02836618748,279.81334920925,156281.3,1757942938405
899.11248974147,300.32110881769,156432.1,1757942938556
846.37969280476,316.06493961719,156648.9,1757942938773
760.27994403046,347.00405360036,156827.2,1757942938951
651.84365853532,373.11854110645,156994.7,1757942939118
786.51971467558,381.39127665654,157162.6,1757942939286
956.92446803717,389.20398201935,157320.7,1757942939444
1021.8987632081,376.89646522458,157489.9,1757942939614
1001.5191360475,383.00334450548,157653.1,1757942939777
1054.2989873755,360.02226098063,157820.9,1757942939945
959.7868499411,308.5721906591,158002.5,1757942940126
795.37756717845,289.09546545139,158153.7,1757942940277
664.75491019016,284.03222472973,158321,1757942940445
507.73508318795,275.43076738234,158492,1757942940616
528.88725769386,394.32724474916,158655.6,1757942940779
470.67262018888,326.88052698543,158831.5,1757942940955
459.7104117336,300.11998647086,158997.2,1757942941121
396.04559454632,288.31508881821,159153,1757942941277
365.5559006287,294.09372626441,159373.6,1757942941497
301.40889281094,316.23215727312,159551.5,1757942941675
285.40365936025,303.38694736632,159713.9,1757942941838
376.42022695048,286.78282010314,159869.8,1757942941994
424.98410673202,222.69623026177,160032.2,1757942942156
444.67027482889,237.04705394537,160178,1757942942302
411.95384099094,255.2203992741,160332.3,1757942942456
557.45005934381,260.98917332788,160490,1757942942614
587.16125953156,267.00061946125,160651,1757942942775
600.88811924321,263.08663202118,160808.2,1757942942932
660.17596478451,313.12590922095,160976.7,1757942943100
676.05908867912,345.98370981549,161140.3,1757942943264
763.19220356684,418.3111111431,161306,1757942943430
782.23779396642,383.18111756984,161485.1,1757942943609
893.57293461233,424.71964047147,161644.4,1757942943768
1036.1996830346,449.38385200504,161806.1,1757942943930
1112.9627469369,432.48978738904,161978.8,1757942944102
1127.3226943054,380.37625114185,162140.7,1757942944264
1096.1570807438,356.73833053719,162374,1757942944498
1029.423227201,319.39200283478,162535.3,1757942944659
1119.7089895944,300.92765814662,162697.5,1757942944821
1207.3576739462,319.0080572964,162857.1,1757942944981
1217.054560337,311.55103819337,163027.2,1757942945151
1174.239510781,326.16110954193,163192.3,1757942945316
1245.682607226,351.19983253433,163342.7,1757942945466
1232.6641882634,427.95338181896,163495.2,1757942945619
1120.8927720262,509.73345396292,163642.6,1757942945766
1019.1151762228,538.24860503436,163818.5,1757942945942
985.21139928795,526.08288653382,163980.3,1757942946104
1007.6656171919,543.1142905645,164133,1757942946257
1051.9730974796,546.32500369726,164301.1,1757942946425
919.23899752043,515.04764990692,164470,1757942946594
824.85236557635,483.50294510613,164626.1,1757942946750
656.67535301818,473.21187230789,164800.2,1757942946924
618.07309642893,462.04560630579,165121.3,1757942947245
710.76549461801,383.88017817569,165308.5,1757942947432
770.61668185272,304.97454029578,165472.6,1757942947596
772.90489744374,240.88054468625,165641.3,1757942947765
849.3396128555,190.76137226961,165791.2,1757942947915
731.48803676877,166.83303640663,165966.5,1757942948090
783.28755711214,106.90069613182,166128.2,1757942948252
720.63038140872,145.25452099917,166292.8,1757942948416
692.46540163927,131.29055865702,166462,1757942948586
613.43205894699,158.49916048071,166639.1,1757942948763
741.32464663066,135.73566261397,166825.6,1757942948949
875.52006753948,113.88089604243,167033,1757942949157
920.85430290813,196.83446781488,167390.8,1757942949515
906.12215260807,215.0826571858,167689,1757942949813
942.98056745603,143.39399615583,167891.1,1757942950015
952.8621748009,173.14680181155,168233.7,1757942950357
1031.3293702757,169.44707494611,168497.4,1757942950621
1024.0490820509,129.57242209095,168741.3,1757942950865
992.319391864,145.05122230425,168936.1,1757942951060
988.5461137886,127.5822075924,169151,1757942951275
1037.9741049019,125.39374095742,169341.9,1757942951466
1007.5573050503,229.57098239957,169572.2,1757942951696
998.9141070907,244.27282251554,169741,1757942951865
1038.6332054442,299.86299247648,169928.9,1757942952053
1063.2423150084,392.75199974647,170120.2,1757942952244
999.07529736804,362.43372868372,170292.6,1757942952416
967.32074606032,408.79182685749,170451.3,1757942952575
978.83484494577,455.38004804803,170636.5,1757942952760
979.02130328138,386.82060358969,170843,1757942952967
995.50405618768,334.37017733936,171101.7,1757942953225
1008.2862563638,284.6760548819,171308.4,1757942953432
1002.9749884332,333.69994240578,171519.9,1757942953644
1055.9055263315,375.6674019629,171748.9,1757942953873
1068.985140673,324.35261707712,171946.4,1757942954070
1072.9790536606,385.97758120016,172146,1757942954270
1094.8445696931,418.47952597337,172374,1757942954498
1044.5934739703,378.59312195121,172603.7,1757942954727
1130.430666907,348.75307175068,172777.4,1757942954901
889.10626200142,415.76157135321,172963.5,1757942955087
918.92413290092,395.30091108465,173153.7,1757942955277
895.14330145157,354.04439268633,173323.5,1757942955447
871.47440253629,349.27580265419,173480.1,1757942955604
961.62283230597,447.76232569465,173642.9,1757942955767
991.59900318324,539.85110407897,173871,1757942955995
953.93506738411,557.53175087441,174047.4,1757942956171
902.99095102664,522.13694977296,174220.5,1757942956344
828.09949956739,539.63320275553,174393.6,1757942956517
781.03378743493,506.51661108267,174574,1757942956698
697.73254775923,436.61276249587,174754.9,1757942956879
608.94890297708,411.37197708355,174947.9,1757942957072
524.35729486373,369.92997160311,175258.4,1757942957382
622.76861003433,377.63074442496,175520.7,1757942957644
733.26235426365,421.40664259744,175737.9,1757942957862
781.40424650964,437.14562644497,175989.7,1757942958113
838.09486601285,423.18064858812,176187.7,1757942958311
783.37177496762,437.85538369775,176383.8,1757942958508
682.23208119897,478.96713076601,176568.2,1757942958692
674.65768230901,498.8406651812,176781.9,1757942958906
630.57333472274,532.70364765096,176986.1,1757942959110
560.83313154451,591.59567979912,177158,1757942959282
475.03775946183,614.03017786681,177332.7,1757942959456
487.44162292326,564.91414436145,177518.8,1757942959642
415.52269003894,598.88284483564,177693.3,1757942959817
376.85936284015,644.45814116553,177862.5,1757942959986
419.82000118945,595.06218859511,178045,1757942960169
377.29586742679,597.8710828802,178237.6,1757942960361
365.99625124319,609.301031114,178419.8,1757942960543
533.89033422797,566.11956317626,178597.7,1757942960721
537.6940184376,597.6236847033,178761.6,1757942960885
460.26747667441,588.52846075622,178926.5,1757942961050
432.11205586817,556.9534015354,179174.7,1757942961298
348.56367260326,565.13286331738,179359.8,1757942961484
542.03176807518,518.17789918251,179537,1757942961661
660.23914989996,506.09592191228,179751.5,1757942961875
750.8709572126,457.17602228345,179938.8,1757942962062
853.14794677418,492.43525927662,180150.8,1757942962275
909.28653229719,441.85515229807,180393,1757942962517
909.91467368485,488.89276916967,180578.8,1757942962702
815.03703914638,493.49750341851,180796.4,1757942962920
933.69529592893,444.5156069929,180984.9,1757942963109
890.1705703751,396.93900888331,181227.5,1757942963351
772.28449666538,417.2893892827,181423.7,1757942963547
756.6219262321,351.80701421861,181594.9,1757942963719
625.83853463117,357.48505480615,181773.9,1757942963898
593.26354836535,307.85955787259,181959.6,1757942964083
530.69116527472,235.15151970973,182141.5,1757942964265
498.31053127198,205.69991421883,182327.5,1757942964451
456.94427309128,198.72834132142,182494.5,1757942964618
603.51714607604,188.90356112234,182666.6,1757942964790
619.54486167623,164.25220668654,182823.7,1757942964947
601.68457338923,184.3183906989,182995.7,1757942965119
594.46069390792,188.25177426497,183158.4,1757942965282
648.38653519427,156.80273366398,183342.5,1757942965466
533.9830477734,85.245678824686,183525.1,1757942965649
661.29062954552,80.925302779837,183694.1,1757942965818
677.30326138513,20.062381192663,183881.1,1757942966005
661.49632586057,-41.312284116299,184120.2,1757942966244
650.95838161124,24.220195933636,184286.3,1757942966410
651.60398096489,110.79032772762,184480.7,1757942966604
680.08532977367,155.47953063484,184679.8,1757942966803
620.77318904962,137.41378316419,184900,1757942967024
635.31514897026,217.53736766299,185104.3,1757942967228
636.80566125444,252.22851528134,185326.6,1757942967450
560.15708525946,316.06553454645,185553.1,1757942967677
553.40709351037,467.65766885377,185708.4,1757942967832
527.2788217716,540.72519981793,185900.3,1757942968024
501.34056006747,636.22117186739,186075.2,1757942968199
473.98547844487,674.63816207945,186236.4,1757942968360
496.41303471536,735.96160604669,186411.8,1757942968536
453.27027919616,797.93102272882,186609.4,1757942968733
640.83235891681,793.03559066016,186775.4,1757942968899
539.02552480866,875.63488378404,186985.8,1757942969110
539.28742225551,856.69826053716,187252.8,1757942969377
561.28765132102,819.66265965962,187442.9,1757942969567
623.96145033255,821.82637187531,187630.8,1757942969754
653.53455785285,841.88010685806,187808.7,1757942969932
778.25129535969,843.31053878892,187993.1,1757942970117
774.66821930362,866.94349263689,188155.9,1757942970280
752.00424605371,836.81444159285,188344.1,1757942970468
740.91388778995,789.72546159494,188523.9,1757942970648
775.54351187968,792.16455234971,188708.1,1757942970832
841.93989016087,754.50161227075,188869.2,1757942970993
799.40910276638,745.33274329797,189035.9,1757942971160
736.20192155506,824.95229988711,189216.9,1757942971341
677.74896229728,789.10398137314,189387.8,1757942971512
846.85276150849,724.88476500501,189555.7,1757942971679
791.92599338257,701.95755947843,189708.3,1757942971832
870.73784023637,715.52081629647,189878.6,1757942972002
801.20601255229,709.062965112,190129.1,1757942972253
612.23351530865,603.78985020513,190281.3,1757942972405
491.51980927572,551.1383964675,190454,1757942972578
411.97425715971,498.30495146355,190620.2,1757942972744
282.17292372155,449.77167512487,190776.4,1757942972900
260.8393908281,392.25947710751,190941.6,1757942973065
131.88491335837,414.58018976816,191114.9,1757942973239
250.55286611686,458.8545827972,191284.7,1757942973408
227.16480951661,513.98746471725,191482.2,1757942973606
123.11647592079,499.39885805653,191645.1,1757942973769
172.49192152195,462.79745635364,191822.2,1757942973946
182.30229913758,437.99033274937,191989.9,1757942974114
309.21089137509,355.91894614986,192154,1757942974278
237.13412299345,348.14061823437,192320.3,1757942974444
350.07751107775,364.89203095139,192487.1,1757942974611
249.05944016282,357.72671893432,192726.9,1757942974851
400.86240646437,275.14257769486,192904.2,1757942975028
611.06139934789,315.69758722521,193068.1,1757942975192
832.31301505438,306.87892603727,193248.2,1757942975372
1114.3544173555,384.5376447773,193407.6,1757942975531
1272.6007285048,434.31732745056,193571.5,1757942975695
1301.3672485456,541.02877018325,193731.4,1757942975855
1264.9363118039,566.78419453982,193878.9,1757942976003
899.67076446631,478.33269589018,194038.3,1757942976162
580.13536289334,435.64461198979,194200.2,1757942976324
357.49911825139,379.82952041144,194355.4,1757942976479
448.44254525035,397.95756426137,194521.4,1757942976645
307.85645203552,335.65443214702,194677.4,1757942976801
177.69050910131,300.04091322986,194833.8,1757942976958
204.86656654232,311.37329199472,195006.9,1757942977131
380.37092723162,382.87054437739,195171.4,1757942977295
432.75030412763,392.22417551218,195402.7,1757942977526
597.73678349107,471.11879626255,195573.1,1757942977697
594.4600264004,566.04431250606,195754.5,1757942977878
806.65552019992,492.69231194267,195928.6,1757942978052
1019.4276538033,495.54186571746,196114.5,1757942978238
1105.2866367171,539.45325382106,196273.1,1757942978397
1229.8580937416,473.40292100309,196433.6,1757942978557
1176.3797264175,513.77441065905,196600.3,1757942978724
1162.2471503228,532.12572510305,196764.2,1757942978888
1018.6767789133,496.82864362923,196919.5,1757942979043
1016.2797710216,473.3331775804,197090.4,1757942979214
855.26762703474,374.26136795865,197255.3,1757942979379
901.87171717678,428.36170327252,197433.5,1757942979557
874.09199088387,527.69570994042,197587.2,1757942979711
855.39715666529,607.23899339512,197741.2,1757942979865
787.02224704072,673.94443404088,197917,1757942980041
895.96099096756,597.44296064677,198091,1757942980215
912.20272462171,524.58313801737,198261,1757942980385
827.3617153369,395.08040614338,198442.3,1757942980566
592.49315800435,310.73110002953,198635.6,1757942980759
731.75847429687,359.07218203063,198797.6,1757942980921
763.65253823352,453.76869156114,198945.8,1757942981070
782.8398300463,497.03419320298,199115,1757942981239
826.27568731235,571.0939265727,199288,1757942981412
778.62169659999,654.61560661852,199456.8,1757942981581
775.21433715755,662.57901588087,199627.5,1757942981751
763.9501124887,709.0753582196,199816.2,1757942981940
927.62243907807,728.96333291711,199983.3,1757942982107
818.47555502836,714.32670307654,200180,1757942982304
820.02700785667,737.98696907118,200357.9,1757942982482
873.11207187071,807.45131139772,200649.2,1757942982773
884.66366376618,830.72514671112,200842.9,1757942982967
759.78007610397,635.40483612667,201045.6,1757942983169
650.25363553615,473.66726388641,201214,1757942983338
708.11223062565,390.0449858386,201373.3,1757942983497
640.60734380877,296.67327339216,201525.6,1757942983649
535.51737264666,283.59873977064,201690.3,1757942983814
352.54429840151,223.77193683086,201849.7,1757942983973
372.26304073693,179.64531228379,202033.4,1757942984157
415.26243470056,214.08382264882,202229.5,1757942984353
378.34809218684,172.40345193618,202441.6,1757942984565
334.82296080491,163.35568377227,202630.2,1757942984754
356.16872263294,168.33488619847,202800.3,1757942984924
338.36104649424,178.80031008875,202954.3,1757942985078
384.73809159662,218.98644572538,203121,1757942985245
472.97792413287,181.50687001686,203374.8,1757942985498
598.74288356978,302.34409205041,203552.9,1757942985677
752.84614342092,426.04903931967,203731,1757942985855
826.07832929549,517.70882953257,203904.7,1757942986028
791.39743103806,599.2417541454,204068.3,1757942986192
773.57106769652,695.88207803229,204236.6,1757942986360
829.79600604964,745.93525593461,204396.1,1757942986520
911.36363904032,788.95010076034,204561,1757942986685
878.12094772342,796.13866119108,204722,1757942986846
779.65260401753,845.74604601854,204901.7,1757942987025
680.59885092167,855.69131819428,205082.7,1757942987206
779.20907991847,842.79195786617,205246.6,1757942987370
700.876144574,886.41857739637,205407,1757942987531
728.12438236147,922.69406179692,205579.5,1757942987703
804.4497493007,874.76825754807,205755.7,1757942987879
783.49542900839,860.67934259702,205938.5,1757942988062
790.3100661995,823.33495798085,206180.7,1757942988304
846.92858850637,764.19676394228,206359.3,1757942988483
774.97240122145,736.10967778152,206548.8,1757942988673
869.77859088605,698.90600832011,206750.5,1757942988874
795.3013853467,699.40233012318,206950,1757942989074
804.86971645754,698.70516499664,207105.3,1757942989229
868.82031868565,688.42256512604,207284.8,1757942989409
939.08443765087,579.02678198891,207465.1,1757942989589
872.61156585071,615.47392006739,207648.8,1757942989772
817.42655482213,629.47126386764,207826.7,1757942989950
747.66790726941,668.38421443465,207999.7,1757942990123
827.54726809019,680.09793582762,208179.6,1757942990303
890.7833343884,699.7891006995,208356.8,1757942990481
882.30481940588,652.99449230865,208541.4,1757942990665
929.07772816832,679.67871296245,208716.2,1757942990840
962.16789132518,671.77361220486,208880.6,1757942991004
949.21033028993,597.54910097281,209166.8,1757942991290
825.59628595739,676.98371983016,209339.9,1757942991464
854.18298918282,723.38538023706,209535.2,1757942991659
884.63693091223,729.68311454698,209706.1,1757942991830
889.62070975794,775.72183120235,209881.3,1757942992005
855.642231144,754.55087532914,210049.2,1757942992173
749.76328916555,794.42693214574,210214.9,1757942992339
749.84394625573,775.8166971896,210384.3,1757942992508
702.24258090332,784.69017063028,210596.7,1757942992720
656.71825724881,828.98174363869,210784.9,1757942992909
678.40933183091,659.96772880896,210987.8,1757942993112
610.31065700685,528.0877223712,211161.6,1757942993285
664.80390334161,353.66159737558,211320.9,1757942993445
578.08441608026,298.70078865109,211511.2,1757942993635
362.65027953408,228.62500705199,211677.7,1757942993801
349.71779071696,189.17523919789,211923.1,1757942994047
295.19351887158,211.63436328848,212144.5,1757942994268
337.59046243616,182.7956983303,212351.6,1757942994475
323.00425382537,181.82370719164,212562.2,1757942994686
428.04421694001,74.762466330637,212763,1757942994887
576.33550143738,109.53147654681,212955.9,1757942995080
667.7405431824,162.9808728623,213155.3,1757942995279
733.74473451188,183.32251001884,213363.7,1757942995487
946.43323505181,199.18144099322,213574.5,1757942995698
1133.6761888584,204.26606708578,213805.3,1757942995929
1356.6771959609,301.76204245072,213993.9,1757942996118
1378.88986948,322.36590695355,214176.5,1757942996300
1327.6854954144,229.50856539844,214345.7,1757942996469
1196.023413609,259.5878513608,214507.1,1757942996631
1108.7779525629,259.56197382364,214699.8,1757942996824
977.3339949019,211.10120210265,214874.7,1757942996998
784.5125386584,187.94925507476,215066.8,1757942997190
612.45501444457,154.94207128242,215228.2,1757942997352
416.74475669182,128.22196832528,215392,1757942997516
469.72092645427,91.015048481614,215545.6,1757942997669
389.70963740448,99.03864170678,215712.7,1757942997836
351.77297357881,139.86383833697,215881.8,1757942998006
451.03548356314,210.47835064374,216046.6,1757942998170
368.97650034223,361.74998779373,216220.8,1757942998345
421.44851714053,465.38845125625,216383.2,1757942998507
462.43983509585,408.02854947462,216549.1,1757942998673
462.52691725703,234.7674321748,216723.7,1757942998847
357.8707867534,131.8579567947,216902.5,1757942999026
93.236499276686,103.35409798985,217072.9,1757942999197
-103.27254791803,59.923284911534,217237,1757942999361
-216.39224470766,97.380018449001,217491.8,1757942999616
-145.65984573276,30.443860610265,217666.8,1757942999791
-159.97368918035,-21.07357694465,217824.2,1757942999948
-284.60259834999,-59.13456491964,218022,1757943000146
-227.98746629783,-50.990766736133,218206.2,1757943000330
-171.35123079649,-12.550833179884,218369.4,1757943000493
26.378810429391,-2.902822343146,218532.4,1757943000656
162.99329193906,20.21967453558,218691.5,1757943000815
326.7297264201,78.212011539957,218859.5,1757943000983
347.41229823411,115.81102603658,219025.7,1757943001149
540.9025387838,128.71982093055,219180.5,1757943001304
425.50082890742,109.60584313994,219338.2,1757943001462
431.50190035898,156.12144894704,219496.6,1757943001620
419.15593171195,157.1049981552,219666.4,1757943001790
574.41790927719,146.95408866094,219822.5,1757943001946
580.82285338442,161.54322520604,219986,1757943002110
560.03860759778,131.28816776041,220228.5,1757943002352
669.64300565579,112.77336695357,220420.7,1757943002544
693.75969057795,42.07417049138,220643.3,1757943002767
722.63895211803,45.929388558589,220805,1757943002929
706.92853448225,58.596142630142,220979.6,1757943003103
620.77582870349,33.739603007323,221154.1,1757943003278
512.81320136739,36.029003660187,221334.5,1757943003458
448.20716387243,118.5115312528,221500.9,1757943003625
397.62670851747,184.70206257998,221666.7,1757943003790
416.75514369108,235.52789940495,221829.9,1757943003954
427.95781618033,241.39887523258,222003.2,1757943004127
571.77903170941,235.4158829889,222161.7,1757943004285
497.86590623381,280.85463826177,222322.2,1757943004446
590.89056798401,359.42959649147,222498.4,1757943004622
737.52152296765,410.43136081078,222671.5,1757943004795
744.93398520012,422.5993154628,222847.4,1757943004971
579.66987471076,430.42591853969,223128.2,1757943005252
707.24524909874,463.16221300595,223303.2,1757943005427
810.93831477579,511.67217015906,223491.6,1757943005615
798.74026720254,521.12649957129,223655.6,1757943005779
912.21205907199,512.19286291614,223816.6,1757943005940
881.74758371952,492.68809346356,223978.6,1757943006102
958.02102108317,495.68816486606,224139.7,1757943006263
1086.6833106269,480.30119317895,224305.8,1757943006429
1052.5675385691,479.59067036483,224469.6,1757943006593
1146.5125147723,447.61233336123,224634.3,1757943006758
1173.2873994857,404.13815240135,224802,1757943006926
1303.485011169,449.97070231778,224968.4,1757943007092
1172.7759392351,439.26453172376,225125.2,1757943007249
997.29577203241,395.5973689755,225345.9,1757943007470
707.87716788832,395.06256252713,225506,1757943007630
490.97817852752,427.2300090788,225676,1757943007800
392.65813728377,439.72853189052,225837.2,1757943007961
423.15095452723,425.45013719319,226002.8,1757943008127
295.05449273744,438.97872510558,226173.1,1757943008297
330.01718180737,404.71093412038,226342.7,1757943008466
333.836892815,404.95588477297,226518.8,1757943008643
424.82185638065,470.2208739541,226693.4,1757943008817
443.13652948797,517.66950628112,226858.6,1757943008982
442.11985627093,465.32524676049,227049.8,1757943009174
450.37316673858,451.78990266798,227222,1757943009346
357.5967744092,431.00434740932,227383.4,1757943009507
309.13365421241,408.26831843805,227548.9,1757943009673
329.0192557352,496.52102648838,227722.5,1757943009846
446.4122365586,468.51415213396,227887.6,1757943010011
515.2817394501,481.16169815523,228127.6,1757943010251
482.98487653335,449.16305030602,228299,1757943010423
529.72315181325,460.44784959586,228481.2,1757943010605
653.00993884207,452.61286002293,228662.2,1757943010786
808.19240446503,465.74421735445,228829.5,1757943010953
898.80779667857,503.12759770777,228977.1,1757943011101
891.28613548119,505.67302342833,229149,1757943011273
896.17877796399,523.53873741246,229306.4,1757943011430
966.57410554341,542.98786950091,229480.3,1757943011604
973.97131826601,548.93151524247,229655,1757943011779
1059.1831284706,538.75307157241,229821.6,1757943011945
1165.3466876204,562.56953975583,229992.2,1757943012116
1206.0737499262,535.26266267019,230166.2,1757943012290
1365.4957034976,532.51128500267,230331.8,1757943012455
1386.8271914044,497.3319060462,230499.5,1757943012623
1343.6573675958,435.73844725691,230671,1757943012795
1154.3263631956,387.92412873702,230838.5,1757943012962
990.91540734262,370.6091529468,231079.8,1757943013204
903.50313087603,321.72320414284,231251.5,1757943013375
749.10198784739,338.12507354597,231410.2,1757943013534
626.89903700272,321.30994758581,231581.2,1757943013705
644.4088625347,312.50803781793,231746.2,1757943013870
645.60864489667,342.97986785967,231902.2,1757943014026
597.11995002047,399.11808503305,232067.2,1757943014191
692.45867052011,518.17643405206,232224.9,1757943014349
638.80724234815,508.51502047698,232393.3,1757943014517
604.60071873736,491.34666113361,232568.4,1757943014692
555.56210593237,471.16508667791,232747.9,1757943014872
588.29034456703,462.31234707612,232909.7,1757943015033
593.54539684034,423.81862538323,233078.7,1757943015202
658.13822110771,440.19649355888,233245.1,1757943015369
671.71106627471,456.03024034589,233411.9,1757943015536
693.40853168068,434.95428254244,233584,1757943015708
726.1600282385,475.14547712345,233744.1,1757943015868
755.351701045,459.98259775554,234003.9,1757943016128
644.89833212243,471.13212608122,234172.6,1757943016296
502.24804034903,478.55667070136,234333.5,1757943016457
445.50179860628,485.53845776825,234500.5,1757943016624
508.02620760753,463.02355422291,234661.3,1757943016785
663.25577823688,479.76831301642,234824.3,1757943016948
794.12710303193,419.63252440723,235004.2,1757943017128
838.80030116488,463.72586377489,235166.7,1757943017290
882.97097808127,548.02108596596,235337.6,1757943017461
824.85732858814,605.17204230741,235514.6,1757943017638
1005.6537242646,586.27808637022,235681.7,1757943017805
1006.8435959776,587.58798331951,235845.2,1757943017969
975.34815070884,540.25590932974,236010,1757943018134
1107.8294548289,478.75215160015,236162,1757943018286
1143.4650454025,492.31928511752,236322.7,1757943018446
1050.2182188056,534.94225078849,236498.3,1757943018622
1060.8301520466,577.06052604227,236663.4,1757943018787
1105.2106384131,615.61367766297,236950.4,1757943019074
997.61681925345,649.43549921346,237194.5,1757943019318
934.71911328748,638.95848098799,237463.5,1757943019587
1005.2031811036,646.23258601421,237728.9,1757943019853
985.5216785611,649.95224255725,238011.8,1757943020136
1032.0972306148,669.06264056157,238254.8,1757943020379
1012.401752591,667.36956415815,238489.8,1757943020613
1033.7510274703,679.77903436798,238677.2,1757943020801
992.31435050575,660.69862470119,238866.3,1757943020990
1026.7642165499,690.18348290464,239055.3,1757943021179
973.68684491941,714.33780319502,239222.6,1757943021346
877.54021084326,727.80179880342,239402.3,1757943021526
711.47190010247,702.87658723131,239603.4,1757943021727
539.08303022087,667.27167306875,239827.6,1757943021951
398.37465937392,654.35714107094,240133.9,1757943022258
225.06261627267,527.96036532428,240324.1,1757943022448
160.7063602781,453.7128018396,240534.1,1757943022658
175.23317692072,538.1827337735,240737.9,1757943022862
387.01978379188,499.36904072081,240939.5,1757943023063
615.37221922318,487.84010144312,241119.7,1757943023243
675.0735825919,422.23070682041,241297.2,1757943023421
758.78325826432,430.97031000941,241487.8,1757943023611
953.43443796337,423.15366516548,241671.7,1757943023795
1050.7632380235,378.48196955506,241870,1757943023994
1003.6665436429,351.2506089013,242066.2,1757943024190
840.13100812848,282.52714346874,242269.9,1757943024394
745.10961688167,249.56987319186,242470.8,1757943024594
527.85413323552,280.52757562169,242674.4,1757943024798
495.63015684424,337.09702999878,242880.3,1757943025004
535.32711382759,413.10652458675,243147.7,1757943025271
576.94950895106,369.02706463261,243347.4,1757943025471
570.78060426944,353.07819256179,243526.7,1757943025650
602.9634164135,330.7132401662,243712.6,1757943025836
664.99726811596,274.58251376892,243887.1,1757943026011
718.92836556444,288.97346448768,244111,1757943026235
820.56695046773,338.22160583433,244338,1757943026462
690.50925915058,353.5264383739,244554.6,1757943026678
716.61175822556,386.33660717024,244796.9,1757943026921
866.57722774799,358.88885677311,244993.7,1757943027117
886.91758937502,363.69369797681,245210.7,1757943027334
1043.2624064406,434.42933667553,245414.6,1757943027538
1119.830455954,404.89224148013,245635.8,1757943027759
1059.379631396,365.62836937743,245845.4,1757943027969
