-1,-1,,,9127.2000000179,0,1763436173603
-1,-1,,,9277.0000000298,1,1763436188959
-1,-1,,,9340.2000000179,1,1763436189022
-1,-1,,,9409.3000000417,1,1763436189091
-1,-1,,,9593.0000000298,1,1763436189275
-1,-1,,,9760.3000000417,1,1763436189442
-1,-1,,,9824.7000000179,1,1763436189506
-1,-1,,,9904.5000000298,1,1763436189586
-1,-1,,,10024.200000018,1,1763436189706
-1,-1,,,10095.100000024,1,1763436189777
-1,-1,,,10157.300000042,1,1763436189839
-1,-1,,,10259.600000024,1,1763436189941
-1,-1,,,10343.900000036,1,1763436190026
-1,-1,,,10439.600000024,1,1763436190121
-1,-1,,,10536.800000042,1,1763436190218
-1,-1,,,10603.50000003,1,1763436190285
-1,-1,,,10719.200000018,1,1763436190401
809,58.03,"ake up to 1",58,10852.100000024,1,1763436190534
809,285.03,"l show up here.",33,10968.600000024,1,1763436190651
809,285.03,"l show up here.",33,11065.200000018,1,1763436190747
809,285.03,"l show up here.",33,11165.00000003,1,1763436190847
809,285.03,"l show up here.",33,11264.00000003,1,1763436190946
809,269.03,"l show up here.",33,11334.900000036,1,1763436191017
809,102.03,"l show up here.",33,11468.900000036,1,1763436191151
809,85.03,"l show up here.",33,11567.50000003,1,1763436191249
809,85.03,"l show up here.",33,11647.800000042,1,1763436191330
809,85.03,"l show up here.",33,11749.800000042,1,1763436191432
809,85.03,"l show up here.",33,11850.300000042,1,1763436191532
809,67.03,"ake up to 1",58,11945.600000024,1,1763436191628
-1,-1,,,12048.800000042,1,1763436191730
-1,-1,,,12130.700000018,1,1763436191812
-1,-1,,,12191.100000024,1,1763436191873
-1,-1,,,12305.50000003,1,1763436191987
-1,-1,,,12391.400000036,1,1763436192073
-1,-1,,,12468.400000036,1,1763436192150
-1,-1,,,12548.800000042,1,1763436192230
-1,-1,,,12619.200000018,1,1763436192301
-1,-1,,,12736.100000024,1,1763436192418
-1,-1,,,12836.100000024,1,1763436192518
-1,-1,,,12937.300000042,1,1763436192619
-1,-1,,,13035.700000018,1,1763436192717
-1,-1,,,13086.100000024,1,1763436193386
-1,-1,,,13176.100000024,1,1763436196325
-1,-1,,,13269.00000003,1,1763436196418
-1,-1,,,13338.400000036,1,1763436196487
-1,-1,,,13416.700000018,1,1763436196565
-1,-1,,,13481.200000018,1,1763436196630
-1,-1,,,13599.100000024,1,1763436196748
-1,-1,,,13690.300000042,1,1763436196839
-1,-1,,,13785.700000018,1,1763436196934
-1,-1,,,13886.200000018,1,1763436197035
-1,-1,,,13972.50000003,1,1763436197121
-1,-1,,,14085.700000018,1,1763436197234
-1,-1,,,14172.00000003,1,1763436197321
-1,-1,,,14249.100000024,1,1763436197398
-1,-1,,,14331.200000018,1,1763436197480
-1,-1,,,14417.900000036,1,1763436197566
-1,-1,,,14483.600000024,1,1763436197632
-1,-1,,,14584.50000003,1,1763436197733
-1,-1,,,14669.900000036,1,1763436197818
-1,-1,,,14775.00000003,1,1763436197924
-1,-1,,,14867.700000018,1,1763436198016
-1,-1,,,14956.00000003,1,1763436198105
-1,-1,,,15042.300000042,1,1763436198191
-1,-1,,,15118.100000024,1,1763436198267
-1,-1,,,15184.800000042,1,1763436198334
-1,-1,,,15274.00000003,1,1763436198423
-1,-1,,,15362.00000003,1,1763436198511
811,140.03,"l show up here.",33,15448.300000042,1,1763436198597
-1,-1,,,15552.00000003,1,1763436198701
-1,-1,,,15630.200000018,1,1763436198779
-1,-1,,,15696.300000042,1,1763436198845
-1,-1,,,15776.900000036,1,1763436198926
-1,-1,,,15835.00000003,1,1763436198984
-1,-1,,,15923.100000024,1,1763436199072
-1,-1,,,15988.200000018,1,1763436199137
-1,-1,,,16081.600000024,1,1763436199230
-1,-1,,,16150.100000024,1,1763436199299
-1,-1,,,16214.300000042,1,1763436199363
-1,-1,,,16310.800000042,1,1763436199459
-1,-1,,,16383.200000018,1,1763436199532
-1,-1,,,16463.700000018,1,1763436199612
-1,-1,,,16560.700000018,1,1763436199709
-1,-1,,,16633.50000003,1,1763436199782
-1,-1,,,16731.00000003,1,1763436199880
-1,-1,,,16810.700000018,1,1763436199959
-1,-1,,,16876.50000003,1,1763436200025
-1,-1,,,16981.300000042,1,1763436200130
-1,-1,,,17099.600000024,1,1763436200248
-1,-1,,,17177.00000003,1,1763436200326
-1,-1,,,17251.200000018,1,1763436200400
-1,-1,,,17317.50000003,1,1763436200466
-1,-1,,,17417.600000024,1,1763436200566
-1,-1,,,17496.300000042,1,1763436200645
-1,-1,,,17559.900000036,1,1763436200709
-1,-1,,,17633.800000042,1,1763436200782
-1,-1,,,17712.400000036,1,1763436200861
-1,-1,,,17777.900000036,1,1763436200927
-1,-1,,,17855.200000018,1,1763436201004
-1,-1,,,17921.800000042,1,1763436201070
-1,-1,,,17986.600000024,1,1763436201135
-1,-1,,,18060.100000024,1,1763436201209
-1,-1,,,18136.400000036,1,1763436201285
-1,-1,,,18235.600000024,1,1763436201384
-1,-1,,,18340.00000003,1,1763436201489
-1,-1,,,18434.400000036,1,1763436201583
-1,-1,,,18513.100000024,1,1763436201662
-1,-1,,,18613.400000036,1,1763436201762
-1,-1,,,18684.600000024,1,1763436201833
-1,-1,,,18766.800000042,1,1763436201916
-1,-1,,,18852.700000018,1,1763436202001
-1,-1,,,18936.00000003,1,1763436202085
-1,-1,,,19012.700000018,1,1763436202161
-1,-1,,,19069.100000024,1,1763436202218
-1,-1,,,19149.400000036,1,1763436202298
-1,-1,,,19234.200000018,1,1763436202383
-1,-1,,,19322.700000018,1,1763436202471
-1,-1,,,19395.300000042,1,1763436202544
-1,-1,,,19456.200000018,1,1763436202605
-1,-1,,,19528.300000042,1,1763436202677
-1,-1,,,19583.700000018,1,1763436202732
-1,-1,,,19640.700000018,1,1763436202789
-1,-1,,,19698.300000042,1,1763436202847
-1,-1,,,19768.600000024,1,1763436202917
-1,-1,,,19829.400000036,1,1763436202978
-1,-1,,,19895.200000018,1,1763436203044
-1,-1,,,19966.300000042,1,1763436203115
-1,-1,,,20030.800000042,1,1763436203179
-1,-1,,,20117.00000003,1,1763436203266
-1,-1,,,20199.700000018,1,1763436203348
-1,-1,,,20300.900000036,1,1763436203450
-1,-1,,,20440.100000024,1,1763436203590
-1,-1,,,20557.100000024,1,1763436203706
-1,-1,,,20651.200000018,1,1763436203800
-1,-1,,,20768.800000042,1,1763436203917
-1,-1,,,20846.300000042,1,1763436203995
-1,-1,,,20943.800000042,1,1763436204092
-1,-1,,,21051.00000003,1,1763436204200
-1,-1,,,21155.200000018,1,1763436204304
-1,-1,,,21205.400000036,1,1763436204407
-1,-1,,,21324.100000024,1,1763436224909
-1,-1,,,21401.00000003,1,1763436224986
-1,-1,,,21492.600000024,1,1763436225077
-1,-1,,,21581.800000042,1,1763436225167
-1,-1,,,21682.300000042,1,1763436225267
-1,-1,,,21751.200000048,1,1763436225336
-1,-1,,,21819.600000024,1,1763436225404
-1,-1,,,21873.900000036,1,1763436225459
-1,-1,,,21971.800000042,1,1763436225557
-1,-1,,,22051.200000048,1,1763436225636
-1,-1,,,22117.700000048,1,1763436225702
-1,-1,,,22199.300000042,1,1763436225784
-1,-1,,,22255.400000036,1,1763436225840
-1,-1,,,22330.700000048,1,1763436225916
-1,-1,,,22405.700000048,1,1763436225991
-1,-1,,,22545.200000048,1,1763436226130
-1,-1,,,22605.100000024,1,1763436226190
-1,-1,,,22683.100000024,1,1763436226268
-1,-1,,,22749.800000042,1,1763436226335
-1,-1,,,22817.600000024,1,1763436226402
-1,-1,,,22934.700000048,1,1763436226520
-1,-1,,,23024.600000024,1,1763436226610
-1,-1,,,23130.00000003,1,1763436226715
-1,-1,,,23240.600000024,1,1763436226825
-1,-1,,,23310.200000048,1,1763436226895
-1,-1,,,23440.400000036,1,1763436227025
-1,-1,,,23540.50000003,1,1763436227125
-1,-1,,,23593.900000036,1,1763436227179
-1,-1,,,23663.00000003,1,1763436227248
-1,-1,,,23733.100000024,1,1763436227318
-1,-1,,,23794.00000003,1,1763436227379
-1,-1,,,23870.600000024,1,1763436227455
-1,-1,,,23932.600000024,1,1763436227517
-1,-1,,,24004.800000042,1,1763436227590
-1,-1,,,24072.900000036,1,1763436227658
772,20.03,"rved as Megan Fox's",69,24191.00000003,1,1763436227776
772,20.03,"rved as Megan Fox's",69,24282.900000036,1,1763436227868
772,20.03,"rved as Megan Fox's",69,24355.50000003,1,1763436227940
772,20.03,"rved as Megan Fox's",69,24442.200000048,1,1763436228027
772,20.03,"rved as Megan Fox's",69,24498.300000042,1,1763436228083
772,58.03,"rved as Megan Fox's",69,24563.600000024,1,1763436228149
772,172.03,". The movie was a",228,24620.800000042,1,1763436228206
772,398.03,"'s career.",294,24688.700000048,1,1763436228274
-1,-1,,,24752.00000003,1,1763436228337
-1,-1,,,24816.200000048,1,1763436228401
-1,-1,,,24879.00000003,1,1763436228464
-1,-1,,,24987.800000042,1,1763436228573
-1,-1,,,25077.100000024,1,1763436228662
-1,-1,,,25159.50000003,1,1763436228744
-1,-1,,,25231.600000024,1,1763436228816
-1,-1,,,25297.700000048,1,1763436228883
-1,-1,,,25356.200000048,1,1763436228941
-1,-1,,,25428.900000036,1,1763436229014
-1,-1,,,25499.400000036,1,1763436229084
-1,-1,,,25559.400000036,1,1763436229144
-1,-1,,,25632.800000042,1,1763436229218
-1,-1,,,25738.200000048,1,1763436229323
771,27.03,"rved as Megan Fox's",69,25861.50000003,1,1763436229446
771,26.03,"rved as Megan Fox's",69,25921.00000003,1,1763436229506
771,26.03,"rved as Megan Fox's",69,25988.00000003,1,1763436229573
771,26.03,"rved as Megan Fox's",69,26096.200000048,1,1763436229681
771,26.03,"rved as Megan Fox's",69,26157.700000048,1,1763436229743
771,26.03,"rved as Megan Fox's",69,26263.800000042,1,1763436229849
771,26.03,"rved as Megan Fox's",69,26324.00000003,1,1763436229909
771,26.03,"rved as Megan Fox's",69,26389.700000048,1,1763436229975
771,26.03,"rved as Megan Fox's",69,26475.600000024,1,1763436230061
771,26.03,"rved as Megan Fox's",69,26553.700000048,1,1763436230139
771,26.03,"rved as Megan Fox's",69,26629.100000024,1,1763436230214
771,26.03,"rved as Megan Fox's",69,26698.100000024,1,1763436230283
771,26.03,"rved as Megan Fox's",69,26772.200000048,1,1763436230357
771,26.03,"rved as Megan Fox's",69,26863.900000036,1,1763436230449
771,26.03,"rved as Megan Fox's",69,26953.600000024,1,1763436230539
771,26.03,"rved as Megan Fox's",69,27030.900000036,1,1763436230616
771,167.03,". The movie was a",228,27086.50000003,1,1763436230672
771,389.03,"'s career.",294,27143.100000024,1,1763436230728
-1,-1,,,27212.900000036,1,1763436230798
-1,-1,,,27281.400000036,1,1763436230866
-1,-1,,,27350.700000048,1,1763436230936
-1,-1,,,27455.600000024,1,1763436231041
-1,-1,,,27521.100000024,1,1763436231106
-1,-1,,,27599.100000024,1,1763436231184
-1,-1,,,27665.50000003,1,1763436231250
-1,-1,,,27755.700000048,1,1763436231340
-1,-1,,,27833.200000048,1,1763436231418
-1,-1,,,27901.600000024,1,1763436231486
-1,-1,,,28004.900000036,1,1763436231590
-1,-1,,,28072.300000042,1,1763436231657
-1,-1,,,28163.600000024,1,1763436231748
-1,-1,,,28247.50000003,1,1763436231832
-1,-1,,,28327.800000042,1,1763436231912
-1,-1,,,28405.50000003,1,1763436231990
-1,-1,,,28493.600000024,1,1763436232078
-1,-1,,,28579.00000003,1,1763436232164
-1,-1,,,28650.900000036,1,1763436232236
-1,-1,,,28724.100000024,1,1763436232309
-1,-1,,,28793.200000048,1,1763436232378
-1,-1,,,28860.900000036,1,1763436232446
-1,-1,,,28993.900000036,1,1763436232579
-1,-1,,,29096.100000024,1,1763436232681
-1,-1,,,29191.300000042,1,1763436232776
-1,-1,,,29285.200000048,1,1763436232870
-1,-1,,,29350.900000036,1,1763436232936
-1,-1,,,29428.800000042,1,1763436233013
-1,-1,,,29513.300000042,1,1763436233098
-1,-1,,,29584.900000036,1,1763436233170
-1,-1,,,29657.400000036,1,1763436233242
-1,-1,,,29735.100000024,1,1763436233320
-1,-1,,,29812.200000048,1,1763436233397
-1,-1,,,29898.100000024,1,1763436233483
-1,-1,,,29962.400000036,1,1763436233547
-1,-1,,,30045.00000003,1,1763436233630
-1,-1,,,30117.400000036,1,1763436233702
-1,-1,,,30179.800000042,1,1763436233764
-1,-1,,,30254.800000042,1,1763436233840
-1,-1,,,30335.50000003,1,1763436233920
-1,-1,,,30401.400000036,1,1763436233986
-1,-1,,,30483.50000003,1,1763436234068
-1,-1,,,30551.200000048,1,1763436234136
-1,-1,,,30616.600000024,1,1763436234201
-1,-1,,,30699.00000003,1,1763436234284
-1,-1,,,30774.300000042,1,1763436234359
-1,-1,,,30845.700000048,1,1763436234430
-1,-1,,,30923.700000048,1,1763436234508
-1,-1,,,31014.00000003,1,1763436234599
-1,-1,,,31085.00000003,1,1763436234670
-1,-1,,,31169.700000048,1,1763436234754
-1,-1,,,31248.800000042,1,1763436234833
-1,-1,,,31341.00000003,1,1763436234926
-1,-1,,,31407.100000024,1,1763436234992
-1,-1,,,31505.200000048,1,1763436235090
-1,-1,,,31582.700000048,1,1763436235167
-1,-1,,,31659.50000003,1,1763436235244
-1,-1,,,31749.100000024,1,1763436235334
-1,-1,,,31821.200000048,1,1763436235406
-1,-1,,,31907.200000048,1,1763436235492
-1,-1,,,31976.50000003,1,1763436235561
-1,-1,,,32060.200000048,1,1763436235645
-1,-1,,,32135.800000042,1,1763436235720
-1,-1,,,32220.600000024,1,1763436235805
-1,-1,,,32339.700000048,1,1763436235924
-1,-1,,,32408.00000003,1,1763436235993
-1,-1,,,32503.700000048,1,1763436236088
-1,-1,,,32583.100000024,1,1763436236168
-1,-1,,,32652.00000003,1,1763436236237
-1,-1,,,32713.50000003,1,1763436236298
-1,-1,,,32795.300000042,1,1763436236380
-1,-1,,,32872.900000036,1,1763436236458
-1,-1,,,32962.700000048,1,1763436236547
-1,-1,,,33056.100000024,1,1763436236641
-1,-1,,,33126.50000003,1,1763436236711
-1,-1,,,33229.800000042,1,1763436236815
-1,-1,,,33343.200000048,1,1763436236928
-1,-1,,,33415.900000036,1,1763436237001
-1,-1,,,33480.100000024,1,1763436237065
-1,-1,,,33560.300000042,1,1763436237145
-1,-1,,,33634.900000036,1,1763436237220
-1,-1,,,33722.600000024,1,1763436237307
-1,-1,,,33787.700000048,1,1763436237372
-1,-1,,,33896.200000048,1,1763436237481
-1,-1,,,33980.800000042,1,1763436237566
-1,-1,,,34076.800000042,1,1763436242069
-1,-1,,,34156.900000036,1,1763436242149
-1,-1,,,34217.00000003,1,1763436242209
-1,-1,,,34321.400000036,1,1763436242313
-1,-1,,,34438.100000024,1,1763436242430
642,17.03,"Bay that served as M",58,34520.00000003,1,1763436242512
639,18.03,"Bay that served as",57,34630.800000042,1,1763436242623
634,19.03,"Bay that served as",57,34736.200000048,1,1763436242728
634,1.03,"Bay that served as",57,34844.100000024,1,1763436242836
-1,-1,,,34950.400000036,1,1763436242942
-1,-1,,,35037.400000036,1,1763436243029
-1,-1,,,35113.300000042,1,1763436243105
-1,-1,,,35197.200000048,1,1763436243189
-1,-1,,,35291.300000042,1,1763436243283
-1,-1,,,35406.900000036,1,1763436243399
-1,-1,,,35480.100000024,1,1763436243472
-1,-1,,,35545.300000042,1,1763436243537
-1,-1,,,35628.300000042,1,1763436243620
-1,-1,,,35715.00000003,1,1763436243707
-1,-1,,,35832.300000042,1,1763436243824
-1,-1,,,35919.600000024,1,1763436243912
-1,-1,,,35991.100000024,1,1763436243983
-1,-1,,,36069.400000036,1,1763436244061
-1,-1,,,36130.00000003,1,1763436244122
-1,-1,,,36213.800000042,1,1763436244206
-1,-1,,,36279.100000024,1,1763436244271
-1,-1,,,36358.400000036,1,1763436244350
-1,-1,,,36446.50000003,1,1763436244439
714,151.03,"wicky. The movie was",223,36531.300000042,1,1763436244523
816,68.03,"as Megan Fox's",73,36633.700000048,1,1763436244626
-1,-1,,,36746.100000024,1,1763436244738
-1,-1,,,36828.400000036,1,1763436244820
-1,-1,,,36906.300000042,1,1763436244898
-1,-1,,,36969.900000036,1,1763436244962
-1,-1,,,37072.900000036,1,1763436245065
-1,-1,,,37168.200000048,1,1763436245160
-1,-1,,,37245.800000042,1,1763436245237
-1,-1,,,37337.600000024,1,1763436245329
-1,-1,,,37431.100000024,1,1763436245423
-1,-1,,,37521.800000042,1,1763436245513
-1,-1,,,37583.200000048,1,1763436245575
-1,-1,,,37666.800000042,1,1763436245658
-1,-1,,,37748.300000042,1,1763436245740
-1,-1,,,37821.00000003,1,1763436245813
-1,-1,,,37896.700000048,1,1763436245888
-1,-1,,,37983.100000024,1,1763436245975
-1,-1,,,38068.50000003,1,1763436246060
-1,-1,,,38143.700000048,1,1763436246135
-1,-1,,,38231.300000042,1,1763436246223
-1,-1,,,38299.200000048,1,1763436246291
-1,-1,,,38370.900000036,1,1763436246363
-1,-1,,,38455.700000048,1,1763436246448
-1,-1,,,38525.100000024,1,1763436246517
-1,-1,,,38592.300000042,1,1763436246584
-1,-1,,,38669.300000042,1,1763436246661
-1,-1,,,38758.800000042,1,1763436246751
-1,-1,,,38820.100000024,1,1763436246812
-1,-1,,,38899.600000024,1,1763436246891
-1,-1,,,38961.400000036,1,1763436246953
-1,-1,,,39046.200000048,1,1763436247038
-1,-1,,,39127.800000042,1,1763436247119
-1,-1,,,39219.00000003,1,1763436247211
-1,-1,,,39283.700000048,1,1763436247275
-1,-1,,,39355.300000042,1,1763436247347
-1,-1,,,39417.700000048,1,1763436247409
-1,-1,,,39477.700000048,1,1763436247470
-1,-1,,,39564.600000024,1,1763436247556
-1,-1,,,39660.00000003,1,1763436247652
-1,-1,,,39719.400000036,1,1763436247711
-1,-1,,,39781.800000042,1,1763436247774
-1,-1,,,39844.800000042,1,1763436247837
-1,-1,,,39928.900000036,1,1763436247921
-1,-1,,,40019.600000024,1,1763436248011
-1,-1,,,40092.600000024,1,1763436248084
-1,-1,,,40177.300000042,1,1763436248169
-1,-1,,,40259.300000042,1,1763436248251
-1,-1,,,40353.700000048,1,1763436248346
-1,-1,,,40427.100000024,1,1763436248419
-1,-1,,,40510.300000042,1,1763436248502
-1,-1,,,40590.50000003,1,1763436248582
-1,-1,,,40701.400000036,1,1763436248693
-1,-1,,,40806.300000042,1,1763436248799
-1,-1,,,40910.100000024,1,1763436248902
-1,-1,,,41010.300000042,1,1763436249002
-1,-1,,,41091.300000042,1,1763436249083
-1,-1,,,41161.300000042,1,1763436249153
-1,-1,,,41227.400000036,1,1763436249219
-1,-1,,,41314.50000003,1,1763436249306
-1,-1,,,41437.50000003,1,1763436249429
-1,-1,,,41542.600000024,1,1763436249535
-1,-1,,,41651.600000024,1,1763436249644
-1,-1,,,41737.100000024,1,1763436249729
-1,-1,,,41855.300000042,1,1763436249847
-1,-1,,,41977.800000042,1,1763436249970
-1,-1,,,42055.700000048,1,1763436250048
-1,-1,,,42137.900000036,1,1763436250130
-1,-1,,,42250.800000042,1,1763436250243
-1,-1,,,42388.400000036,1,1763436250380
-1,-1,,,42512.00000003,1,1763436250504
-1,-1,,,42634.50000003,1,1763436250626
-1,-1,,,42771.100000024,1,1763436250763
-1,-1,,,42890.100000024,1,1763436250882
-1,-1,,,43021.50000003,1,1763436251013
-1,-1,,,43138.800000042,1,1763436251131
-1,-1,,,43267.700000048,1,1763436251259
-1,-1,,,43397.200000048,1,1763436251389
-1,-1,,,43506.800000042,1,1763436251499
-1,-1,,,43618.900000036,1,1763436251611
-1,-1,,,43748.200000048,1,1763436251740
-1,-1,,,43850.300000042,1,1763436251842
-1,-1,,,43954.600000024,1,1763436251946
-1,-1,,,44104.200000048,1,1763436252096
-1,-1,,,44224.600000024,1,1763436252216
-1,-1,,,44345.00000003,1,1763436252337
-1,-1,,,44482.700000048,1,1763436252474
-1,-1,,,44631.300000042,1,1763436252623
-1,-1,,,44744.600000024,1,1763436252736
-1,-1,,,44856.700000048,1,1763436252848
-1,-1,,,44985.900000036,1,1763436252978
-1,-1,,,45115.00000003,1,1763436253107
-1,-1,,,45244.50000003,1,1763436253236
-1,-1,,,45366.300000042,1,1763436253358
-1,-1,,,45477.50000003,1,1763436253469
-1,-1,,,45579.900000036,1,1763436253572
-1,-1,,,45694.600000024,1,1763436253686
-1,-1,,,45801.800000042,1,1763436253794
-1,-1,,,45914.900000036,1,1763436253907
-1,-1,,,46022.400000036,1,1763436254015
-1,-1,,,46122.200000048,1,1763436254114
-1,-1,,,46214.600000024,1,1763436254206
-1,-1,,,46314.400000036,1,1763436254306
-1,-1,,,46435.800000042,1,1763436254428
-1,-1,,,46563.400000036,1,1763436254555
-1,-1,,,46683.50000003,1,1763436254675
-1,-1,,,46798.00000003,1,1763436254790
-1,-1,,,46902.700000048,1,1763436254894
-1,-1,,,47016.00000003,1,1763436255008
-1,-1,,,47139.50000003,1,1763436255131
-1,-1,,,47253.50000003,1,1763436255245
-1,-1,,,47360.100000024,1,1763436255352
-1,-1,,,47476.00000003,1,1763436255468
-1,-1,,,47577.00000003,1,1763436255569
-1,-1,,,47680.50000003,1,1763436255672
-1,-1,,,47782.00000003,1,1763436255774
-1,-1,,,47894.100000024,1,1763436255886
-1,-1,,,48001.200000048,1,1763436255993
-1,-1,,,48100.50000003,1,1763436256092
-1,-1,,,48200.100000024,1,1763436256192
-1,-1,,,48300.100000024,1,1763436256292
-1,-1,,,48392.50000003,1,1763436256384
-1,-1,,,48500.00000003,1,1763436256492
-1,-1,,,48602.900000036,1,1763436256595
-1,-1,,,48692.600000024,1,1763436256684
-1,-1,,,48755.00000003,1,1763436256747
-1,-1,,,48861.700000048,1,1763436256853
-1,-1,,,48957.300000042,1,1763436256949
-1,-1,,,49047.50000003,1,1763436257039
-1,-1,,,49127.600000024,1,1763436257119
-1,-1,,,49202.00000003,1,1763436257194
-1,-1,,,49281.300000042,1,1763436257273
-1,-1,,,49362.50000003,1,1763436257354
-1,-1,,,49434.200000048,1,1763436257426
-1,-1,,,49500.400000036,1,1763436257492
-1,-1,,,49562.800000042,1,1763436257555
-1,-1,,,49647.600000024,1,1763436257639
-1,-1,,,49722.200000048,1,1763436257714
-1,-1,,,49809.300000042,1,1763436257801
-1,-1,,,49898.900000036,1,1763436257891
-1,-1,,,49962.600000024,1,1763436257954
-1,-1,,,50027.50000003,1,1763436258019
-1,-1,,,50099.600000024,1,1763436258091
-1,-1,,,50165.50000003,1,1763436258157
-1,-1,,,50247.00000003,1,1763436258239
-1,-1,,,50326.00000003,1,1763436258318
-1,-1,,,50383.700000048,1,1763436258375
-1,-1,,,50460.200000048,1,1763436258452
-1,-1,,,50539.900000036,1,1763436258532
-1,-1,,,50644.200000048,1,1763436258636
-1,-1,,,50733.00000003,1,1763436258725
-1,-1,,,50792.900000036,1,1763436258785
-1,-1,,,50874.50000003,1,1763436258866
-1,-1,,,50952.800000042,1,1763436258945
-1,-1,,,51035.600000024,1,1763436259028
-1,-1,,,51118.600000024,1,1763436259111
-1,-1,,,51185.600000024,1,1763436259178
-1,-1,,,51248.800000042,1,1763436259241
-1,-1,,,51318.700000048,1,1763436259311
-1,-1,,,51378.50000003,1,1763436259371
-1,-1,,,51453.00000003,1,1763436259445
-1,-1,,,51517.300000042,1,1763436259509
-1,-1,,,51581.900000036,1,1763436259574
-1,-1,,,51661.800000042,1,1763436259654
-1,-1,,,51728.200000048,1,1763436259720
-1,-1,,,51807.200000048,1,1763436259799
-1,-1,,,51885.900000036,1,1763436259878
-1,-1,,,51945.400000036,1,1763436259937
-1,-1,,,52017.600000024,1,1763436260009
-1,-1,,,52087.50000003,1,1763436260079
-1,-1,,,52144.300000042,1,1763436260136
-1,-1,,,52225.900000036,1,1763436260218
-1,-1,,,52310.800000042,1,1763436260303
-1,-1,,,52406.100000024,1,1763436260398
-1,-1,,,52515.900000036,1,1763436260508
-1,-1,,,52603.900000036,1,1763436260596
-1,-1,,,52680.600000024,1,1763436260673
-1,-1,,,52754.100000024,1,1763436260746
-1,-1,,,52828.400000036,1,1763436260820
-1,-1,,,52897.200000048,1,1763436260889
-1,-1,,,52967.00000003,1,1763436260959
-1,-1,,,53025.50000003,1,1763436261017
-1,-1,,,53113.00000003,1,1763436261105
-1,-1,,,53190.400000036,1,1763436261182
-1,-1,,,53267.200000048,1,1763436261259
-1,-1,,,53336.300000042,1,1763436261328
-1,-1,,,53442.00000003,1,1763436261434
-1,-1,,,53517.400000036,1,1763436261509
-1,-1,,,53595.100000024,1,1763436261587
-1,-1,,,53655.200000048,1,1763436261647
-1,-1,,,53739.200000048,1,1763436261731
-1,-1,,,53816.700000048,1,1763436261809
-1,-1,,,53884.600000024,1,1763436261877
-1,-1,,,53942.800000042,1,1763436261935
-1,-1,,,54014.800000042,1,1763436262007
-1,-1,,,54092.800000042,1,1763436262085
-1,-1,,,54166.800000042,1,1763436262159
-1,-1,,,54232.300000042,1,1763436262224
-1,-1,,,54314.50000003,1,1763436262306
-1,-1,,,54405.300000042,1,1763436262397
-1,-1,,,54482.100000024,1,1763436262474
-1,-1,,,54564.100000024,1,1763436262556
-1,-1,,,54639.400000036,1,1763436262631
-1,-1,,,54716.900000036,1,1763436262709
-1,-1,,,54780.800000042,1,1763436262772
-1,-1,,,54848.700000048,1,1763436262840
-1,-1,,,54935.800000042,1,1763436262927
-1,-1,,,54996.700000048,1,1763436262988
-1,-1,,,55082.00000003,1,1763436263074
-1,-1,,,55155.300000042,1,1763436263147
-1,-1,,,55215.700000048,1,1763436263207
-1,-1,,,55285.00000003,1,1763436263277
-1,-1,,,55344.900000036,1,1763436263337
-1,-1,,,55428.700000048,1,1763436263421
-1,-1,,,55514.600000024,1,1763436263507
-1,-1,,,55586.900000036,1,1763436263579
-1,-1,,,55651.300000042,1,1763436263643
-1,-1,,,55714.700000048,1,1763436263707
-1,-1,,,55798.00000003,1,1763436263790
-1,-1,,,55874.200000048,1,1763436263866
-1,-1,,,55949.200000048,1,1763436263941
-1,-1,,,56012.100000024,1,1763436264004
-1,-1,,,56093.00000003,1,1763436264085
-1,-1,,,56172.700000048,1,1763436264165
-1,-1,,,56231.900000036,1,1763436264224
-1,-1,,,56303.600000024,1,1763436264296
-1,-1,,,56386.400000036,1,1763436264378
-1,-1,,,56456.100000024,1,1763436264448
-1,-1,,,56515.600000024,1,1763436264507
-1,-1,,,56607.100000024,1,1763436264599
-1,-1,,,56676.00000003,1,1763436264668
-1,-1,,,56753.600000024,1,1763436264745
-1,-1,,,56811.50000003,1,1763436264803
-1,-1,,,56897.200000048,1,1763436264889
-1,-1,,,56978.800000042,1,1763436264971
-1,-1,,,57055.200000048,1,1763436265047
-1,-1,,,57139.200000048,1,1763436265131
-1,-1,,,57220.700000048,1,1763436265212
-1,-1,,,57290.300000042,1,1763436265282
-1,-1,,,57376.00000003,1,1763436265368
-1,-1,,,57454.600000024,1,1763436265446
-1,-1,,,57546.00000003,1,1763436265538
-1,-1,,,57622.800000042,1,1763436265614
-1,-1,,,57680.900000036,1,1763436265673
-1,-1,,,57757.50000003,1,1763436265750
-1,-1,,,57843.800000042,1,1763436265836
-1,-1,,,57921.900000036,1,1763436265914
-1,-1,,,58000.100000024,1,1763436265992
-1,-1,,,58090.600000024,1,1763436266083
-1,-1,,,58166.800000042,1,1763436266159
-1,-1,,,58242.900000036,1,1763436266235
-1,-1,,,58346.300000042,1,1763436266338
-1,-1,,,58454.600000024,1,1763436266446
-1,-1,,,58529.100000024,1,1763436266521
-1,-1,,,58612.200000048,1,1763436266604
-1,-1,,,58692.100000024,1,1763436266684
-1,-1,,,58758.800000042,1,1763436266750
-1,-1,,,58848.50000003,1,1763436266840
-1,-1,,,58926.00000003,1,1763436266918
-1,-1,,,59006.100000024,1,1763436266998
-1,-1,,,59090.200000048,1,1763436267082
-1,-1,,,59173.700000048,1,1763436267165
-1,-1,,,59238.50000003,1,1763436267230
-1,-1,,,59322.300000042,1,1763436267314
-1,-1,,,59413.900000036,1,1763436267406
-1,-1,,,59498.800000042,1,1763436267491
-1,-1,,,59567.400000036,1,1763436267559
-1,-1,,,59647.700000048,1,1763436267640
807,10.03,"la Banes",37,59730.100000024,1,1763436267722
807,41.03,"la Banes",37,59818.50000003,1,1763436267811
807,344.03,"volved in the",280,59892.50000003,1,1763436267885
807,350.03,"volved in the",280,59981.200000048,1,1763436267973
807,350.03,"volved in the",280,60066.00000003,1,1763436268058
807,350.03,"volved in the",280,60134.800000042,1,1763436268127
807,350.03,"volved in the",280,60221.300000042,1,1763436268213
807,350.03,"volved in the",280,60304.900000036,1,1763436268297
807,350.03,"volved in the",280,60387.400000036,1,1763436268380
807,350.03,"volved in the",280,60459.50000003,1,1763436268452
807,350.03,"volved in the",280,60542.50000003,1,1763436268534
807,354.03,"volved in the",280,60602.800000042,1,1763436268595
807,366.03,"alliance",308,60720.50000003,1,1763436268712
807,509.03,"ywood star",375,60806.200000048,1,1763436268798
-1,-1,,,60882.400000036,1,1763436268874
-1,-1,,,60960.200000048,1,1763436268952
-1,-1,,,61049.900000036,1,1763436269042
-1,-1,,,61126.50000003,1,1763436269118
-1,-1,,,61196.400000036,1,1763436269188
-1,-1,,,61274.800000042,1,1763436269267
-1,-1,,,61345.900000036,1,1763436269338
-1,-1,,,61426.100000024,1,1763436269418
-1,-1,,,61513.400000036,1,1763436269505
-1,-1,,,61592.400000036,1,1763436269584
-1,-1,,,61665.00000003,1,1763436269657
-1,-1,,,61732.600000024,1,1763436269724
-1,-1,,,61805.50000003,1,1763436269797
-1,-1,,,61904.400000036,1,1763436269896
-1,-1,,,61980.00000003,1,1763436269972
-1,-1,,,62060.600000024,1,1763436270052
-1,-1,,,62153.00000003,1,1763436270145
-1,-1,,,62220.800000042,1,1763436270212
-1,-1,,,62286.200000048,1,1763436270278
-1,-1,,,62376.300000042,1,1763436270368
-1,-1,,,62447.100000024,1,1763436270439
-1,-1,,,62520.600000024,1,1763436270512
-1,-1,,,62595.400000036,1,1763436270587
-1,-1,,,62681.800000042,1,1763436270674
-1,-1,,,62759.300000042,1,1763436270751
-1,-1,,,62835.400000036,1,1763436270827
-1,-1,,,62970.800000042,1,1763436270962
-1,-1,,,63069.400000036,1,1763436271061
-1,-1,,,63159.100000024,1,1763436271151
-1,-1,,,63257.300000042,1,1763436271249
-1,-1,,,63347.100000024,1,1763436271339
-1,-1,,,63432.300000042,1,1763436271424
-1,-1,,,63549.400000036,1,1763436271541
-1,-1,,,63661.00000003,1,1763436271653
-1,-1,,,63736.400000036,1,1763436271728
-1,-1,,,63848.50000003,1,1763436271840
-1,-1,,,63946.00000003,1,1763436271938
-1,-1,,,64041.50000003,1,1763436272033
-1,-1,,,64135.100000024,1,1763436272127
-1,-1,,,64207.100000024,1,1763436272199
-1,-1,,,64294.50000003,1,1763436272286
-1,-1,,,64401.600000024,1,1763436272393
-1,-1,,,64538.50000003,1,1763436272530
-1,-1,,,64633.600000024,1,1763436272625
-1,-1,,,64721.900000036,1,1763436272714
-1,-1,,,64811.200000048,1,1763436272803
-1,-1,,,64905.300000042,1,1763436272897
-1,-1,,,64973.600000024,1,1763436272965
-1,-1,,,65069.700000048,1,1763436273061
-1,-1,,,65181.00000003,1,1763436273173
-1,-1,,,65255.300000042,1,1763436273247
-1,-1,,,65332.300000042,1,1763436273324
-1,-1,,,65395.600000024,1,1763436273387
-1,-1,,,65466.300000042,1,1763436273458
-1,-1,,,65528.900000036,1,1763436273521
-1,-1,,,65598.50000003,1,1763436273590
-1,-1,,,65674.800000042,1,1763436273667
-1,-1,,,65779.900000036,1,1763436273772
-1,-1,,,65886.200000048,1,1763436273878
-1,-1,,,66003.900000036,1,1763436273996
-1,-1,,,66085.300000042,1,1763436274077
-1,-1,,,66158.50000003,1,1763436274151
-1,-1,,,66243.600000024,1,1763436274236
900,90.03,"LaBeouf)",114,66322.00000003,1,1763436274314
898,90.03,"LaBeouf)",114,66396.300000042,1,1763436274388
898,90.03,"LaBeouf)",114,66468.100000024,1,1763436274460
898,90.03,"LaBeouf)",114,66535.200000048,1,1763436274527
-1,-1,,,66642.700000048,1,1763436274635
-1,-1,,,66720.100000024,1,1763436274712
-1,-1,,,66789.400000036,1,1763436274781
-1,-1,,,66921.50000003,1,1763436274913
-1,-1,,,67077.300000042,1,1763436275069
-1,-1,,,67116.600000024,1,1763436275459
-1,-1,,,67250.00000003,1,1763436279702
-1,-1,,,67342.50000003,1,1763436279795
-1,-1,,,67451.50000003,1,1763436279904
-1,-1,,,67559.50000003,1,1763436280012
-1,-1,,,67671.200000048,1,1763436280123
-1,-1,,,67769.50000003,1,1763436280222
-1,-1,,,67874.100000024,1,1763436280326
-1,-1,,,67980.300000042,1,1763436280433
-1,-1,,,68127.300000042,1,1763436280579
-1,-1,,,68236.600000024,1,1763436280689
-1,-1,,,68331.200000048,1,1763436280783
-1,-1,,,68408.700000048,1,1763436280861
-1,-1,,,68494.50000003,1,1763436280947
-1,-1,,,68568.50000003,1,1763436281021
-1,-1,,,68643.200000048,1,1763436281096
-1,-1,,,68751.300000042,1,1763436281204
-1,-1,,,68846.700000048,1,1763436281299
-1,-1,,,68954.900000036,1,1763436281407
-1,-1,,,69043.700000048,1,1763436281496
-1,-1,,,69155.200000048,1,1763436281608
-1,-1,,,69258.50000003,1,1763436281711
-1,-1,,,69343.300000042,1,1763436281796
-1,-1,,,69416.800000042,1,1763436281869
736,127.03,"d by Shia LaBeouf)",104,69483.50000003,1,1763436281936
859,2.03,"la Banes",37,69565.800000042,1,1763436282019
-1,-1,,,69663.600000024,1,1763436282116
-1,-1,,,69735.700000048,1,1763436282188
-1,-1,,,69817.200000048,1,1763436282269
-1,-1,,,69884.800000042,1,1763436282337
-1,-1,,,69975.00000003,1,1763436282427
-1,-1,,,70045.400000036,1,1763436282498
-1,-1,,,70116.300000042,1,1763436282568
-1,-1,,,70197.900000036,1,1763436282650
-1,-1,,,70276.50000003,1,1763436282729
-1,-1,,,70355.00000003,1,1763436282807
-1,-1,,,70441.900000036,1,1763436282894
-1,-1,,,70525.100000024,1,1763436282977
-1,-1,,,70621.800000042,1,1763436283074
-1,-1,,,70742.00000003,1,1763436283194
-1,-1,,,70845.300000042,1,1763436283297
-1,-1,,,70929.600000024,1,1763436283382
-1,-1,,,71010.100000024,1,1763436283462
-1,-1,,,71080.400000036,1,1763436283533
-1,-1,,,71157.100000024,1,1763436283610
-1,-1,,,71235.100000024,1,1763436283687
-1,-1,,,71307.200000048,1,1763436283760
-1,-1,,,71391.900000036,1,1763436283844
-1,-1,,,71492.400000036,1,1763436283945
-1,-1,,,71577.400000036,1,1763436284030
-1,-1,,,71647.50000003,1,1763436284100
-1,-1,,,71739.400000036,1,1763436284192
-1,-1,,,71819.600000024,1,1763436284272
-1,-1,,,71884.50000003,1,1763436284337
-1,-1,,,71966.50000003,1,1763436284419
-1,-1,,,72030.600000024,1,1763436284483
-1,-1,,,72110.200000048,1,1763436284562
-1,-1,,,72189.700000048,1,1763436284642
-1,-1,,,72262.00000003,1,1763436284714
-1,-1,,,72327.00000003,1,1763436284779
-1,-1,,,72397.600000024,1,1763436284850
-1,-1,,,72468.700000048,1,1763436284921
-1,-1,,,72541.00000003,1,1763436284993
-1,-1,,,72617.800000042,1,1763436285070
-1,-1,,,72684.100000024,1,1763436285137
-1,-1,,,72746.50000003,1,1763436285199
-1,-1,,,72827.200000048,1,1763436285280
-1,-1,,,72902.300000042,1,1763436285355
-1,-1,,,72967.50000003,1,1763436285420
-1,-1,,,73029.900000036,1,1763436285482
-1,-1,,,73106.400000036,1,1763436285559
-1,-1,,,73182.400000036,1,1763436285635
-1,-1,,,73276.300000042,1,1763436285729
-1,-1,,,73336.400000036,1,1763436285789
-1,-1,,,73399.100000024,1,1763436285851
-1,-1,,,73488.200000048,1,1763436285940
-1,-1,,,73567.50000003,1,1763436286020
-1,-1,,,73630.700000048,1,1763436286083
-1,-1,,,73698.800000042,1,1763436286151
-1,-1,,,73761.400000036,1,1763436286214
-1,-1,,,73839.700000048,1,1763436286292
-1,-1,,,73927.200000048,1,1763436286380
-1,-1,,,73996.400000036,1,1763436286449
-1,-1,,,74077.800000042,1,1763436286530
-1,-1,,,74153.300000042,1,1763436286606
-1,-1,,,74224.400000036,1,1763436286677
-1,-1,,,74317.50000003,1,1763436286770
-1,-1,,,74406.600000024,1,1763436286859
-1,-1,,,74471.900000036,1,1763436286924
-1,-1,,,74568.00000003,1,1763436287020
-1,-1,,,74636.400000036,1,1763436287089
-1,-1,,,74714.900000036,1,1763436287167
-1,-1,,,74792.200000048,1,1763436287245
-1,-1,,,74861.400000036,1,1763436287314
-1,-1,,,74941.600000024,1,1763436287394
-1,-1,,,75023.600000024,1,1763436287476
-1,-1,,,75085.50000003,1,1763436287538
-1,-1,,,75149.50000003,1,1763436287602
-1,-1,,,75228.300000042,1,1763436287681
-1,-1,,,75310.700000048,1,1763436287763
-1,-1,,,75377.800000042,1,1763436287830
-1,-1,,,75445.600000024,1,1763436287898
-1,-1,,,75532.200000048,1,1763436287984
-1,-1,,,75619.00000003,1,1763436288071
-1,-1,,,75689.00000003,1,1763436288141
-1,-1,,,75757.00000003,1,1763436288209
-1,-1,,,75850.600000024,1,1763436288303
-1,-1,,,75933.700000048,1,1763436288386
-1,-1,,,76016.600000024,1,1763436288469
-1,-1,,,76088.800000042,1,1763436288541
-1,-1,,,76172.300000042,1,1763436288625
-1,-1,,,76248.300000042,1,1763436288700
-1,-1,,,76319.600000024,1,1763436288772
-1,-1,,,76409.100000024,1,1763436288862
-1,-1,,,76480.600000024,1,1763436288933
-1,-1,,,76550.00000003,1,1763436289002
-1,-1,,,76619.300000042,1,1763436289072
-1,-1,,,76681.900000036,1,1763436289134
-1,-1,,,76758.50000003,1,1763436289211
-1,-1,,,76842.300000042,1,1763436289295
-1,-1,,,76920.600000024,1,1763436289373
-1,-1,,,76998.900000036,1,1763436289451
-1,-1,,,77075.00000003,1,1763436289527
-1,-1,,,77145.100000024,1,1763436289597
-1,-1,,,77214.00000003,1,1763436289666
-1,-1,,,77296.100000024,1,1763436289748
-1,-1,,,77378.300000042,1,1763436289831
-1,-1,,,77447.400000036,1,1763436289900
-1,-1,,,77529.200000048,1,1763436289982
-1,-1,,,77594.800000042,1,1763436290047
-1,-1,,,77677.200000048,1,1763436290130
-1,-1,,,77753.00000003,1,1763436290205
-1,-1,,,77831.200000048,1,1763436290284
-1,-1,,,77908.00000003,1,1763436290360
-1,-1,,,77974.400000036,1,1763436290427
-1,-1,,,78050.200000048,1,1763436290503
-1,-1,,,78141.600000024,1,1763436290594
-1,-1,,,78235.800000042,1,1763436290688
-1,-1,,,78298.100000024,1,1763436290751
-1,-1,,,78383.400000036,1,1763436290836
-1,-1,,,78445.00000003,1,1763436290898
-1,-1,,,78522.800000042,1,1763436290975
-1,-1,,,78585.300000042,1,1763436291038
-1,-1,,,78688.700000048,1,1763436291141
-1,-1,,,78777.100000024,1,1763436291230
-1,-1,,,78845.700000048,1,1763436291298
792,115.03,"ennifer’s Body*.",108,78913.50000003,1,1763436291366
779,117.03,"Jennifer’s Body*.",107,78995.00000003,1,1763436291448
779,117.03,"Jennifer’s Body*.",107,79059.200000048,1,1763436291512
779,117.03,"Details:",135,79121.900000036,1,1763436291574
779,117.03,"Adult*)",189,79200.700000048,1,1763436291653
779,117.03,"troyer*)",253,79281.00000003,1,1763436291733
779,117.03,"troyer*)",253,79352.50000003,1,1763436291805
779,117.03,"troyer*)",253,79444.100000024,1,1763436291897
779,117.03,"troyer*)",253,79541.700000048,1,1763436291994
779,117.03,"troyer*)",253,79651.00000003,1,1763436292104
779,117.03,"troyer*)",253,79750.400000036,1,1763436292203
779,117.03,"troyer*)",253,79822.900000036,1,1763436292275
779,117.03,"troyer*)",253,79885.50000003,1,1763436292338
779,117.03,"troyer*)",253,79964.400000036,1,1763436292417
779,117.03,"troyer*)",253,80023.700000048,1,1763436292476
779,117.03,"troyer*)",253,80104.800000042,1,1763436292557
779,117.03,"troyer*)",253,80189.300000042,1,1763436292642
779,117.03,"troyer*)",253,80286.400000036,1,1763436292739
779,117.03,"Details:",135,80419.800000042,1,1763436292873
779,117.03,"Jennifer’s Body*.",107,80527.600000024,1,1763436292980
779,117.03,"Jennifer’s Body*.",107,80609.50000003,1,1763436293062
779,117.03,"Jennifer’s Body*.",107,80717.800000042,1,1763436293171
779,117.03,"Jennifer’s Body*.",107,80806.900000036,1,1763436293259
779,117.03,"Jennifer’s Body*.",107,80921.800000042,1,1763436293374
-1,-1,,,80990.800000042,1,1763436293443
-1,-1,,,81073.600000024,1,1763436293526
-1,-1,,,81186.800000042,1,1763436293640
-1,-1,,,81380.900000036,1,1763436293833
-1,-1,,,81519.900000036,1,1763436293972
-1,-1,,,81590.700000048,1,1763436294043
-1,-1,,,81662.400000036,1,1763436294115
-1,-1,,,81765.200000048,1,1763436294217
-1,-1,,,81842.100000024,1,1763436294294
-1,-1,,,81926.100000024,1,1763436294378
-1,-1,,,82005.300000042,1,1763436294457
-1,-1,,,82108.700000048,1,1763436294561
-1,-1,,,82191.400000036,1,1763436294643
-1,-1,,,82293.400000036,1,1763436294746
-1,-1,,,82377.200000048,1,1763436294829
-1,-1,,,82469.00000003,1,1763436294921
-1,-1,,,82555.100000024,1,1763436295007
-1,-1,,,82629.900000036,1,1763436295082
-1,-1,,,82703.900000036,1,1763436295156
-1,-1,,,82789.200000048,1,1763436295241
-1,-1,,,82871.50000003,1,1763436295324
-1,-1,,,82956.800000042,1,1763436295409
-1,-1,,,83030.600000024,1,1763436295483
-1,-1,,,83107.200000048,1,1763436295559
-1,-1,,,83186.700000048,1,1763436295639
-1,-1,,,83281.800000042,1,1763436295734
-1,-1,,,83366.300000042,1,1763436295819
-1,-1,,,83455.00000003,1,1763436295907
-1,-1,,,83553.200000048,1,1763436296005
-1,-1,,,83633.200000048,1,1763436296085
-1,-1,,,83703.800000042,1,1763436296156
-1,-1,,,83770.300000042,1,1763436296223
-1,-1,,,83840.200000048,1,1763436296292
-1,-1,,,83927.100000024,1,1763436296379
-1,-1,,,84005.100000024,1,1763436296457
-1,-1,,,84094.00000003,1,1763436296546
-1,-1,,,84174.200000048,1,1763436296626
-1,-1,,,84251.50000003,1,1763436296704
-1,-1,,,84367.200000048,1,1763436296819
-1,-1,,,84468.100000024,1,1763436296920
-1,-1,,,84549.600000024,1,1763436297002
-1,-1,,,84634.100000024,1,1763436297086
-1,-1,,,84710.50000003,1,1763436297163
-1,-1,,,84787.400000036,1,1763436297240
-1,-1,,,84865.700000048,1,1763436297318
-1,-1,,,84946.00000003,1,1763436297398
-1,-1,,,85030.900000036,1,1763436297483
-1,-1,,,85105.900000036,1,1763436297558
-1,-1,,,85188.700000048,1,1763436297641
-1,-1,,,85264.600000024,1,1763436297717
-1,-1,,,85339.200000048,1,1763436297791
-1,-1,,,85413.200000048,1,1763436297865
-1,-1,,,85497.00000003,1,1763436297949
-1,-1,,,85573.50000003,1,1763436298026
-1,-1,,,85653.50000003,1,1763436298106
-1,-1,,,85738.700000048,1,1763436298191
-1,-1,,,85809.00000003,1,1763436298261
-1,-1,,,85905.00000003,1,1763436298357
-1,-1,,,85992.600000024,1,1763436298445
-1,-1,,,86078.400000036,1,1763436298531
-1,-1,,,86156.600000024,1,1763436298609
-1,-1,,,86225.900000036,1,1763436298678
-1,-1,,,86315.300000042,1,1763436298767
-1,-1,,,86402.700000048,1,1763436298855
-1,-1,,,86475.700000048,1,1763436298928
-1,-1,,,86557.100000024,1,1763436299009
-1,-1,,,86653.300000042,1,1763436299105
-1,-1,,,86745.600000024,1,1763436299198
-1,-1,,,88051.100000024,1,1763436300503
-1,-1,,,88160.100000024,1,1763436300613
-1,-1,,,88252.50000003,1,1763436300705
-1,-1,,,88330.50000003,1,1763436300783
-1,-1,,,88355.900000036,1,1763436301433
-1,-1,,,88481.900000036,1,1763436304891
-1,-1,,,88580.400000036,1,1763436304990
-1,-1,,,88683.600000024,1,1763436305093
-1,-1,,,88798.200000048,1,1763436305208
-1,-1,,,88910.00000003,1,1763436305319
-1,-1,,,88986.100000024,1,1763436305396
-1,-1,,,89075.200000048,1,1763436305485
759,471.03,"ins supernatural",376,89162.200000048,1,1763436305572
-1,-1,,,89309.50000003,1,1763436305719
-1,-1,,,89427.100000024,1,1763436305837
-1,-1,,,89514.300000042,1,1763436305924
-1,-1,,,89596.100000024,1,1763436306005
714,552.03,"ssmates.",430,89670.200000048,1,1763436306080
714,30.03,"cheerleader turned",27,89763.800000042,1,1763436306173
714,14.03,"cheerleader turned",27,89843.800000042,1,1763436306253
714,13.03,"cheerleader turned",27,89923.900000036,1,1763436306333
714,13.03,"cheerleader turned",27,89989.00000003,1,1763436306398
714,13.03,"cheerleader turned",27,90082.300000042,1,1763436306492
-1,-1,,,90191.100000024,1,1763436306600
-1,-1,,,90266.400000036,1,1763436306676
-1,-1,,,90334.600000024,1,1763436306744
-1,-1,,,90419.600000024,1,1763436306829
-1,-1,,,90484.700000048,1,1763436306894
-1,-1,,,90556.800000042,1,1763436306966
-1,-1,,,90627.700000048,1,1763436307037
-1,-1,,,90703.00000003,1,1763436307112
-1,-1,,,90782.200000048,1,1763436307192
-1,-1,,,90856.700000048,1,1763436307266
-1,-1,,,90930.800000042,1,1763436307340
-1,-1,,,91021.300000042,1,1763436307431
-1,-1,,,91097.300000042,1,1763436307507
-1,-1,,,91188.200000048,1,1763436307598
-1,-1,,,91277.400000036,1,1763436307687
-1,-1,,,91350.600000024,1,1763436307760
-1,-1,,,91439.400000036,1,1763436307849
-1,-1,,,91510.400000036,1,1763436307920
-1,-1,,,91587.600000024,1,1763436307997
-1,-1,,,91668.50000003,1,1763436308078
-1,-1,,,91742.50000003,1,1763436308152
-1,-1,,,91819.700000048,1,1763436308229
-1,-1,,,91897.400000036,1,1763436308307
-1,-1,,,91962.50000003,1,1763436308372
-1,-1,,,92044.200000048,1,1763436308454
-1,-1,,,92133.100000024,1,1763436308542
783,162.03,"Details:",135,92217.700000048,1,1763436308627
802,93.03,"nnifer’s Body*.",109,92292.200000048,1,1763436308702
-1,-1,,,92374.300000042,1,1763436308784
-1,-1,,,92448.100000024,1,1763436308857
-1,-1,,,92529.700000048,1,1763436308939
-1,-1,,,92614.900000036,1,1763436309024
-1,-1,,,92717.100000024,1,1763436309127
-1,-1,,,92803.600000024,1,1763436309213
-1,-1,,,92881.200000048,1,1763436309290
-1,-1,,,92969.300000042,1,1763436309379
-1,-1,,,93045.00000003,1,1763436309454
-1,-1,,,93180.200000048,1,1763436309589
-1,-1,,,93306.600000024,1,1763436309716
-1,-1,,,93422.100000024,1,1763436309831
-1,-1,,,93510.300000042,1,1763436309919
-1,-1,,,93594.200000048,1,1763436310003
-1,-1,,,93678.400000036,1,1763436310088
-1,-1,,,93758.700000048,1,1763436310168
-1,-1,,,93857.400000036,1,1763436310267
-1,-1,,,93979.400000036,1,1763436310389
-1,-1,,,94064.200000048,1,1763436310473
-1,-1,,,94153.400000036,1,1763436310563
-1,-1,,,94240.800000042,1,1763436310650
-1,-1,,,94331.400000036,1,1763436310741
-1,-1,,,94409.300000042,1,1763436310818
-1,-1,,,94502.400000036,1,1763436310912
-1,-1,,,94581.50000003,1,1763436310991
-1,-1,,,94664.50000003,1,1763436311074
-1,-1,,,94742.400000036,1,1763436311152
-1,-1,,,94821.400000036,1,1763436311231
-1,-1,,,94899.200000048,1,1763436311308
-1,-1,,,94971.00000003,1,1763436311380
-1,-1,,,95077.900000036,1,1763436311487
-1,-1,,,95175.600000024,1,1763436311585
-1,-1,,,95269.100000024,1,1763436311678
-1,-1,,,95339.900000036,1,1763436311749
-1,-1,,,95456.900000036,1,1763436311866
-1,-1,,,95578.800000042,1,1763436311988
-1,-1,,,95684.600000024,1,1763436312094
-1,-1,,,95758.600000024,1,1763436312168
-1,-1,,,95834.900000036,1,1763436312244
-1,-1,,,95916.50000003,1,1763436312326
-1,-1,,,95993.600000024,1,1763436312403
-1,-1,,,96062.200000048,1,1763436312472
-1,-1,,,96147.200000048,1,1763436312557
-1,-1,,,96231.300000042,1,1763436312641
-1,-1,,,96311.600000024,1,1763436312721
-1,-1,,,96404.400000036,1,1763436312814
-1,-1,,,96469.50000003,1,1763436312879
-1,-1,,,96547.700000048,1,1763436312957
-1,-1,,,96634.50000003,1,1763436313044
-1,-1,,,96720.400000036,1,1763436313130
-1,-1,,,96789.200000048,1,1763436313199
-1,-1,,,96868.300000042,1,1763436313278
-1,-1,,,96940.900000036,1,1763436313350
-1,-1,,,97008.00000003,1,1763436313417
-1,-1,,,97093.50000003,1,1763436313503
-1,-1,,,97190.300000042,1,1763436313600
-1,-1,,,97256.700000048,1,1763436313666
-1,-1,,,97346.50000003,1,1763436313756
-1,-1,,,97421.00000003,1,1763436313830
-1,-1,,,97481.400000036,1,1763436313891
-1,-1,,,97560.400000036,1,1763436313970
-1,-1,,,97637.900000036,1,1763436314047
-1,-1,,,97712.100000024,1,1763436314121
-1,-1,,,97796.300000042,1,1763436314205
-1,-1,,,97862.200000048,1,1763436314272
-1,-1,,,97973.300000042,1,1763436314383
-1,-1,,,98051.700000048,1,1763436314461
-1,-1,,,98132.50000003,1,1763436314542
-1,-1,,,98205.600000024,1,1763436314615
-1,-1,,,98276.00000003,1,1763436314685
-1,-1,,,98362.800000042,1,1763436314772
-1,-1,,,98433.50000003,1,1763436314843
-1,-1,,,98504.900000036,1,1763436314914
-1,-1,,,98581.400000036,1,1763436314991
-1,-1,,,98665.800000042,1,1763436315075
-1,-1,,,98749.200000048,1,1763436315159
-1,-1,,,98820.700000048,1,1763436315230
-1,-1,,,98889.50000003,1,1763436315299
-1,-1,,,98963.00000003,1,1763436315372
-1,-1,,,99054.400000036,1,1763436315464
-1,-1,,,99139.800000042,1,1763436315549
-1,-1,,,99211.800000042,1,1763436315621
-1,-1,,,99303.700000048,1,1763436315713
-1,-1,,,99371.200000048,1,1763436315781
-1,-1,,,99451.00000003,1,1763436315860
-1,-1,,,99524.300000042,1,1763436315934
-1,-1,,,99589.600000024,1,1763436315999
-1,-1,,,99682.300000042,1,1763436316092
-1,-1,,,99762.400000036,1,1763436316172
-1,-1,,,99841.400000036,1,1763436316251
-1,-1,,,99927.600000024,1,1763436316337
-1,-1,,,100005.10000002,1,1763436316415
-1,-1,,,100090.30000004,1,1763436316500
-1,-1,,,100181.90000004,1,1763436316591
-1,-1,,,100264.30000004,1,1763436316674
-1,-1,,,100327.50000003,1,1763436316737
-1,-1,,,100416.60000002,1,1763436316826
-1,-1,,,100493.80000004,1,1763436316903
-1,-1,,,100574.00000003,1,1763436316983
-1,-1,,,100654.60000002,1,1763436317064
-1,-1,,,100715.50000003,1,1763436317125
-1,-1,,,100792.10000002,1,1763436317201
-1,-1,,,100850.80000004,1,1763436317260
-1,-1,,,100919.30000004,1,1763436317329
-1,-1,,,100991.10000002,1,1763436317400
-1,-1,,,101075.90000004,1,1763436317485
-1,-1,,,101175.10000002,1,1763436317585
-1,-1,,,101256.20000005,1,1763436317665
-1,-1,,,101320.10000002,1,1763436317730
-1,-1,,,101385.30000004,1,1763436317794
-1,-1,,,101450.30000004,1,1763436317859
-1,-1,,,101514.60000002,1,1763436317924
-1,-1,,,101589.70000005,1,1763436317999
-1,-1,,,101654.00000003,1,1763436318063
-1,-1,,,101736.20000005,1,1763436318146
-1,-1,,,101809.10000002,1,1763436318218
-1,-1,,,101874.00000003,1,1763436318283
-1,-1,,,101963.90000004,1,1763436318373
-1,-1,,,102066.80000004,1,1763436318476
-1,-1,,,102140.50000003,1,1763436318550
-1,-1,,,102231.40000004,1,1763436318641
-1,-1,,,102307.70000005,1,1763436318717
-1,-1,,,102395.00000003,1,1763436318804
-1,-1,,,102467.40000004,1,1763436318877
-1,-1,,,102549.10000002,1,1763436318958
-1,-1,,,102628.80000004,1,1763436319038
-1,-1,,,102715.70000005,1,1763436319125
-1,-1,,,102804.90000004,1,1763436319214
-1,-1,,,102877.00000003,1,1763436319286
-1,-1,,,102958.50000003,1,1763436319368
-1,-1,,,103059.10000002,1,1763436319468
-1,-1,,,103137.20000005,1,1763436319546
-1,-1,,,103230.50000003,1,1763436319640
-1,-1,,,103322.20000005,1,1763436319731
-1,-1,,,103408.80000004,1,1763436319818
-1,-1,,,103482.40000004,1,1763436319892
-1,-1,,,103557.10000002,1,1763436319966
-1,-1,,,103632.00000003,1,1763436320041
-1,-1,,,103708.00000003,1,1763436320117
-1,-1,,,103771.30000004,1,1763436320180
-1,-1,,,103835.40000004,1,1763436320245
-1,-1,,,103898.00000003,1,1763436320307
-1,-1,,,103973.20000005,1,1763436320382
-1,-1,,,104036.40000004,1,1763436320446
-1,-1,,,104099.60000002,1,1763436320509
-1,-1,,,104186.50000003,1,1763436320596
-1,-1,,,104255.10000002,1,1763436320664
-1,-1,,,104346.00000003,1,1763436320755
-1,-1,,,104472.20000005,1,1763436320881
-1,-1,,,104589.50000003,1,1763436320999
-1,-1,,,104659.90000004,1,1763436321069
-1,-1,,,104747.80000004,1,1763436321157
-1,-1,,,104834.90000004,1,1763436321244
-1,-1,,,104905.00000003,1,1763436321314
-1,-1,,,104987.60000002,1,1763436321397
-1,-1,,,105104.10000002,1,1763436321513
-1,-1,,,105176.10000002,1,1763436321585
-1,-1,,,105268.10000002,1,1763436321677
-1,-1,,,105348.20000005,1,1763436321757
-1,-1,,,105432.50000003,1,1763436321842
-1,-1,,,105501.90000004,1,1763436321911
-1,-1,,,105567.80000004,1,1763436321977
-1,-1,,,105641.10000002,1,1763436322050
-1,-1,,,105704.20000005,1,1763436322114
-1,-1,,,105800.80000004,1,1763436322210
-1,-1,,,105882.30000004,1,1763436322292
-1,-1,,,105963.00000003,1,1763436322372
-1,-1,,,106037.20000005,1,1763436322447
-1,-1,,,106103.50000003,1,1763436322513
-1,-1,,,106177.10000002,1,1763436322586
-1,-1,,,106259.30000004,1,1763436322669
-1,-1,,,106341.80000004,1,1763436322751
-1,-1,,,106404.10000002,1,1763436322813
-1,-1,,,106502.20000005,1,1763436322912
-1,-1,,,106579.40000004,1,1763436322989
-1,-1,,,106677.90000004,1,1763436323087
-1,-1,,,106745.70000005,1,1763436323155
-1,-1,,,106823.60000002,1,1763436323233
-1,-1,,,106890.70000005,1,1763436323300
-1,-1,,,106962.60000002,1,1763436323372
-1,-1,,,107041.40000004,1,1763436323451
-1,-1,,,107111.90000004,1,1763436323521
-1,-1,,,107197.80000004,1,1763436323607
-1,-1,,,107269.10000002,1,1763436323678
-1,-1,,,107345.10000002,1,1763436323755
-1,-1,,,107430.40000004,1,1763436323840
-1,-1,,,107493.20000005,1,1763436323902
-1,-1,,,107579.70000005,1,1763436323989
-1,-1,,,107656.10000002,1,1763436324066
-1,-1,,,107726.80000004,1,1763436324136
-1,-1,,,107810.10000002,1,1763436324219
-1,-1,,,107899.20000005,1,1763436324309
-1,-1,,,107972.10000002,1,1763436324381
-1,-1,,,108049.10000002,1,1763436324458
-1,-1,,,108114.60000002,1,1763436324524
-1,-1,,,108182.90000004,1,1763436324592
-1,-1,,,108250.90000004,1,1763436324660
-1,-1,,,108335.00000003,1,1763436324744
-1,-1,,,108401.90000004,1,1763436324811
-1,-1,,,108470.80000004,1,1763436324880
-1,-1,,,108534.30000004,1,1763436324944
-1,-1,,,108600.70000005,1,1763436325010
-1,-1,,,108675.10000002,1,1763436325084
-1,-1,,,108764.10000002,1,1763436325174
-1,-1,,,108837.20000005,1,1763436325247
-1,-1,,,108905.40000004,1,1763436325315
-1,-1,,,108991.40000004,1,1763436325401
-1,-1,,,109082.40000004,1,1763436325492
-1,-1,,,109161.40000004,1,1763436325571
-1,-1,,,109242.90000004,1,1763436325652
-1,-1,,,109339.00000003,1,1763436325748
-1,-1,,,109438.00000003,1,1763436325847
-1,-1,,,109528.40000004,1,1763436325938
-1,-1,,,109597.80000004,1,1763436326007
-1,-1,,,109675.20000005,1,1763436326085
-1,-1,,,109757.90000004,1,1763436326167
-1,-1,,,109828.80000004,1,1763436326238
-1,-1,,,109912.50000003,1,1763436326322
-1,-1,,,109983.10000002,1,1763436326392
-1,-1,,,110070.10000002,1,1763436326479
-1,-1,,,110141.80000004,1,1763436326551
-1,-1,,,110223.20000005,1,1763436326633
-1,-1,,,110300.40000004,1,1763436326710
-1,-1,,,110382.10000002,1,1763436326791
-1,-1,,,110455.20000005,1,1763436326865
-1,-1,,,110536.70000005,1,1763436326946
-1,-1,,,110602.30000004,1,1763436327012
-1,-1,,,110672.60000002,1,1763436327082
-1,-1,,,110742.90000004,1,1763436327152
-1,-1,,,110818.50000003,1,1763436327228
-1,-1,,,110891.90000004,1,1763436327301
-1,-1,,,110958.80000004,1,1763436327368
-1,-1,,,111054.00000003,1,1763436327463
-1,-1,,,111169.40000004,1,1763436327579
-1,-1,,,111254.80000004,1,1763436327664
-1,-1,,,111335.80000004,1,1763436327745
-1,-1,,,111407.50000003,1,1763436327817
-1,-1,,,111491.30000004,1,1763436327901
-1,-1,,,111564.10000002,1,1763436327974
-1,-1,,,111655.70000005,1,1763436328065
-1,-1,,,111736.70000005,1,1763436328146
-1,-1,,,111815.00000003,1,1763436328224
-1,-1,,,111882.50000003,1,1763436328292
-1,-1,,,111953.50000003,1,1763436328363
-1,-1,,,112029.80000004,1,1763436328439
-1,-1,,,112110.10000002,1,1763436328519
-1,-1,,,112194.70000005,1,1763436328604
-1,-1,,,112285.00000003,1,1763436328694
-1,-1,,,112356.60000002,1,1763436328766
-1,-1,,,112427.60000002,1,1763436328837
-1,-1,,,112508.30000004,1,1763436328918
-1,-1,,,112591.80000004,1,1763436329001
-1,-1,,,112658.80000004,1,1763436329068
-1,-1,,,112739.70000005,1,1763436329149
-1,-1,,,112811.70000005,1,1763436329221
-1,-1,,,112893.50000003,1,1763436329303
-1,-1,,,112968.60000002,1,1763436329378
-1,-1,,,113066.90000004,1,1763436329476
-1,-1,,,113150.40000004,1,1763436329560
-1,-1,,,113211.50000003,1,1763436329621
-1,-1,,,113292.30000004,1,1763436329702
-1,-1,,,113381.80000004,1,1763436329791
-1,-1,,,113459.60000002,1,1763436329869
-1,-1,,,113545.70000005,1,1763436329955
-1,-1,,,113618.90000004,1,1763436330028
-1,-1,,,113686.10000002,1,1763436330095
-1,-1,,,113752.00000003,1,1763436330162
-1,-1,,,113821.80000004,1,1763436330231
-1,-1,,,113909.70000005,1,1763436330319
-1,-1,,,113979.20000005,1,1763436330389
-1,-1,,,114051.50000003,1,1763436330461
-1,-1,,,114118.00000003,1,1763436330527
-1,-1,,,114213.70000005,1,1763436330623
-1,-1,,,114284.70000005,1,1763436330694
-1,-1,,,114364.80000004,1,1763436330774
-1,-1,,,114435.50000003,1,1763436330845
-1,-1,,,114501.20000005,1,1763436330911
-1,-1,,,114577.50000003,1,1763436330987
-1,-1,,,114640.40000004,1,1763436331050
-1,-1,,,114716.50000003,1,1763436331126
-1,-1,,,114790.20000005,1,1763436331200
-1,-1,,,114889.70000005,1,1763436331299
-1,-1,,,114990.30000004,1,1763436331400
-1,-1,,,115091.80000004,1,1763436331501
-1,-1,,,115199.40000004,1,1763436331609
-1,-1,,,115322.40000004,1,1763436331732
-1,-1,,,115419.80000004,1,1763436331829
-1,-1,,,115553.30000004,1,1763436331963
-1,-1,,,115649.00000003,1,1763436332058
-1,-1,,,115713.40000004,1,1763436332123
-1,-1,,,115791.30000004,1,1763436332201
-1,-1,,,115876.20000005,1,1763436332285
-1,-1,,,115968.80000004,1,1763436332378
-1,-1,,,116044.50000003,1,1763436332454
-1,-1,,,116127.40000004,1,1763436332536
-1,-1,,,116194.60000002,1,1763436332604
-1,-1,,,116279.20000005,1,1763436332688
-1,-1,,,116342.10000002,1,1763436332751
-1,-1,,,116426.30000004,1,1763436332836
-1,-1,,,116503.40000004,1,1763436332913
-1,-1,,,116571.40000004,1,1763436332981
-1,-1,,,116645.60000002,1,1763436333055
-1,-1,,,116714.40000004,1,1763436333124
-1,-1,,,116780.30000004,1,1763436333190
-1,-1,,,116844.10000002,1,1763436333254
-1,-1,,,116919.00000003,1,1763436333328
-1,-1,,,116992.00000003,1,1763436333401
-1,-1,,,117101.10000002,1,1763436333511
-1,-1,,,117184.70000005,1,1763436333594
-1,-1,,,117267.80000004,1,1763436333677
-1,-1,,,117346.30000004,1,1763436333756
-1,-1,,,117425.70000005,1,1763436333835
-1,-1,,,117495.50000003,1,1763436333905
-1,-1,,,117575.50000003,1,1763436333985
-1,-1,,,117649.30000004,1,1763436334059
-1,-1,,,117721.60000002,1,1763436334131
-1,-1,,,117784.80000004,1,1763436334194
-1,-1,,,117862.00000003,1,1763436334271
-1,-1,,,117946.40000004,1,1763436334356
-1,-1,,,118013.30000004,1,1763436334423
-1,-1,,,118085.60000002,1,1763436334495
-1,-1,,,118161.20000005,1,1763436334571
-1,-1,,,118244.70000005,1,1763436334654
-1,-1,,,118320.30000004,1,1763436334730
-1,-1,,,118402.10000002,1,1763436334812
-1,-1,,,118488.60000002,1,1763436334898
-1,-1,,,118576.20000005,1,1763436334986
-1,-1,,,118652.90000004,1,1763436335062
-1,-1,,,118719.30000004,1,1763436335129
-1,-1,,,118806.10000002,1,1763436335216
-1,-1,,,118869.80000004,1,1763436335279
-1,-1,,,118959.70000005,1,1763436335369
-1,-1,,,119039.50000003,1,1763436335449
-1,-1,,,119117.40000004,1,1763436335527
-1,-1,,,119203.20000005,1,1763436335612
-1,-1,,,119273.80000004,1,1763436335683
-1,-1,,,119347.80000004,1,1763436335757
-1,-1,,,119418.40000004,1,1763436335828
-1,-1,,,119490.50000003,1,1763436335900
-1,-1,,,119567.50000003,1,1763436335977
-1,-1,,,119650.10000002,1,1763436336059
-1,-1,,,119727.50000003,1,1763436336137
-1,-1,,,119809.40000004,1,1763436336219
-1,-1,,,119870.90000004,1,1763436336280
-1,-1,,,119957.60000002,1,1763436336367
-1,-1,,,120025.60000002,1,1763436336435
-1,-1,,,120100.10000002,1,1763436336509
-1,-1,,,120177.50000003,1,1763436336587
-1,-1,,,120257.20000005,1,1763436336667
-1,-1,,,120325.40000004,1,1763436336735
-1,-1,,,120403.30000004,1,1763436336813
-1,-1,,,120484.20000005,1,1763436336894
-1,-1,,,120571.90000004,1,1763436336981
-1,-1,,,120640.20000005,1,1763436337050
-1,-1,,,120715.20000005,1,1763436337125
-1,-1,,,120795.30000004,1,1763436337205
-1,-1,,,120868.20000005,1,1763436337278
-1,-1,,,120940.30000004,1,1763436337350
-1,-1,,,121014.20000005,1,1763436337424
-1,-1,,,121077.50000003,1,1763436337487
-1,-1,,,121168.90000004,1,1763436337578
-1,-1,,,121245.30000004,1,1763436337655
-1,-1,,,121325.20000005,1,1763436337735
-1,-1,,,121399.90000004,1,1763436337809
-1,-1,,,121475.60000002,1,1763436337885
-1,-1,,,121544.60000002,1,1763436337954
881,100.03,"Turtles.",150,121626.60000002,1,1763436338036
745,95.03,"y of the Turtles.",141,121699.70000005,1,1763436338109
745,95.03,"y of the Turtles.",141,121765.30000004,1,1763436338175
745,95.03,"y of the Turtles.",141,121845.30000004,1,1763436338255
745,95.03,"y of the Turtles.",141,121917.90000004,1,1763436338328
741,95.03,"y of the Turtles.",141,121992.50000003,1,1763436338402
739,95.03,"ly of the Turtles.",140,122071.60000002,1,1763436338481
739,95.03,"ly of the Turtles.",140,122163.80000004,1,1763436338573
739,95.03,"ly of the Turtles.",140,122234.50000003,1,1763436338644
739,95.03,"ly of the Turtles.",140,122306.00000003,1,1763436338716
739,95.03,"ly of the Turtles.",140,122389.90000004,1,1763436338799
739,95.03,"ly of the Turtles.",140,122472.80000004,1,1763436338882
739,95.03,"ly of the Turtles.",140,122561.80000004,1,1763436338972
739,95.03,"ly of the Turtles.",140,122644.70000005,1,1763436339054
739,95.03,"ly of the Turtles.",140,122733.10000002,1,1763436339143
739,95.03,"ly of the Turtles.",140,122820.10000002,1,1763436339230
739,95.03,"ly of the Turtles.",140,122886.30000004,1,1763436339296
739,95.03,"ly of the Turtles.",140,122975.70000005,1,1763436339385
739,95.03,"ly of the Turtles.",140,123061.60000002,1,1763436339471
738,96.03,"ly of the Turtles.",140,123127.10000002,1,1763436339537
710,103.03,"ally of the Turtles.",138,123209.30000004,1,1763436339619
693,106.03,"d ally of the Turtle",136,123296.10000002,1,1763436339706
693,106.03,"d ally of the Turtle",136,123370.10000002,1,1763436339780
693,106.03,"d ally of the Turtle",136,123461.20000005,1,1763436339871
693,106.03,"d ally of the Turtle",136,123540.70000005,1,1763436339950
693,106.03,"d ally of the Turtle",136,123619.80000004,1,1763436340029
693,106.03,"d ally of the Turtle",136,123693.20000005,1,1763436340103
675,110.03,"nd ally of the Turtl",135,123769.30000004,1,1763436340179
651,127.03,"r and ally of the Tu",132,123855.10000002,1,1763436340264
651,127.03,"r and ally of the Tu",132,123923.30000004,1,1763436340333
651,127.03,"r and ally of the Tu",132,124009.20000005,1,1763436340419
651,127.03,"r and ally of the Tu",132,124087.10000002,1,1763436340497
652,123.03,"r and ally of the Tu",132,124159.40000004,1,1763436340569
657,106.03,"and ally of the Tur",133,124242.60000002,1,1763436340652
657,106.03,"and ally of the Tur",133,124324.60000002,1,1763436340734
657,106.03,"and ally of the Tur",133,124397.80000004,1,1763436340807
657,104.03,"and ally of the Tur",133,124482.60000002,1,1763436340892
665,78.03,"reboot films, Megan",60,124557.70000005,1,1763436340967
674,39.03,"reboot films, Megan",60,124656.90000004,1,1763436341066
-1,-1,,,124735.60000002,1,1763436341145
-1,-1,,,124809.00000003,1,1763436341218
-1,-1,,,124900.70000005,1,1763436341310
-1,-1,,,124988.10000002,1,1763436341397
-1,-1,,,125086.90000004,1,1763436341496
-1,-1,,,125168.50000003,1,1763436341578
-1,-1,,,125296.60000002,1,1763436341706
-1,-1,,,125370.50000003,1,1763436341780
-1,-1,,,125452.50000003,1,1763436341862
669,53.03,"reboot films, Megan",60,125539.20000005,1,1763436341949
669,97.03,"and ally of the Turt",134,125645.90000004,1,1763436342055
672,140.03,"Details:",169,125782.80000004,1,1763436342193
672,140.03,"re action-oriented,",492,125935.80000004,1,1763436342346
672,140.03,"es' origin story.",567,126019.80000004,1,1763436342429
672,140.03,"es' origin story.",567,126097.20000005,1,1763436342507
672,140.03,"es' origin story.",567,126202.50000003,1,1763436342612
672,140.03,"es' origin story.",567,126270.60000002,1,1763436342680
672,140.03,"es' origin story.",567,126386.30000004,1,1763436342803
672,140.03,"es' origin story.",567,126487.40000004,1,1763436342897
672,140.03,"es' origin story.",567,126573.60000002,1,1763436342983
672,140.03,"es' origin story.",567,126672.20000005,1,1763436343082
672,140.03,"ncovers the Turtles'",353,126739.20000005,1,1763436343149
672,140.03,"and ally of the Turt",134,126823.30000004,1,1763436343233
672,140.03,"and ally of the Turt",134,126907.10000002,1,1763436343317
672,140.03,"and ally of the Turt",134,127001.10000002,1,1763436343411
672,140.03,"and ally of the Turt",134,127107.00000003,1,1763436343517
748,203.03,"Details:",169,127227.60000002,1,1763436343637
-1,-1,,,127298.50000003,1,1763436343708
-1,-1,,,127371.20000005,1,1763436343781
-1,-1,,,127460.70000005,1,1763436343870
-1,-1,,,127542.60000002,1,1763436343952
-1,-1,,,127624.10000002,1,1763436344033
-1,-1,,,127700.10000002,1,1763436344109
-1,-1,,,127776.40000004,1,1763436344186
-1,-1,,,127860.40000004,1,1763436344270
-1,-1,,,127947.00000003,1,1763436344356
-1,-1,,,128068.50000003,1,1763436344478
-1,-1,,,128144.50000003,1,1763436344554
-1,-1,,,128234.20000005,1,1763436344643
-1,-1,,,128339.20000005,1,1763436344748
-1,-1,,,128422.10000002,1,1763436344831
-1,-1,,,128497.60000002,1,1763436344907
-1,-1,,,128574.70000005,1,1763436344984
-1,-1,,,128673.70000005,1,1763436345083
-1,-1,,,128748.70000005,1,1763436345158
-1,-1,,,128823.20000005,1,1763436345232
-1,-1,,,128933.10000002,1,1763436345342
-1,-1,,,129013.70000005,1,1763436345423
-1,-1,,,129089.60000002,1,1763436345499
-1,-1,,,129170.20000005,1,1763436345579
-1,-1,,,129267.50000003,1,1763436345677
-1,-1,,,129358.20000005,1,1763436345767
-1,-1,,,129429.20000005,1,1763436345838
-1,-1,,,129524.90000004,1,1763436345934
-1,-1,,,129620.70000005,1,1763436346030
-1,-1,,,129698.20000005,1,1763436346107
-1,-1,,,129783.30000004,1,1763436346192
-1,-1,,,129857.60000002,1,1763436346267
-1,-1,,,129962.60000002,1,1763436346372
-1,-1,,,130058.30000004,1,1763436346467
-1,-1,,,130135.40000004,1,1763436346545
-1,-1,,,130217.50000003,1,1763436346627
-1,-1,,,130307.40000004,1,1763436346717
-1,-1,,,130384.80000004,1,1763436346794
-1,-1,,,130467.10000002,1,1763436346876
-1,-1,,,130578.60000002,1,1763436346988
-1,-1,,,130668.80000004,1,1763436347078
-1,-1,,,130743.90000004,1,1763436347153
-1,-1,,,130835.10000002,1,1763436347244
-1,-1,,,130924.90000004,1,1763436347334
-1,-1,,,131013.80000004,1,1763436347423
-1,-1,,,131088.70000005,1,1763436347498
-1,-1,,,131182.80000004,1,1763436347592
-1,-1,,,131313.10000002,1,1763436347722
-1,-1,,,131422.60000002,1,1763436347832
-1,-1,,,131512.60000002,1,1763436347922
-1,-1,,,131580.50000003,1,1763436347990
-1,-1,,,131686.10000002,1,1763436348095
-1,-1,,,132784.50000003,1,1763436349194
-1,-1,,,132866.10000002,1,1763436349276
-1,-1,,,132982.70000005,1,1763436349392
-1,-1,,,133031.30000004,1,1763436350454
-1,-1,,,133127.40000004,1,1763436353530
-1,-1,,,133221.40000004,1,1763436353623
-1,-1,,,133297.70000005,1,1763436353700
-1,-1,,,133389.00000003,1,1763436353791
806,493.03,"Turtles' existence",365,133534.00000003,1,1763436353936
-1,-1,,,133623.30000004,1,1763436354025
-1,-1,,,133716.70000005,1,1763436354119
-1,-1,,,133794.70000005,1,1763436354197
806,61.03,", Megan Fox",72,133922.30000004,1,1763436354324
806,8.03,", Megan Fox",72,134000.90000004,1,1763436354403
806,8.03,", Megan Fox",72,134071.70000005,1,1763436354474
806,8.03,", Megan Fox",72,134184.50000003,1,1763436354586
-1,-1,,,134308.50000003,1,1763436354710
-1,-1,,,134412.20000005,1,1763436354814
-1,-1,,,134490.00000003,1,1763436354892
-1,-1,,,134578.40000004,1,1763436354980
-1,-1,,,134673.90000004,1,1763436355076
-1,-1,,,134754.40000004,1,1763436355156
-1,-1,,,134839.90000004,1,1763436355242
-1,-1,,,134913.50000003,1,1763436355315
-1,-1,,,134992.40000004,1,1763436355394
-1,-1,,,135089.90000004,1,1763436355492
-1,-1,,,135207.50000003,1,1763436355609
-1,-1,,,135279.10000002,1,1763436355681
-1,-1,,,135401.70000005,1,1763436355804
-1,-1,,,135521.20000005,1,1763436355923
-1,-1,,,135591.80000004,1,1763436355994
-1,-1,,,135690.40000004,1,1763436356092
-1,-1,,,135768.50000003,1,1763436356170
-1,-1,,,135854.60000002,1,1763436356257
-1,-1,,,135932.80000004,1,1763436356335
-1,-1,,,135995.60000002,1,1763436356397
-1,-1,,,136063.20000005,1,1763436356465
-1,-1,,,136155.20000005,1,1763436356557
-1,-1,,,136234.70000005,1,1763436356637
903,130.03,"Turtles.",150,136301.90000004,1,1763436356704
911,23.03,"Megan Fox",74,136371.20000005,1,1763436356773
-1,-1,,,136439.10000002,1,1763436356841
-1,-1,,,136549.00000003,1,1763436356951
-1,-1,,,136653.30000004,1,1763436357055
-1,-1,,,136737.10000002,1,1763436357139
-1,-1,,,136827.40000004,1,1763436357229
-1,-1,,,136915.80000004,1,1763436357317
-1,-1,,,136990.80000004,1,1763436357393
-1,-1,,,137076.80000004,1,1763436357478
-1,-1,,,137168.20000005,1,1763436357570
-1,-1,,,137241.90000004,1,1763436357644
-1,-1,,,137338.30000004,1,1763436357740
-1,-1,,,137408.60000002,1,1763436357810
-1,-1,,,137494.60000002,1,1763436357896
-1,-1,,,137591.30000004,1,1763436357993
-1,-1,,,137684.30000004,1,1763436358086
-1,-1,,,137764.10000002,1,1763436358166
-1,-1,,,137859.00000003,1,1763436358261
-1,-1,,,137950.90000004,1,1763436358353
-1,-1,,,138027.70000005,1,1763436358429
-1,-1,,,138109.70000005,1,1763436358511
-1,-1,,,138192.00000003,1,1763436358594
-1,-1,,,138264.90000004,1,1763436358667
-1,-1,,,138340.80000004,1,1763436358743
-1,-1,,,138410.50000003,1,1763436358812
-1,-1,,,138487.80000004,1,1763436358890
-1,-1,,,138563.90000004,1,1763436358966
-1,-1,,,138665.00000003,1,1763436359067
-1,-1,,,138737.50000003,1,1763436359139
-1,-1,,,138804.50000003,1,1763436359206
-1,-1,,,138875.80000004,1,1763436359277
-1,-1,,,138971.30000004,1,1763436359373
-1,-1,,,139056.00000003,1,1763436359458
-1,-1,,,139153.40000004,1,1763436359555
-1,-1,,,139223.00000003,1,1763436359625
-1,-1,,,139297.30000004,1,1763436359699
-1,-1,,,139367.10000002,1,1763436359769
-1,-1,,,139445.80000004,1,1763436359847
-1,-1,,,139539.70000005,1,1763436359941
-1,-1,,,139619.60000002,1,1763436360021
-1,-1,,,139694.50000003,1,1763436360096
-1,-1,,,139772.10000002,1,1763436360174
-1,-1,,,139849.40000004,1,1763436360251
-1,-1,,,139931.30000004,1,1763436360333
-1,-1,,,140012.90000004,1,1763436360414
-1,-1,,,140076.10000002,1,1763436360478
-1,-1,,,140150.40000004,1,1763436360552
-1,-1,,,140213.00000003,1,1763436360615
-1,-1,,,140285.60000002,1,1763436360687
-1,-1,,,140350.70000005,1,1763436360753
-1,-1,,,140431.90000004,1,1763436360834
-1,-1,,,140498.10000002,1,1763436360900
-1,-1,,,140569.70000005,1,1763436360972
-1,-1,,,140658.80000004,1,1763436361061
-1,-1,,,140743.20000005,1,1763436361145
-1,-1,,,140815.90000004,1,1763436361218
-1,-1,,,140905.50000003,1,1763436361307
-1,-1,,,141002.40000004,1,1763436361404
-1,-1,,,141105.30000004,1,1763436361507
-1,-1,,,141214.00000003,1,1763436361616
-1,-1,,,141307.70000005,1,1763436361709
-1,-1,,,141426.80000004,1,1763436361828
-1,-1,,,141491.50000003,1,1763436361893
-1,-1,,,141575.90000004,1,1763436361978
-1,-1,,,141657.50000003,1,1763436362059
-1,-1,,,141746.30000004,1,1763436362148
-1,-1,,,141818.70000005,1,1763436362220
-1,-1,,,141893.40000004,1,1763436362295
-1,-1,,,141971.80000004,1,1763436362373
-1,-1,,,142073.60000002,1,1763436362475
-1,-1,,,142147.80000004,1,1763436362550
-1,-1,,,142223.90000004,1,1763436362626
-1,-1,,,142301.80000004,1,1763436362703
-1,-1,,,142387.90000004,1,1763436362790
-1,-1,,,142458.20000005,1,1763436362860
-1,-1,,,142542.40000004,1,1763436362944
-1,-1,,,142619.70000005,1,1763436363022
-1,-1,,,142699.40000004,1,1763436363101
-1,-1,,,142769.90000004,1,1763436363172
-1,-1,,,142840.90000004,1,1763436363243
-1,-1,,,142913.50000003,1,1763436363315
-1,-1,,,142980.80000004,1,1763436363383
-1,-1,,,143045.50000003,1,1763436363447
-1,-1,,,143117.50000003,1,1763436363519
-1,-1,,,143216.20000005,1,1763436363618
-1,-1,,,143303.70000005,1,1763436363705
-1,-1,,,143377.50000003,1,1763436363779
-1,-1,,,143463.70000005,1,1763436363866
-1,-1,,,143542.70000005,1,1763436363945
-1,-1,,,143619.60000002,1,1763436364021
-1,-1,,,143682.40000004,1,1763436364084
-1,-1,,,143744.00000003,1,1763436364146
-1,-1,,,143822.60000002,1,1763436364224
-1,-1,,,143913.90000004,1,1763436364316
-1,-1,,,143990.40000004,1,1763436364392
-1,-1,,,144062.10000002,1,1763436364464
-1,-1,,,144146.60000002,1,1763436364548
-1,-1,,,144234.30000004,1,1763436364636
-1,-1,,,144305.00000003,1,1763436364707
-1,-1,,,144370.40000004,1,1763436364772
-1,-1,,,144456.00000003,1,1763436364858
-1,-1,,,144546.80000004,1,1763436364949
-1,-1,,,144631.30000004,1,1763436365033
-1,-1,,,144694.40000004,1,1763436365096
-1,-1,,,144779.70000005,1,1763436365182
-1,-1,,,144861.60000002,1,1763436365263
-1,-1,,,144949.20000005,1,1763436365351
-1,-1,,,145016.40000004,1,1763436365418
-1,-1,,,145102.30000004,1,1763436365504
-1,-1,,,145176.10000002,1,1763436365578
-1,-1,,,145243.40000004,1,1763436365645
-1,-1,,,145312.90000004,1,1763436365715
-1,-1,,,145398.20000005,1,1763436365800
-1,-1,,,145459.50000003,1,1763436365862
-1,-1,,,145540.40000004,1,1763436365942
-1,-1,,,145614.30000004,1,1763436366016
-1,-1,,,145694.10000002,1,1763436366096
-1,-1,,,145755.90000004,1,1763436366158
-1,-1,,,145836.00000003,1,1763436366238
-1,-1,,,145909.40000004,1,1763436366311
-1,-1,,,145994.20000005,1,1763436366396
-1,-1,,,146063.40000004,1,1763436366465
-1,-1,,,146158.20000005,1,1763436366560
-1,-1,,,146228.90000004,1,1763436366631
-1,-1,,,146312.90000004,1,1763436366715
-1,-1,,,146385.30000004,1,1763436366787
-1,-1,,,146467.60000002,1,1763436366869
-1,-1,,,146572.10000002,1,1763436366974
-1,-1,,,146651.60000002,1,1763436367053
-1,-1,,,146755.30000004,1,1763436367157
-1,-1,,,146824.70000005,1,1763436367226
-1,-1,,,146914.60000002,1,1763436367316
-1,-1,,,147002.40000004,1,1763436367404
-1,-1,,,147092.80000004,1,1763436367494
-1,-1,,,147193.80000004,1,1763436367595
-1,-1,,,147270.70000005,1,1763436367672
-1,-1,,,147366.50000003,1,1763436367768
-1,-1,,,147473.20000005,1,1763436367875
-1,-1,,,147548.60000002,1,1763436367950
-1,-1,,,147652.90000004,1,1763436368055
-1,-1,,,147794.90000001,1,1763436377884
-1,-1,,,147869.10000002,1,1763436377958
-1,-1,,,147973.80000001,1,1763436378063
-1,-1,,,148087.00000003,1,1763436378177
-1,-1,,,148163.00000003,1,1763436378252
-1,-1,,,148231.30000001,1,1763436378321
-1,-1,,,148325.90000001,1,1763436378415
-1,-1,,,148432.10000002,1,1763436378522
-1,-1,,,148549.20000002,1,1763436378639
-1,-1,,,148664.10000002,1,1763436378754
-1,-1,,,148719.90000001,1,1763436378885
-1,-1,,,148923.80000001,1,1763436390960
-1,-1,,,149009.30000001,1,1763436391046
-1,-1,,,149101.90000001,1,1763436391139
-1,-1,,,149220.19999999,1,1763436391257
-1,-1,,,149345.19999999,1,1763436391382
-1,-1,,,149459.5,1,1763436391496
-1,-1,,,149592.69999999,1,1763436391629
-1,-1,,,149680.09999999,1,1763436391717
-1,-1,,,149768.69999999,1,1763436391805
-1,-1,,,149878.30000001,1,1763436391915
-1,-1,,,150005.30000001,1,1763436392042
-1,-1,,,150140.19999999,1,1763436392177
-1,-1,,,150214.19999999,1,1763436392251
-1,-1,,,150296.69999999,1,1763436392333
-1,-1,,,150372.59999999,1,1763436392409
-1,-1,,,150455.40000001,1,1763436392492
-1,-1,,,150527.30000001,1,1763436392564
880,74.03,"g role of",73,150598.30000001,1,1763436392635
880,75.03,"g role of",73,150693.30000001,1,1763436392730
880,75.03,"g role of",73,150792.80000001,1,1763436392830
880,75.03,"g role of",73,150882.19999999,1,1763436392919
880,75.03,"g role of",73,150987.90000001,1,1763436393025
880,75.03,"g role of",73,151055.40000001,1,1763436393092
879,73.03,"g role of",73,151139.40000001,1,1763436393176
879,73.03,"g role of",73,151239.5,1,1763436393276
877,76.03,"g role of",73,151332.59999999,1,1763436393370
857,105.03,"4–2006).",141,151408.59999999,1,1763436393446
837,121.03,"4–2006).",141,151511.80000001,1,1763436393549
814,142.03,"Paggi).",354,151601.59999999,1,1763436393639
814,142.03,"ra star.",503,151672,1,1763436393709
814,142.03,"and delivered",577,151761.09999999,1,1763436393798
814,142.03,"and delivered",577,151836.80000001,1,1763436393874
814,142.03,"and delivered",577,151934.59999999,1,1763436393972
814,142.03,"and delivered",577,152015.30000001,1,1763436394052
814,142.03,"and delivered",577,152126,1,1763436394163
814,142.03,"and delivered",577,152202.40000001,1,1763436394239
814,142.03,"and delivered",577,152270.19999999,1,1763436394307
814,201.03,"e roles.",642,152374.69999999,1,1763436394412
814,343.03,"2006).",731,152499.5,1,1763436394536
894,417.03,"y for her",803,152564.69999999,1,1763436394602
-1,-1,,,152674.59999999,1,1763436394711
-1,-1,,,152762.40000001,1,1763436394799
-1,-1,,,152842.30000001,1,1763436394879
-1,-1,,,152939.90000001,1,1763436394977
-1,-1,,,153025.30000001,1,1763436395062
-1,-1,,,153101.5,1,1763436395138
-1,-1,,,153180.59999999,1,1763436395217
-1,-1,,,153268.40000001,1,1763436395305
-1,-1,,,153360.19999999,1,1763436395397
-1,-1,,,153441.5,1,1763436395478
-1,-1,,,153518.5,1,1763436395555
-1,-1,,,153602.59999999,1,1763436395639
-1,-1,,,153701.80000001,1,1763436395738
-1,-1,,,153792.40000001,1,1763436395829
-1,-1,,,153876.5,1,1763436395913
-1,-1,,,153949.59999999,1,1763436395986
-1,-1,,,154048.30000001,1,1763436396085
-1,-1,,,154135.80000001,1,1763436396172
-1,-1,,,154228.59999999,1,1763436396265
-1,-1,,,154318.19999999,1,1763436396355
-1,-1,,,154394.09999999,1,1763436396431
-1,-1,,,154479.69999999,1,1763436396516
-1,-1,,,154553.09999999,1,1763436396590
-1,-1,,,154627.30000001,1,1763436396664
-1,-1,,,154709.30000001,1,1763436396746
-1,-1,,,154794,1,1763436396831
-1,-1,,,154892.19999999,1,1763436396929
-1,-1,,,154961.19999999,1,1763436396998
-1,-1,,,155048,1,1763436397085
-1,-1,,,155124.40000001,1,1763436397161
-1,-1,,,155216.09999999,1,1763436397253
-1,-1,,,155305.80000001,1,1763436397342
-1,-1,,,155390.59999999,1,1763436397427
-1,-1,,,155469.09999999,1,1763436397506
-1,-1,,,155548.59999999,1,1763436397585
-1,-1,,,155639.5,1,1763436397676
-1,-1,,,155721.19999999,1,1763436397758
-1,-1,,,155796.69999999,1,1763436397833
-1,-1,,,155885.09999999,1,1763436397922
-1,-1,,,155976.09999999,1,1763436398013
-1,-1,,,156052.80000001,1,1763436398089
-1,-1,,,156140.80000001,1,1763436398177
-1,-1,,,156222.5,1,1763436398259
-1,-1,,,156313.09999999,1,1763436398350
-1,-1,,,156416.90000001,1,1763436398453
-1,-1,,,156508.90000001,1,1763436398546
-1,-1,,,156582.40000001,1,1763436398619
