-1,-1,4899.8999999999,1760783381085
-1,-1,5116.5,1760783381300
-1,-1,5286.8999999999,1760783381471
-1,-1,5454.8999999999,1760783381638
-1,-1,5609.8999999999,1760783381793
-1,-1,5772.8999999999,1760783381956
-1,-1,5922.8999999999,1760783382105
-1,-1,6070.1999999997,1760783382252
-1,-1,6233.6999999997,1760783382416
-1,-1,6371.3999999999,1760783382553
-1,-1,6536.5,1760783382718
-1,-1,6674.3999999999,1760783382856
-1,-1,6877.2999999998,1760783383059
-1,-1,7020.2999999998,1760783383202
-1,-1,7192.5,1760783383374
-1,-1,7334.2999999998,1760783383516
-1,-1,7496.3999999999,1760783383678
-1,-1,7638,1760783383820
-1,-1,7792,1760783383974
-1,-1,7929.6999999997,1760783384111
-1,-1,8071.2999999998,1760783384253
-1,-1,8231.7999999998,1760783384414
-1,-1,8373,1760783384555
-1,-1,8523.5,1760783384705
-1,-1,8725,1760783384907
-1,-1,8888,1760783385071
-1,-1,9030.3999999999,1760783385213
-1,-1,9194.5,1760783385377
-1,-1,9336.6999999997,1760783385519
-1,-1,9480.1999999997,1760783385662
-1,-1,9650.1999999997,1760783385832
-1,-1,9795,1760783385977
-1,-1,9959.6999999997,1760783386142
-1,-1,10105.4,1760783386287
-1,-1,10267.7,1760783386450
-1,-1,10413.5,1760783386595
-1,-1,10562.5,1760783386744
-1,-1,10724.7,1760783386907
-1,-1,10859.4,1760783387041
-1,-1,11024.3,1760783387206
-1,-1,11160,1760783387342
-1,-1,11309,1760783387491
-1,-1,11469.3,1760783387651
-1,-1,11612.5,1760783387794
-1,-1,11770.4,1760783387952
-1,-1,11913.7,1760783388096
-1,-1,12059.9,1760783388242
-1,-1,12224.8,1760783388407
-1,-1,12362.4,1760783388545
-1,-1,12529.1,1760783388712
-1,-1,12659.2,1760783388842
-1,-1,12808.3,1760783388991
-1,-1,12969.3,1760783389152
-1,-1,13108.4,1760783389291
-1,-1,13266.9,1760783389449
-1,-1,13406.3,1760783389588
-1,-1,13545.2,1760783389727
-1,-1,13700.6,1760783389883
-1,-1,13845.5,1760783390028
-1,-1,13990.8,1760783390173
-1,-1,14157.4,1760783390339
-1,-1,14296.7,1760783390479
-1,-1,14432.6,1760783390614
-1,-1,14569.2,1760783390751
-1,-1,14728.1,1760783390910
-1,-1,14866.4,1760783391048
-1,-1,15026.4,1760783391208
-1,-1,15159.1,1760783391341
-1,-1,15300.4,1760783391482
-1,-1,15459,1760783391641
-1,-1,15597.9,1760783391780
-1,-1,15754.8,1760783391937
-1,-1,15896.3,1760783392078
-1,-1,16035.2,1760783392217
-1,-1,16199.4,1760783392381
-1,-1,16337.5,1760783392519
-1,-1,16526.1,1760783392708
-1,-1,16674.8,1760783392857
-1,-1,16833.5,1760783393015
-1,-1,16970,1760783393152
-1,-1,17115.5,1760783393297
-1,-1,17274.2,1760783393456
-1,-1,17415.6,1760783393597
-1,-1,17567,1760783393749
-1,-1,17733.8,1760783393916
-1,-1,17876.6,1760783394058
-1,-1,18036.4,1760783394218
-1,-1,18177.5,1760783394359
-1,-1,18323.8,1760783394506
-1,-1,18489.3,1760783394671
-1,-1,18634.3,1760783394816
-1,-1,18779,1760783394961
-1,-1,18940.9,1760783395123
-1,-1,19077,1760783395259
-1,-1,19232.7,1760783395415
-1,-1,19370.6,1760783395552
-1,-1,19514.4,1760783395697
-1,-1,19682,1760783395864
-1,-1,19824.6,1760783396006
-1,-1,19994.7,1760783396176
-1,-1,20132.2,1760783396314
-1,-1,20295.4,1760783396478
-1,-1,20432.7,1760783396615
-1,-1,20577.3,1760783396759
-1,-1,20733.1,1760783396915
-1,-1,20872.5,1760783397054
-1,-1,21012.8,1760783397195
-1,-1,21165,1760783397347
-1,-1,21325.7,1760783397508
-1,-1,21466.2,1760783397648
-1,-1,21614.8,1760783397797
-1,-1,21754.5,1760783397936
-1,-1,21896.6,1760783398078
-1,-1,22049.7,1760783398232
-1,-1,22192.6,1760783398374
-1,-1,22338.4,1760783398520
-1,-1,22507.7,1760783398690
-1,-1,22646,1760783398828
-1,-1,22790.5,1760783398972
-1,-1,22946.1,1760783399128
-1,-1,23083.5,1760783399265
804,329,23240.4,1760783399422
648,217,23410.6,1760783399592
629,209,23567.1,1760783399749
653,257,23756.3,1760783399938
666,289,23941.1,1760783400123
666,293,24093.9,1760783400276
666,293,24254.5,1760783400437
666,293,24403.9,1760783400586
666,293,24571.8,1760783400754
666,293,24715.6,1760783400897
666,293,24863.9,1760783401047
666,293,25030.9,1760783401213
666,293,25167,1760783401350
666,293,25335,1760783401518
666,293,25488.8,1760783401671
666,293,25674.2,1760783401857
665,293,25855.7,1760783402038
665,293,26071.7,1760783402256
665,293,26249.7,1760783402432
665,293,26440.9,1760783402623
665,293,26629.7,1760783402811
665,294,26792.3,1760783402974
665,294,26972,1760783403154
665,294,27160.5,1760783403342
665,294,27324.9,1760783403507
665,294,27501.1,1760783403683
665,294,27664,1760783403846
665,294,27831.9,1760783404014
665,294,27982.8,1760783404165
665,294,28152.4,1760783404334
665,294,28303.4,1760783404485
665,294,28465.7,1760783404648
665,294,28613.4,1760783404795
665,294,28789.7,1760783404972
665,294,28937.8,1760783405120
665,294,29098.9,1760783405281
665,294,29261.7,1760783405444
665,295,29414.1,1760783405596
665,295,29575.2,1760783405757
665,295,29715,1760783405897
665,295,29873.7,1760783406056
665,295,30015.3,1760783406197
665,295,30155.3,1760783406337
665,295,30327.7,1760783406510
664,295,30487.2,1760783406669
664,295,30665.3,1760783406847
664,295,30829.5,1760783407011
664,295,31002.5,1760783407184
664,295,31184,1760783407366
664,295,31332.4,1760783407514
664,295,31506.7,1760783407689
664,295,31674.9,1760783407857
664,295,31840.1,1760783408022
664,295,31988.8,1760783408171
664,295,32162.5,1760783408344
664,295,32310.6,1760783408492
664,295,32484.6,1760783408666
664,295,32625.2,1760783408807
664,295,32801.4,1760783408983
664,295,32971,1760783409153
664,295,33110.6,1760783409292
664,295,33273,1760783409455
664,295,33415,1760783409597
664,295,33573,1760783409755
664,295,33727.4,1760783409909
664,295,33878.2,1760783410060
664,295,34047.6,1760783410229
664,295,34214.6,1760783410396
664,295,34350.8,1760783410533
664,295,34493.4,1760783410675
664,295,34660.6,1760783410843
664,295,34803.1,1760783410986
664,295,34940,1760783411122
664,295,35102.8,1760783411285
664,295,35239.6,1760783411421
664,295,35405.5,1760783411587
664,295,35548.6,1760783411730
664,295,35700.1,1760783411882
664,295,35871.8,1760783412054
664,295,36014.1,1760783412197
664,295,36181,1760783412363
664,295,36323.7,1760783412506
664,295,36490.7,1760783412673
664,295,36633.8,1760783412816
664,295,36798.7,1760783412982
664,295,36939.6,1760783413122
664,295,37118,1760783413300
664,295,37258.7,1760783413441
664,295,37436.2,1760783413619
664,295,37589.9,1760783413773
664,295,37759,1760783413942
664,295,37934.7,1760783414117
664,295,38073,1760783414255
664,295,38228.6,1760783414410
664,295,38397.3,1760783414579
664,295,38555.4,1760783414737
664,295,38708.2,1760783414890
664,295,38866.8,1760783415049
664,295,39020.1,1760783415202
664,295,39194.2,1760783415376
664,295,39335.4,1760783415517
664,295,39498.3,1760783415680
664,295,39665.8,1760783415848
664,295,39804.2,1760783415986
664,295,39965.7,1760783416148
664,295,40180,1760783416362
664,295,40336.5,1760783416518
664,295,40526.6,1760783416708
664,295,40697.2,1760783416879
664,295,40839.8,1760783417022
664,295,41018.5,1760783417200
664,295,41159.1,1760783417341
664,295,41310.5,1760783417492
664,295,41481.2,1760783417663
664,295,41629.5,1760783417811
664,295,41798.1,1760783417980
664,295,41934,1760783418116
664,295,42112.2,1760783418294
664,295,42254.4,1760783418436
664,295,42397.5,1760783418580
664,295,42590.9,1760783418773
664,295,42759.7,1760783418942
664,295,42899.3,1760783419081
664,295,43062.9,1760783419245
664,295,43201,1760783419383
664,295,43353.7,1760783419535
664,295,43533.2,1760783419715
664,295,43677.6,1760783419860
664,295,43874,1760783420057
664,295,44046.7,1760783420229
664,295,44199.7,1760783420382
664,295,44365.5,1760783420548
664,295,44513.8,1760783420696
664,295,44677.6,1760783420860
664,295,44827.6,1760783421010
664,295,45000.2,1760783421183
664,295,45143.1,1760783421326
664,295,45308.3,1760783421491
664,295,45449.4,1760783421632
664,295,45614.5,1760783421797
664,295,45753.2,1760783421936
664,295,45902.6,1760783422085
664,295,46065,1760783422248
664,295,46206.5,1760783422389
664,295,46360.1,1760783422543
664,295,46506.5,1760783422689
664,295,46644.4,1760783422827
664,295,46805.8,1760783422988
664,295,46969.7,1760783423152
664,295,47113.7,1760783423296
664,295,47282.8,1760783423465
664,295,47425.7,1760783423608
664,295,47587.6,1760783423770
664,295,47754.4,1760783423937
664,295,47895.9,1760783424079
664,295,48060,1760783424242
664,295,48201.2,1760783424383
664,295,48344.3,1760783424526
664,295,48507.4,1760783424689
664,295,48640.9,1760783424823
664,295,48778.4,1760783424961
664,295,48932.3,1760783425115
664,295,49100.5,1760783425283
664,295,49252.6,1760783425435
664,295,49449.9,1760783425633
664,295,49620.7,1760783425803
664,295,49755.3,1760783425938
664,295,49895.9,1760783426079
664,295,50058.7,1760783426241
664,295,50201.9,1760783426385
664,295,50362.9,1760783426546
664,295,50520.5,1760783426703
664,295,50661.2,1760783426844
664,295,50804,1760783426987
664,295,50967.9,1760783427151
664,295,51111.6,1760783427294
664,295,51265.2,1760783427448
664,295,51428.1,1760783427611
664,295,51593.7,1760783427776
664,295,51758.7,1760783427941
664,295,51904.8,1760783428087
664,295,52062.5,1760783428245
664,295,52204.6,1760783428387
664,295,52365,1760783428548
664,295,52508,1760783428691
664,295,52659.8,1760783428842
664,295,52823.3,1760783429006
664,295,52958.7,1760783429141
664,295,53101,1760783429284
664,295,53263.7,1760783429446
664,295,53408.5,1760783429591
664,295,53560.2,1760783429743
664,295,53722.6,1760783429905
664,295,53858.8,1760783430041
664,295,54017.6,1760783430200
664,295,54163.6,1760783430346
664,295,54311.2,1760783430494
664,295,54489.4,1760783430672
664,295,54634.7,1760783430817
664,295,54802.9,1760783430985
664,295,54953.7,1760783431136
664,295,55119.3,1760783431301
664,295,55261,1760783431443
664,295,55431,1760783431613
664,295,55576.3,1760783431758
664,295,55749.6,1760783431931
664,295,55883.3,1760783432065
664,295,56048.8,1760783432231
664,295,56188.5,1760783432370
664,295,56352.3,1760783432535
664,295,56501.2,1760783432684
664,295,56675.1,1760783432858
664,295,56814.1,1760783432997
664,295,56959.5,1760783433142
664,295,57119.9,1760783433303
664,295,57300.4,1760783433483
664,295,57489.9,1760783433673
664,295,57636,1760783433819
664,295,57810.8,1760783433993
664,295,57961,1760783434144
664,295,58120.6,1760783434303
664,295,58256.2,1760783434438
664,295,58453.9,1760783434636
664,295,58618.8,1760783434802
664,295,58755,1760783434938
664,295,58910,1760783435093
664,295,59051.6,1760783435234
664,295,59205.2,1760783435388
664,295,59378.3,1760783435561
664,295,59520.2,1760783435703
664,295,59696.3,1760783435879
664,295,59835.9,1760783436018
664,295,59982.8,1760783436165
664,295,60149.4,1760783436332
664,295,60289,1760783436472
664,295,60467.6,1760783436650
664,295,60621.6,1760783436804
664,295,60797.3,1760783436980
664,295,60955.9,1760783437138
664,295,61124.2,1760783437307
664,295,61279,1760783437462
664,295,61446.7,1760783437629
664,295,61595.7,1760783437778
664,295,61761.9,1760783437944
664,295,61898.1,1760783438081
664,295,62056,1760783438238
664,295,62198.9,1760783438381
664,295,62344.9,1760783438527
664,295,62509.7,1760783438692
664,295,62667.2,1760783438849
664,295,62803.8,1760783438986
664,295,62984,1760783439166
664,295,63125,1760783439307
664,295,63296,1760783439478
664,295,63441.6,1760783439623
664,295,63607.3,1760783439789
664,295,63746,1760783439928
664,295,63897.4,1760783440079
664,295,64059.9,1760783440242
664,295,64200.8,1760783440383
664,295,64356,1760783440538
664,295,64492,1760783440674
664,295,64628.9,1760783440812
664,295,64801.2,1760783440984
664,295,64936.2,1760783441119
664,295,65078.1,1760783441261
664,295,65247.5,1760783441430
664,295,65386.7,1760783441569
664,295,65567.7,1760783441750
664,295,65708.5,1760783441891
664,295,65851.6,1760783442034
664,295,65994.8,1760783442177
664,295,66145.1,1760783442327
664,295,66281.8,1760783442464
664,295,66429.1,1760783442611
664,295,66586.3,1760783442768
664,295,66718.7,1760783442901
664,295,66889.8,1760783443072
664,295,67043.3,1760783443225
664,295,67215.3,1760783443397
664,295,67355.1,1760783443538
664,295,67532.1,1760783443714
664,295,67672.4,1760783443855
664,295,67853,1760783444035
664,295,67991.5,1760783444174
664,295,68166,1760783444349
664,295,68307,1760783444489
664,295,68510.9,1760783444694
664,295,68678.4,1760783444860
664,295,68831.6,1760783445013
664,295,68975.4,1760783445157
664,295,69130.2,1760783445312
664,295,69336.9,1760783445519
664,295,69508.6,1760783445690
664,295,69651.3,1760783445833
664,295,69826.1,1760783446008
664,295,69962.5,1760783446144
664,295,70108.1,1760783446290
664,295,70275.9,1760783446458
664,295,70417.8,1760783446600
664,295,70562.2,1760783446744
664,295,70715.9,1760783446898
664,295,70880.7,1760783447062
664,295,71023.1,1760783447205
664,295,71185.3,1760783447367
664,295,71322.8,1760783447505
664,295,71487.9,1760783447670
664,295,71626.8,1760783447809
664,295,71771.9,1760783447954
664,295,71925.3,1760783448107
664,295,72091.4,1760783448274
664,295,72247.1,1760783448430
664,295,72409.2,1760783448592
664,295,72560.2,1760783448743
664,295,72696.3,1760783448879
664,295,72850.1,1760783449033
664,295,72991.1,1760783449173
664,295,73158.1,1760783449341
664,295,73300.9,1760783449483
664,295,73465.6,1760783449648
664,295,73608.7,1760783449791
664,295,73753.3,1760783449936
664,295,73915.6,1760783450098
664,295,74051.7,1760783450234
664,295,74189.5,1760783450372
664,295,74347.6,1760783450530
664,295,74485.1,1760783450668
664,295,74648.3,1760783450831
664,295,74801.2,1760783450984
664,295,74950,1760783451132
664,295,75086.1,1760783451268
664,295,75321.2,1760783451503
664,295,75492.2,1760783451674
664,295,75631.5,1760783451813
664,295,75798.1,1760783451980
664,295,75933,1760783452116
664,295,76098.1,1760783452281
664,295,76232.2,1760783452415
664,295,76397.3,1760783452580
664,295,76530.3,1760783452713
664,295,76666.2,1760783452849
664,295,76809.3,1760783452992
664,295,76972.2,1760783453155
664,295,77110.4,1760783453293
664,295,77256.2,1760783453438
664,295,77424.7,1760783453607
664,295,77565.3,1760783453748
664,295,77713.9,1760783453897
664,295,77879.2,1760783454062
664,295,78014.3,1760783454197
664,295,78175.7,1760783454358
664,295,78315.4,1760783454498
664,295,78466.9,1760783454650
664,295,78635.9,1760783454819
664,295,78773.6,1760783454956
664,295,78942.1,1760783455125
664,295,79082.3,1760783455265
664,295,79242.4,1760783455425
664,295,79381.6,1760783455564
664,295,79523.4,1760783455705
664,295,79686.8,1760783455869
664,295,79828.8,1760783456011
664,295,79970.3,1760783456152
664,295,80133.3,1760783456315
664,295,80271.8,1760783456454
664,295,80437.3,1760783456621
664,295,80576.1,1760783456759
664,295,80716.7,1760783456899
664,295,80888.5,1760783457071
664,295,81028,1760783457211
664,295,81256.7,1760783457439
664,295,81404.3,1760783457587
1034,143,81576.2,1760783457758
1365,98,81726.6,1760783457908
1364,103,81909.7,1760783458091
1364,103,82063.6,1760783458245
1365,97,82245.4,1760783458427
1365,97,82411.2,1760783458593
1365,97,82615.2,1760783458797
1365,101,82809.5,1760783458991
1365,131,83003.2,1760783459185
1365,163,83206.6,1760783459388
1365,163,83380.5,1760783459562
1365,163,83555.2,1760783459737
1365,181,83717.1,1760783459899
1365,240,83908.3,1760783460090
1365,270,84103.5,1760783460285
1365,270,84283.3,1760783460465
1365,270,84430.3,1760783460612
1365,270,84579.6,1760783460762
1365,270,84789.9,1760783460972
1365,270,84962.7,1760783461144
1365,270,85107.6,1760783461290
1365,270,85274.7,1760783461457
1365,270,85421.6,1760783461604
1365,270,85615.8,1760783461799
1365,270,85771.9,1760783461955
1365,270,85913.9,1760783462097
1365,270,86055.3,1760783462238
1365,270,86226.2,1760783462408
1365,270,86375.7,1760783462558
1365,270,86539.8,1760783462722
1365,270,86683.4,1760783462866
1365,270,86856.6,1760783463039
1365,270,86999.9,1760783463183
1365,270,87170.3,1760783463353
1365,270,87318.7,1760783463501
1365,270,87499.8,1760783463682
1365,270,87669.8,1760783463852
1365,270,87820.1,1760783464003
1365,270,87985.1,1760783464168
1365,270,88123.9,1760783464307
1365,270,88261.6,1760783464444
1365,270,88418.1,1760783464601
1365,270,88579.5,1760783464762
1365,270,88730.8,1760783464913
1365,270,88901.5,1760783465084
1365,270,89035.7,1760783465218
1365,270,89174.1,1760783465356
1365,270,89344.9,1760783465527
1365,270,89497.6,1760783465680
1365,270,89648,1760783465830
1365,270,89816,1760783465999
1365,270,89958.4,1760783466141
1365,270,90124,1760783466307
1365,270,90304,1760783466486
1365,270,90463.2,1760783466645
1365,270,90614.5,1760783466797
1365,270,90783.7,1760783466966
1365,270,90974.7,1760783467157
1365,270,91151.4,1760783467334
1365,270,91301.7,1760783467484
1365,270,91460.5,1760783467643
1365,270,91617,1760783467800
1365,270,91784,1760783467967
1365,270,91929.1,1760783468112
1365,270,92094.3,1760783468277
1365,270,92244,1760783468427
1365,270,92411,1760783468594
1365,270,92548.1,1760783468731
1365,270,92715.4,1760783468898
1365,270,92848.7,1760783469031
1365,270,92987.1,1760783469170
1365,270,93167.4,1760783469350
1365,270,93330.7,1760783469512
1365,270,93495.3,1760783469677
1365,270,93637.7,1760783469819
1365,270,93819.5,1760783470001
1365,270,93972,1760783470154
1365,270,94150.5,1760783470332
1365,270,94331,1760783470513
1365,270,94470.8,1760783470653
1365,270,94639.6,1760783470821
1365,270,94811.5,1760783470994
1365,270,94953.6,1760783471136
1365,270,95127.3,1760783471310
1365,270,95265.1,1760783471448
1365,270,95426.4,1760783471609
1331,444,95589.7,1760783471772
1306,413,95783.5,1760783471965
1249,294,95962.7,1760783472145
1240,257,96127.2,1760783472310
1240,257,96310.6,1760783472493
1240,257,96530.2,1760783472713
1240,258,96718.1,1760783472901
1240,258,96890.1,1760783473073
1240,258,97039.4,1760783473222
1240,258,97227.4,1760783473410
1240,258,97396.8,1760783473579
1240,258,97574.3,1760783473757
1240,258,97739.5,1760783473922
1240,258,97932.7,1760783474115
1240,258,98102.9,1760783474286
1240,258,98316.3,1760783474499
1240,258,98531.6,1760783474714
1240,258,98725.8,1760783474908
1240,258,98869.4,1760783475052
1240,258,99027.6,1760783475210
1240,258,99175.5,1760783475358
1240,258,99335.2,1760783475518
1240,258,99502.8,1760783475685
1240,258,99657.6,1760783475840
1240,258,99791.7,1760783475974
1240,258,99944.5,1760783476127
1240,258,100142.6,1760783476325
1240,258,100287.3,1760783476469
1240,258,100445.7,1760783476628
1240,258,100587,1760783476769
1240,258,100743.6,1760783476925
1240,258,100882.8,1760783477065
1240,258,101052.3,1760783477235
1240,258,101197.7,1760783477380
1240,258,101340.4,1760783477523
1240,258,101504.4,1760783477687
1240,258,101646.6,1760783477829
1240,258,101788,1760783477970
1240,258,101941.6,1760783478123
1240,258,102079.6,1760783478261
1240,258,102219.5,1760783478401
1240,258,102383.1,1760783478565
1240,258,102522.4,1760783478705
1240,258,102660,1760783478843
1240,258,102802,1760783478985
1240,258,102969.9,1760783479152
1240,258,103105.6,1760783479288
1240,258,103265.6,1760783479448
1240,258,103412.7,1760783479595
1240,258,103574.4,1760783479757
1240,258,103714.3,1760783479897
1240,258,103854.5,1760783480037
1240,258,103993.6,1760783480176
1240,258,104153.3,1760783480336
1240,258,104287.1,1760783480470
1240,258,104425.4,1760783480608
1240,258,104586.2,1760783480769
1240,258,104728.6,1760783480911
1240,258,104865.7,1760783481048
1240,258,105015,1760783481197
1240,258,105211.7,1760783481394
1240,258,105391.7,1760783481574
1240,258,105530.2,1760783481712
1240,258,105668.9,1760783481851
1240,258,105833,1760783482015
1240,258,105980.4,1760783482163
1240,258,106152.8,1760783482335
1240,258,106291.5,1760783482474
1240,258,106430,1760783482613
1240,258,106606.3,1760783482789
1240,258,106751.2,1760783482934
1240,258,106906.2,1760783483089
1240,258,107073.7,1760783483256
1240,258,107242.3,1760783483425
1240,258,107379.4,1760783483562
1240,258,107533.7,1760783483716
1240,258,107703.7,1760783483886
1240,258,107848.7,1760783484031
1240,258,108043.2,1760783484226
1240,258,108222,1760783484405
1240,258,108355.3,1760783484538
1240,258,108510.6,1760783484693
1240,258,108672.4,1760783484855
1240,258,108810.5,1760783484993
1240,258,108977.9,1760783485160
1240,258,109118.9,1760783485301
1240,258,109282.5,1760783485465
1240,258,109423.5,1760783485606
1240,258,109567.1,1760783485750
1240,258,109734.3,1760783485917
1240,258,109875.3,1760783486058
1240,258,110031.9,1760783486214
1240,258,110168.7,1760783486351
1240,258,110310,1760783486493
1240,258,110468.8,1760783486651
1240,258,110611.5,1760783486794
1240,258,110767.5,1760783486950
1240,258,110909.1,1760783487092
1240,258,111070,1760783487253
1240,258,111217.9,1760783487400
1240,258,111375.9,1760783487558
1240,258,111540.4,1760783487723
1240,258,111673.4,1760783487856
1240,258,111837,1760783488019
1240,258,111976.6,1760783488158
1240,258,112130.1,1760783488312
1240,258,112300.6,1760783488482
1240,258,112441.2,1760783488623
1240,258,112612.3,1760783488794
1240,258,112754.1,1760783488937
1240,258,112917,1760783489099
1240,258,113055.4,1760783489238
1240,258,113218.5,1760783489401
1240,258,113360.4,1760783489543
1240,258,113504.7,1760783489687
1240,258,113673.7,1760783489856
1240,258,113813.1,1760783489996
1240,258,113976.5,1760783490159
1240,258,114120.2,1760783490303
1240,258,114265.8,1760783490448
1240,258,114427.3,1760783490610
1240,258,114597.6,1760783490780
1240,258,114766.7,1760783490949
1240,258,114908.1,1760783491091
1240,258,115070.8,1760783491253
1240,258,115205.8,1760783491389
1240,258,115351.8,1760783491534
1240,258,115494.1,1760783491677
1240,258,115663.5,1760783491845
1240,258,115803.5,1760783491986
1240,258,115957.6,1760783492139
1240,258,116152,1760783492334
1240,258,116349.5,1760783492531
1240,258,116491.7,1760783492673
1240,258,116660.4,1760783492842
1240,258,116798.2,1760783492980
1240,258,116971.1,1760783493153
1240,258,117108.8,1760783493291
1240,258,117275.7,1760783493458
1240,258,117411,1760783493593
1240,258,117572.6,1760783493755
1240,258,117729.3,1760783493912
1240,258,117883.4,1760783494066
1240,258,118088.4,1760783494271
1240,258,118298.3,1760783494481
1240,258,118484.8,1760783494667
1240,258,118628.4,1760783494811
1240,258,118797.4,1760783494980
1240,258,118981.7,1760783495164
1240,258,119125.8,1760783495308
1240,258,119276.3,1760783495459
1240,258,119444.6,1760783495627
1240,258,119583.8,1760783495766
1240,258,119735.4,1760783495918
1240,258,119904.4,1760783496087
1240,258,120055.3,1760783496238
1240,258,120216.1,1760783496399
1240,258,120356.8,1760783496539
1240,258,120525.7,1760783496708
1240,258,120667.1,1760783496850
1240,258,120811.4,1760783496994
1240,258,120979.6,1760783497162
1240,258,121118,1760783497301
1240,258,121268.8,1760783497451
1240,258,121406.2,1760783497589
1240,258,121556.9,1760783497739
1240,258,121695.6,1760783497878
1240,258,121861.6,1760783498044
1240,258,121999.1,1760783498182
1240,258,122132.4,1760783498315
1240,258,122270.1,1760783498453
1240,258,122434.3,1760783498617
1240,258,122573.7,1760783498756
1240,258,122721.7,1760783498904
1240,258,122878,1760783499060
1240,258,123017.4,1760783499200
1240,258,123179.2,1760783499362
1240,258,123346.2,1760783499529
1240,258,123481.9,1760783499665
1240,258,123639.6,1760783499822
1240,258,123780.6,1760783499963
1240,258,123943.4,1760783500126
1240,258,124076.7,1760783500259
1240,258,124228.1,1760783500411
1240,258,124419.5,1760783500601
1240,258,124572,1760783500754
1240,258,124743,1760783500925
1240,258,124879,1760783501061
1240,258,125044.4,1760783501226
1240,258,125180.4,1760783501362
1240,258,125325.3,1760783501507
1240,258,125482.8,1760783501665
1240,258,125625.1,1760783501807
1240,258,125782,1760783501964
1240,258,125914.6,1760783502096
1240,258,126047.9,1760783502231
1240,258,126207.5,1760783502390
1240,258,126344.9,1760783502527
1240,258,126482.8,1760783502665
1240,258,126653.7,1760783502836
1240,258,126789.6,1760783502972
1240,258,126946.2,1760783503129
1240,258,127079.9,1760783503263
1240,258,127228.5,1760783503411
1240,258,127393.9,1760783503576
1240,258,127535.1,1760783503718
1240,258,127711.2,1760783503894
1240,258,127849.6,1760783504032
1240,258,127989.8,1760783504172
1240,258,128154.5,1760783504337
1240,258,128315.7,1760783504498
1240,258,128491.4,1760783504674
1240,258,128630.9,1760783504813
1240,258,128796.1,1760783504979
1240,258,128963.1,1760783505146
1240,258,129172.2,1760783505355
1240,258,129343.5,1760783505526
1240,258,129481.9,1760783505664
1240,258,129640.2,1760783505822
1240,258,129770.1,1760783505953
1240,258,129922,1760783506104
1240,258,130078.6,1760783506261
1240,258,130219.8,1760783506402
1240,258,130376.9,1760783506559
1240,258,130520.1,1760783506703
1240,258,130666.4,1760783506849
1240,258,130832.5,1760783507015
1240,258,130967.2,1760783507150
1240,258,131130.4,1760783507313
1240,258,131262.4,1760783507444
1240,258,131396.7,1760783507579
1240,258,131556.8,1760783507739
1240,258,131688,1760783507870
1240,258,131824.4,1760783508006
1240,258,131969,1760783508151
1240,258,132110.2,1760783508293
1240,258,132304.3,1760783508487
1240,258,132474.2,1760783508657
1240,258,132612.2,1760783508794
1240,258,132743.3,1760783508926
1240,258,132917.3,1760783509100
1240,258,133068.4,1760783509251
1240,258,133281,1760783509463
1240,258,133454.6,1760783509637
1240,258,133587,1760783509769
1240,258,133757.3,1760783509940
1240,258,133908.2,1760783510091
1240,258,134069,1760783510252
1240,258,134208.5,1760783510391
1240,258,134363.1,1760783510546
1240,258,134499.8,1760783510682
1240,258,134638.1,1760783510821
1240,258,134802.2,1760783510985
1240,258,134938.1,1760783511121
1240,258,135084.6,1760783511267
1240,258,135247.4,1760783511430
1240,258,135382.1,1760783511565
1240,258,135519.4,1760783511702
1240,258,135679.2,1760783511861
1240,258,135816,1760783511998
1240,258,135972,1760783512154
1240,258,136107.4,1760783512289
1240,258,136246.7,1760783512428
1240,258,136389.8,1760783512572
1240,258,136550.7,1760783512732
1240,258,136681,1760783512863
1240,258,136837,1760783513019
1240,258,137011.7,1760783513194
1240,258,137148.3,1760783513331
1240,258,137309.6,1760783513492
1240,258,137447.1,1760783513629
1240,258,137596.6,1760783513779
1240,258,137766.8,1760783513950
1240,258,137909.5,1760783514092
1240,258,138063.3,1760783514246
1240,258,138198.3,1760783514381
1240,258,138341.7,1760783514524
1240,258,138505.9,1760783514689
1240,258,138640.2,1760783514823
1240,258,138808.8,1760783514991
1240,258,138945.5,1760783515128
1240,258,139079.7,1760783515262
1240,258,139229.6,1760783515412
1240,258,139390,1760783515573
1240,258,139585,1760783515768
1240,258,139755.1,1760783515938
1240,258,139922.5,1760783516104
1240,258,140056.8,1760783516239
1240,258,140191.2,1760783516373
1240,258,140343.4,1760783516526
1240,258,140483.3,1760783516665
1240,258,140628.5,1760783516811
1240,258,140780.7,1760783516963
1240,258,140916.6,1760783517098
1240,258,141062,1760783517244
1240,258,141208.2,1760783517390
1240,258,141373.4,1760783517555
1240,258,141512,1760783517694
1240,258,141664.7,1760783517847
1240,258,141808.7,1760783517991
1240,258,141968.4,1760783518150
1240,258,142188.7,1760783518371
1240,258,142354.9,1760783518537
1240,258,142486.2,1760783518668
1240,258,142628.5,1760783518810
1240,258,142835,1760783519017
1240,258,142999.1,1760783519181
1240,258,143132.5,1760783519314
1240,258,143266.9,1760783519449
1240,258,143431.3,1760783519613
1240,258,143569.5,1760783519751
1240,258,143721.3,1760783519904
1240,258,143887.1,1760783520070
1240,258,144030.2,1760783520213
1240,258,144185.7,1760783520368
1240,258,144320.9,1760783520503
1240,258,144488.8,1760783520671
1240,258,144632.3,1760783520815
1240,258,144782.2,1760783520965
1240,258,144942.7,1760783521125
1240,258,145089,1760783521271
1240,258,145233.9,1760783521416
1240,258,145390.8,1760783521573
1240,258,145524.1,1760783521706
1240,258,145683.6,1760783521865
1240,258,145824.1,1760783522006
1240,258,145968.2,1760783522150
1247,259,146139.3,1760783522321
1278,297,146295.9,1760783522478
1287,353,146472.7,1760783522654
1185,382,146633.1,1760783522815
1174,380,146816.2,1760783522998
1174,380,146956.9,1760783523139
1010,371,147115,1760783523297
927,372,147299.9,1760783523482
895,385,147457.1,1760783523639
878,391,147644.4,1760783523826
878,391,147814,1760783523996
878,391,147983.6,1760783524165
860,394,148177.6,1760783524359
853,410,148363.6,1760783524545
852,417,148520.3,1760783524702
852,417,148721.9,1760783524904
852,417,148913.8,1760783525096
852,417,149055.8,1760783525238
852,417,149257.9,1760783525440
852,417,149430.2,1760783525612
852,417,149568.2,1760783525750
852,417,149708.6,1760783525890
852,417,149868.4,1760783526050
852,417,150006.5,1760783526188
852,417,150147.3,1760783526329
852,417,150309.5,1760783526491
852,417,150442.3,1760783526624
852,417,150580.2,1760783526762
852,417,150739.9,1760783526922
852,417,150869,1760783527051
882,423,151014.5,1760783527196
1082,410,151201.2,1760783527383
1103,411,151394.9,1760783527577
1103,411,151538.7,1760783527721
1365,399,151715.8,1760783527898
1365,402,151873,1760783528056
1365,402,152046.9,1760783528229
1365,402,152191.6,1760783528374
1365,400,152371.6,1760783528554
1365,399,152526.9,1760783528709
1365,399,152701,1760783528883
1365,399,152846.3,1760783529028
1365,399,152990.7,1760783529172
1365,399,153160.2,1760783529342
1365,399,153306,1760783529488
1365,399,153471.1,1760783529653
1239,469,153637.5,1760783529819
1197,455,153855.2,1760783530037
1145,419,154053.4,1760783530235
1124,400,154243.8,1760783530426
1124,400,154412.8,1760783530595
1124,400,154563.7,1760783530746
1124,400,154766.3,1760783530948
1124,400,154924.2,1760783531106
1124,400,155059.6,1760783531241
1124,400,155200.3,1760783531382
1124,400,155361.2,1760783531543
1124,400,155501.5,1760783531683
1124,400,155640.5,1760783531822
1124,400,155789,1760783531971
1124,400,155974.1,1760783532156
1124,400,156136.8,1760783532319
1124,400,156270.6,1760783532452
1124,400,156412.4,1760783532594
1124,400,156577.1,1760783532759
1124,400,156712.4,1760783532894
1124,400,156875,1760783533057
1124,400,157006.9,1760783533189
1124,400,157137,1760783533319
1124,400,157293.9,1760783533476
1124,400,157429.7,1760783533611
1124,400,157568.5,1760783533751
1124,400,157716.7,1760783533899
1124,400,157861.3,1760783534044
1124,400,158019.1,1760783534202
1124,400,158148.9,1760783534331
1124,400,158289.5,1760783534472
1124,400,158432.8,1760783534615
1124,400,158594.6,1760783534777
1124,400,158735.6,1760783534918
1124,400,158882.7,1760783535065
1124,400,159055.1,1760783535238
1124,400,159189.2,1760783535372
1124,400,159356.8,1760783535539
1124,400,159490.8,1760783535673
1124,400,159690.3,1760783535873
1124,400,159919.1,1760783536102
1124,400,160090.6,1760783536273
1124,400,160243.8,1760783536426
1363,370,160414.6,1760783536597
1365,410,160594.6,1760783536777
1364,422,160751.2,1760783536933
1364,422,160940.2,1760783537122
1364,422,161092.2,1760783537274
1365,421,161273.6,1760783537455
1365,422,161460.3,1760783537642
1365,422,161644.8,1760783537827
1365,422,161796.9,1760783537979
1365,422,161945,1760783538127
1365,422,162095,1760783538277
1365,422,162240.3,1760783538423
1365,422,162409,1760783538591
1365,422,162561,1760783538743
1365,422,162724,1760783538906
1365,422,162875.1,1760783539058
1365,422,163018.3,1760783539201
1365,422,163220.5,1760783539402
1365,422,163389.2,1760783539571
1365,422,163546.5,1760783539728
1365,422,163713.7,1760783539896
1365,422,163869.9,1760783540052
1365,422,164072.8,1760783540255
1177,196,164301,1760783540483
1106,215,164500.2,1760783540682
990,244,164693.6,1760783540875
945,269,164863,1760783541045
943,270,165051.4,1760783541233
943,270,165252.6,1760783541434
943,270,165421.7,1760783541604
943,270,165588,1760783541770
943,270,165757,1760783541939
943,270,165893,1760783542075
943,270,166043.5,1760783542225
943,270,166173.9,1760783542357
943,270,166312.2,1760783542495
943,270,166472.8,1760783542655
943,270,166607.9,1760783542791
943,270,166743.1,1760783542925
943,270,166881.8,1760783543064
943,270,167045.8,1760783543228
943,270,167182.8,1760783543365
943,270,167325.7,1760783543507
943,270,167487.4,1760783543669
943,270,167625.2,1760783543807
943,270,167770.6,1760783543952
943,270,167930.7,1760783544113
943,270,168064.8,1760783544247
943,270,168225.5,1760783544408
943,270,168362.5,1760783544545
943,270,168504.2,1760783544687
943,270,168661.9,1760783544844
943,270,168800.1,1760783544982
943,270,168961,1760783545143
943,270,169101.8,1760783545284
943,270,169254.5,1760783545436
943,270,169390.8,1760783545573
943,270,169535.1,1760783545717
943,270,169677.7,1760783545860
943,270,169826.7,1760783546009
943,270,170034.4,1760783546216
943,270,170202,1760783546384
943,270,170354.9,1760783546537
943,270,170521.8,1760783546704
943,270,170665,1760783546847
943,270,170827.3,1760783547009
943,270,170961.2,1760783547143
943,270,171096.4,1760783547278
943,270,171238.8,1760783547421
943,270,171398.1,1760783547580
943,270,171533.5,1760783547715
943,270,171673.1,1760783547855
943,270,171835.9,1760783548018
943,270,171967.8,1760783548150
943,270,172104.4,1760783548286
943,270,172264,1760783548446
943,270,172400.5,1760783548583
943,270,172569.8,1760783548752
943,270,172707.3,1760783548889
943,270,172864,1760783549046
943,270,172996.8,1760783549179
943,270,173135.4,1760783549317
943,270,173278.6,1760783549460
943,270,173438.7,1760783549620
943,270,173566.3,1760783549748
943,270,173702.8,1760783549885
943,270,173877,1760783550059
943,270,174013.9,1760783550196
943,270,174180.5,1760783550362
943,270,174316.1,1760783550498
943,270,174464.2,1760783550646
943,270,174626.6,1760783550808
943,270,174760.6,1760783550942
943,270,174904,1760783551086
943,270,175062.5,1760783551244
943,270,175194,1760783551376
943,270,175342.2,1760783551524
943,270,175487.5,1760783551669
943,270,175651.2,1760783551833
943,270,175786.8,1760783551969
943,270,175927,1760783552109
943,270,176091.6,1760783552273
943,270,176230.4,1760783552412
943,270,176388.9,1760783552571
943,270,176550.3,1760783552733
943,270,176713.4,1760783552895
943,270,176843.8,1760783553026
943,270,176985,1760783553167
943,270,177135.2,1760783553317
943,270,177295.2,1760783553477
943,270,177431.4,1760783553613
943,270,177573.9,1760783553756
943,270,177735.3,1760783553917
943,270,177866.6,1760783554048
943,270,178002.2,1760783554184
943,270,178160.6,1760783554343
943,270,178294.9,1760783554478
943,270,178455.2,1760783554638
943,270,178587.3,1760783554770
943,270,178727.9,1760783554911
943,270,178881.2,1760783555064
943,270,179015.7,1760783555199
943,270,179177.6,1760783555360
943,270,179316.5,1760783555499
943,270,179467.7,1760783555650
943,270,179625.5,1760783555808
943,270,179759.2,1760783555942
943,270,179921.6,1760783556104
943,270,180059.4,1760783556242
943,270,180257.9,1760783556440
943,270,180424.1,1760783556607
943,270,180560,1760783556742
943,270,180723.8,1760783556906
943,270,180860,1760783557042
943,270,181000.6,1760783557182
943,270,181157.1,1760783557339
943,270,181292,1760783557474
943,270,181438.9,1760783557621
943,270,181598.3,1760783557780
943,270,181735.7,1760783557918
943,270,181899.9,1760783558082
943,270,182039.1,1760783558221
943,270,182203.6,1760783558385
943,270,182344.5,1760783558526
943,270,182499.9,1760783558682
943,270,182638.5,1760783558821
943,270,182776.6,1760783558959
943,270,182938,1760783559121
943,270,183072.9,1760783559256
943,270,183211.6,1760783559394
943,270,183376.5,1760783559559
943,270,183515,1760783559698
943,270,183667.1,1760783559850
943,270,183829.2,1760783560012
943,270,183961.1,1760783560144
943,270,184107.5,1760783560290
943,270,184280.6,1760783560463
943,270,184414.7,1760783560597
943,270,184574.3,1760783560757
943,270,184711.9,1760783560895
943,270,184858.5,1760783561041
943,270,185020.8,1760783561203
943,270,185157.1,1760783561340
943,270,185311.6,1760783561494
943,270,185445.2,1760783561628
943,270,185584.8,1760783561767
943,270,185726.9,1760783561909
943,270,185889.4,1760783562071
943,270,186026.4,1760783562209
943,270,186173.2,1760783562356
943,270,186329.6,1760783562512
943,270,186463.2,1760783562646
943,270,186626.5,1760783562809
943,270,186759.9,1760783562942
943,270,186895.4,1760783563078
943,270,187048,1760783563231
943,270,187209.7,1760783563392
943,270,187343.3,1760783563526
943,270,187495.2,1760783563678
943,270,187633.9,1760783563817
943,270,187777.7,1760783563960
943,270,187909.9,1760783564092
943,270,188059,1760783564241
943,270,188193.9,1760783564376
943,270,188353,1760783564535
943,270,188488.2,1760783564670
943,270,188628.6,1760783564810
943,270,188784.6,1760783564966
943,270,188920.8,1760783565103
943,270,189071.3,1760783565253
943,270,189259.7,1760783565442
943,270,189389.1,1760783565571
943,270,189584.5,1760783565766
943,270,189725.7,1760783565908
943,270,189888.6,1760783566071
943,270,190027.6,1760783566210
943,270,190190.5,1760783566373
943,270,190328.1,1760783566511
943,270,190491,1760783566674
943,270,190629,1760783566811
943,270,190777.4,1760783566959
943,270,190934.4,1760783567116
943,270,191067.5,1760783567249
943,270,191229.5,1760783567411
943,270,191372.2,1760783567554
943,270,191510.6,1760783567692
943,270,191675.6,1760783567858
943,270,191814.2,1760783567997
943,270,191947.3,1760783568130
943,270,192104.2,1760783568286
943,270,192236.9,1760783568419
943,270,192369.2,1760783568551
943,270,192545.3,1760783568727
943,270,192683.8,1760783568866
943,270,192849.3,1760783569032
943,270,192989.1,1760783569172
943,270,193144.2,1760783569327
943,270,193321.2,1760783569504
943,270,193512.2,1760783569694
943,270,193648.1,1760783569830
943,270,193789.2,1760783569971
943,270,193964.9,1760783570147
943,270,194098.6,1760783570280
943,270,194253.6,1760783570435
943,270,194421.7,1760783570604
943,270,194569,1760783570751
943,270,194743.7,1760783570926
943,270,194899.7,1760783571082
943,270,195093,1760783571275
943,270,195243.3,1760783571425
943,270,195408.2,1760783571590
943,270,195559.2,1760783571741
943,270,195696.8,1760783571879
943,270,195856.7,1760783572039
943,270,195996.5,1760783572178
943,270,196144,1760783572326
943,270,196307.6,1760783572489
943,270,196441.9,1760783572624
943,270,196579.8,1760783572762
943,270,196751.5,1760783572933
943,270,196888.1,1760783573070
943,270,197036.6,1760783573219
943,270,197203.3,1760783573386
943,270,197346.4,1760783573529
943,270,197484.8,1760783573667
943,270,197650.8,1760783573833
943,270,197786.9,1760783573970
943,270,197942.4,1760783574125
943,270,198084.5,1760783574267
943,270,198226.2,1760783574409
943,270,198388.2,1760783574570
943,270,198533.5,1760783574715
943,270,198709.6,1760783574891
943,270,198861.3,1760783575043
943,270,199015.4,1760783575197
943,270,199185.3,1760783575367
943,270,199332.2,1760783575514
943,270,199494.3,1760783575676
943,270,199629.5,1760783575811
943,270,199789,1760783575972
943,270,199939.5,1760783576122
943,270,200110.6,1760783576293
943,270,200284.6,1760783576467
943,270,200434.1,1760783576617
943,270,200655.2,1760783576838
943,270,200830.8,1760783577013
943,270,201020.7,1760783577203
943,270,201166.3,1760783577349
943,270,201307.5,1760783577489
943,270,201474.8,1760783577657
943,270,201610.7,1760783577793
943,270,201768.6,1760783577950
943,270,201902.9,1760783578085
943,270,202041.2,1760783578223
943,270,202202.5,1760783578384
943,270,202339.9,1760783578522
943,270,202473.6,1760783578655
943,270,202661.9,1760783578844
943,270,202812.8,1760783578996
943,270,202997.9,1760783579180
943,270,203180.9,1760783579363
943,270,203328.7,1760783579511
943,270,203491.9,1760783579675
943,270,203637.8,1760783579820
943,270,203784.1,1760783579967
943,270,203952.9,1760783580135
943,270,204090.6,1760783580273
943,270,204259.4,1760783580442
943,270,204400.9,1760783580584
943,270,204569.9,1760783580753
943,270,204711.8,1760783580895
943,270,204864.1,1760783581047
943,270,204995.6,1760783581178
943,270,205136.7,1760783581319
943,270,205292,1760783581475
943,270,205464.3,1760783581647
943,270,205600.2,1760783581783
943,270,205772,1760783581954
943,270,205922.4,1760783582104
943,270,206087.7,1760783582269
943,270,206232.2,1760783582414
943,270,206405.7,1760783582587
943,270,206550.5,1760783582732
943,270,206725.6,1760783582907
943,270,206874.8,1760783583057
943,270,207048.1,1760783583230
943,270,207187.3,1760783583369
943,270,207349.3,1760783583532
943,270,207493.4,1760783583676
943,270,207669.9,1760783583853
943,270,207812.3,1760783583994
943,270,207952.3,1760783584135
943,270,208123,1760783584305
943,270,208265.7,1760783584448
943,270,208431.8,1760783584614
943,270,208577.5,1760783584759
943,270,208724.7,1760783584907
943,270,208897.1,1760783585079
943,270,209044.9,1760783585227
943,270,209219.3,1760783585401
943,270,209351,1760783585534
943,270,209515.1,1760783585697
943,270,209649.2,1760783585832
943,270,209869.2,1760783586052
943,270,210039.5,1760783586221
943,270,210174.6,1760783586356
943,270,210313.3,1760783586495
943,270,210471.1,1760783586653
943,270,210609.4,1760783586791
943,270,210745.2,1760783586927
943,270,210906.3,1760783587088
943,270,211044.3,1760783587226
943,270,211187.8,1760783587370
943,270,211355.7,1760783587538
943,270,211492.3,1760783587674
943,270,211632.4,1760783587814
943,270,211818.8,1760783588001
943,270,211975.2,1760783588157
943,270,212137.3,1760783588319
943,270,212272.8,1760783588455
943,270,212437.6,1760783588620
943,270,212569.5,1760783588752
943,270,212715.3,1760783588898
943,270,212877.6,1760783589060
943,270,213013.7,1760783589196
943,270,213170.1,1760783589353
943,270,213337.5,1760783589520
943,270,213471.3,1760783589654
943,270,213629.4,1760783589812
943,270,213767,1760783589950
943,270,213918.9,1760783590102
943,270,214077.4,1760783590260
943,270,214215,1760783590397
943,270,214374.6,1760783590556
943,270,214520.9,1760783590703
943,270,214689.4,1760783590871
943,270,214829.1,1760783591011
943,270,214977.4,1760783591159
943,270,215115.5,1760783591297
943,270,215254,1760783591436
943,270,215388.9,1760783591572
943,270,215549.9,1760783591733
943,270,215685.9,1760783591868
943,270,215830.3,1760783592012
943,270,215988.3,1760783592170
943,270,216123.7,1760783592306
943,270,216275.1,1760783592458
943,270,216414.8,1760783592598
943,270,216558.9,1760783592741
943,270,216721.1,1760783592904
943,270,216881.9,1760783593065
943,270,217021.5,1760783593204
943,270,217177.8,1760783593361
943,270,217317.9,1760783593501
943,270,217524.2,1760783593707
943,270,217661.6,1760783593844
943,270,217824.6,1760783594007
943,270,217957.4,1760783594140
943,270,218097,1760783594280
943,270,218257.9,1760783594441
943,270,218394.9,1760783594578
943,270,218557.1,1760783594740
943,270,218694.1,1760783594877
943,270,218887.8,1760783595070
943,270,219072.9,1760783595255
943,270,219236.5,1760783595418
943,270,219371.5,1760783595553
943,270,219508.1,1760783595690
943,270,219672.5,1760783595854
940,260,219820.3,1760783596002
934,250,219997.4,1760783596179
931,249,220152.6,1760783596334
931,248,220342.9,1760783596525
931,248,220490.1,1760783596672
931,248,220642.8,1760783596825
931,248,220816,1760783596998
931,248,220958.4,1760783597140
931,248,221121.8,1760783597304
931,248,221255.4,1760783597437
931,248,221397.3,1760783597579
1177,178,221582.6,1760783597764
1365,170,221737.4,1760783597919
1365,170,221904.5,1760783598086
1365,167,222067.4,1760783598249
1365,165,222256.5,1760783598438
1365,165,222426.4,1760783598608
1365,165,222574.7,1760783598757
1365,165,222735.6,1760783598917
1365,165,222905.9,1760783599088
1365,165,223048.4,1760783599230
1365,165,223227.3,1760783599409
1365,165,223365.2,1760783599547
1365,165,223510.4,1760783599692
1365,165,223674.2,1760783599857
1365,165,223821.5,1760783600004
1365,165,223998.3,1760783600181
1365,165,224176.6,1760783600359
1365,165,224412.1,1760783600595
1365,165,224577.7,1760783600760
1365,165,224758.5,1760783600941
1365,165,224914.1,1760783601097
1365,165,225095.6,1760783601278
1365,165,225234.7,1760783601417
1365,165,225395.4,1760783601578
1365,165,225539,1760783601722
1365,165,225719.9,1760783601902
1365,165,225852.5,1760783602035
1365,165,225987.4,1760783602170
1365,165,226150.5,1760783602333
1365,165,226343.5,1760783602526
1365,165,226512.1,1760783602695
1365,165,226654.3,1760783602837
1365,165,226806.1,1760783602989
1365,165,226979.4,1760783603162
1365,165,227119.1,1760783603302
1365,165,227295,1760783603478
1365,165,227433.9,1760783603617
1365,165,227614.6,1760783603797
1365,165,227748.3,1760783603931
1365,165,227918.6,1760783604101
1365,165,228056,1760783604239
1365,165,228213.4,1760783604396
1287,231,228367.3,1760783604550
1257,231,228550.8,1760783604733
1257,232,228711.3,1760783604894
1257,232,228951.6,1760783605134
1257,232,229136.4,1760783605319
1257,232,229334.3,1760783605517
1257,232,229560.6,1760783605743
1257,232,229738.4,1760783605921
1257,232,229876.1,1760783606059
1257,232,230023.9,1760783606206
1257,232,230194.2,1760783606377
1257,232,230400.4,1760783606583
1257,232,230590,1760783606773
1257,232,230734.2,1760783606917
1257,232,230899.3,1760783607082
1257,232,231055.7,1760783607238
1257,232,231202.7,1760783607385
1257,232,231341.9,1760783607525
1257,232,231482.3,1760783607665
1257,232,231641.2,1760783607824
1257,232,231810.4,1760783607993
1257,232,231969.4,1760783608152
1257,232,232130.2,1760783608312
1257,232,232263.8,1760783608446
1257,232,232409.6,1760783608592
1257,232,232575.6,1760783608758
1257,232,232716.7,1760783608899
1257,232,232878.7,1760783609061
1257,232,233018.7,1760783609201
1257,232,233173.6,1760783609356
1257,232,233338.3,1760783609521
1257,232,233475.7,1760783609658
1257,232,233636.6,1760783609819
1257,232,233772.9,1760783609955
1257,232,233912.8,1760783610095
1257,232,234066.1,1760783610249
1257,232,234194.5,1760783610377
1257,232,234332.6,1760783610515
1257,232,234468.1,1760783610651
1257,232,234617.5,1760783610800
1257,232,234779.2,1760783610962
1257,232,234921.9,1760783611105
1257,232,235082.8,1760783611265
1257,232,235222.6,1760783611405
1257,232,235369.6,1760783611552
1257,232,235535.6,1760783611718
1257,232,235673.4,1760783611856
1257,232,235832.6,1760783612015
1257,232,235972.5,1760783612155
1257,232,236150,1760783612332
1257,232,236291.1,1760783612474
1257,232,236446.1,1760783612629
1257,232,236612.7,1760783612795
1257,232,236745.7,1760783612928
1257,232,236907.7,1760783613090
1257,232,237038.3,1760783613221
1257,232,237177.6,1760783613360
1257,232,237343.6,1760783613526
1257,232,237477.4,1760783613660
1257,232,237622.9,1760783613805
1257,232,237784.8,1760783613967
1257,232,237925.4,1760783614108
1257,232,238075.1,1760783614258
1257,232,238220.2,1760783614403
1257,232,238384.9,1760783614567
1257,232,238522.1,1760783614705
1257,232,238686.9,1760783614870
1257,232,238825.6,1760783615008
1257,232,238975.9,1760783615159
1257,232,239112.8,1760783615295
1257,232,239261.2,1760783615444
1257,232,239398.8,1760783615581
1257,232,239568,1760783615751
1257,232,239708.4,1760783615891
1257,232,239870.8,1760783616053
1257,232,240004.7,1760783616187
1257,232,240162.2,1760783616345
1257,232,240370,1760783616553
1257,232,240564.4,1760783616747
1257,232,240734.4,1760783616917
1257,232,240866.6,1760783617049
1257,232,241013.5,1760783617196
1257,232,241174.8,1760783617357
1257,232,241324.4,1760783617507
1257,232,241467.3,1760783617650
1257,232,241632.7,1760783617815
1257,232,241767,1760783617950
1257,232,241908.5,1760783618091
1257,232,242064.1,1760783618247
1257,232,242235.6,1760783618418
1257,232,242369.2,1760783618552
1257,232,242530.9,1760783618713
1257,232,242663.8,1760783618846
1257,232,242811.2,1760783618994
1257,232,242962.8,1760783619145
1257,232,243095.3,1760783619278
1257,232,243247.7,1760783619430
1257,232,243417.3,1760783619600
1257,232,243551.4,1760783619734
1257,232,243687.7,1760783619870
1257,232,243831.3,1760783620014
1257,232,243985.1,1760783620168
1257,232,244148.1,1760783620331
1257,232,244284.3,1760783620467
1257,232,244424.2,1760783620607
1257,232,244579.7,1760783620762
1257,232,244722.7,1760783620905
1257,232,244862.2,1760783621045
1257,232,245008.2,1760783621191
1257,232,245172.1,1760783621355
1257,232,245307.4,1760783621490
1257,232,245458.2,1760783621641
1257,232,245598.4,1760783621781
1257,232,245758.9,1760783621942
1257,232,245897.2,1760783622080
1257,232,246035,1760783622218
1257,232,246184,1760783622367
1257,232,246347.5,1760783622530
1257,232,246479.5,1760783622662
1257,232,246637,1760783622820
1257,232,246771.6,1760783622954
1257,232,246912.2,1760783623095
1257,232,247075,1760783623258
1257,232,247209.8,1760783623392
1257,232,247372.6,1760783623555
1257,232,247511.6,1760783623694
1257,232,247655.4,1760783623838
1257,232,247827.4,1760783624010
1257,232,247959.1,1760783624142
1257,232,248134.5,1760783624317
1257,232,248276.7,1760783624459
1257,232,248454.9,1760783624637
1257,232,248590.8,1760783624773
1257,232,248743.6,1760783624926
1257,232,248876.3,1760783625059
1257,232,249035.4,1760783625218
1257,232,249207.7,1760783625390
1257,232,249348.1,1760783625531
1257,232,249488.8,1760783625671
1257,232,249655.1,1760783625838
1257,232,249797,1760783625980
1257,232,249965,1760783626147
1257,232,250102,1760783626284
1257,232,250270.1,1760783626453
1257,232,250429.1,1760783626612
1257,232,250567.1,1760783626750
1257,232,250728.2,1760783626911
1257,232,250862.1,1760783627045
1257,232,250999.1,1760783627182
1257,232,251158.4,1760783627341
1257,232,251292.5,1760783627475
1257,232,251437,1760783627620
1257,232,251570,1760783627753
1257,232,251714.9,1760783627897
1257,232,251884.7,1760783628067
1257,232,252027,1760783628209
1257,232,252219.7,1760783628402
1257,232,252381.4,1760783628564
1257,232,252563.1,1760783628746
1257,232,252707.3,1760783628890
1257,232,252846,1760783629029
1257,232,252995.2,1760783629178
1257,232,253143.7,1760783629326
1257,232,253301.1,1760783629484
1257,232,253441.7,1760783629624
1257,232,253585.2,1760783629768
1257,232,253738.8,1760783629921
1257,232,253896.8,1760783630079
1257,232,254035.3,1760783630218
1257,232,254201.6,1760783630384
1257,232,254337.9,1760783630520
1257,232,254479.7,1760783630662
1257,232,254627.6,1760783630810
1257,232,254785.3,1760783630968
1257,232,254921,1760783631104
1257,232,255088.5,1760783631271
1257,232,255223.4,1760783631406
1257,232,255364.2,1760783631547
1257,232,255500.4,1760783631683
1257,232,255654.8,1760783631837
1257,232,255787,1760783631970
1257,232,255930.3,1760783632113
1257,232,256072.8,1760783632255
1257,232,256223.6,1760783632406
1257,232,256402.3,1760783632585
1257,232,256581.3,1760783632764
1257,232,256730.9,1760783632913
1257,232,256934.4,1760783633117
1257,232,257086.5,1760783633269
1257,232,257227.7,1760783633410
1257,232,257391.7,1760783633574
1257,232,257544.7,1760783633727
1257,232,257679.3,1760783633862
1257,232,257841.7,1760783634024
1257,232,257976.2,1760783634159
1257,232,258117,1760783634300
1257,232,258279.8,1760783634462
1257,232,258415.3,1760783634598
1257,232,258548.9,1760783634732
1257,232,258709.1,1760783634892
1257,232,258847.6,1760783635030
1257,232,258982.7,1760783635165
1257,232,259142.1,1760783635325
1257,232,259279.3,1760783635462
1257,232,259431,1760783635614
1257,232,259595,1760783635778
1257,232,259741.6,1760783635924
1257,232,259906.9,1760783636089
1257,232,260046.7,1760783636229
1257,232,260211.5,1760783636394
1257,232,260345.9,1760783636528
1257,232,260512.4,1760783636695
1257,232,260649.2,1760783636832
1257,232,260790.4,1760783636973
1257,232,260949.8,1760783637132
1257,232,261117.9,1760783637301
1257,232,261272.7,1760783637455
1257,232,261433.9,1760783637617
1257,232,261570.2,1760783637753
1257,232,261727.9,1760783637910
1257,232,261860,1760783638043
1257,232,261997.4,1760783638180
1257,232,262152.8,1760783638335
1257,232,262311.4,1760783638494
1257,232,262445.8,1760783638628
1257,232,262587.3,1760783638770
1257,232,262737.6,1760783638920
1257,232,262896.7,1760783639079
1257,232,263034.9,1760783639217
1257,232,263209.5,1760783639391
1257,232,263351.5,1760783639533
1257,232,263485.2,1760783639667
1257,232,263663.9,1760783639846
1257,232,263817.6,1760783640000
1257,232,264006.4,1760783640188
1257,232,264169.5,1760783640352
1257,232,264304.8,1760783640487
1257,232,264455.2,1760783640638
1257,232,264632.8,1760783640815
1257,232,264794.2,1760783640977
1257,232,264936.2,1760783641119
1257,232,265073.4,1760783641256
1257,232,265213.2,1760783641396
1257,232,265381,1760783641563
1257,232,265522.1,1760783641704
1257,232,265677.5,1760783641859
1257,232,265810.9,1760783641993
1257,232,265958.6,1760783642140
1257,232,266121.1,1760783642303
1257,232,266256.6,1760783642438
1257,232,266403,1760783642585
1257,232,266567.7,1760783642750
1257,232,266701.2,1760783642884
1257,232,266865.4,1760783643048
1220,226,267017.5,1760783643200
1202,226,267205,1760783643388
1098,315,267388.1,1760783643571
986,378,267545.5,1760783643727
985,379,267744.3,1760783643926
905,397,267906.3,1760783644088
821,441,268094.8,1760783644277
786,470,268286.9,1760783644469
757,489,268470,1760783644652
746,494,268629.1,1760783644811
745,494,268864,1760783645046
745,494,269029.9,1760783645212
745,494,269199.4,1760783645381
745,494,269351.7,1760783645534
1063,434,269509.3,1760783645691
1324,474,269689.9,1760783645873
1325,475,269848.1,1760783646031
1365,485,270013.3,1760783646196
1365,498,270214.7,1760783646397
1365,499,270399.5,1760783646582
1365,511,270561.2,1760783646744
1365,515,270744.2,1760783646927
1365,476,270926.3,1760783647109
1365,352,271094.3,1760783647276
1365,320,271306.2,1760783647488
1365,320,271488.1,1760783647670
1365,276,271665.1,1760783647847
1364,272,271827.6,1760783648009
1364,272,272034.8,1760783648217
1364,272,272232.4,1760783648414
1364,272,272394.4,1760783648576
1364,272,272534.5,1760783648716
1364,272,272676.8,1760783648859
1364,272,272861.3,1760783649043
1364,272,273077.5,1760783649259
1364,272,273250,1760783649432
1364,272,273380.9,1760783649563
1364,272,273522.2,1760783649704
1364,272,273728.6,1760783649910
1365,349,273908.4,1760783650090
1365,369,274062.6,1760783650244
1365,376,274269.4,1760783650451
1365,376,274442.2,1760783650624
1365,376,274583.9,1760783650766
1365,348,274760,1760783650943
1365,332,274915.3,1760783651098
1365,333,275125.3,1760783651308
1365,333,275306.3,1760783651489
1365,333,275455.1,1760783651637
1365,333,275640,1760783651822
1365,333,275796.9,1760783651979
1365,333,275934.2,1760783652116
1365,333,276083.8,1760783652266
1365,333,276231.5,1760783652413
1365,333,276375.1,1760783652557
1365,333,276565.6,1760783652747
1365,333,276697.2,1760783652879
1365,333,276868.6,1760783653050
1365,333,277013.6,1760783653195
1365,333,277253.3,1760783653435
1365,333,277425,1760783653607
1365,333,277593.6,1760783653775
1365,333,277731.7,1760783653914
1365,333,277908,1760783654090
1365,333,278056.2,1760783654238
1365,333,278215.3,1760783654397
1365,333,278356.1,1760783654538
1365,333,278493.2,1760783654675
1365,333,278634.4,1760783654816
1365,333,278813.2,1760783654995
1365,333,278976.4,1760783655158
1365,333,279112.9,1760783655295
1365,333,279280.8,1760783655463
1365,333,279437.3,1760783655619
1365,333,279586.1,1760783655768
1365,333,279754.5,1760783655936
1365,333,279894.5,1760783656076
1365,333,280071.5,1760783656253
1365,333,280213.2,1760783656395
1365,333,280375.8,1760783656558
1365,333,280510.6,1760783656692
1365,333,280688.2,1760783656870
1365,333,280832.1,1760783657014
1365,333,280976.9,1760783657159
1365,333,281137.7,1760783657319
1365,333,281301.9,1760783657484
1365,333,281451.3,1760783657633
1365,333,281614,1760783657796
1365,333,281760.1,1760783657942
1365,333,281926.9,1760783658109
1365,333,282075.2,1760783658257
1365,333,282234.1,1760783658416
1365,333,282402.9,1760783658585
1365,333,282547.8,1760783658730
1365,333,282725.6,1760783658907
1365,333,282879.8,1760783659062
1365,333,283049,1760783659231
1365,333,283198.1,1760783659380
1365,333,283365.2,1760783659547
1365,333,283535.4,1760783659717
1365,333,283671.1,1760783659853
1365,333,283809.9,1760783659992
1365,333,283974,1760783660156
1365,333,284135.8,1760783660318
1365,333,284343.1,1760783660525
1365,333,284505.6,1760783660687
1365,333,284644.2,1760783660826
1365,333,284780.6,1760783660962
1365,333,284965.8,1760783661148
1365,333,285143,1760783661325
1365,333,285304.3,1760783661486
1365,333,285447.8,1760783661630
1365,333,285586.9,1760783661769
1365,333,285764.5,1760783661946
1365,333,285905.1,1760783662087
1365,333,286085.8,1760783662268
1365,333,286247.1,1760783662429
1365,333,286409.2,1760783662591
1365,333,286555.4,1760783662737
1365,333,286703.3,1760783662885
1365,333,286878.1,1760783663060
1365,333,287024.3,1760783663206
1365,333,287241.6,1760783663423
1365,333,287450.8,1760783663633
1365,333,287601.3,1760783663783
1365,333,287737.5,1760783663919
1365,333,287879.6,1760783664061
1365,333,288026.1,1760783664208
1365,333,288221.3,1760783664403
1365,333,288357.2,1760783664539
1365,333,288517.9,1760783664700
1365,333,288668.6,1760783664850
1365,333,288805.4,1760783664987
1365,333,288964.9,1760783665147
1365,333,289102.3,1760783665284
1365,333,289252.8,1760783665435
1365,333,289386.5,1760783665568
1365,333,289542.7,1760783665725
1365,333,289716.3,1760783665898
1365,333,289855.3,1760783666037
1365,333,290021.7,1760783666204
1365,333,290156.7,1760783666338
1365,333,290300.4,1760783666482
1365,333,290474.2,1760783666656
1365,333,290617.7,1760783666800
1365,333,290789.4,1760783666971
1365,333,290932.7,1760783667115
1365,333,291104.7,1760783667287
1365,333,291248.7,1760783667431
1365,333,291420.8,1760783667603
1365,333,291557,1760783667739
1365,333,291704,1760783667886
1365,333,291875.7,1760783668058
1365,333,292011.6,1760783668193
1365,333,292181.9,1760783668364
1365,333,292326.6,1760783668508
1365,333,292495.2,1760783668677
1365,333,292636,1760783668818
1365,333,292789.2,1760783668971
1365,333,292951.9,1760783669134
1365,333,293101.1,1760783669283
1365,333,293279.2,1760783669461
1365,333,293413.1,1760783669595
1365,333,293577.2,1760783669759
1365,333,293731.5,1760783669913
1365,333,293895.1,1760783670077
1365,333,294054.9,1760783670237
1365,333,294193.1,1760783670375
1365,333,294363.6,1760783670545
1365,333,294518.1,1760783670700
1365,333,294690.2,1760783670872
1365,333,294876.3,1760783671058
1365,333,295035.4,1760783671217
1365,333,295196.5,1760783671378
1365,333,295345,1760783671527
1365,333,295508.8,1760783671691
1365,333,295654,1760783671836
1365,333,295791.5,1760783671973
1365,333,295995.2,1760783672177
1365,333,296154.1,1760783672336
1365,333,296288.5,1760783672470
1365,333,296441.2,1760783672623
1365,333,296613.4,1760783672795
1365,333,296760,1760783672942
1365,333,296928.7,1760783673110
1365,333,297112.5,1760783673294
1365,333,297303.7,1760783673485
1365,333,297503.9,1760783673686
1365,333,297697.7,1760783673880
1365,333,297859.1,1760783674041
1365,333,298044.4,1760783674226
1365,333,298208.3,1760783674390
1365,333,298370.9,1760783674553
1365,333,298550.8,1760783674733
1365,333,298688.6,1760783674870
1365,333,298862.4,1760783675044
1365,333,299043.1,1760783675225
1365,333,299219.5,1760783675401
1365,333,299393.3,1760783675575
1365,333,299567.4,1760783675749
1365,333,299731.5,1760783675913
1365,333,299895.4,1760783676077
1365,333,300042.6,1760783676224
1365,333,300215.3,1760783676397
1365,333,300370,1760783676552
1365,333,300551.4,1760783676733
1365,333,300724.2,1760783676906
1365,333,300920.3,1760783677102
1365,333,301142.3,1760783677324
1365,333,301287.6,1760783677469
1365,333,301454.2,1760783677636
1365,333,301604.9,1760783677787
1365,333,301774,1760783677956
1365,333,301936.5,1760783678118
1365,333,302098.6,1760783678280
1365,333,302253,1760783678435
1365,333,302410.3,1760783678592
1365,333,302581.1,1760783678763
1365,333,302739.6,1760783678921
1365,333,302908.7,1760783679091
1365,333,303053.3,1760783679235
1365,333,303222.3,1760783679404
1365,333,303377.1,1760783679559
1365,333,303536.4,1760783679718
1365,333,303689.8,1760783679872
1365,333,303861.7,1760783680044
1365,333,304042.4,1760783680224
1365,333,304190.2,1760783680372
1365,333,304360.1,1760783680542
1365,333,304529.5,1760783680711
1365,333,304703.2,1760783680885
1365,333,304852.6,1760783681035
1365,333,305027.3,1760783681209
1365,333,305204.8,1760783681387
1365,333,305359.3,1760783681541
1365,333,305533.3,1760783681715
1365,333,305680.3,1760783681862
1365,333,305849.7,1760783682032
1365,333,306012.9,1760783682195
1365,333,306187.5,1760783682369
1365,333,306340.2,1760783682522
1365,333,306496.6,1760783682678
1365,333,306656.1,1760783682838
1365,333,306814.6,1760783682996
1365,333,306956.1,1760783683138
1365,333,307118.5,1760783683300
1365,333,307253.4,1760783683435
1365,333,307417.4,1760783683599
1365,333,307551.5,1760783683733
1365,333,307732.1,1760783683914
1365,333,307908.2,1760783684090
1365,333,308062.5,1760783684244
1365,333,308197.7,1760783684380
1365,333,308344,1760783684526
1365,333,308512.9,1760783684695
1365,333,308657,1760783684839
1365,333,308827.9,1760783685010
1365,333,308960.9,1760783685143
1365,333,309128.4,1760783685310
1365,333,309281.7,1760783685463
1365,333,309446.8,1760783685629
1365,333,309604.8,1760783685787
1365,333,309765.2,1760783685947
1365,333,309900.4,1760783686082
1365,333,310050.5,1760783686232
1365,333,310206.9,1760783686389
1365,333,310371.2,1760783686553
1365,333,310524.6,1760783686707
1365,333,310694.6,1760783686876
1365,333,310842.6,1760783687024
1365,333,310980.9,1760783687163
1365,333,311138.1,1760783687320
1365,333,311289,1760783687471
1365,333,311442.7,1760783687624
1365,333,311617.7,1760783687800
1365,333,311782.9,1760783687965
1365,333,311961.3,1760783688143
1365,333,312094.9,1760783688277
1365,333,312259.1,1760783688441
1365,333,312397.6,1760783688580
1365,333,312592.6,1760783688774
1365,333,312730.9,1760783688913
1365,333,312898.7,1760783689081
1365,333,313042,1760783689224
1365,333,313204.2,1760783689386
1365,333,313344.3,1760783689526
1365,333,313500.5,1760783689682
1365,333,313656.6,1760783689838
1365,333,313806.3,1760783689988
1365,333,313966.6,1760783690149
1365,333,314099.4,1760783690281
1365,333,314250.8,1760783690433
1352,609,314405.5,1760783690587
1299,572,314578,1760783690760
1273,558,314730.8,1760783690913
1254,537,314907.1,1760783691089
1214,457,315064.2,1760783691246
1209,418,315249.8,1760783691432
1209,418,315398.2,1760783691580
1208,415,315580,1760783691762
1204,403,315738.9,1760783691921
1203,403,315977.8,1760783692160
1203,403,316166.9,1760783692349
1203,403,316380.9,1760783692563
1203,403,316567.9,1760783692750
1203,403,316713.3,1760783692895
1203,403,316868.2,1760783693050
1203,403,317004.7,1760783693187
1203,403,317174.6,1760783693356
1203,403,317336.6,1760783693518
1203,403,317493,1760783693675
1203,403,317632.5,1760783693814
1203,403,317799.7,1760783693982
1203,403,317968,1760783694150
1203,403,318102.7,1760783694285
1203,403,318260,1760783694442
1203,403,318392.7,1760783694575
1203,403,318530.1,1760783694712
1203,403,318690,1760783694872
1203,403,318829.6,1760783695011
1203,403,318962.8,1760783695145
1203,403,319123.5,1760783695305
1203,403,319256.3,1760783695438
1203,403,319396.1,1760783695578
1203,403,319543.1,1760783695725
1203,403,319704.9,1760783695887
1203,403,319843.4,1760783696025
1203,403,320002.9,1760783696185
1203,403,320136.9,1760783696319
1203,403,320278,1760783696460
1203,403,320431.2,1760783696613
1203,403,320595,1760783696777
1203,403,320729.1,1760783696911
1203,403,320883.4,1760783697065
1203,403,321015.9,1760783697198
1203,403,321161.4,1760783697343
1203,403,321295.6,1760783697477
1203,403,321454.6,1760783697636
1203,403,321587.1,1760783697769
1203,403,321723.8,1760783697906
1203,403,321876.6,1760783698058
1203,403,322013.4,1760783698195
1203,403,322157,1760783698339
1203,403,322306.6,1760783698488
1203,403,322450.5,1760783698632
1203,403,322623.7,1760783698806
1191,399,322801.5,1760783698983
1149,405,322960.7,1760783699142
1138,412,323153.2,1760783699335
1138,412,323301.2,1760783699483
1138,412,323471.5,1760783699653
1138,412,323615.3,1760783699797
1138,412,323800.6,1760783699982
1138,412,323944.2,1760783700126
1138,412,324125.2,1760783700307
1138,412,324267.1,1760783700449
1138,412,324436.9,1760783700619
1138,412,324571.9,1760783700754
1138,412,324744.7,1760783700927
1138,412,324886.1,1760783701068
1138,412,325046.7,1760783701228
1138,412,325184.9,1760783701367
1138,412,325322.6,1760783701504
1138,412,325480.9,1760783701663
1138,412,325617.9,1760783701800
1138,412,325763.3,1760783701945
1138,412,325898.1,1760783702080
1138,412,326045.8,1760783702228
1138,412,326198.6,1760783702380
1138,412,326336.7,1760783702518
1138,412,326478.5,1760783702660
1138,412,326639.7,1760783702822
1138,412,326780.9,1760783702963
1138,412,326943.7,1760783703126
1138,412,327073.6,1760783703255
1138,412,327206.7,1760783703388
1138,412,327345.7,1760783703528
1138,412,327509,1760783703691
1138,412,327682.5,1760783703864
1138,412,327840.1,1760783704022
1138,412,327981.4,1760783704163
1138,412,328141.5,1760783704323
1138,412,328277.6,1760783704459
1138,412,328439.2,1760783704621
1138,412,328574.6,1760783704756
1138,412,328717.5,1760783704899
1138,412,328874.1,1760783705056
1138,412,329010,1760783705192
1138,412,329154.4,1760783705336
1138,412,329322.2,1760783705504
1138,412,329472.6,1760783705654
1138,412,329633.3,1760783705815
1138,412,329769.9,1760783705952
1138,412,329934.8,1760783706117
1138,412,330065.5,1760783706247
1138,412,330201.4,1760783706383
1138,412,330363.3,1760783706545
1138,412,330498,1760783706680
1138,412,330654.1,1760783706836
1138,412,330826.4,1760783707008
1138,412,330974.6,1760783707156
1138,412,331146.5,1760783707328
1138,412,331285.1,1760783707467
1024,491,331506.8,1760783707689
1024,491,331684.5,1760783707867
1024,491,331821.6,1760783708004
1024,491,331985.2,1760783708167
1024,491,332122.7,1760783708305
1024,491,332293.5,1760783708475
1024,491,332434.3,1760783708616
1024,491,332602.6,1760783708784
1024,491,332748.3,1760783708930
1289,432,332925.5,1760783709107
1365,531,333088.8,1760783709271
1365,532,333243.4,1760783709425
1365,532,333386.1,1760783709568
1365,540,333581.9,1760783709764
1365,548,333767.4,1760783709949
1365,551,333921.7,1760783710104
1365,561,334107,1760783710289
1365,571,334293.5,1760783710475
1365,574,334484.3,1760783710666
1365,574,334661.7,1760783710844
1365,574,334819.1,1760783711001
1365,574,335023,1760783711205
1365,574,335220.2,1760783711402
1365,574,335394.7,1760783711577
1365,574,335535.7,1760783711718
1365,574,335672.8,1760783711855
1365,574,335809.2,1760783711991
1365,574,335972.1,1760783712155
1365,574,336107.3,1760783712290
1365,574,336286.1,1760783712469
1365,574,336432.5,1760783712615
1365,574,336597.2,1760783712779
1365,574,336738.5,1760783712920
1365,574,336901.7,1760783713084
1365,574,337081,1760783713263
1365,574,337232,1760783713414
1365,574,337388,1760783713570
1365,574,337538,1760783713720
1365,574,337696.1,1760783713879
1365,574,337841.9,1760783714025
1365,574,338014.5,1760783714197
1365,574,338150,1760783714332
1365,574,338282.6,1760783714464
1365,574,338422.3,1760783714604
1365,574,338597.6,1760783714779
1365,574,338732.3,1760783714914
1365,574,338887.9,1760783715070
1365,574,339034.2,1760783715216
1365,574,339183.6,1760783715365
1365,574,339340.9,1760783715523
1365,574,339473.8,1760783715656
1365,574,339628.7,1760783715810
1365,574,339766.6,1760783715948
1365,574,339900.1,1760783716082
1365,574,340052.4,1760783716234
1365,574,340190.5,1760783716372
1365,574,340324.9,1760783716507
1365,574,340490.2,1760783716672
1365,574,340635.4,1760783716817
1365,574,340768.2,1760783716950
1365,574,340930.7,1760783717113
1365,574,341073.2,1760783717255
1365,574,341252.3,1760783717434
1365,574,341387.4,1760783717569
1365,574,341555.9,1760783717738
1365,574,341702.9,1760783717885
1365,574,341867.6,1760783718049
1365,574,342001.9,1760783718184
1365,574,342138.2,1760783718320
1365,574,342298.8,1760783718481
1365,574,342461.1,1760783718643
1365,574,342634.6,1760783718816
1365,574,342774,1760783718956
1365,574,342972.7,1760783719155
1365,574,343118.3,1760783719300
1365,574,343283.2,1760783719465
1365,574,343424.4,1760783719606
1365,574,343597.2,1760783719779
1365,574,343828.4,1760783720010
1365,574,343971.9,1760783720154
1365,574,344109,1760783720292
1365,574,344297.1,1760783720480
1365,574,344463.5,1760783720646
1365,574,344598,1760783720781
1365,574,344743,1760783720926
1365,574,344905.6,1760783721088
1365,574,345039.7,1760783721222
1365,574,345174.1,1760783721357
1365,574,345334.1,1760783721516
1365,574,345467,1760783721649
1365,574,345601.7,1760783721784
1365,574,345766.2,1760783721949
1365,574,345899,1760783722082
1365,574,346041,1760783722224
1365,574,346207.5,1760783722390
1365,574,346346.4,1760783722529
1365,574,346505.6,1760783722688
1365,574,346645.3,1760783722828
1365,574,346783.5,1760783722966
1365,574,346926,1760783723109
1365,574,347088.2,1760783723271
1365,574,347226.3,1760783723409
1365,574,347389.2,1760783723572
1365,574,347525.2,1760783723707
1365,574,347675.8,1760783723858
1365,574,347841.7,1760783724024
1365,574,347974.6,1760783724156
1365,574,348134,1760783724316
1365,574,348267,1760783724449
1365,574,348405.7,1760783724588
1365,574,348565.9,1760783724748
1365,574,348702.9,1760783724885
1365,574,348845.7,1760783725028
1365,574,349005.6,1760783725187
1365,574,349144.5,1760783725326
1365,574,349298.8,1760783725481
1365,574,349432.8,1760783725615
1365,574,349572.8,1760783725755
1365,574,349734.8,1760783725917
1365,574,349875.5,1760783726057
1365,574,350015.3,1760783726197
1365,574,350155.8,1760783726338
1365,574,350313.3,1760783726495
1365,574,350443.3,1760783726625
1365,574,350611.4,1760783726793
1365,574,350749.4,1760783726931
1365,574,350887.4,1760783727069
1365,574,351043.3,1760783727225
1365,574,351178.7,1760783727361
1365,574,351322.1,1760783727504
1365,574,351493.1,1760783727675
1365,574,351627.8,1760783727810
1365,574,351774.2,1760783727956
1365,574,351906.1,1760783728088
1365,574,352069.6,1760783728251
1365,574,352203.4,1760783728385
1365,574,352352.1,1760783728534
1365,574,352516.6,1760783728698
1365,574,352692.1,1760783728874
1365,574,352835.4,1760783729017
1365,574,352969,1760783729151
1365,574,353129.8,1760783729312
1365,574,353265.3,1760783729448
1365,574,353408.6,1760783729591
1365,574,353551,1760783729733
1365,574,353713.3,1760783729896
1365,574,353853.4,1760783730035
1365,574,354006.9,1760783730189
1365,574,354142.7,1760783730325
1365,574,354282.3,1760783730464
1365,574,354439.2,1760783730621
1365,574,354575.4,1760783730757
1365,574,354710.9,1760783730893
1365,574,354858.1,1760783731040
1365,574,355017.3,1760783731199
1365,574,355154.4,1760783731336
1365,574,355307.3,1760783731489
1365,574,355444.8,1760783731627
1365,574,355578.6,1760783731760
1365,574,355737.9,1760783731920
1365,574,355873.6,1760783732055
1365,574,356011.5,1760783732193
1365,574,356160.1,1760783732342
1365,574,356298.9,1760783732481
1365,574,356440.8,1760783732623
1365,574,356598.6,1760783732780
1365,574,356736,1760783732918
1365,574,356873.2,1760783733055
1365,574,357043,1760783733225
1365,574,357180.6,1760783733362
1365,574,357334.6,1760783733517
1365,574,357469.6,1760783733651
1365,574,357609.8,1760783733792
1365,574,357751.6,1760783733934
1365,574,357908.2,1760783734090
1365,574,358043.3,1760783734225
1365,574,358186.1,1760783734368
1365,574,358324.4,1760783734506
1365,574,358485.5,1760783734667
1365,574,358620.6,1760783734802
1365,574,358758.2,1760783734940
1365,574,358927.1,1760783735109
1365,574,359065.2,1760783735247
1365,574,359229.3,1760783735412
1365,574,359360.5,1760783735543
1365,574,359532.5,1760783735715
1365,574,359670.7,1760783735853
1365,574,359833.6,1760783736015
1365,574,359965.1,1760783736147
1365,574,360110,1760783736292
1365,574,360263.6,1760783736445
1365,574,360398.6,1760783736580
1365,574,360545.7,1760783736728
1365,574,360679.9,1760783736862
1365,574,360829.7,1760783737011
1365,574,360998.2,1760783737180
1365,574,361140.6,1760783737322
1365,574,361302.4,1760783737484
1365,574,361440.3,1760783737622
1365,574,361607.3,1760783737789
1365,574,361742.5,1760783737924
1365,574,361883,1760783738065
1365,574,362033.5,1760783738215
1365,574,362192.4,1760783738374
1365,574,362324.6,1760783738506
1365,574,362492.4,1760783738674
1365,574,362635.1,1760783738817
1365,574,362796.9,1760783738979
1365,574,362933.3,1760783739115
1365,574,363097.2,1760783739279
1365,574,363234.7,1760783739417
1365,574,363395.1,1760783739577
1365,574,363530.7,1760783739713
1365,574,363684.7,1760783739867
1365,574,363844.6,1760783740026
1365,574,363978.7,1760783740161
1365,574,364120.5,1760783740302
1365,574,364281.3,1760783740463
1365,574,364417.5,1760783740599
1365,574,364564.2,1760783740746
1365,574,364700.8,1760783740883
1365,574,364846,1760783741028
1365,574,364996.2,1760783741178
1365,574,365158.4,1760783741340
1365,574,365292.5,1760783741474
1365,574,365453,1760783741635
1365,574,365587.5,1760783741769
1365,574,365727.6,1760783741909
1365,574,365866.7,1760783742048
1365,574,366025.5,1760783742207
1365,574,366166.1,1760783742348
1365,574,366308.6,1760783742490
1365,574,366461.7,1760783742644
1365,574,366595.1,1760783742777
1365,574,366733.3,1760783742915
1365,574,366888,1760783743071
1365,574,367025.8,1760783743208
1365,574,367167.3,1760783743350
1365,574,367330.7,1760783743513
1365,574,367462.5,1760783743644
1365,574,367597.8,1760783743780
1365,574,367757.9,1760783743940
1365,574,367892.2,1760783744074
1365,574,368032.3,1760783744214
1365,574,368190,1760783744372
1365,574,368335,1760783744517
1365,574,368493.8,1760783744676
1365,574,368623.5,1760783744805
1365,574,368760.5,1760783744942
1365,574,368900.2,1760783745082
1365,574,369056.8,1760783745239
1365,574,369225.2,1760783745407
1365,574,369355.9,1760783745538
1365,574,369510.3,1760783745692
1365,574,369647.9,1760783745830
1365,574,369823.1,1760783746005
1365,574,369981.2,1760783746163
1365,574,370115.7,1760783746297
1365,574,370277.4,1760783746459
1365,574,370412.1,1760783746594
1365,574,370547.1,1760783746729
1365,574,370706.6,1760783746888
1365,574,370843.4,1760783747025
1365,574,370975.2,1760783747157
1365,574,371122.4,1760783747304
1365,574,371281.4,1760783747464
1365,574,371416.7,1760783747599
1365,574,371571.2,1760783747754
1365,574,371704.9,1760783747887
1365,574,371843.1,1760783748025
1365,574,371998.5,1760783748180
1365,574,372138.3,1760783748320
1365,574,372276.2,1760783748458
1365,574,372421.3,1760783748603
1365,574,372579.4,1760783748761
1365,574,372719.7,1760783748901
1365,574,372862.9,1760783749045
1365,574,373026.6,1760783749208
1365,574,373163.3,1760783749345
1365,574,373332.8,1760783749515
1365,574,373501.7,1760783749684
1365,574,373638.1,1760783749820
1365,574,373798.5,1760783749980
1365,574,373934.7,1760783750116
1365,574,374076.3,1760783750258
1365,574,374245.9,1760783750428
1365,574,374375.2,1760783750557
1365,574,374506.6,1760783750688
1365,574,374652.1,1760783750834
1365,574,374808.4,1760783750990
1365,574,374951,1760783751133
1365,574,375112.3,1760783751294
1365,574,375253.3,1760783751435
1365,574,375390.8,1760783751573
1365,574,375533.6,1760783751715
1365,574,375698.9,1760783751881
1365,574,375833.4,1760783752015
1365,574,375985.5,1760783752167
1365,574,376119.7,1760783752302
1365,574,376263.8,1760783752446
1365,574,376397.9,1760783752580
1365,574,376555.1,1760783752737
1365,574,376687.4,1760783752869
1365,574,376829.1,1760783753011
1365,574,376989.4,1760783753171
1365,574,377145.2,1760783753327
1365,574,377281.5,1760783753463
1365,574,377442.2,1760783753624
1365,574,377576.2,1760783753758
1365,574,377733.4,1760783753916
1365,574,377866.7,1760783754049
1365,574,377996.7,1760783754179
1365,574,378148.5,1760783754331
1062,203,378297.4,1760783754480
928,353,378473.8,1760783754656
909,396,378628.9,1760783754812
806,337,378813.2,1760783754996
806,337,378959,1760783755142
806,337,379136.3,1760783755318
774,321,379293.2,1760783755475
734,300,379477.9,1760783755660
732,299,379665.9,1760783755848
732,299,379806,1760783755988
732,300,379985.3,1760783756167
731,300,380147.6,1760783756329
731,301,380331.7,1760783756514
731,301,380527,1760783756709
731,301,380681.1,1760783756863
731,301,380851.3,1760783757033
731,301,381003.8,1760783757186
731,301,381169.5,1760783757351
731,301,381307.7,1760783757490
731,301,381520.6,1760783757702
731,301,381689,1760783757871
731,301,381852.1,1760783758034
731,301,382015.3,1760783758197
731,301,382151.3,1760783758333
731,301,382308.4,1760783758491
731,301,382475,1760783758657
731,301,382611.1,1760783758794
731,301,382767,1760783758950
731,301,382933,1760783759116
731,301,383104.9,1760783759287
731,301,383242.5,1760783759425
731,301,383408.8,1760783759592
731,301,383561.7,1760783759744
731,301,383743.1,1760783759925
731,301,383881.9,1760783760064
731,301,384043.5,1760783760226
731,301,384176,1760783760359
731,301,384324.7,1760783760507
731,301,384493.9,1760783760677
731,301,384630.9,1760783760814
731,301,384794.4,1760783760977
731,301,384934.1,1760783761116
731,301,385072.6,1760783761254
731,301,385244.3,1760783761426
731,301,385384.1,1760783761566
731,301,385557.1,1760783761740
731,301,385691.7,1760783761874
731,301,385861.6,1760783762044
731,301,386003.3,1760783762186
731,301,386141.1,1760783762324
731,301,386312.3,1760783762495
731,301,386453.8,1760783762636
731,301,386617.7,1760783762800
731,301,386803.4,1760783762985
731,301,386968.3,1760783763150
731,301,387104.6,1760783763286
731,301,387300.7,1760783763483
731,301,387453.5,1760783763636
731,301,387615.3,1760783763798
731,301,387759.7,1760783763942
731,301,387913.7,1760783764096
731,301,388051.9,1760783764234
731,301,388192.1,1760783764374
731,301,388353,1760783764535
731,301,388486.8,1760783764669
731,301,388631.4,1760783764813
731,301,388790.5,1760783764973
731,301,388928.5,1760783765111
731,301,389097.7,1760783765280
731,301,389232.4,1760783765414
731,301,389392.2,1760783765574
731,301,389527.2,1760783765709
731,301,389668.7,1760783765851
731,301,389807.6,1760783765989
731,301,389969.2,1760783766151
731,301,390098.2,1760783766280
731,301,390232.5,1760783766414
731,301,390390.3,1760783766573
731,301,390528.7,1760783766711
731,301,390667.9,1760783766850
731,301,390804.3,1760783766987
731,301,390977.3,1760783767160
731,301,391112.2,1760783767294
731,301,391265.8,1760783767448
731,301,391400.3,1760783767582
731,301,391537,1760783767719
731,301,391693,1760783767875
731,301,391863.1,1760783768045
731,301,392017.6,1760783768200
731,301,392161.4,1760783768344
731,301,392336.1,1760783768519
731,301,392503.5,1760783768686
731,301,392670.6,1760783768853
731,301,392835.5,1760783769017
731,301,392972.1,1760783769154
731,301,393131.9,1760783769314
731,301,393270.9,1760783769453
731,301,393426,1760783769608
731,301,393589.7,1760783769772
731,301,393727.9,1760783769910
731,301,393884.8,1760783770067
731,301,394022.1,1760783770204
731,301,394161.8,1760783770344
731,301,394322,1760783770505
731,301,394454.9,1760783770638
731,301,394610.2,1760783770793
731,301,394747.6,1760783770930
731,301,394886.4,1760783771069
731,301,395053.6,1760783771236
731,301,395188.5,1760783771371
731,301,395326,1760783771509
731,301,395484.3,1760783771667
731,301,395617.5,1760783771800
731,301,395769.4,1760783771952
731,301,395934.4,1760783772117
731,301,396076.8,1760783772259
731,301,396239.4,1760783772422
731,301,396373.2,1760783772556
731,301,396533.1,1760783772716
731,301,396664.3,1760783772846
731,301,396799.8,1760783772982
731,301,396938,1760783773120
731,301,397097.2,1760783773280
731,301,397234.8,1760783773417
731,301,397383.3,1760783773565
731,301,397544.8,1760783773727
731,301,397683.6,1760783773866
731,301,397849,1760783774032
731,301,398005.3,1760783774188
731,301,398162.7,1760783774345
731,301,398300.7,1760783774483
731,301,398441.3,1760783774624
731,301,398598.8,1760783774781
731,301,398736.8,1760783774919
731,301,398892.9,1760783775076
731,301,399030.5,1760783775213
731,301,399166.8,1760783775349
731,301,399300.3,1760783775482
731,301,399455.4,1760783775637
731,301,399586.2,1760783775768
731,301,399721.9,1760783775905
731,301,399917,1760783776100
731,301,400059,1760783776241
731,301,400225.6,1760783776408
731,301,400366.7,1760783776549
731,301,400512.1,1760783776695
731,301,400685.4,1760783776868
731,301,400826.3,1760783777009
731,301,400996.4,1760783777178
731,301,401138.4,1760783777320
731,301,401300.8,1760783777483
731,301,401449.7,1760783777632
731,301,401621.8,1760783777804
731,301,401766.5,1760783777948
731,301,401948.5,1760783778130
731,301,402095.2,1760783778277
731,301,402254.2,1760783778436
731,301,402393,1760783778575
731,301,402537.4,1760783778719
731,301,402711.9,1760783778894
731,301,402875.5,1760783779058
731,301,403022.5,1760783779205
731,301,403204,1760783779386
731,301,403349,1760783779531
731,301,403517.7,1760783779700
731,301,403655.1,1760783779838
731,301,403790.6,1760783779973
731,301,403946.3,1760783780129
731,301,404119.2,1760783780302
731,301,404288,1760783780471
731,301,404425.5,1760783780608
731,301,404576.9,1760783780760
731,301,404708.9,1760783780891
731,301,404872.6,1760783781055
731,301,405015.9,1760783781199
731,301,405151.9,1760783781334
731,301,405319,1760783781501
731,301,405454.6,1760783781636
731,301,405630.2,1760783781812
731,301,405779.8,1760783781962
731,301,405944.8,1760783782127
731,301,406083.7,1760783782266
731,301,406242.5,1760783782425
731,301,406391.8,1760783782574
731,301,406532.2,1760783782715
731,301,406684.5,1760783782867
731,301,406846.8,1760783783029
731,301,406995.6,1760783783178
731,301,407166.8,1760783783349
731,301,407305.3,1760783783488
731,301,407444.2,1760783783627
731,301,407604.9,1760783783788
731,301,407756.5,1760783783939
731,301,407913.4,1760783784095
731,301,408046.9,1760783784229
731,301,408188.7,1760783784371
731,301,408354.3,1760783784537
731,301,408494.4,1760783784677
731,301,408655.6,1760783784838
731,301,408789.4,1760783784971
731,301,408943.7,1760783785126
731,301,409120.9,1760783785304
731,301,409288.8,1760783785471
731,301,409421.8,1760783785604
731,301,409571.9,1760783785755
731,301,409752.2,1760783785935
731,301,409885.3,1760783786068
731,301,410051.9,1760783786235
731,301,410189.1,1760783786372
731,301,410341.8,1760783786524
731,301,410513.8,1760783786696
731,301,410666.6,1760783786848
731,301,410873.3,1760783787055
731,301,411049.8,1760783787232
731,301,411195.4,1760783787378
731,301,411363.4,1760783787546
731,301,411501.2,1760783787684
731,301,411673.6,1760783787856
731,301,411819.2,1760783788002
731,301,411989.3,1760783788171
731,301,412130.1,1760783788312
731,301,412298,1760783788480
731,301,412449.3,1760783788631
731,301,412602.1,1760783788784
731,301,412786.3,1760783788969
731,301,412958.9,1760783789142
731,301,413096.5,1760783789279
731,301,413242.7,1760783789425
731,301,413461,1760783789644
731,301,413638.3,1760783789821
731,301,413816.2,1760783789999
731,301,413964.5,1760783790146
731,301,414132.6,1760783790315
731,301,414283.2,1760783790465
731,301,414432.5,1760783790614
731,301,414642.7,1760783790825
731,301,414815.1,1760783790997
731,301,414968.6,1760783791150
731,301,415107.4,1760783791289
731,301,415250,1760783791432
731,301,415402.9,1760783791585
731,301,415539.7,1760783791722
731,301,415682.2,1760783791864
731,301,415835.5,1760783792017
731,301,416026.2,1760783792209
731,301,416180.5,1760783792363
731,301,416314,1760783792497
731,301,416458.2,1760783792641
731,301,416619.4,1760783792801
731,301,416759.1,1760783792941
731,301,416898.7,1760783793081
731,301,417057.4,1760783793239
731,301,417192.7,1760783793375
731,301,417339.4,1760783793522
731,301,417488,1760783793671
731,301,417624.2,1760783793807
731,301,417784.3,1760783793967
731,301,417918.5,1760783794101
731,301,418061.9,1760783794244
731,301,418221.3,1760783794403
731,301,418355.9,1760783794538
731,301,418488.6,1760783794670
731,301,418647.4,1760783794829
731,301,418783.9,1760783794966
731,301,418918.2,1760783795100
731,301,419081.5,1760783795263
731,301,419217.9,1760783795400
731,301,419365.4,1760783795547
731,301,419526.7,1760783795709
731,301,419658.6,1760783795840
731,301,419820.7,1760783796002
731,301,419962.1,1760783796144
731,301,420107.7,1760783796290
731,301,420265.3,1760783796447
731,301,420402.6,1760783796584
731,301,420560.8,1760783796743
731,301,420697.3,1760783796880
731,301,420834.3,1760783797017
731,301,420997.3,1760783797180
731,301,421133.8,1760783797316
731,301,421280.2,1760783797463
731,301,421414.7,1760783797597
731,301,421563.9,1760783797746
731,301,421720.7,1760783797903
731,301,421858.7,1760783798040
731,301,422022.3,1760783798204
731,301,422170.1,1760783798353
731,301,422326.4,1760783798509
731,301,422467.2,1760783798650
731,301,422606.2,1760783798789
731,301,422850.6,1760783799033
731,301,423063.3,1760783799246
731,301,423243.8,1760783799427
731,301,423392.9,1760783799575
731,301,423523.7,1760783799705
731,301,423659.7,1760783799842
731,301,423804,1760783799987
731,301,423960.4,1760783800143
731,301,424095.2,1760783800278
795,279,424280.2,1760783800463
818,288,424434.6,1760783800617
860,334,424614,1760783800797
1053,388,424786.2,1760783800969
1059,397,424971.2,1760783801154
1059,397,425141.9,1760783801325
1055,441,425305.3,1760783801487
1055,441,425516.5,1760783801698
1055,441,425677.2,1760783801859
1055,441,425851.7,1760783802034
1055,441,426015.2,1760783802198
1055,441,426154.2,1760783802337
1055,441,426327.5,1760783802510
1055,441,426475,1760783802658
1055,441,426638.6,1760783802821
1055,441,426773,1760783802956
1055,441,426971.1,1760783803154
1055,441,427116.2,1760783803299
1055,441,427278.3,1760783803461
1055,441,427418.4,1760783803601
1055,441,427576.8,1760783803759
1055,441,427716.2,1760783803899
1055,441,427939,1760783804122
1055,441,428108.7,1760783804291
1055,441,428247,1760783804430
1055,441,428410.4,1760783804593
1055,441,428544.2,1760783804727
1055,441,428757.7,1760783804940
1055,441,428929.4,1760783805112
1055,441,429067,1760783805249
1055,441,429211.7,1760783805394
1055,441,429362.6,1760783805545
1055,441,429521.9,1760783805704
1055,441,429661.2,1760783805843
1055,441,429819,1760783806001
1055,441,429983.3,1760783806165
1055,441,430141.2,1760783806324
1055,441,430279.3,1760783806462
1055,441,430440.9,1760783806624
1055,441,430571.8,1760783806754
1055,441,430726.1,1760783806909
1055,441,430886.4,1760783807069
1055,441,431023.9,1760783807207
1055,441,431194.1,1760783807377
1055,441,431330.1,1760783807513
1055,441,431498.6,1760783807681
1055,441,431641.6,1760783807824
1055,441,431808.3,1760783807991
1055,441,431957,1760783808140
1055,441,432117.3,1760783808300
1055,441,432258.3,1760783808441
1055,441,432396.5,1760783808579
1055,441,432534.8,1760783808718
1055,441,432737.7,1760783808920
1055,441,432899.1,1760783809082
1055,441,433050.9,1760783809233
1055,441,433199.5,1760783809382
1055,441,433365.1,1760783809548
1055,441,433515.9,1760783809698
1055,441,433680.1,1760783809863
1055,441,433816,1760783809998
1055,441,433965.6,1760783810147
1055,441,434125.7,1760783810308
1055,441,434279,1760783810461
1055,441,434418.6,1760783810600
1055,441,434560.5,1760783810742
1055,441,434726.4,1760783810908
1055,441,434862.9,1760783811046
1055,441,435006.9,1760783811189
1055,441,435151.2,1760783811334
1055,441,435350.8,1760783811533
1055,441,435513.3,1760783811696
1055,441,435653.4,1760783811836
1055,441,435798.3,1760783811981
1055,441,435960.4,1760783812143
1055,441,436121.6,1760783812304
1055,441,436258.5,1760783812441
1055,441,436411.4,1760783812594
1055,441,436566.9,1760783812750
1055,441,436725.9,1760783812909
1055,441,436864.7,1760783813047
1055,441,437003.1,1760783813186
1055,441,437157.8,1760783813340
1055,441,437322,1760783813504
1055,441,437462.6,1760783813644
1055,441,437620.9,1760783813803
1055,441,437766.4,1760783813948
1055,441,437912.3,1760783814094
1055,441,438072.6,1760783814255
1055,441,438208.9,1760783814391
1055,441,438374,1760783814557
1055,441,438511.4,1760783814694
1055,441,438656.9,1760783814839
1055,441,438824,1760783815007
1055,441,438971.9,1760783815154
1055,441,439137.6,1760783815320
1055,441,439271.8,1760783815454
1055,441,439436.2,1760783815618
1055,441,439577.2,1760783815760
1055,441,439727.6,1760783815910
1055,441,439877.9,1760783816061
1055,441,440017.9,1760783816200
1055,441,440167.9,1760783816351
1055,441,440304.8,1760783816487
1055,441,440449.7,1760783816632
1055,441,440612.1,1760783816795
1055,441,440749.5,1760783816932
1055,441,440898.9,1760783817081
1055,441,441037.9,1760783817220
1055,441,441230.8,1760783817413
1055,441,441380.5,1760783817562
1055,441,441545.3,1760783817728
1055,441,441685,1760783817868
1055,441,441848.8,1760783818031
1055,441,441981,1760783818164
1055,441,442139,1760783818322
1055,441,442276.7,1760783818459
1055,441,442419.2,1760783818602
1055,441,442577.7,1760783818760
1055,441,442714.2,1760783818897
1055,441,442861.7,1760783819044
1055,441,443026.3,1760783819209
1055,441,443162.7,1760783819345
1055,441,443314.2,1760783819497
1055,441,443477.3,1760783819660
1055,441,443618.8,1760783819801
1055,441,443788.6,1760783819971
1055,441,443933.8,1760783820116
1055,441,444139.3,1760783820322
1055,441,444300.6,1760783820483
1055,441,444441.6,1760783820624
1055,441,444579.8,1760783820762
1055,441,444786.7,1760783820970
1055,441,444962.1,1760783821144
1055,441,445099.2,1760783821281
1055,441,445254,1760783821436
1055,441,445388.3,1760783821570
1055,441,445527.1,1760783821709
1055,441,445687.5,1760783821869
1055,441,445824,1760783822006
1055,441,445958.4,1760783822140
1055,441,446118.5,1760783822301
1055,441,446257.9,1760783822440
1055,441,446405.1,1760783822588
1055,441,446571.4,1760783822754
1055,441,446711.1,1760783822894
1055,441,446886,1760783823069
1055,441,447038.1,1760783823221
1055,441,447190.9,1760783823373
1055,441,447333.1,1760783823516
1055,441,447477.6,1760783823660
1055,441,447641.7,1760783823824
1055,441,447779.7,1760783823962
1055,441,447935.8,1760783824118
1055,441,448091.6,1760783824274
1055,441,448227.2,1760783824410
1055,441,448390.6,1760783824573
1055,441,448527.8,1760783824710
1055,441,448691.7,1760783824874
1055,441,448836.5,1760783825019
1055,441,448978.8,1760783825161
1055,441,449128.1,1760783825311
1055,441,449290.7,1760783825473
1055,441,449446.3,1760783825629
1055,441,449606.3,1760783825789
1055,441,449751.3,1760783825934
1055,441,449921,1760783826104
1055,441,450062.5,1760783826245
1055,441,450204.6,1760783826387
1055,441,450351.9,1760783826535
1055,441,450515.1,1760783826698
1055,441,450673.9,1760783826856
1055,441,450846.1,1760783827029
1055,441,450979.7,1760783827162
1055,441,451143.3,1760783827326
1055,441,451276.2,1760783827459
1055,441,451414.5,1760783827597
1055,441,451560.6,1760783827742
1055,441,451708.5,1760783827890
1055,441,451875.8,1760783828058
1055,441,452010,1760783828193
1055,441,452164.4,1760783828347
1055,441,452301.7,1760783828484
1055,441,452441.8,1760783828624
1055,441,452590.4,1760783828773
1055,441,452754.5,1760783828937
1055,441,452903.7,1760783829086
1055,441,453065.7,1760783829248
1055,441,453205.9,1760783829388
1055,441,453372.1,1760783829555
1055,441,453505.6,1760783829688
1055,441,453662,1760783829845
1055,441,453793,1760783829976
1055,441,453952.1,1760783830135
1055,441,454128.4,1760783830311
1055,441,454269.1,1760783830452
1055,441,454437.7,1760783830620
1055,441,454576.3,1760783830759
1055,441,454735.8,1760783830918
1055,441,454874.6,1760783831057
1055,441,455014.5,1760783831197
1055,441,455159,1760783831342
1055,441,455319.1,1760783831502
1055,441,455462.9,1760783831646
1055,441,455633.3,1760783831816
1055,441,455771.2,1760783831954
1055,441,455917.7,1760783832100
1055,441,456059.7,1760783832242
1055,441,456195.9,1760783832378
1055,441,456342.5,1760783832525
1055,441,456499.1,1760783832682
1055,441,456666.9,1760783832849
1055,441,456838.1,1760783833021
1055,441,456981.9,1760783833164
1055,441,457147.5,1760783833330
1055,441,457286.8,1760783833469
1055,441,457453.8,1760783833636
1055,441,457588.8,1760783833771
1055,441,457726.9,1760783833909
1055,441,457911.1,1760783834093
1055,441,458056.2,1760783834238
1055,441,458229.5,1760783834411
1055,441,458373,1760783834555
1055,441,458530.5,1760783834712
1055,441,458665,1760783834847
1055,441,458872.9,1760783835055
1055,441,459010.6,1760783835192
1055,441,459180.1,1760783835362
1055,441,459316.5,1760783835499
1055,441,459458.5,1760783835641
1055,441,459615.6,1760783835798
1055,441,459756.1,1760783835939
1055,441,459912.3,1760783836095
1055,441,460086.6,1760783836269
1055,441,460227,1760783836410
1055,441,460385.7,1760783836568
1055,441,460542.5,1760783836725
1055,441,460734.2,1760783836917
1055,441,460900.5,1760783837083
1055,441,461034.7,1760783837217
1055,441,461207.7,1760783837390
1055,441,461354.7,1760783837537
1055,441,461530.5,1760783837713
1055,441,461671.4,1760783837854
1055,441,461812.4,1760783837994
1055,441,461954.4,1760783838136
1055,441,462114.5,1760783838296
1055,441,462252.2,1760783838434
1055,441,462418.2,1760783838600
1055,441,462559.5,1760783838741
1055,441,462695.3,1760783838877
1055,441,462868.4,1760783839050
1055,441,463003.7,1760783839186
1055,441,463166.5,1760783839349
1055,441,463305.6,1760783839488
1055,441,463452.2,1760783839635
1055,441,463616.2,1760783839799
1055,441,463768.7,1760783839951
1055,441,463924.5,1760783840107
1055,441,464079.6,1760783840262
1055,441,464242,1760783840425
1055,441,464377.3,1760783840560
1055,441,464516.1,1760783840699
1055,441,464749.9,1760783840933
1055,441,464912.3,1760783841095
1055,441,465061.6,1760783841244
1055,441,465218.9,1760783841401
1055,441,465357.7,1760783841540
1055,441,465520,1760783841702
1055,441,465662.4,1760783841845
1055,441,465823.7,1760783842006
1055,441,465961.1,1760783842144
1055,441,466099.7,1760783842282
1055,441,466242.1,1760783842425
1055,441,466404.5,1760783842587
1055,441,466543.9,1760783842726
1055,441,466699.9,1760783842883
1055,441,466839,1760783843022
1055,441,466982,1760783843165
1055,441,467146.1,1760783843329
1055,441,467283.2,1760783843466
1055,441,467444.4,1760783843627
1055,441,467581,1760783843764
1055,441,467721.1,1760783843904
1055,441,467869.6,1760783844052
1055,441,468021.6,1760783844204
1055,441,468170.4,1760783844353
1055,441,468374.4,1760783844557
1055,441,468559.5,1760783844742
1055,441,468705.5,1760783844888
1055,441,468867.4,1760783845050
1055,441,469005.6,1760783845188
1055,441,469162.3,1760783845345
1055,441,469333,1760783845516
1055,441,469474,1760783845657
1055,441,469633,1760783845816
1055,441,469775.3,1760783845958
1055,441,469941.5,1760783846123
1055,441,470077.8,1760783846260
1055,441,470213.8,1760783846396
1055,441,470357.9,1760783846540
1055,441,470519.4,1760783846702
1055,441,470658.6,1760783846841
1055,441,470819,1760783847001
1055,441,470957.2,1760783847139
1055,441,471101.3,1760783847284
1055,441,471265.3,1760783847448
1055,441,471400.2,1760783847583
1055,441,471561,1760783847743
1055,441,471698.7,1760783847881
1055,441,471836.5,1760783848018
1055,441,471999.5,1760783848181
1055,441,472140.2,1760783848322
1055,441,472291.6,1760783848474
1055,441,472462.7,1760783848645
1055,441,472606.1,1760783848789
1055,441,472767.2,1760783848950
1055,441,472908.1,1760783849091
1055,441,473114,1760783849296
1055,441,473287.1,1760783849470
1055,441,473447.8,1760783849630
1055,441,473607.7,1760783849790
1055,441,473754.6,1760783849937
1055,441,473906,1760783850088
1055,441,474046.6,1760783850229
1055,441,474183.9,1760783850367
1055,441,474332.1,1760783850515
1055,441,474495.8,1760783850678
1055,441,474634.3,1760783850817
1055,441,474817.4,1760783851000
1055,441,474964.1,1760783851147
1055,441,475124.8,1760783851307
1055,441,475270.4,1760783851452
1055,441,475429.5,1760783851611
1055,441,475572.7,1760783851755
1055,441,475730.4,1760783851912
1055,441,475871.3,1760783852054
1055,441,476008.1,1760783852191
1055,441,476166.7,1760783852349
1055,441,476301.2,1760783852484
1055,441,476454.1,1760783852637
1055,441,476590.8,1760783852773
1055,441,476732.4,1760783852915
1055,441,476907.1,1760783853090
1055,441,477047.3,1760783853230
1055,441,477213.6,1760783853396
1055,441,477412.3,1760783853595
1055,441,477590,1760783853773
1055,441,477762.5,1760783853945
1055,441,477893.1,1760783854076
1055,441,478035.7,1760783854218
1055,441,478260.6,1760783854443
1055,441,478434.4,1760783854617
1055,441,478572.1,1760783854755
1055,441,478717.3,1760783854900
1055,441,478880.7,1760783855063
1055,441,479023.1,1760783855206
1055,441,479188.5,1760783855371
1055,441,479324.8,1760783855507
1055,441,479487.8,1760783855670
1055,441,479632.5,1760783855815
1055,441,479792.5,1760783855975
1055,441,479928.3,1760783856111
1055,441,480074.9,1760783856257
1055,441,480220.4,1760783856403
1055,441,480364.2,1760783856547
1055,441,480528.9,1760783856711
1055,441,480662.7,1760783856845
1055,441,480809.5,1760783856991
1055,441,480979.9,1760783857162
1055,441,481118.4,1760783857300
1055,441,481272.7,1760783857455
1055,441,481405.3,1760783857588
1055,441,481548.2,1760783857731
1055,441,481696.9,1760783857879
1055,441,481864,1760783858047
1055,441,482004.6,1760783858187
1055,441,482167.9,1760783858350
1055,441,482307.9,1760783858490
1055,441,482472.6,1760783858655
1055,441,482608.8,1760783858791
1055,441,482775.5,1760783858958
1055,441,482913.1,1760783859096
1055,441,483058.2,1760783859241
1055,441,483215.6,1760783859398
1055,441,483355.7,1760783859538
1055,441,483496.3,1760783859679
1055,441,483655.4,1760783859838
1055,441,483790,1760783859973
1055,441,483946.5,1760783860129
1055,441,484103.6,1760783860286
1055,441,484243.6,1760783860426
1055,441,484402.1,1760783860585
1055,441,484569.6,1760783860752
1055,441,484726.4,1760783860909
1055,441,484868.5,1760783861051
1055,441,485021.7,1760783861204
1055,441,485187.4,1760783861370
1055,441,485329.2,1760783861512
1055,441,485519.3,1760783861702
1055,441,485682.7,1760783861865
1055,441,485842.1,1760783862025
1055,441,486003.5,1760783862186
1055,441,486207.2,1760783862390
1055,441,486355.8,1760783862538
1055,441,486491.1,1760783862674
1055,441,486632.2,1760783862815
1055,441,486804.5,1760783862987
1055,441,486943.5,1760783863125
1055,441,487109.9,1760783863292
1055,441,487268.1,1760783863450
1055,441,487416,1760783863598
1055,441,487564.1,1760783863746
1055,441,487697.3,1760783863879
1055,441,487865,1760783864047
1055,441,488003.8,1760783864186
1046,410,488159.2,1760783864341
1023,332,488380,1760783864562
959,301,488559.4,1760783864741
907,266,488742.2,1760783864924
906,266,488899.9,1760783865082
886,284,489111.7,1760783865293
872,301,489302.3,1760783865484
858,313,489461.6,1760783865643
857,313,489663.3,1760783865845
857,313,489838.5,1760783866020
857,313,489999.7,1760783866182
889,405,490200.7,1760783866383
895,420,490393.1,1760783866575
895,423,490575.4,1760783866757
895,423,490732.9,1760783866915
895,423,490921.1,1760783867103
895,423,491071.2,1760783867253
895,423,491259.5,1760783867441
895,423,491416.8,1760783867599
895,423,491579.2,1760783867761
895,423,491717.2,1760783867899
895,423,491882.8,1760783868065
895,423,492015.7,1760783868198
895,423,492158.5,1760783868340
895,423,492316.6,1760783868498
895,423,492453.6,1760783868635
895,423,492644.1,1760783868826
