537,308,4899.299999997,1760722264635
537,308,5224.1000000089,1760722264960
537,308,5523.400000006,1760722265259
537,308,5945.6000000089,1760722265681
537,308,6241.400000006,1760722265977
537,308,6554.1000000089,1760722266290
537,308,6810.400000006,1760722266546
537,308,7043.200000003,1760722266779
537,308,7301.6000000089,1760722267037
537,308,7517.200000003,1760722267253
537,308,7707.799999997,1760722267443
537,308,7918.900000006,1760722267654
537,308,8107.6000000089,1760722267843
537,308,8330.400000006,1760722268066
537,308,8566,1760722268302
537,308,8779.1000000089,1760722268515
537,308,8990.400000006,1760722268726
537,308,9233,1760722268969
537,308,9442.200000003,1760722269178
537,308,9624.5,1760722269360
537,308,9807.400000006,1760722269543
537,308,9982.200000003,1760722269718
537,308,10172.100000009,1760722269908
537,308,10353.600000009,1760722270089
537,308,10515.700000003,1760722270251
537,308,10687.100000009,1760722270423
537,308,10889.400000006,1760722270625
537,308,11047.900000006,1760722270783
537,308,11212.900000006,1760722270948
537,308,11384,1760722271120
537,308,11558.5,1760722271294
537,308,11722.299999997,1760722271459
537,308,11883.100000009,1760722271619
537,308,12033.100000009,1760722271769
537,308,12225.700000003,1760722271961
537,308,12410.299999997,1760722272146
537,308,12573.799999997,1760722272309
537,308,12723.700000003,1760722272459
537,308,12898.5,1760722272634
537,308,13081,1760722272816
537,308,13372.799999997,1760722273108
537,308,13552.900000006,1760722273288
537,308,13734.200000003,1760722273470
537,308,13897.299999997,1760722273633
537,308,14065.400000006,1760722273801
537,308,14259.600000009,1760722273995
537,308,14424.5,1760722274160
537,308,14592.5,1760722274328
537,308,14778.600000009,1760722274515
537,308,14954.600000009,1760722274690
537,308,15124,1760722274860
537,308,15282.5,1760722275018
537,308,15440.900000006,1760722275176
537,308,15601.299999997,1760722275337
537,308,15756.700000003,1760722275492
537,308,15931.900000006,1760722275667
537,308,16083,1760722275819
537,308,16241.100000009,1760722275977
537,308,16404.299999997,1760722276140
537,308,16563.200000003,1760722276299
537,308,16724.600000009,1760722276460
537,308,16875.100000009,1760722276611
537,308,17034.799999997,1760722276770
537,308,17194.400000006,1760722276930
537,308,17344.299999997,1760722277080
537,308,17525.900000006,1760722277261
537,308,17679.600000009,1760722277415
537,308,17829.299999997,1760722277565
537,308,17995.100000009,1760722277731
537,308,18171.5,1760722277907
537,308,18378,1760722278113
537,308,18546.299999997,1760722278282
537,308,18729.700000003,1760722278465
537,308,18907.200000003,1760722278643
537,308,19074.100000009,1760722278810
537,308,19255.600000009,1760722278991
537,308,19422.799999997,1760722279158
537,308,19600.900000006,1760722279336
537,308,19752,1760722279487
537,308,19899.200000003,1760722279635
537,308,20079.200000003,1760722279815
537,308,20376.5,1760722280112
537,308,20552.900000006,1760722280288
537,308,20749.900000006,1760722280485
537,308,20939.200000003,1760722280675
537,308,21122.200000003,1760722280858
537,308,21291.200000003,1760722281027
537,308,21459.5,1760722281195
537,308,21634.5,1760722281370
537,308,21798.200000003,1760722281534
537,308,21951.600000009,1760722281687
537,308,22101.200000003,1760722281837
537,308,22280.700000003,1760722282016
537,308,22433.900000006,1760722282169
537,308,22603,1760722282339
537,308,22761.400000006,1760722282497
537,308,22918.299999997,1760722282654
537,308,23094.400000006,1760722282830
1262,396,23270.900000006,1760722283006
1278,387,23463.700000003,1760722283199
1317,328,23807.600000009,1760722283543
1299,307,24035.400000006,1760722283771
1277,308,24223.100000009,1760722283959
1269,303,24417.5,1760722284153
1269,303,24562.799999997,1760722284298
1269,303,24817.200000003,1760722284553
1269,303,25009.400000006,1760722284745
1269,303,25166.100000009,1760722284902
1269,303,25325.400000006,1760722285061
1269,303,25486.600000009,1760722285222
1269,303,25668.700000003,1760722285404
1269,303,25835.299999997,1760722285571
1269,303,25993.5,1760722285729
1269,303,26162.799999997,1760722285898
1269,303,26352.400000006,1760722286088
1269,303,26510.700000003,1760722286246
1269,303,26682.600000009,1760722286418
1269,303,26877.799999997,1760722286613
1269,303,27030.299999997,1760722286766
1269,303,27184.600000009,1760722286920
1269,303,27465.100000009,1760722287201
1269,303,27614.900000006,1760722287350
1269,303,27802.5,1760722287538
1269,303,27967.400000006,1760722287703
1269,303,28134.5,1760722287870
1269,303,28289.200000003,1760722288025
1269,303,28441.900000006,1760722288177
1269,303,28605.299999997,1760722288341
1269,303,28751,1760722288487
1269,303,28904.799999997,1760722288640
1269,303,29058,1760722288794
1269,303,29209.400000006,1760722288945
1269,303,29386.200000003,1760722289122
1269,303,29544,1760722289280
1269,303,29690,1760722289425
1269,303,29834.100000009,1760722289570
1269,303,30005.600000009,1760722289741
1269,303,30161.799999997,1760722289897
1269,303,30337.600000009,1760722290073
1269,303,30513.799999997,1760722290249
1269,303,30663.700000003,1760722290399
1269,303,30952,1760722290688
1269,303,31142.799999997,1760722290878
1269,303,31297.799999997,1760722291033
1269,303,31488.100000009,1760722291224
1269,303,31646.200000003,1760722291382
1269,303,31803.900000006,1760722291539
1269,303,31968.400000006,1760722291704
1269,303,32130.200000003,1760722291866
1269,303,32302.900000006,1760722292038
1269,303,32464.299999997,1760722292200
1269,303,32650.100000009,1760722292386
1269,303,32861.299999997,1760722292597
1269,303,33012.5,1760722292748
1269,303,33165.5,1760722292901
1269,303,33323,1760722293058
1269,303,33490.5,1760722293226
1269,303,33655.700000003,1760722293392
1269,303,33810.600000009,1760722293546
1269,303,33969.5,1760722293705
1269,303,34135,1760722293871
1269,303,34297.200000003,1760722294033
1269,303,34454.400000006,1760722294190
1269,303,34613,1760722294349
1269,303,34769.400000006,1760722294505
1269,303,34928.5,1760722294664
1269,303,35090.900000006,1760722294826
1269,303,35258.799999997,1760722294996
1269,303,35440.200000003,1760722295176
1269,303,35618.600000009,1760722295354
1269,303,35784,1760722295519
1269,303,35950.200000003,1760722295686
1269,303,36231.5,1760722295967
1186,419,36434.900000006,1760722296171
1177,447,36617.799999997,1760722296354
1177,447,36803.600000009,1760722296539
856,552,36975.299999997,1760722296711
856,552,37179.799999997,1760722296915
854,553,37468.400000006,1760722297204
826,571,37700.5,1760722297436
822,572,37957,1760722297692
821,573,38200.5,1760722297936
821,574,38403.299999997,1760722298139
821,574,38624.400000006,1760722298360
821,574,38792.799999997,1760722298528
821,574,38986.200000003,1760722298722
821,574,39147.700000003,1760722298883
821,574,39316.200000003,1760722299052
821,574,39501.600000009,1760722299237
821,574,39653.200000003,1760722299389
821,574,39807.400000006,1760722299543
821,574,39971.900000006,1760722299707
821,574,40118.299999997,1760722299854
821,574,40287.100000009,1760722300023
821,574,40484.299999997,1760722300220
821,574,40654.5,1760722300390
821,574,40823.200000003,1760722300559
821,574,40994.700000003,1760722300730
821,574,41171.900000006,1760722300907
821,574,41360.100000009,1760722301096
821,574,41669.400000006,1760722301405
821,574,41848.799999997,1760722301584
821,574,42021.400000006,1760722301757
821,574,42201.200000003,1760722301937
821,574,42387.400000006,1760722302123
821,574,42565.600000009,1760722302301
821,574,42738.799999997,1760722302474
821,574,42937.299999997,1760722302673
821,574,43107.600000009,1760722302843
821,574,43316.600000009,1760722303052
579,319,43511.200000003,1760722303247
527,257,43705.799999997,1760722303441
562,223,43902.799999997,1760722303638
563,217,44123.200000003,1760722303859
563,217,44299.400000006,1760722304035
563,217,44462.100000009,1760722304198
563,217,44645.200000003,1760722304381
563,217,44811,1760722304547
563,217,44984.299999997,1760722304720
563,217,45148.600000009,1760722304884
563,217,45322.5,1760722305058
563,217,45495.600000009,1760722305231
563,217,45682.100000009,1760722305419
563,217,45877.799999997,1760722305613
563,217,46077.799999997,1760722305813
563,217,46251.799999997,1760722305987
563,217,46418.5,1760722306154
563,217,46590,1760722306326
563,217,46761.299999997,1760722306497
563,217,46914.100000009,1760722306650
563,217,47071.400000006,1760722306807
563,217,47225.299999997,1760722306961
563,217,47416,1760722307151
653,165,47584.400000006,1760722307320
652,162,47762.799999997,1760722307498
813,206,47952.400000006,1760722307688
814,208,48132.200000003,1760722307868
818,230,48332.400000006,1760722308068
818,235,48646.600000009,1760722308382
818,235,48826.799999997,1760722308562
823,289,49034.200000003,1760722308770
824,306,49238.100000009,1760722308974
823,310,49435.100000009,1760722309171
823,310,49591.400000006,1760722309327
823,310,49753.400000006,1760722309489
805,468,49936,1760722309672
807,482,50110.799999997,1760722309846
807,482,50302.600000009,1760722310038
888,463,50482.799999997,1760722310218
902,464,50678.900000006,1760722310415
878,465,50867.100000009,1760722310603
872,465,51041.600000009,1760722310777
872,465,51301.400000006,1760722311037
872,465,51694.100000009,1760722311430
866,513,51955.900000006,1760722311691
866,517,52212.100000009,1760722311948
866,517,52673.900000006,1760722312409
866,517,53079.100000009,1760722312815
866,517,53364,1760722313100
866,517,53638.100000009,1760722313374
866,517,53857.100000009,1760722313593
866,517,54087.900000006,1760722313823
866,517,54333.5,1760722314069
866,517,54488,1760722314224
866,517,54658.100000009,1760722314394
666,409,54839.299999997,1760722314575
593,363,55067.200000003,1760722314803
575,330,55311,1760722315046
574,330,55754.400000006,1760722315490
578,306,56004.700000003,1760722315740
578,306,56259,1760722315994
578,306,56455.600000009,1760722316191
578,306,56658.900000006,1760722316394
578,306,56863.900000006,1760722316599
578,306,57129.100000009,1760722316865
578,306,57317.100000009,1760722317053
578,306,57475.799999997,1760722317211
578,306,57623.400000006,1760722317359
578,306,57775.5,1760722317511
578,306,57932.200000003,1760722317668
578,306,58073.200000003,1760722317809
578,306,58225.400000006,1760722317961
578,306,58383.799999997,1760722318119
578,306,58633.400000006,1760722318369
578,306,58806.900000006,1760722318542
578,306,58955.900000006,1760722318691
578,306,59114.200000003,1760722318850
578,306,59270.100000009,1760722319006
578,306,59432.299999997,1760722319168
578,306,59584.400000006,1760722319320
578,306,59726.900000006,1760722319462
578,306,59881.600000009,1760722319617
578,306,60040.400000006,1760722319776
578,306,60202,1760722319938
578,306,60404.100000009,1760722320140
578,306,60628.700000003,1760722320364
578,306,60774.400000006,1760722320510
578,306,60932.5,1760722320668
578,306,61101.600000009,1760722320837
578,306,61271.100000009,1760722321007
578,306,61423.100000009,1760722321159
578,306,61580.100000009,1760722321316
578,306,61752.100000009,1760722321488
578,306,61902.799999997,1760722321638
578,306,62055.799999997,1760722321791
578,306,62215.5,1760722321951
578,306,62369.200000003,1760722322105
578,306,62523.400000006,1760722322259
578,306,62683,1760722322419
578,306,62831.799999997,1760722322567
578,306,62988.900000006,1760722322724
578,306,63169.600000009,1760722322905
578,306,63462.700000003,1760722323199
578,306,63639.5,1760722323375
578,306,63826.299999997,1760722323562
578,306,64009.299999997,1760722323745
578,306,64183.200000003,1760722323919
578,306,64336.5,1760722324072
578,306,64500.100000009,1760722324236
578,306,64687.600000009,1760722324423
578,306,64884.600000009,1760722324620
578,306,65046.600000009,1760722324782
578,306,65227.100000009,1760722324963
578,306,65433.100000009,1760722325169
578,306,65804.700000003,1760722325540
578,306,66162.200000003,1760722325898
578,306,66343.299999997,1760722326080
578,306,66499.100000009,1760722326235
578,306,66668,1760722326404
578,306,66831.700000003,1760722326567
578,306,66999.200000003,1760722326735
578,306,67146.900000006,1760722326882
578,306,67304.700000003,1760722327040
578,306,67444.200000003,1760722327180
578,306,67588.100000009,1760722327324
578,306,67726.5,1760722327462
578,306,67887.100000009,1760722327623
578,306,68045.299999997,1760722327781
578,306,68193.900000006,1760722327929
578,306,68358,1760722328094
578,306,68523.400000006,1760722328259
578,306,68671.700000003,1760722328407
578,306,68837.600000009,1760722328573
578,306,68999.900000006,1760722328735
578,306,69155.400000006,1760722328891
578,306,69323.600000009,1760722329059
578,306,69506.799999997,1760722329242
578,306,69666.5,1760722329402
578,306,69812.600000009,1760722329548
578,306,69975,1760722329710
578,306,70155.799999997,1760722329891
578,306,70310.700000003,1760722330046
578,306,70603.200000003,1760722330339
578,306,70767,1760722330503
578,306,70947.900000006,1760722330683
578,306,71106.100000009,1760722330842
578,306,71315.799999997,1760722331051
578,306,71481.700000003,1760722331217
578,306,71629.5,1760722331365
578,306,71783.400000006,1760722331519
578,306,71921.600000009,1760722331657
578,306,72082.799999997,1760722331818
578,306,72238.299999997,1760722331974
578,306,72403.5,1760722332139
578,306,72543.600000009,1760722332279
578,306,72705.600000009,1760722332441
578,306,72862.900000006,1760722332598
578,306,73023.799999997,1760722332759
578,306,73180.100000009,1760722332916
578,306,73350.799999997,1760722333086
578,306,73513.200000003,1760722333249
578,306,73668.900000006,1760722333404
578,306,73825.299999997,1760722333561
578,306,73983.400000006,1760722333719
578,306,74128.100000009,1760722333864
578,306,74482.299999997,1760722334218
578,306,74751,1760722334487
578,306,74899.5,1760722334635
578,306,75046.5,1760722334782
578,306,75196,1760722334931
578,306,75608.600000009,1760722335344
578,306,75809.400000006,1760722335545
578,306,75970.200000003,1760722335706
578,306,76121.5,1760722335857
578,306,76264.100000009,1760722336000
578,306,76417.299999997,1760722336153
578,306,76565.299999997,1760722336301
578,306,76708.299999997,1760722336444
578,306,76851.5,1760722336587
578,306,76977.900000006,1760722336713
578,306,77115.700000003,1760722336851
578,306,77370.400000006,1760722337106
578,306,77539.299999997,1760722337275
578,306,77700.200000003,1760722337436
578,306,77844.799999997,1760722337580
578,306,78007.5,1760722337743
578,306,78161.600000009,1760722337897
578,306,78308.900000006,1760722338044
578,306,78457.400000006,1760722338193
578,306,78606,1760722338342
578,306,78761.799999997,1760722338497
578,306,78903.700000003,1760722338639
578,306,79057.100000009,1760722338793
578,306,79207.299999997,1760722338943
578,306,79359,1760722339095
578,306,79504,1760722339240
578,306,79653.100000009,1760722339389
578,306,79803.799999997,1760722339539
578,306,79947.900000006,1760722339683
578,306,80103.200000003,1760722339839
578,306,80286.600000009,1760722340022
578,306,80431.900000006,1760722340168
578,306,80615.100000009,1760722340351
578,306,80767.100000009,1760722340503
578,306,80910,1760722340645
578,306,81059.5,1760722340795
578,306,81205.900000006,1760722340941
578,306,81348,1760722341083
578,306,81508.5,1760722341244
578,306,81662.200000003,1760722341398
578,306,81820.100000009,1760722341556
578,306,81964.600000009,1760722341700
578,306,82108.799999997,1760722341844
578,306,82253.400000006,1760722341989
578,306,82411.200000003,1760722342147
578,306,82566,1760722342302
578,306,82707.5,1760722342443
578,306,82960.100000009,1760722342696
578,306,83134.100000009,1760722342870
578,306,83305.700000003,1760722343041
578,306,83471.200000003,1760722343207
578,306,83622.100000009,1760722343358
578,306,83786.799999997,1760722343522
578,306,83942.200000003,1760722343678
578,306,84112.600000009,1760722343848
578,306,84262.400000006,1760722343998
578,306,84435.5,1760722344171
578,306,84596,1760722344331
578,306,84750.900000006,1760722344486
578,306,84915.900000006,1760722344652
578,306,85058.600000009,1760722344794
578,306,85199.299999997,1760722344935
578,306,85347.200000003,1760722345083
578,306,85500.400000006,1760722345236
578,306,85671.100000009,1760722345407
578,306,85824,1760722345560
578,306,85975.799999997,1760722345711
578,306,86128.400000006,1760722345864
578,306,86274.299999997,1760722346010
578,306,86427.299999997,1760722346163
578,306,86572.900000006,1760722346308
578,306,86729,1760722346465
578,306,86913.5,1760722346649
578,306,87067.200000003,1760722346803
578,306,87217.799999997,1760722346953
578,306,87377.799999997,1760722347113
578,306,87534.299999997,1760722347270
578,306,87682.5,1760722347418
578,306,87952.600000009,1760722347688
578,306,88126.200000003,1760722347862
578,306,88291.700000003,1760722348027
578,306,88447.100000009,1760722348183
578,306,88606.200000003,1760722348342
578,306,88773.799999997,1760722348509
578,306,88934.799999997,1760722348670
578,306,89080.700000003,1760722348816
578,306,89222.799999997,1760722348958
578,306,89381.5,1760722349117
578,306,89540,1760722349276
578,306,89693.900000006,1760722349429
578,306,89846.900000006,1760722349582
578,306,90000.100000009,1760722349736
578,306,90143.200000003,1760722349879
578,306,90305.799999997,1760722350041
578,306,90472.100000009,1760722350208
578,306,90611.799999997,1760722350347
578,306,90761.900000006,1760722350497
578,306,90910.100000009,1760722350646
578,306,91046.200000003,1760722350782
578,306,91198.299999997,1760722350934
578,306,91364.200000003,1760722351100
578,306,91514.100000009,1760722351250
578,306,91687.5,1760722351423
578,306,91836.600000009,1760722351572
578,306,91983.100000009,1760722351719
578,306,92131.700000003,1760722351867
578,306,92279.799999997,1760722352015
578,306,92434.299999997,1760722352170
578,306,92583.600000009,1760722352319
578,306,92848.5,1760722352584
578,306,93019.600000009,1760722352755
578,306,93179,1760722352915
578,306,93328.400000006,1760722353064
578,306,93476.700000003,1760722353212
578,306,93642,1760722353378
578,306,93791.200000003,1760722353527
578,306,93950.700000003,1760722353686
578,306,94089.299999997,1760722353825
578,306,94243.100000009,1760722353979
578,306,94398.900000006,1760722354134
578,306,94542.200000003,1760722354278
578,306,94690.200000003,1760722354426
578,306,94843.799999997,1760722354579
578,306,94996.100000009,1760722354732
578,306,95151,1760722354886
578,306,95313.900000006,1760722355049
578,306,95472.400000006,1760722355208
578,306,95629.100000009,1760722355365
578,306,95783.100000009,1760722355519
578,306,95943.799999997,1760722355679
578,306,96122.299999997,1760722355858
578,306,96265.100000009,1760722356001
578,306,96421.400000006,1760722356157
578,306,96579.600000009,1760722356315
578,306,96726.600000009,1760722356462
578,306,96886.299999997,1760722356622
578,306,97033.900000006,1760722356769
578,306,97199.200000003,1760722356935
578,306,97356.5,1760722357092
578,306,97504.700000003,1760722357240
578,306,97654.299999997,1760722357390
578,306,97819.400000006,1760722357555
578,306,98072.5,1760722357808
578,306,98252,1760722357988
578,306,98409.5,1760722358145
578,306,98567.600000009,1760722358303
578,306,98711.900000006,1760722358447
578,306,98859.100000009,1760722358595
578,306,99009.799999997,1760722358745
578,306,99155.5,1760722358891
578,306,99306,1760722359042
578,306,99445.200000003,1760722359181
578,306,99594.600000009,1760722359330
578,306,99746.200000003,1760722359482
578,306,99900,1760722359635
578,306,100055.7,1760722359791
578,306,100202.7,1760722359938
578,306,100354,1760722360090
578,306,100510.60000001,1760722360246
578,306,100647.3,1760722360383
578,306,100790.90000001,1760722360526
578,306,100945.3,1760722360681
578,306,101101.2,1760722360837
578,306,101246.3,1760722360982
578,306,101397.60000001,1760722361133
578,306,101557.90000001,1760722361293
578,306,101708.8,1760722361444
578,306,101878.2,1760722361614
578,306,102051.5,1760722361787
578,306,102191.3,1760722361927
578,306,102464,1760722362199
578,306,102619.5,1760722362355
578,306,102794.2,1760722362530
578,306,102936,1760722362671
578,306,103103.8,1760722362839
578,306,103256.3,1760722362992
578,306,103417.3,1760722363153
578,306,103557.40000001,1760722363293
578,306,103708.40000001,1760722363444
578,306,103865.8,1760722363601
578,306,104013.7,1760722363749
578,306,104163.2,1760722363899
578,306,104309.40000001,1760722364045
578,306,104466.8,1760722364202
578,306,104625.90000001,1760722364361
578,306,104774.8,1760722364510
578,306,104934.90000001,1760722364670
578,306,105106.40000001,1760722364842
578,306,105259.60000001,1760722364995
578,306,105432.60000001,1760722365168
578,306,105603.10000001,1760722365339
578,306,105814.90000001,1760722365550
578,306,105981.60000001,1760722365717
578,306,106144.3,1760722365880
578,306,106307.90000001,1760722366043
578,306,106489.2,1760722366225
578,306,106643.8,1760722366379
578,306,106898,1760722366634
578,306,107062.3,1760722366798
578,306,107225.5,1760722366961
578,306,107391.7,1760722367127
578,306,107545.10000001,1760722367281
578,306,107695.90000001,1760722367431
578,306,107845.10000001,1760722367581
578,306,108007.3,1760722367743
578,306,108158.5,1760722367894
578,306,108329.40000001,1760722368065
578,306,108481.40000001,1760722368217
578,306,108638.10000001,1760722368374
578,306,108795.8,1760722368531
578,306,108936.10000001,1760722368672
578,306,109097.10000001,1760722368833
578,306,109244.40000001,1760722368980
578,306,109425.90000001,1760722369161
578,306,109585.60000001,1760722369321
578,306,109747.5,1760722369483
578,306,109901.8,1760722369637
578,306,110054.8,1760722369790
578,306,110225.7,1760722369961
578,306,110402,1760722370138
578,306,110559.2,1760722370295
578,306,110817.7,1760722370553
578,306,110987.10000001,1760722370723
578,306,111150.5,1760722370886
578,306,111333.10000001,1760722371069
578,306,111544.5,1760722371280
578,306,111731.7,1760722371467
578,306,111894.2,1760722371630
578,306,112073.60000001,1760722371809
578,306,112236.60000001,1760722371972
578,306,112391.5,1760722372127
578,306,112552.90000001,1760722372288
578,306,112698.3,1760722372434
578,306,112859.8,1760722372595
578,306,113008,1760722372744
578,306,113161.10000001,1760722372897
578,306,113326.10000001,1760722373062
578,306,113498,1760722373234
578,306,113696.8,1760722373432
578,306,113842.10000001,1760722373578
578,306,113999.90000001,1760722373735
578,306,114163.40000001,1760722373899
578,306,114339.8,1760722374075
578,306,114503.5,1760722374239
578,306,114676.90000001,1760722374412
578,306,114838.10000001,1760722374574
578,306,115004.60000001,1760722374740
578,306,115162.60000001,1760722374898
578,306,115310.40000001,1760722375046
578,306,115466.40000001,1760722375202
578,306,115711.7,1760722375447
578,306,115867.60000001,1760722375603
578,306,116039.5,1760722375775
578,306,116225.10000001,1760722375961
578,306,116383.8,1760722376119
578,306,116545.3,1760722376281
673,279,116740.40000001,1760722376476
983,272,116936.40000001,1760722376672
1167,269,117129.7,1760722376865
1238,291,117328.10000001,1760722377064
1248,293,117529.2,1760722377265
1257,298,117718.10000001,1760722377454
1257,298,118041.3,1760722377777
1257,298,118281.3,1760722378017
1257,298,118541.40000001,1760722378277
1257,298,118716.3,1760722378452
1257,298,118879.60000001,1760722378615
1257,298,119030.40000001,1760722378766
1257,298,119230.90000001,1760722378966
1257,298,119381.60000001,1760722379117
1257,298,119516,1760722379252
1257,298,119806.10000001,1760722379542
1257,298,120032.3,1760722379768
1257,298,120200.60000001,1760722379936
1257,298,120366.5,1760722380102
1257,298,120524.3,1760722380260
1257,298,120678.60000001,1760722380414
1257,298,120835.3,1760722380571
1257,298,120980.60000001,1760722380716
1257,298,121135.2,1760722380871
1257,298,121288.60000001,1760722381024
1257,298,121444.10000001,1760722381180
1257,298,121599.10000001,1760722381335
1257,298,121763.5,1760722381499
1257,298,121930.8,1760722381666
1257,298,122096.7,1760722381832
1257,298,122256.60000001,1760722381992
1257,298,122418.5,1760722382154
1257,298,122572.40000001,1760722382308
1257,298,122723.2,1760722382459
1257,298,122868.3,1760722382604
1257,298,123015,1760722382751
1257,298,123162.5,1760722382898
1257,298,123437.5,1760722383173
1257,298,123584.7,1760722383320
1257,298,123733.3,1760722383469
1257,298,123903.2,1760722383639
1257,298,124066,1760722383801
1257,298,124211.90000001,1760722383947
1257,298,124366.5,1760722384102
1257,298,124521.5,1760722384257
1257,298,124669.10000001,1760722384405
1257,298,124818.90000001,1760722384554
1257,298,124984.2,1760722384720
1257,298,125139.5,1760722384875
1257,298,125309.3,1760722385045
1257,298,125462.2,1760722385198
1257,298,125625.7,1760722385361
1257,298,125777,1760722385513
1257,298,125940.2,1760722385676
1257,298,126093.10000001,1760722385829
1257,298,126241.7,1760722385977
1257,298,126384.60000001,1760722386120
1257,298,126548.8,1760722386284
1257,298,126701.5,1760722386437
1257,298,126851,1760722386587
1257,298,127016.60000001,1760722386752
1257,298,127183.40000001,1760722386919
1257,298,127338.90000001,1760722387074
1257,298,127482.2,1760722387218
1257,298,127627.60000001,1760722387363
1257,298,127814.90000001,1760722387550
1257,298,127981.60000001,1760722387717
1257,298,128160.5,1760722387896
1257,298,128356.5,1760722388092
1257,298,128511.2,1760722388247
1257,298,128700.10000001,1760722388436
1257,298,128862.10000001,1760722388598
1257,298,129026.10000001,1760722388762
1257,298,129205.7,1760722388941
1257,298,129363.8,1760722389099
1257,298,129616.60000001,1760722389353
1257,298,129812.2,1760722389548
1257,298,130014.3,1760722389750
1257,298,130160,1760722389895
1257,298,130311,1760722390047
1257,298,130462.8,1760722390198
1257,298,130606.8,1760722390342
1257,298,130777,1760722390512
1257,298,130926.5,1760722390662
1257,298,131099.5,1760722390835
1257,298,131275.2,1760722391011
1257,298,131430.40000001,1760722391166
1257,298,131588.5,1760722391324
1257,298,131743.8,1760722391479
1257,298,131905.8,1760722391641
1257,298,132067.8,1760722391803
1257,298,132233.2,1760722391969
1257,298,132406.5,1760722392142
1257,298,132554.60000001,1760722392290
1257,298,132706,1760722392441
1257,298,132869.8,1760722392605
1257,298,133024.7,1760722392761
1257,298,133272.60000001,1760722393008
1257,298,133428.60000001,1760722393164
1257,298,133584.7,1760722393320
1257,298,133746,1760722393482
1257,298,133906.3,1760722393642
1257,298,134063.3,1760722393799
1257,298,134211.8,1760722393947
1257,298,134375,1760722394110
1257,298,134530.2,1760722394266
1257,298,134683.8,1760722394419
1257,298,134829.90000001,1760722394565
1257,298,134985.8,1760722394721
1257,298,135147,1760722394883
1257,298,135301.8,1760722395037
1257,298,135443.3,1760722395179
1257,298,135595.60000001,1760722395331
1257,298,135753.7,1760722395490
1257,298,135915.2,1760722395651
1257,298,136078.90000001,1760722395814
1257,298,136275.7,1760722396011
1257,298,136431.2,1760722396167
1257,298,136595.8,1760722396331
1257,298,136751,1760722396486
1257,298,136884.5,1760722396620
1257,298,137037.90000001,1760722396773
1257,298,137203.3,1760722396939
1257,298,137363.5,1760722397099
1257,298,137505.5,1760722397241
1257,298,137656.3,1760722397392
1257,298,137872.60000001,1760722397608
1257,298,138025.2,1760722397761
1257,298,138186.10000001,1760722397922
1257,298,138347.60000001,1760722398083
1257,298,138489.7,1760722398225
1257,298,138633.60000001,1760722398369
1257,298,138789.2,1760722398525
1257,298,138940.40000001,1760722398676
1257,298,139086,1760722398822
1257,298,139227.40000001,1760722398963
1257,298,139378.90000001,1760722399114
1257,298,139527.60000001,1760722399263
1257,298,139674.90000001,1760722399410
1257,298,139833.5,1760722399569
1257,298,140008,1760722399744
1257,298,140160.10000001,1760722399896
1257,298,140334.90000001,1760722400070
1257,298,140498.7,1760722400234
1257,298,140655.60000001,1760722400391
1257,298,140808.60000001,1760722400544
1257,298,140953.3,1760722400689
1257,298,141098.5,1760722400834
1257,298,141266.40000001,1760722401002
1257,298,141454.40000001,1760722401190
1257,298,141621.5,1760722401357
1257,298,141774.2,1760722401510
1257,298,141920.10000001,1760722401656
1257,298,142071.3,1760722401807
1257,298,142211.10000001,1760722401947
1257,298,142363.3,1760722402099
1257,298,142610.7,1760722402346
1257,298,142771.3,1760722402507
1257,298,142919.2,1760722402655
1257,298,143064.10000001,1760722402800
1257,298,143237.5,1760722402973
1257,298,143396.8,1760722403132
1257,298,143550.90000001,1760722403286
1257,298,143707.3,1760722403443
1257,298,143851.2,1760722403587
1257,298,144005.90000001,1760722403741
1257,298,144149.10000001,1760722403885
1257,298,144315.2,1760722404051
1257,298,144474.8,1760722404210
1257,298,144625.90000001,1760722404362
1257,298,144774.90000001,1760722404511
1257,298,144928,1760722404664
1257,298,145070.8,1760722404806
1257,298,145217.8,1760722404953
1257,298,145381.5,1760722405117
1257,298,145528.5,1760722405264
1257,298,145672.60000001,1760722405408
1257,298,145817.7,1760722405553
1257,298,145985.60000001,1760722405721
1257,298,146134.10000001,1760722405870
1257,298,146283.10000001,1760722406019
1257,298,146447.8,1760722406183
1257,298,146589.10000001,1760722406325
1257,298,146757.5,1760722406493
1257,298,146926.40000001,1760722406662
1257,298,147070.90000001,1760722406806
1257,298,147316.90000001,1760722407053
1257,298,147462.40000001,1760722407198
1257,298,147617,1760722407353
1257,298,147789.60000001,1760722407525
1257,298,147925.8,1760722407661
1257,298,148077.3,1760722407813
1257,298,148231.3,1760722407967
1257,298,148414,1760722408150
1257,298,148570.90000001,1760722408306
1257,298,148736.60000001,1760722408472
1257,298,148883.3,1760722408619
1257,298,149031.5,1760722408767
1257,298,149185.40000001,1760722408921
1257,298,149370.90000001,1760722409106
1257,298,149534,1760722409270
1257,298,149698.40000001,1760722409434
1257,298,149868.3,1760722409604
1257,298,150013.60000001,1760722409749
1257,298,150164.60000001,1760722409900
1257,298,150311,1760722410047
1257,298,150460.60000001,1760722410196
1257,298,150604.60000001,1760722410340
1257,298,150746.7,1760722410482
1257,298,150894.5,1760722410631
1257,298,151042.3,1760722410778
1257,298,151192.3,1760722410928
1257,298,151350.8,1760722411086
1257,298,151499.10000001,1760722411235
1257,298,151646.90000001,1760722411382
1257,298,151788.8,1760722411524
1257,298,151978.5,1760722411714
1257,298,152216,1760722411952
1257,298,152385.8,1760722412121
1257,298,152537.8,1760722412273
1257,298,152702.90000001,1760722412439
1257,298,152844.2,1760722412580
1257,298,152987.90000001,1760722412723
1257,298,153144.3,1760722412880
1257,298,153295.40000001,1760722413031
1257,298,153449.8,1760722413185
1257,298,153615.10000001,1760722413351
1257,298,153772.5,1760722413508
1257,298,153928.2,1760722413664
1257,298,154083,1760722413818
1257,298,154235.2,1760722413971
1257,298,154391.2,1760722414127
1257,298,154544.2,1760722414280
1257,298,154697,1760722414433
1257,298,154853.8,1760722414589
1257,298,155003.40000001,1760722414739
1257,298,155155.3,1760722414891
1257,298,155317.2,1760722415053
1257,298,155465.5,1760722415201
1257,298,155629.60000001,1760722415365
1257,298,155777.3,1760722415513
1257,298,155924.40000001,1760722415660
1257,298,156068.5,1760722415804
1257,298,156302.5,1760722416038
1257,298,156468.8,1760722416204
1257,298,156624.2,1760722416360
1257,298,156767,1760722416503
1257,298,156928.2,1760722416664
1257,298,157088.40000001,1760722416824
1257,298,157243.90000001,1760722416979
1257,298,157387.5,1760722417123
1257,298,157535.10000001,1760722417271
1257,298,157695.60000001,1760722417431
1257,298,157849.3,1760722417585
1257,298,157990.7,1760722417726
1257,298,158139,1760722417875
1257,298,158288.5,1760722418024
1257,298,158450.3,1760722418186
1257,298,158612.60000001,1760722418348
1257,298,158760.3,1760722418496
1257,298,158914.3,1760722418650
1257,298,159056.60000001,1760722418792
1257,298,159205.3,1760722418941
1257,298,159366.3,1760722419102
1257,298,159517.8,1760722419253
1257,298,159670.8,1760722419406
1257,298,159819.10000001,1760722419555
1257,298,159970.3,1760722419706
1257,298,160116.90000001,1760722419852
1257,298,160268,1760722420004
1257,298,160422.7,1760722420158
1257,298,160575.5,1760722420311
1257,298,160727.8,1760722420463
1257,298,160964.90000001,1760722420700
1257,298,161123.5,1760722420859
1257,298,161277.5,1760722421013
1257,298,161427.40000001,1760722421163
1257,298,161585.8,1760722421321
1257,298,161732,1760722421468
1257,298,161880.8,1760722421616
1257,298,162040.2,1760722421776
1257,298,162183.3,1760722421919
1257,298,162322.2,1760722422058
1257,298,162496.3,1760722422232
1257,298,162647.5,1760722422383
1257,298,162786.2,1760722422522
1257,298,162959.90000001,1760722422695
1257,298,163116.90000001,1760722422852
1257,298,163277.40000001,1760722423013
1257,298,163436.90000001,1760722423172
1257,298,163591.90000001,1760722423327
1257,298,163748.3,1760722423484
1257,298,163888.10000001,1760722423624
1257,298,164028.60000001,1760722423764
1257,298,164171.7,1760722423907
1257,298,164327.90000001,1760722424063
1257,298,164471,1760722424207
1257,298,164629.90000001,1760722424365
1257,298,164776.40000001,1760722424512
1257,298,164928.40000001,1760722424664
1257,298,165085.60000001,1760722424821
1257,298,165221.10000001,1760722424957
1257,298,165452.40000001,1760722425188
1257,298,165611,1760722425347
1257,298,165774.10000001,1760722425510
1257,298,165926,1760722425662
1257,298,166078.10000001,1760722425814
1257,298,166230.10000001,1760722425966
1257,298,166404.5,1760722426140
1257,298,166545.8,1760722426281
1257,298,166699.90000001,1760722426435
1257,298,166841.90000001,1760722426577
1257,298,166995.2,1760722426731
1257,298,167145.2,1760722426881
1257,298,167288.90000001,1760722427024
1257,298,167436.2,1760722427172
1257,298,167638.5,1760722427374
1257,298,167794.60000001,1760722427530
1257,298,167960.60000001,1760722427696
1257,298,168119.7,1760722427855
1257,298,168279.10000001,1760722428015
1257,298,168427,1760722428163
1257,298,168588,1760722428324
1257,298,168728.2,1760722428464
1257,298,168883.10000001,1760722428619
1257,298,169042.5,1760722428778
1257,298,169200.5,1760722428936
1257,298,169354.10000001,1760722429090
1257,298,169494.5,1760722429230
1257,298,169711.40000001,1760722429447
1257,298,169878.10000001,1760722429614
1257,298,170038,1760722429774
1257,298,170181.8,1760722429917
1257,298,170352.40000001,1760722430088
1257,298,170514.10000001,1760722430250
1257,298,170657.2,1760722430393
1257,298,170795.60000001,1760722430531
1257,298,170936.3,1760722430672
1257,298,171094.10000001,1760722430830
1257,298,171242.40000001,1760722430978
1257,298,171399.10000001,1760722431135
1257,298,171554.2,1760722431290
1257,298,171711.60000001,1760722431447
1257,298,171859,1760722431595
1257,298,172007,1760722431743
1257,298,172157,1760722431893
1257,298,172296.8,1760722432032
1257,298,172451.8,1760722432187
1257,298,172606.8,1760722432342
1257,298,172750.60000001,1760722432486
1257,298,172904.2,1760722432640
1257,298,173053.8,1760722432789
1257,298,173194.5,1760722432930
1257,298,173350.3,1760722433086
1257,298,173495,1760722433231
1257,298,173640.3,1760722433376
1257,298,173815.2,1760722433551
1133,338,174000,1760722433736
1034,313,174171.8,1760722433908
894,330,174422.3,1760722434158
894,330,174604,1760722434340
894,330,174803.40000001,1760722434539
886,321,174990.10000001,1760722434726
886,321,175163.2,1760722434899
886,321,175325.90000001,1760722435061
886,321,175485.40000001,1760722435221
886,321,175638.10000001,1760722435374
886,321,175799.2,1760722435535
886,321,175954.8,1760722435691
886,321,176107.90000001,1760722435844
886,321,176258.10000001,1760722435994
886,321,176406,1760722436142
886,321,176551.7,1760722436287
886,321,176694.40000001,1760722436430
886,321,176852,1760722436587
886,321,177001.40000001,1760722436737
886,321,177142.2,1760722436878
886,321,177372.5,1760722437108
886,321,177512,1760722437247
886,321,177667.40000001,1760722437403
886,321,177827.5,1760722437563
886,321,177968.2,1760722437704
886,321,178122.5,1760722437858
886,321,178273.40000001,1760722438009
886,321,178434.3,1760722438170
886,321,178584.60000001,1760722438320
886,321,178746.2,1760722438482
886,321,178905.8,1760722438641
886,321,179058.8,1760722438794
886,321,179213.8,1760722438949
886,321,179376.2,1760722439112
886,321,179520.60000001,1760722439256
886,321,179683.2,1760722439419
886,321,179870.90000001,1760722439606
886,321,180026.7,1760722439762
886,321,180170.2,1760722439906
886,321,180426.7,1760722440162
886,321,180585.7,1760722440321
886,321,180731.5,1760722440467
886,321,180884.5,1760722440620
886,321,181036.60000001,1760722440772
886,321,181197.3,1760722440933
886,321,181352.40000001,1760722441088
886,321,181503.7,1760722441239
886,321,181659.5,1760722441395
886,321,181812.60000001,1760722441548
886,321,181966,1760722441702
886,321,182194.40000001,1760722441930
886,321,182360,1760722442095
886,321,182514,1760722442250
886,321,182661.60000001,1760722442397
886,321,182811.10000001,1760722442547
886,321,182961.7,1760722442697
886,321,183121.7,1760722442857
886,321,183266.60000001,1760722443002
886,321,183415.8,1760722443151
886,321,183620.7,1760722443356
886,321,183765.7,1760722443501
886,321,183910.60000001,1760722443646
886,321,184059.7,1760722443795
886,321,184208.10000001,1760722443944
886,321,184357.2,1760722444093
886,321,184511.7,1760722444247
886,321,184671.40000001,1760722444407
886,321,184824.3,1760722444560
886,321,184971.60000001,1760722444707
886,321,185115.10000001,1760722444851
886,321,185275.90000001,1760722445011
886,321,185419.3,1760722445155
886,321,185570.3,1760722445306
886,321,185715.3,1760722445451
886,321,185861.2,1760722445597
886,321,186003.8,1760722445739
886,321,186150.2,1760722445886
886,321,186294,1760722446030
886,321,186444.2,1760722446180
886,321,186588.40000001,1760722446324
886,321,186832.2,1760722446568
886,321,186994.40000001,1760722446730
886,321,187146.40000001,1760722446882
886,321,187306.40000001,1760722447042
886,321,187463.40000001,1760722447199
886,321,187611.3,1760722447347
886,321,187820.40000001,1760722447556
886,321,188061.40000001,1760722447797
886,321,188358.10000001,1760722448094
886,321,188618.3,1760722448354
886,321,188824.3,1760722448560
886,321,189052.8,1760722448788
886,321,189263.90000001,1760722448999
886,321,189415.60000001,1760722449151
886,321,189634.60000001,1760722449370
886,321,189790.5,1760722449526
886,321,189937.90000001,1760722449673
886,321,190094.10000001,1760722449830
886,321,190299.2,1760722450035
886,321,190523.60000001,1760722450259
886,321,190728.8,1760722450464
886,321,190943,1760722450679
886,321,191129.3,1760722450865
886,321,191382.10000001,1760722451118
886,321,191539.40000001,1760722451275
886,321,191678.8,1760722451414
886,321,191839,1760722451575
886,321,191985.7,1760722451721
886,321,192138.40000001,1760722451874
886,321,192370.3,1760722452106
886,321,192535.8,1760722452271
886,321,192705.8,1760722452441
886,321,192863.90000001,1760722452599
886,321,193011.2,1760722452747
886,321,193162.90000001,1760722452898
886,321,193319.7,1760722453055
886,321,193473.5,1760722453209
886,321,193629.2,1760722453365
886,321,193801.7,1760722453537
886,321,193954.60000001,1760722453690
886,321,194107.2,1760722453843
886,321,194260.60000001,1760722453996
886,321,194420.7,1760722454156
886,321,194564.8,1760722454300
886,321,194733.10000001,1760722454469
886,321,194882.40000001,1760722454618
886,321,195035.7,1760722454771
886,321,195201.7,1760722454937
812,312,195381.60000001,1760722455117
587,290,195558.90000001,1760722455294
583,291,195742,1760722455477
610,292,195926,1760722455662
616,297,196114.8,1760722455850
610,313,196314,1760722456049
607,317,196490.10000001,1760722456226
607,317,196742.3,1760722456478
607,317,196908.2,1760722456644
607,317,197079.5,1760722456815
607,317,197228.60000001,1760722456964
607,317,197473.40000001,1760722457209
607,317,197642.2,1760722457378
607,317,197785.5,1760722457521
607,317,197958.5,1760722457694
607,317,198110.2,1760722457846
607,317,198278.5,1760722458014
607,317,198431.60000001,1760722458167
607,317,198595.8,1760722458331
607,317,198756.3,1760722458492
607,317,198908.5,1760722458644
607,317,199096.2,1760722458832
607,317,199300,1760722459036
607,317,199468.40000001,1760722459204
607,317,199622.60000001,1760722459358
607,317,199786,1760722459522
607,317,199949.3,1760722459685
607,317,200109.60000001,1760722459845
607,317,200284.7,1760722460021
607,317,200456.7,1760722460192
607,317,200631.5,1760722460367
607,317,200899.8,1760722460635
607,317,201145.2,1760722460881
607,317,201312.7,1760722461048
607,317,201463,1760722461198
607,317,201639.8,1760722461375
607,317,201815.2,1760722461551
607,317,201974.60000001,1760722461710
607,317,202118.90000001,1760722461854
607,317,202273.40000001,1760722462009
607,317,202503.90000001,1760722462239
607,317,202667.10000001,1760722462403
607,317,202829.60000001,1760722462565
607,317,202985.90000001,1760722462721
607,317,203143.2,1760722462879
607,317,203309.90000001,1760722463045
607,317,203462.5,1760722463198
607,317,203621.10000001,1760722463357
607,317,203816,1760722463552
607,317,203985.2,1760722463721
607,317,204150.60000001,1760722463886
607,317,204307.40000001,1760722464043
607,317,204453.60000001,1760722464189
607,317,204613.90000001,1760722464349
607,317,204776.60000001,1760722464512
607,317,204929.90000001,1760722464665
607,317,205081.40000001,1760722464817
607,317,205235.5,1760722464971
607,317,205411.40000001,1760722465147
607,317,205565.8,1760722465301
607,317,205725.5,1760722465461
607,317,205879.10000001,1760722465615
607,317,206046.40000001,1760722465782
607,317,206209.90000001,1760722465945
607,317,206379.40000001,1760722466115
607,317,206530.8,1760722466266
607,317,206697.40000001,1760722466433
607,317,206867.60000001,1760722466603
607,317,207021.7,1760722466757
607,317,207179.3,1760722466915
607,317,207434.40000001,1760722467170
607,317,207618.5,1760722467354
607,317,207784.2,1760722467520
607,317,207951.40000001,1760722467687
607,317,208121.7,1760722467857
607,317,208298.10000001,1760722468034
607,317,208460.3,1760722468196
607,317,208643.8,1760722468379
607,317,208795.2,1760722468531
607,317,208959.5,1760722468695
607,317,209143,1760722468878
607,317,209316.10000001,1760722469052
607,317,209475.60000001,1760722469211
607,317,209642,1760722469378
607,317,209827.60000001,1760722469563
607,317,209983.5,1760722469719
607,317,210258.10000001,1760722469994
607,317,210436.7,1760722470172
607,317,210617.2,1760722470353
607,317,210781.2,1760722470517
607,317,210958.3,1760722470694
607,317,211130.60000001,1760722470866
607,317,211294.8,1760722471030
607,317,211465.3,1760722471201
607,317,211632.90000001,1760722471368
607,317,211791.60000001,1760722471527
607,317,211947.8,1760722471683
607,317,212103,1760722471839
607,317,212283.5,1760722472019
607,317,212448.90000001,1760722472184
607,317,212606.90000001,1760722472342
607,317,212775.3,1760722472511
607,317,213044.5,1760722472780
413,302,213237.60000001,1760722472973
296,315,213428.7,1760722473164
293,314,213616,1760722473352
291,306,213787.40000001,1760722473523
291,306,213979.10000001,1760722473715
291,306,214176.2,1760722473912
291,306,214403,1760722474139
291,306,214559.10000001,1760722474295
291,306,214727.60000001,1760722474463
291,306,214885.90000001,1760722474621
291,306,215030.8,1760722474766
291,306,215175.10000001,1760722474911
291,306,215322.5,1760722475058
357,309,215525.2,1760722475261
357,309,215715.40000001,1760722475451
259,311,215934.5,1760722475670
252,309,216126.5,1760722475862
233,307,216316.7,1760722476052
232,307,216504,1760722476240
232,307,216686.8,1760722476422
232,307,216935.8,1760722476671
232,307,217109.3,1760722476845
232,307,217394.3,1760722477130
232,307,217553.40000001,1760722477289
232,307,217703.90000001,1760722477439
232,307,217868.2,1760722477604
315,314,218070.10000001,1760722477806
430,281,218324.5,1760722478060
760,296,218542,1760722478278
1027,287,218721.60000001,1760722478457
1138,308,218935.60000001,1760722478671
1145,311,219122.5,1760722478858
1194,317,219314.8,1760722479050
1194,317,219496.60000001,1760722479232
1211,314,219698.5,1760722479434
1230,315,219891.60000001,1760722479627
1240,315,220078.5,1760722479814
1241,316,220272.60000001,1760722480010
1241,316,220446.40000001,1760722480182
1241,316,220634.7,1760722480370
1241,317,220806.5,1760722480542
1241,317,220974.90000001,1760722480710
1241,317,221230.10000001,1760722480966
1241,317,221404.40000001,1760722481140
1241,317,221567,1760722481303
1241,317,221726.5,1760722481464
1241,317,221879.7,1760722481615
1241,317,222033.90000001,1760722481769
1241,317,222189,1760722481925
1241,317,222363.8,1760722482099
1241,318,222541.2,1760722482277
1241,318,226048.90000001,1760722485784
844,116,226235.8,1760722485972
844,161,226420.40000001,1760722486156
842,247,226606.2,1760722486342
842,258,226797.5,1760722486533
842,258,226996,1760722486732
842,258,227161.40000001,1760722486897
842,258,227343.8,1760722487079
842,258,227513.2,1760722487249
842,258,227662.2,1760722487398
842,258,227813.8,1760722487549
842,258,227969.3,1760722487705
842,258,228123.5,1760722487859
842,258,228277.10000001,1760722488013
842,258,228427.60000001,1760722488163
842,258,228600.60000001,1760722488336
842,258,228784.3,1760722488520
842,258,229047.7,1760722488783
842,258,229230,1760722488966
842,258,229407.3,1760722489143
842,258,229558.10000001,1760722489294
842,258,229714.5,1760722489450
843,258,229901.8,1760722489637
848,262,230077.2,1760722489813
838,227,230291.60000001,1760722490027
831,224,230488,1760722490224
826,226,230693.10000001,1760722490429
824,229,230912.90000001,1760722490648
824,229,231078.3,1760722490814
822,239,231272.10000001,1760722491008
820,268,231455.3,1760722491191
820,291,231642.2,1760722491378
820,305,231842.5,1760722491578
820,305,232037.5,1760722491773
820,305,232324.3,1760722492060
844,406,232516.3,1760722492252
858,446,232726.3,1760722492462
875,464,232899.10000001,1760722492635
877,465,233099.8,1760722492835
877,465,233285.8,1760722493021
858,511,233473.60000001,1760722493209
857,535,233684.10000001,1760722493420
857,535,233867.2,1760722493603
857,535,234057.7,1760722493793
857,535,234253.8,1760722493989
857,535,234407.60000001,1760722494143
857,535,234563.5,1760722494299
857,535,234717.2,1760722494453
857,535,234870.3,1760722494606
857,535,235048.3,1760722494784
857,535,235203.2,1760722494939
857,535,235367.3,1760722495103
857,535,235530.5,1760722495266
857,535,235699.10000001,1760722495435
857,535,235862.60000001,1760722495598
857,535,236033,1760722495768
857,535,236289.8,1760722496025
857,535,236465.10000001,1760722496201
857,535,236653.2,1760722496389
857,535,236820.7,1760722496556
857,535,237001.3,1760722496737
857,535,237160.90000001,1760722496896
1229,360,237388.40000001,1760722497124
1251,352,237565.2,1760722497301
1251,352,237723.5,1760722497459
1252,337,237909.10000001,1760722497645
1255,319,238147.10000001,1760722497883
1256,309,238326.8,1760722498062
1256,309,238569.40000001,1760722498305
1256,309,238752,1760722498487
1256,309,238941.8,1760722498677
1256,309,239099.3,1760722498835
1256,309,239414.5,1760722499150
1256,309,239576.90000001,1760722499312
1256,309,239766,1760722499502
1256,309,239922.7,1760722499659
1256,309,240087.40000001,1760722499823
1256,309,240316.60000001,1760722500052
1256,309,240522.90000001,1760722500258
1256,309,240670.90000001,1760722500406
1256,309,240812,1760722500547
1256,309,240954.8,1760722500690
1256,309,241115.8,1760722500851
1256,309,241277.7,1760722501013
1256,309,241433.2,1760722501169
1256,309,241583.3,1760722501319
1256,309,241752.3,1760722501488
1256,309,241896.90000001,1760722501632
1256,309,242060,1760722501795
1256,309,242291.2,1760722502027
1256,309,242452.10000001,1760722502188
1256,309,242620,1760722502355
1256,309,242764,1760722502499
1256,309,242919.3,1760722502655
1256,309,243082.40000001,1760722502818
1256,309,243230.3,1760722502966
1256,309,243393.10000001,1760722503129
1256,309,243555.60000001,1760722503291
1256,309,243709.40000001,1760722503445
1256,309,243862.90000001,1760722503598
1256,309,244014,1760722503750
1256,309,244150.7,1760722503886
1256,309,244287.90000001,1760722504023
1256,309,244431.3,1760722504167
1256,309,244597.40000001,1760722504333
1256,309,244770.10000001,1760722504506
1256,309,244938.10000001,1760722504674
1256,309,245103.7,1760722504839
1256,309,245260.7,1760722504996
1256,309,245423.10000001,1760722505159
1256,309,245579.5,1760722505315
1256,309,245734.90000001,1760722505470
1256,309,245889.5,1760722505625
1256,309,246062.90000001,1760722505798
1256,309,246235.7,1760722505971
1256,309,246395.3,1760722506131
1256,309,246640.8,1760722506376
1256,309,246812.60000001,1760722506548
1256,309,246968.7,1760722506704
1256,309,247119.2,1760722506855
1256,309,247283.7,1760722507019
1256,309,247429.40000001,1760722507165
1256,309,247576.10000001,1760722507312
1256,309,247730.8,1760722507466
1256,309,247896.60000001,1760722507632
1256,309,248043.8,1760722507779
1256,309,248198.2,1760722507934
1256,309,248368.40000001,1760722508104
1256,309,248526,1760722508262
1256,309,248683.5,1760722508419
1256,309,248838.90000001,1760722508574
1256,309,249011.3,1760722508747
1256,309,249170.8,1760722508906
1256,309,249324.3,1760722509060
1256,309,249474.2,1760722509210
1256,309,249625.8,1760722509361
1256,309,249779.8,1760722509515
1256,309,249926,1760722509662
1256,309,250082.5,1760722509818
1256,309,250242.40000001,1760722509978
1256,309,250442.8,1760722510178
1256,309,250629.8,1760722510365
1256,309,250822,1760722510557
1256,309,251045.2,1760722510781
1256,309,251232,1760722510968
1256,309,251619.3,1760722511355
1256,309,251779.60000001,1760722511515
1256,309,251960.40000001,1760722511696
1256,309,252139.8,1760722511875
1256,309,252293.8,1760722512029
1256,309,252459.60000001,1760722512195
1256,309,252630,1760722512366
1256,309,252787.8,1760722512523
1256,309,252956.8,1760722512692
1256,309,253126.2,1760722512862
1256,309,253302.5,1760722513038
1256,309,253467.2,1760722513203
1256,309,253638.10000001,1760722513374
1256,309,253812.5,1760722513548
1256,309,253971.3,1760722513707
1256,309,254135.10000001,1760722513871
1256,309,254296.5,1760722514032
1256,309,254449.60000001,1760722514185
1256,309,254630.90000001,1760722514366
1256,309,254779.90000001,1760722514515
1256,309,254962.10000001,1760722514698
1256,309,255126.90000001,1760722514863
1256,309,255375.3,1760722515111
1256,309,255544.8,1760722515280
1256,309,255733.7,1760722515470
1256,309,255927.10000001,1760722515663
1256,309,256092.8,1760722515828
1256,309,256259.8,1760722515995
1256,309,256423.3,1760722516161
1256,309,256609,1760722516344
1256,309,256775.7,1760722516511
1256,309,256966.2,1760722516702
1256,309,257156.10000001,1760722516892
1256,309,257314.60000001,1760722517050
1256,309,257486.10000001,1760722517222
1256,309,257646.40000001,1760722517382
1256,309,257808.10000001,1760722517544
1256,309,257981.10000001,1760722517717
1256,309,258140.90000001,1760722517876
1256,309,258297.7,1760722518033
1256,309,258452.40000001,1760722518188
1256,309,258635.8,1760722518371
1256,309,258800.5,1760722518536
1256,309,258954.60000001,1760722518690
1256,309,259114.90000001,1760722518850
1256,309,259281.60000001,1760722519017
1256,309,259470.40000001,1760722519206
1256,309,259632.60000001,1760722519368
1256,309,259792,1760722519528
1256,309,259951.3,1760722519687
1256,309,260143,1760722519879
1256,309,260387.8,1760722520123
1256,309,260565.90000001,1760722520301
1256,309,260741.5,1760722520477
1256,309,260886.60000001,1760722520622
1256,309,261026,1760722520762
1256,309,261188.10000001,1760722520924
1256,309,261359,1760722521094
1256,309,261521.3,1760722521257
1256,309,261692.2,1760722521428
1256,309,261858.2,1760722521594
1256,309,262014.7,1760722521750
1256,309,262171.90000001,1760722521907
1256,309,262326.90000001,1760722522062
1256,309,262489.3,1760722522225
1256,309,262641.40000001,1760722522377
1256,309,262796.7,1760722522532
1256,309,262970.40000001,1760722522706
1256,309,263236.10000001,1760722522972
1256,309,263406.8,1760722523142
1256,309,263573.2,1760722523309
1256,309,263733.5,1760722523469
1256,309,263897.40000001,1760722523633
1256,309,264061,1760722523797
1256,309,264211.7,1760722523947
1256,309,264379.3,1760722524115
1256,309,264550.5,1760722524286
1256,309,264715.8,1760722524451
1256,309,264863.10000001,1760722524599
1256,309,265017.60000001,1760722524753
1256,309,265167.10000001,1760722524903
1256,309,265322.7,1760722525058
1256,309,265482.10000001,1760722525218
1256,309,265631.60000001,1760722525367
1256,309,265782.60000001,1760722525518
1256,309,265940.60000001,1760722525676
1256,309,266094.7,1760722525831
1256,309,266238.2,1760722525974
1256,309,266401.3,1760722526137
1256,309,266557,1760722526293
1256,309,266790.3,1760722526526
1256,309,266963,1760722526699
1256,309,267129.5,1760722526865
1256,309,267285.2,1760722527021
1256,309,267450.10000001,1760722527186
1256,309,267624,1760722527360
1256,309,267782.2,1760722527518
1256,309,267934.90000001,1760722527670
1256,309,268109.3,1760722527845
1256,309,268276,1760722528012
1256,309,268448.3,1760722528184
1256,309,268597,1760722528333
1256,309,268746.90000001,1760722528482
1256,309,268913.8,1760722528649
1256,309,269067.90000001,1760722528803
1256,309,269228.2,1760722528964
1256,309,269391.60000001,1760722529127
1256,309,269560.8,1760722529296
1256,309,269801,1760722529537
1256,309,269962.8,1760722529698
1256,309,270159.2,1760722529895
1256,309,270308.7,1760722530044
1256,309,270463.60000001,1760722530199
1256,309,270620.40000001,1760722530356
1256,309,270772.60000001,1760722530508
1256,309,270931.10000001,1760722530667
1256,309,271098.8,1760722530834
1256,309,271265.2,1760722531001
1256,309,271435.3,1760722531171
1256,309,271581.60000001,1760722531317
1256,309,271755.40000001,1760722531491
943,309,271941.10000001,1760722531677
898,310,272125.8,1760722531862
833,359,272319.5,1760722532055
614,458,272499.2,1760722532235
614,458,272776.7,1760722532512
585,475,273034.90000001,1760722532770
583,475,273227.40000001,1760722532963
583,475,273428.5,1760722533164
583,475,273609.3,1760722533345
583,475,273784.5,1760722533520
583,476,273996.7,1760722533732
