-1,-1,,,4445.700000003,0,1760713992138
-1,-1,,,5051.5,0,1760713992742
-1,-1,,,5737.3000000045,0,1760713993429
-1,-1,,,6002.700000003,0,1760713993693
-1,-1,,,6212.200000003,1,1760713993904
-1,-1,,,6399.6000000015,1,1760713994091
-1,-1,,,6618,1,1760713994309
-1,-1,,,6780.200000003,1,1760713994471
-1,-1,,,6940.3999999985,1,1760713994631
-1,-1,,,7115.8999999985,1,1760713994806
-1,-1,,,7272.3000000045,1,1760713994962
-1,-1,,,7430.5,1,1760713995121
-1,-1,,,7591,1,1760713995281
-1,-1,,,7759.8000000045,1,1760713995450
-1,-1,,,7946.8000000045,1,1760713995637
-1,-1,,,8132.6000000015,0,1760713995823
-1,-1,,,8321.700000003,0,1760713996012
-1,-1,,,8618.1000000015,1,1760713996309
-1,-1,,,8816.200000003,0,1760713996506
-1,-1,,,9007.5,0,1760713996697
-1,-1,,,9214.6000000015,0,1760713996905
-1,-1,,,9395.5,0,1760713997085
-1,-1,,,9583.700000003,0,1760713997274
-1,-1,,,9767.700000003,0,1760713997458
-1,-1,,,9967.3000000045,0,1760713997658
-1,-1,,,10170,0,1760713997861
-1,-1,,,10384.600000001,0,1760713998076
-1,-1,,,10600.300000004,0,1760713998290
-1,-1,,,10796.5,0,1760713998487
-1,-1,,,10988,0,1760713998679
-1,-1,,,11189.600000001,0,1760713998880
-1,-1,,,11414.200000003,0,1760713999105
-1,-1,,,11611.600000001,0,1760713999302
-1,-1,,,11808.800000004,0,1760713999499
-1,-1,,,12036.100000001,0,1760713999726
-1,-1,,,12232.200000003,0,1760713999923
-1,-1,,,12438.5,0,1760714000128
-1,-1,,,12653.700000003,0,1760714000344
-1,-1,,,12856.899999999,0,1760714000547
-1,-1,,,13074.700000003,0,1760714000765
-1,-1,,,13268.899999999,0,1760714000960
-1,-1,,,13449.399999999,0,1760714001140
-1,-1,,,13629.700000003,0,1760714001321
-1,-1,,,13837.800000004,0,1760714001528
-1,-1,,,13994.5,0,1760714001687
-1,-1,,,14176.600000001,0,1760714001867
-1,-1,,,14414.800000004,0,1760714002106
-1,-1,,,14730.600000001,0,1760714002421
-1,-1,,,14970.600000001,0,1760714002661
-1,-1,,,15153.800000004,0,1760714002845
-1,-1,,,15336,0,1760714003027
-1,-1,,,15505.399999999,0,1760714003196
-1,-1,,,15666.700000003,0,1760714003357
-1,-1,,,15819.5,0,1760714003510
-1,-1,,,16003.700000003,0,1760714003695
-1,-1,,,16188.399999999,0,1760714003879
-1,-1,,,16357,0,1760714004048
-1,-1,,,16526.700000003,0,1760714004217
-1,-1,,,16736.899999999,0,1760714004428
-1,-1,,,16915.399999999,0,1760714004606
-1,-1,,,17069.800000004,0,1760714004760
-1,-1,,,17218.399999999,0,1760714004909
-1,-1,,,17391.899999999,0,1760714005083
-1,-1,,,17589.5,0,1760714005282
-1,-1,,,17791.600000001,0,1760714005482
-1,-1,,,17990.5,0,1760714005681
-1,-1,,,18182.700000003,0,1760714005874
-1,-1,,,18398.600000001,0,1760714006089
-1,-1,,,18573.399999999,0,1760714006264
-1,-1,,,18743.800000004,0,1760714006434
-1,-1,,,18928.200000003,0,1760714006618
-1,-1,,,19086.899999999,0,1760714006778
-1,-1,,,19260.5,0,1760714006952
-1,-1,,,19418.399999999,0,1760714007109
-1,-1,,,19657.899999999,0,1760714007349
-1,-1,,,19841.100000001,0,1760714007532
-1,-1,,,20014.200000003,0,1760714007705
-1,-1,,,20194.700000003,0,1760714007886
-1,-1,,,20378,0,1760714008069
-1,-1,,,20566.100000001,0,1760714008257
-1,-1,,,20769.300000004,0,1760714008460
-1,-1,,,20949.600000001,0,1760714008640
-1,-1,,,21139.899999999,0,1760714008831
-1,-1,,,21329.899999999,0,1760714009021
-1,-1,,,21498.399999999,0,1760714009189
-1,-1,,,21666.600000001,0,1760714009358
-1,-1,,,21830.700000003,0,1760714009521
-1,-1,,,22003.700000003,0,1760714009694
-1,-1,,,22332.899999999,0,1760714010023
-1,-1,,,22535.700000003,0,1760714010226
-1,-1,,,22772.700000003,0,1760714010463
-1,-1,,,22948.800000004,0,1760714010640
-1,-1,,,23136.899999999,0,1760714010828
-1,-1,,,23302.300000004,0,1760714010993
-1,-1,,,23467.600000001,0,1760714011158
-1,-1,,,23621.300000004,0,1760714011312
-1,-1,,,23802.399999999,0,1760714011493
-1,-1,,,23973.600000001,0,1760714011665
-1,-1,,,24138.5,0,1760714011829
-1,-1,,,24300.600000001,0,1760714011992
-1,-1,,,24473.200000003,0,1760714012164
-1,-1,,,24667.800000004,0,1760714012359
-1,-1,,,24817.399999999,0,1760714012509
-1,-1,,,24975,0,1760714012666
-1,-1,,,25128.100000001,0,1760714012819
-1,-1,,,25428.600000001,0,1760714013119
-1,-1,,,25621.5,0,1760714013312
-1,-1,,,25803.700000003,0,1760714013494
-1,-1,,,25993.100000001,0,1760714013684
-1,-1,,,26178.399999999,0,1760714013869
-1,-1,,,26359.600000001,0,1760714014050
-1,-1,,,26527,0,1760714014217
-1,-1,,,26686.700000003,0,1760714014378
-1,-1,,,26863.600000001,0,1760714014554
-1,-1,,,27044.800000004,0,1760714014736
-1,-1,,,27202.600000001,0,1760714014893
-1,-1,,,27371.300000004,0,1760714015062
-1,-1,,,27544.700000003,0,1760714015236
-1,-1,,,27739.399999999,0,1760714015430
-1,-1,,,27894.700000003,0,1760714015585
-1,-1,,,28069.700000003,0,1760714015760
-1,-1,,,28240.5,0,1760714015931
-1,-1,,,28400.300000004,0,1760714016090
-1,-1,,,28558,0,1760714016249
-1,-1,,,28716.899999999,0,1760714016408
-1,-1,,,28868.200000003,0,1760714016559
-1,-1,,,29140.399999999,0,1760714016831
-1,-1,,,29372.700000003,0,1760714017064
-1,-1,,,29684,0,1760714017375
-1,-1,,,29844.200000003,0,1760714017535
-1,-1,,,30005.100000001,0,1760714017696
-1,-1,,,30168.800000004,0,1760714017860
-1,-1,,,30342.899999999,1,1760714018034
-1,-1,,,30503.300000004,1,1760714018194
-1,-1,,,30696.899999999,1,1760714018387
-1,-1,,,30882.700000003,1,1760714018573
-1,-1,,,31061.399999999,1,1760714018751
-1,-1,,,31261.100000001,1,1760714018951
-1,-1,,,31447.300000004,0,1760714019138
-1,-1,,,31701.700000003,0,1760714019392
-1,-1,,,31878.899999999,0,1760714019569
-1,-1,,,32039.5,0,1760714019730
-1,-1,,,32217.300000004,0,1760714019915
-1,-1,,,32388.600000001,0,1760714020079
-1,-1,,,32544.600000001,0,1760714020235
-1,-1,,,32713.300000004,0,1760714020403
-1,-1,,,32854.800000004,0,1760714020545
-1,-1,,,33015.200000003,0,1760714020705
-1,-1,,,33167.300000004,0,1760714020857
-1,-1,,,33324,0,1760714021014
-1,-1,,,33498.600000001,0,1760714021190
-1,-1,,,33670.700000003,0,1760714021362
-1,-1,,,33822.399999999,0,1760714021513
-1,-1,,,33981,0,1760714021672
-1,-1,,,34141.700000003,0,1760714021832
-1,-1,,,34315.600000001,0,1760714022006
-1,-1,,,34465.300000004,0,1760714022155
-1,-1,,,34622.300000004,0,1760714022312
-1,-1,,,34773.600000001,0,1760714022464
-1,-1,,,34924.399999999,0,1760714022614
-1,-1,,,35094.800000004,0,1760714022785
-1,-1,,,35253.5,0,1760714022944
-1,-1,,,35395.399999999,0,1760714023085
-1,-1,,,35555,0,1760714023245
-1,-1,,,35813,0,1760714023503
-1,-1,,,35978,0,1760714023668
-1,-1,,,36134.100000001,0,1760714023824
-1,-1,,,36278.300000004,0,1760714023968
-1,-1,,,36437.100000001,0,1760714024127
-1,-1,,,36614.600000001,0,1760714024305
-1,-1,,,36769.100000001,0,1760714024459
-1,-1,,,36908.899999999,0,1760714024599
-1,-1,,,37064.700000003,0,1760714024755
-1,-1,,,37209,0,1760714024899
-1,-1,,,37362.600000001,0,1760714025053
-1,-1,,,37519.300000004,0,1760714025209
-1,-1,,,37667.300000004,0,1760714025357
-1,-1,,,37827.600000001,0,1760714025518
-1,-1,,,37981.800000004,0,1760714025672
-1,-1,,,38123.899999999,0,1760714025814
-1,-1,,,38275,0,1760714025965
-1,-1,,,38435.300000004,0,1760714026125
-1,-1,,,38600,0,1760714026290
-1,-1,,,38755.100000001,0,1760714026445
-1,-1,,,38896.600000001,0,1760714026587
-1,-1,,,39046.700000003,0,1760714026737
-1,-1,,,39199.200000003,0,1760714026889
-1,-1,,,39344.700000003,0,1760714027035
-1,-1,,,39491.5,0,1760714027182
-1,-1,,,39666.399999999,0,1760714027356
-1,-1,,,39829.200000003,0,1760714027521
-1,-1,,,40026.100000001,0,1760714027717
-1,-1,,,40176.399999999,0,1760714027867
-1,-1,,,40322.399999999,0,1760714028012
-1,-1,,,40482.800000004,0,1760714028173
-1,-1,,,40642.600000001,0,1760714028333
-1,-1,,,40798.899999999,0,1760714028489
-1,-1,,,40957.600000001,0,1760714028648
-1,-1,,,41110.899999999,0,1760714028801
-1,-1,,,41363.700000003,0,1760714029054
-1,-1,,,41527.899999999,0,1760714029218
-1,-1,,,41730.899999999,0,1760714029421
-1,-1,,,41889.899999999,0,1760714029580
-1,-1,,,42059.5,0,1760714029750
-1,-1,,,42219.300000004,0,1760714029909
-1,-1,,,42419.300000004,0,1760714030109
-1,-1,,,42611.899999999,0,1760714030303
-1,-1,,,42775.800000004,0,1760714030467
-1,-1,,,42931.899999999,0,1760714030623
-1,-1,,,43124.5,0,1760714030815
-1,-1,,,43314.899999999,0,1760714031007
-1,-1,,,43471.800000004,0,1760714031164
-1,-1,,,43629,0,1760714031320
-1,-1,,,43783.100000001,0,1760714031474
-1,-1,,,43942.100000001,0,1760714031633
-1,-1,,,44099.200000003,0,1760714031790
-1,-1,,,44251.700000003,0,1760714031942
-1,-1,,,44401.600000001,0,1760714032092
-1,-1,,,44543.100000001,0,1760714032236
-1,-1,,,44701.5,0,1760714032392
-1,-1,,,44854.700000003,0,1760714032546
-1,-1,,,45009.100000001,0,1760714032702
-1,-1,,,45176,0,1760714032869
-1,-1,,,45346.300000004,0,1760714033037
-1,-1,,,45532.5,0,1760714033223
-1,-1,,,45700.700000003,0,1760714033392
-1,-1,,,45851,0,1760714033542
-1,-1,,,46102.300000004,0,1760714033793
-1,-1,,,46249.600000001,0,1760714033941
-1,-1,,,46416.5,0,1760714034107
-1,-1,,,46575.600000001,0,1760714034266
-1,-1,,,46744.800000004,0,1760714034437
-1,-1,,,46917.200000003,0,1760714034607
-1,-1,,,47094.899999999,0,1760714034786
-1,-1,,,47246.800000004,0,1760714034938
-1,-1,,,47418,0,1760714035109
-1,-1,,,47574.5,0,1760714035266
-1,-1,,,47723.800000004,0,1760714035415
-1,-1,,,47876.399999999,0,1760714035567
-1,-1,,,48026.100000001,0,1760714035717
-1,-1,,,48178.100000001,0,1760714035869
-1,-1,,,48326.100000001,0,1760714036017
-1,-1,,,48488.100000001,0,1760714036179
-1,-1,,,48654.700000003,0,1760714036346
-1,-1,,,48813.600000001,0,1760714036505
-1,-1,,,48965.100000001,0,1760714036656
-1,-1,,,49108.600000001,0,1760714036800
-1,-1,,,49259,0,1760714036952
-1,-1,,,49413.399999999,0,1760714037104
-1,-1,,,49570.200000003,0,1760714037261
-1,-1,,,49721.300000004,0,1760714037412
-1,-1,,,49862.600000001,0,1760714037554
-1,-1,,,50024.5,0,1760714037715
-1,-1,,,50188.100000001,0,1760714037879
-1,-1,,,50337.399999999,0,1760714038028
-1,-1,,,50517.5,0,1760714038208
-1,-1,,,50698.200000003,0,1760714038389
-1,-1,,,50936.700000003,0,1760714038628
-1,-1,,,51114.5,0,1760714038805
-1,-1,,,51261,0,1760714038952
-1,-1,,,51415.600000001,0,1760714039107
-1,-1,,,51563.200000003,0,1760714039254
-1,-1,,,51735.700000003,0,1760714039427
-1,-1,,,51897.800000004,0,1760714039589
-1,-1,,,52106.800000004,0,1760714039798
25.56,41.97,"Timothée Ch",1,52286.899999999,0,1760714039978
-1,-1,,,52620.899999999,0,1760714040312
-1,-1,,,52821.399999999,0,1760714040513
-1,-1,,,53139.300000004,0,1760714040832
-1,-1,,,53374.5,0,1760714041066
-1,-1,,,53549.300000004,0,1760714041241
-1,-1,,,53754.899999999,0,1760714041446
-1,-1,,,53935,0,1760714041627
-1,-1,,,54119.800000004,0,1760714041812
-1,-1,,,54290.899999999,0,1760714041982
-1,-1,,,54448.700000003,0,1760714042142
-1,-1,,,54629.800000004,0,1760714042321
-1,-1,,,54794.100000001,0,1760714042485
-1,-1,,,54954,0,1760714042645
-1,-1,,,55112.800000004,0,1760714042805
-1,-1,,,55269.800000004,0,1760714042962
-1,-1,,,55561.100000001,0,1760714043252
-1,-1,,,55747.600000001,0,1760714043440
-1,-1,,,55904.399999999,0,1760714043596
-1,-1,,,56095.200000003,0,1760714043786
-1,-1,,,56240.700000003,0,1760714043932
-1,-1,,,56405.300000004,0,1760714044097
-1,-1,,,56572.800000004,0,1760714044264
-1,-1,,,56737,0,1760714044429
-1,-1,,,56900.200000003,0,1760714044591
-1,-1,,,57083.100000001,0,1760714044774
65.56,149.97,"and made his pr",106,57331.700000003,0,1760714045023
66.56,153.97,"and made his pr",106,57523.399999999,0,1760714045215
66.56,154.97,"and made his pr",106,57724.600000001,0,1760714045416
66.56,155.97,"and made his pr",106,57924.300000004,0,1760714045617
66.56,155.97,"and made his pr",106,58149.5,0,1760714045841
66.56,155.97,"and made his pr",106,58354.399999999,0,1760714046046
66.56,155.97,"and made his pr",106,58531.399999999,0,1760714046225
66.56,155.97,"and made his pr",106,58699.5,0,1760714046391
66.56,155.97,"and made his pr",106,58850.399999999,0,1760714046542
66.56,155.97,"and made his pr",106,59007.600000001,0,1760714046699
66.56,155.97,"and made his pr",106,59170.700000003,0,1760714046862
66.56,155.97,"production of "",158,59334.399999999,0,1760714047026
66.56,155.97,"production of "",158,59482.600000001,0,1760714047174
66.56,155.97,"LaGuardia High",298,59638.300000004,0,1760714047329
66.56,155.97,"LaGuardia High",298,59790.700000003,0,1760714047482
66.56,155.97,"LaGuardia High",298,59938.399999999,0,1760714047630
66.56,200.39,"Arts in New Yor",350,60107.899999999,0,1760714047799
66.56,200.39,"Arts in New Yor",350,60262.899999999,0,1760714047954
66.56,200.39,"Arts in New Yor",350,60437.300000004,0,1760714048128
66.56,378.04,"solidified his",493,60600.700000003,0,1760714048291
66.56,379,"solidified his",493,60764.600000001,0,1760714048456
-1,-1,,,60917.300000004,0,1760714048608
-1,-1,,,61067.5,0,1760714048757
-1,-1,,,61249.600000001,0,1760714048941
-1,-1,,,61432,0,1760714049123
-1,-1,,,61611.5,0,1760714049303
-1,-1,,,61799.200000003,0,1760714049490
-1,-1,,,62089.300000004,0,1760714049781
-1,-1,,,62253,0,1760714049944
-1,-1,,,62443.100000001,0,1760714050135
-1,-1,,,62605.5,0,1760714050297
-1,-1,,,62754.700000003,0,1760714050446
-1,-1,,,62909.899999999,0,1760714050605
-1,-1,,,63090,0,1760714050782
-1,-1,,,63256.800000004,0,1760714050948
-1,-1,,,63434.399999999,0,1760714051126
-1,-1,,,63614.300000004,0,1760714051305
-1,-1,,,63783.200000003,0,1760714051474
-1,-1,,,63963.300000004,0,1760714051654
-1,-1,,,64137.600000001,0,1760714051829
-1,-1,,,64303.200000003,0,1760714051994
-1,-1,,,64474.100000001,0,1760714052167
-1,-1,,,64639.600000001,0,1760714052331
-1,-1,,,64820.300000004,0,1760714052511
-1,-1,,,64990.600000001,0,1760714052681
-1,-1,,,65156.700000003,0,1760714052847
-1,-1,,,65324.5,0,1760714053016
-1,-1,,,65480.300000004,0,1760714053170
-1,-1,,,65637.899999999,0,1760714053328
-1,-1,,,65819.700000003,0,1760714053510
-1,-1,,,65973.399999999,0,1760714053663
-1,-1,,,66148.300000004,0,1760714053838
-1,-1,,,66319.800000004,0,1760714054010
-1,-1,,,66496.399999999,0,1760714054186
-1,-1,,,66689.600000001,0,1760714054380
-1,-1,,,66874.100000001,0,1760714054564
-1,-1,,,67062.5,0,1760714054753
-1,-1,,,67258.800000004,0,1760714054949
-1,-1,,,67418.399999999,0,1760714055108
-1,-1,,,67604.300000004,0,1760714055294
-1,-1,,,67786.700000003,0,1760714055477
-1,-1,,,67970.200000003,0,1760714055660
-1,-1,,,68158.899999999,0,1760714055849
-1,-1,,,68364.100000001,0,1760714056054
-1,-1,,,68546.399999999,0,1760714056236
-1,-1,,,68769.800000004,0,1760714056460
-1,-1,,,69085.5,0,1760714056776
-1,-1,,,69282.5,0,1760714056973
-1,-1,,,69488.700000003,0,1760714057179
-1,-1,,,69696.899999999,0,1760714057387
-1,-1,,,69880.700000003,0,1760714057571
-1,-1,,,70089.800000004,0,1760714057780
-1,-1,,,70299.300000004,0,1760714057990
-1,-1,,,70497.5,0,1760714058188
-1,-1,,,70686.600000001,0,1760714058377
-1,-1,,,70879.100000001,0,1760714058569
-1,-1,,,71051.700000003,0,1760714058742
-1,-1,,,71210.399999999,0,1760714058902
-1,-1,,,71377.600000001,0,1760714059068
-1,-1,,,71535.700000003,0,1760714059226
-1,-1,,,71705.399999999,0,1760714059395
-1,-1,,,71986.100000001,0,1760714059676
-1,-1,,,72153.899999999,0,1760714059844
-1,-1,,,72337,0,1760714060027
-1,-1,,,72514.300000004,0,1760714060205
-1,-1,,,72697.600000001,0,1760714060388
93.56,332.8,"and performances",450,72852.399999999,0,1760714060544
93.56,332.8,"and performances",450,72995.100000001,0,1760714060686
93.56,332.8,"and performances",450,73150.100000001,0,1760714060841
93.56,288.39,"interviews that h",401,73309.300000004,0,1760714061001
93.56,288.39,"interviews that h",401,73464.600000001,0,1760714061156
93.56,288.39,"interviews that h",401,73621.899999999,0,1760714061313
93.56,238.18,"interviews that h",401,73774.200000003,0,1760714061466
93.56,187.97,"Arts in New York",352,73930.200000003,0,1760714061621
93.56,187.97,"Arts in New York",352,74087.700000003,0,1760714061779
57.56,179.97,"Arts in New Yo",349,74272.600000001,0,1760714061963
-1,-1,,,74439.5,0,1760714062130
-1,-1,,,74602.200000003,0,1760714062293
-1,-1,,,74785.100000001,0,1760714062477
-1,-1,,,75008,0,1760714062700
-1,-1,,,75247.200000003,0,1760714062938
-1,-1,,,75426.300000004,0,1760714063119
-1,-1,,,75604.899999999,0,1760714063296
-1,-1,,,75774.899999999,0,1760714063467
-1,-1,,,75976.200000003,0,1760714063667
-1,-1,,,76157.600000001,0,1760714063849
-1,-1,,,76337.399999999,0,1760714064028
-1,-1,,,76523.300000004,0,1760714064214
-1,-1,,,76704.100000001,0,1760714064394
-1,-1,,,76880.700000003,0,1760714064572
-1,-1,,,77048.100000001,0,1760714064739
-1,-1,,,77209.600000001,0,1760714064901
-1,-1,,,77377.899999999,0,1760714065069
-1,-1,,,77545.200000003,0,1760714065236
-1,-1,,,77765.399999999,0,1760714065457
-1,-1,,,77914.399999999,0,1760714065606
-1,-1,,,78079.399999999,0,1760714065771
-1,-1,,,78246.300000004,0,1760714065938
-1,-1,,,78403.600000001,0,1760714066095
-1,-1,,,78691.200000003,0,1760714066383
-1,-1,,,78859.300000004,0,1760714066551
-1,-1,,,79030.700000003,0,1760714066723
-1,-1,,,79196,0,1760714066887
-1,-1,,,79357.300000004,0,1760714067050
-1,-1,,,79518.899999999,0,1760714067210
-1,-1,,,79683.200000003,0,1760714067375
-1,-1,,,79854.200000003,0,1760714067546
-1,-1,,,80038.100000001,0,1760714067733
-1,-1,,,80229,0,1760714067921
-1,-1,,,80388.800000004,0,1760714068080
-1,-1,,,80584.300000004,0,1760714068275
-1,-1,,,80773.899999999,0,1760714068467
-1,-1,,,80969.700000003,0,1760714068661
-1,-1,,,81300.300000004,0,1760714068992
-1,-1,,,81502.700000003,0,1760714069194
-1,-1,,,81683.5,0,1760714069376
-1,-1,,,81853,0,1760714069545
-1,-1,,,82018.899999999,0,1760714069711
-1,-1,,,82193.399999999,0,1760714069886
-1,-1,,,82365.399999999,0,1760714070056
-1,-1,,,82542.899999999,0,1760714070234
-1,-1,,,82697.700000003,0,1760714070390
-1,-1,,,82852.300000004,0,1760714070546
-1,-1,,,83103.800000004,0,1760714070795
-1,-1,,,83284.100000001,0,1760714070976
-1,-1,,,83439.600000001,0,1760714071131
-1,-1,,,83627,0,1760714071319
-1,-1,,,83825.300000004,0,1760714071517
-1,-1,,,83983.5,0,1760714071674
-1,-1,,,84135.200000003,0,1760714071826
-1,-1,,,84310.700000003,0,1760714072002
-1,-1,,,84483.200000003,0,1760714072174
-1,-1,,,84642.300000004,0,1760714072333
-1,-1,,,84781.899999999,0,1760714072473
-1,-1,,,84929.600000001,0,1760714072622
-1,-1,,,85083.200000003,0,1760714072775
-1,-1,,,85233.300000004,0,1760714072925
-1,-1,,,85383.5,0,1760714073075
-1,-1,,,85539.200000003,0,1760714073230
-1,-1,,,85700.899999999,0,1760714073392
-1,-1,,,85846.5,0,1760714073538
-1,-1,,,86026.899999999,0,1760714073718
-1,-1,,,86185.300000004,0,1760714073877
-1,-1,,,86345.600000001,0,1760714074037
-1,-1,,,86501.600000001,0,1760714074195
-1,-1,,,86662.800000004,0,1760714074354
-1,-1,,,86819.800000004,0,1760714074511
-1,-1,,,86985.700000003,0,1760714074678
-1,-1,,,87131,0,1760714074822
-1,-1,,,87295.300000004,0,1760714074987
-1,-1,,,87483.399999999,0,1760714075175
-1,-1,,,87655.5,0,1760714075347
-1,-1,,,87813.5,0,1760714075505
-1,-1,,,87962.5,0,1760714075654
-1,-1,,,88101.600000001,0,1760714075795
-1,-1,,,88253.399999999,0,1760714075945
-1,-1,,,88426.800000004,0,1760714076118
-1,-1,,,88574.899999999,0,1760714076268
-1,-1,,,88741.700000003,0,1760714076435
-1,-1,,,88885.899999999,0,1760714076577
-1,-1,,,89031.100000001,0,1760714076722
-1,-1,,,89286.5,0,1760714076978
-1,-1,,,89460.399999999,0,1760714077152
-1,-1,,,89619.300000004,0,1760714077313
-1,-1,,,89791.700000003,0,1760714077483
-1,-1,,,89953,0,1760714077644
-1,-1,,,90118.700000003,0,1760714077810
-1,-1,,,90293,0,1760714077985
-1,-1,,,90453.200000003,0,1760714078145
-1,-1,,,90614.800000004,0,1760714078306
-1,-1,,,90768.100000001,0,1760714078459
-1,-1,,,90921.399999999,0,1760714078613
-1,-1,,,91063.800000004,0,1760714078755
-1,-1,,,91234.399999999,0,1760714078926
-1,-1,,,91395.600000001,0,1760714079087
-1,-1,,,91545.5,0,1760714079237
-1,-1,,,91700.800000004,0,1760714079392
-1,-1,,,91873,0,1760714079565
-1,-1,,,92036.700000003,0,1760714079728
-1,-1,,,92196.800000004,0,1760714079888
-1,-1,,,92377.100000001,0,1760714080069
-1,-1,,,92554.200000003,0,1760714080245
-1,-1,,,92778.800000004,0,1760714080470
-1,-1,,,92957.899999999,0,1760714080651
-1,-1,,,93107.700000003,0,1760714080800
-1,-1,,,93261.399999999,0,1760714080954
-1,-1,,,93421.300000004,0,1760714081113
-1,-1,,,93578.399999999,0,1760714081270
-1,-1,,,93762.899999999,0,1760714081454
-1,-1,,,93912.600000001,0,1760714081604
-1,-1,,,94079.899999999,0,1760714081771
-1,-1,,,94238.300000004,0,1760714081929
-1,-1,,,94383.800000004,0,1760714082075
-1,-1,,,94552.5,0,1760714082244
-1,-1,,,94722.5,0,1760714082414
-1,-1,,,94908.100000001,0,1760714082600
-1,-1,,,95070.600000001,0,1760714082762
-1,-1,,,95256.899999999,0,1760714082949
-1,-1,,,95527.600000001,0,1760714083219
-1,-1,,,95722.600000001,0,1760714083414
-1,-1,,,95909.399999999,0,1760714083601
-1,-1,,,96088.100000001,0,1760714083779
-1,-1,,,96250.5,0,1760714083942
-1,-1,,,96419,0,1760714084111
-1,-1,,,96601.800000004,0,1760714084293
-1,-1,,,96762.600000001,0,1760714084454
-1,-1,,,96923.5,0,1760714084616
-1,-1,,,97095.700000003,0,1760714084787
-1,-1,,,97256.100000001,0,1760714084947
-1,-1,,,97412.800000004,0,1760714085104
-1,-1,,,97572.700000003,0,1760714085265
-1,-1,,,97745,0,1760714085437
-1,-1,,,97911.899999999,0,1760714085603
-1,-1,,,98074.300000004,0,1760714085767
-1,-1,,,98225.200000003,0,1760714085916
-1,-1,,,98380.700000003,0,1760714086072
-1,-1,,,98528.5,0,1760714086219
-1,-1,,,98694.700000003,0,1760714086386
-1,-1,,,98868.300000004,0,1760714086559
-1,-1,,,99012.600000001,0,1760714086704
-1,-1,,,99159.5,0,1760714086850
-1,-1,,,99304.399999999,0,1760714086996
-1,-1,,,99453.5,0,1760714087145
-1,-1,,,99617,0,1760714087309
-1,-1,,,99767.899999999,0,1760714087459
-1,-1,,,99921.899999999,0,1760714087613
-1,-1,,,100097.9,0,1760714087789
-1,-1,,,100262.4,0,1760714087954
-1,-1,,,100417.4,0,1760714088111
-1,-1,,,100575.2,0,1760714088267
-1,-1,,,100755.7,0,1760714088447
-1,-1,,,100941.8,0,1760714088633
-1,-1,,,101093.5,0,1760714088785
-1,-1,,,101246.1,0,1760714088937
-1,-1,,,101401.6,0,1760714089093
-1,-1,,,101563.2,0,1760714089254
-1,-1,,,101739,0,1760714089431
-1,-1,,,102003.2,0,1760714089695
-1,-1,,,102158.2,0,1760714089850
-1,-1,,,102317.2,0,1760714090009
-1,-1,,,102487.7,0,1760714090179
-1,-1,,,102687.1,0,1760714090378
-1,-1,,,102848.3,0,1760714090540
-1,-1,,,103006.2,0,1760714090698
-1,-1,,,103161.4,0,1760714090853
-1,-1,,,103324.9,0,1760714091016
-1,-1,,,103478.6,0,1760714091170
-1,-1,,,103648.9,0,1760714091340
-1,-1,,,103804.3,0,1760714091496
-1,-1,,,103954.8,0,1760714091646
-1,-1,,,104114.3,0,1760714091805
86.56,68.97,"leading him to p",256,104287.2,0,1760714091978
244.56,55.97,"m to pursue drama at",270,104460.6,0,1760714092151
268.56,44.97,"to pursue drama at F",272,104652.4,0,1760714092343
-1,-1,,,104848.5,0,1760714092539
-1,-1,,,105034.5,0,1760714092725
-1,-1,,,105247.3,0,1760714092938
-1,-1,,,105548.1,0,1760714093238
-1,-1,,,105772.6,0,1760714093463
-1,-1,,,105964.8,0,1760714093655
-1,-1,,,106141.4,1,1760714093832
-1,-1,,,106279.9,1,1760714093971
-1,-1,,,106429,1,1760714094120
-1,-1,,,106592.7,1,1760714094283
-1,-1,,,106740.3,1,1760714094431
-1,-1,,,106999.5,1,1760714094690
-1,-1,,,107163.7,1,1760714094854
-1,-1,,,107328.9,1,1760714095020
-1,-1,,,107472.3,1,1760714095163
-1,-1,,,107624.1,1,1760714095315
-1,-1,,,107773.5,1,1760714095464
-1,-1,,,107920.8,1,1760714095611
-1,-1,,,108051.9,1,1760714095742
-1,-1,,,108208.3,1,1760714095898
-1,-1,,,108353.6,1,1760714096044
-1,-1,,,108531.1,1,1760714096222
-1,-1,,,108720,1,1760714096413
-1,-1,,,108882.3,1,1760714096573
-1,-1,,,109032.5,1,1760714096723
-1,-1,,,109186.2,1,1760714096879
-1,-1,,,109384.4,1,1760714097077
-1,-1,,,109567.1,1,1760714097257
-1,-1,,,109744.7,1,1760714097435
-1,-1,,,109906.6,1,1760714097597
-1,-1,,,110082,1,1760714097772
-1,-1,,,110262.1,1,1760714097952
260.56,13.97,"nsified during his t",226,110465.6,1,1760714098156
260.56,19.97,"to pursue drama at",271,110653.8,1,1760714098345
260.56,21.97,"to pursue drama at",271,110828.9,1,1760714098521
260.56,21.97,"to pursue drama at",271,111010.7,1,1760714098702
260.56,21.97,"to pursue drama at",271,111185.2,1,1760714098876
260.56,21.97,"to pursue drama at",271,111368.5,1,1760714099060
260.56,21.97,"to pursue drama at",271,111555.3,1,1760714099247
260.56,21.97,"to pursue drama at",271,111720.7,1,1760714099412
260.56,21.97,"to pursue drama at",271,111904.2,1,1760714099596
260.56,21.97,"to pursue drama at",271,112094,1,1760714099790
260.56,21.97,"to pursue drama at",271,112291.7,1,1760714099983
260.56,21.97,"to pursue drama at",271,112517.4,1,1760714100208
260.56,21.97,"to pursue drama at",271,112696,1,1760714100387
260.56,21.97,"to pursue drama at",271,112848.4,1,1760714100540
260.56,21.97,"to pursue drama at",271,113009.9,1,1760714100701
260.56,22.97,"to pursue drama at",271,113184.7,1,1760714100876
260.56,22.97,"to pursue drama at",271,113353.3,1,1760714101045
260.56,22.97,"to pursue drama at",271,113687.3,1,1760714101378
260.56,22.97,"to pursue drama at",271,113867.1,1,1760714101559
260.56,22.97,"to pursue drama at",271,114025.8,1,1760714101717
260.56,22.97,"to pursue drama at",271,114183.5,1,1760714101875
260.56,22.97,"to pursue drama at",271,114337.4,1,1760714102029
260.56,22.97,"to pursue drama at",271,114502.9,1,1760714102194
260.56,22.97,"to pursue drama at",271,114660,1,1760714102352
260.56,22.97,"to pursue drama at",271,114818.5,1,1760714102510
260.56,22.97,"to pursue drama at",271,115011.2,1,1760714102702
-1,-1,,,115179.9,1,1760714102871
-1,-1,,,115353,1,1760714103045
-1,-1,,,115528.7,1,1760714103220
-1,-1,,,115714.6,1,1760714103406
-1,-1,,,115906.9,1,1760714103598
-1,-1,,,116061.6,1,1760714103753
-1,-1,,,116228.6,1,1760714103920
-1,-1,,,116393.2,1,1760714104085
-1,-1,,,116544.8,1,1760714104237
-1,-1,,,116704.9,1,1760714104396
-1,-1,,,116862,1,1760714104553
-1,-1,,,117029.6,1,1760714104721
-1,-1,,,117197.1,1,1760714104888
-1,-1,,,117365.6,1,1760714105057
-1,-1,,,117538.9,1,1760714105230
-1,-1,,,117706.5,1,1760714105397
-1,-1,,,117861.1,1,1760714105552
-1,-1,,,118017.4,1,1760714105712
-1,-1,,,118170.9,1,1760714105862
-1,-1,,,118340.7,1,1760714106032
-1,-1,,,118504.6,1,1760714106196
-1,-1,,,118680,1,1760714106371
-1,-1,,,118866.4,1,1760714106558
-1,-1,,,119061.9,1,1760714106754
-1,-1,,,119241.8,1,1760714106933
-1,-1,,,119382.6,1,1760714107074
-1,-1,,,119533.8,1,1760714107225
-1,-1,,,119683.6,1,1760714107375
-1,-1,,,119839.9,1,1760714107532
-1,-1,,,120116.6,1,1760714107808
-1,-1,,,120293.2,1,1760714107986
-1,-1,,,120478.7,1,1760714108170
-1,-1,,,120664.7,1,1760714108356
-1,-1,,,120822.4,1,1760714108514
-1,-1,,,121002.5,1,1760714108694
-1,-1,,,121167.7,1,1760714108859
-1,-1,,,121333.2,1,1760714109025
-1,-1,,,121488.8,1,1760714109180
-1,-1,,,121627.7,1,1760714109319
-1,-1,,,121781.1,1,1760714109472
-1,-1,,,121949.7,1,1760714109641
-1,-1,,,122127.7,1,1760714109819
-1,-1,,,122332.4,1,1760714110023
17.56,213.97,"Arts in New",346,122569.3,1,1760714110261
19.56,215.97,"Arts in New",346,122800.3,1,1760714110491
71.56,208.97,"Arts in New Yor",350,122975.1,1,1760714110666
71.56,208.97,"Arts in New Yor",350,123146.7,1,1760714110837
71.56,208.97,"Arts in New Yor",350,123309.9,1,1760714111001
89.56,204.97,"Arts in New York",352,123489.4,1,1760714111182
93.56,203.97,"Arts in New York",352,123672.6,1,1760714111364
94.56,203.97,"Arts in New York",352,123851.8,1,1760714111546
96.56,201.97,"Arts in New York",352,124044.5,1,1760714111736
99.56,195.97,"Arts in New York C",353,124227.6,1,1760714111919
99.56,195.97,"Arts in New York C",353,124403.9,1,1760714112095
99.56,195.97,"Arts in New York C",353,124560.2,1,1760714112251
99.56,195.97,"Arts in New York C",353,124722.3,1,1760714112414
99.56,195.97,"Arts in New York C",353,124867.4,1,1760714112559
99.56,195.97,"Arts in New York C",353,125033.7,1,1760714112725
99.56,195.97,"LaGuardia High Sch",301,125191.7,1,1760714112883
99.56,195.97,"LaGuardia High Sch",301,125365.6,1,1760714113057
99.56,195.97,"LaGuardia High Sch",301,125535.7,1,1760714113228
99.56,195.97,"production of "The",161,125723.3,1,1760714113415
99.56,195.97,"and made his profe",109,125987.9,1,1760714113679
99.56,195.97,"and made his profe",109,126169.4,1,1760714113861
99.56,195.97,"and made his profe",109,126331.6,1,1760714114023
99.56,195.97,"and made his profe",109,126503.2,1,1760714114194
99.56,195.97,"and made his profe",109,126662.2,1,1760714114353
99.56,195.97,"and made his profe",109,126815.9,1,1760714114507
99.56,195.97,"and made his profe",109,127011.7,1,1760714114703
99.56,195.97,"and made his profe",109,127167.7,1,1760714114859
99.56,195.97,"and made his profe",109,127334.8,1,1760714115026
99.56,195.97,"and made his profe",109,127496.6,1,1760714115188
99.56,195.97,"and made his profe",109,127639.1,1,1760714115331
99.56,195.97,"and made his profe",109,127793.9,1,1760714115486
99.56,195.97,"and made his profe",109,127934.4,1,1760714115626
99.56,195.97,"and made his profe",109,128097.1,1,1760714115789
99.56,195.97,"and made his profe",109,128240.3,1,1760714115931
99.56,195.97,"and made his profe",109,128393.4,1,1760714116086
99.56,195.97,"and made his profe",109,128540.7,1,1760714116232
99.56,195.97,"and made his profe",109,128697.1,1,1760714116388
99.56,195.97,"and made his profe",109,128844.3,1,1760714116536
99.56,195.97,"and made his profe",109,128998.9,1,1760714116690
99.56,195.97,"and made his profe",109,129145.5,1,1760714116837
99.56,195.97,"and made his profe",109,129300.7,1,1760714116993
99.56,195.97,"and made his profe",109,129449.1,1,1760714117140
99.56,195.97,"and made his profe",109,129610.7,1,1760714117302
99.56,195.97,"and made his profe",109,129860.9,1,1760714117553
99.56,195.97,"and made his profe",109,130022.4,1,1760714117713
99.56,195.97,"and made his profe",109,130181.5,1,1760714117873
99.56,195.97,"and made his profe",109,130354,1,1760714118045
99.56,195.97,"and made his profe",109,130510.8,1,1760714118202
99.56,195.97,"and made his profe",109,130661.7,1,1760714118353
99.56,195.97,"and made his profe",109,130801.9,1,1760714118495
99.56,195.97,"and made his profe",109,130953.5,1,1760714118644
99.56,195.97,"and made his profe",109,131109,1,1760714118800
99.56,195.97,"and made his profe",109,131272.6,1,1760714118964
99.56,195.97,"basketball and ten",109,131421.2,1,1760714119116
99.56,195.97,"basketball and ten",109,131590.3,1,1760714119281
99.56,195.97,"basketball and ten",109,131744,1,1760714119435
99.56,195.97,"basketball and ten",109,131896.9,1,1760714119588
99.56,195.97,"basketball and ten",109,132053.7,1,1760714119745
99.56,195.97,"basketball and ten",109,132207.7,1,1760714119902
99.56,195.97,"basketball and ten",109,132389.4,1,1760714120081
99.56,195.97,"basketball and ten",109,132546,1,1760714120237
99.56,195.97,"basketball and ten",109,132704.7,1,1760714120397
99.56,195.97,"basketball and ten",109,132854.6,1,1760714120546
99.56,195.97,"basketball and ten",109,133022.4,1,1760714120715
-1,-1,,,133196.5,1,1760714120888
-1,-1,,,133378.4,1,1760714121070
-1,-1,,,133555.5,1,1760714121247
-1,-1,,,133763.3,1,1760714121454
-1,-1,,,133940.5,1,1760714121632
-1,-1,,,134104.6,1,1760714121796
-1,-1,,,134255.6,1,1760714121947
-1,-1,,,134402.5,1,1760714122094
-1,-1,,,134559.8,1,1760714122251
-1,-1,,,134708.6,1,1760714122400
-1,-1,,,134853.6,1,1760714122545
-1,-1,,,135000.8,1,1760714122692
-1,-1,,,135154.7,1,1760714122846
-1,-1,,,135314.9,1,1760714123006
-1,-1,,,135455.5,1,1760714123147
-1,-1,,,135632.2,1,1760714123324
-1,-1,,,135799.2,1,1760714123490
-1,-1,,,136066.5,1,1760714123758
-1,-1,,,136230.5,1,1760714123921
-1,-1,,,136376.5,1,1760714124068
-1,-1,,,136532.5,1,1760714124224
-1,-1,,,136680.8,1,1760714124372
-1,-1,,,136834.1,1,1760714124525
-1,-1,,,136982.7,1,1760714124674
-1,-1,,,137134.7,1,1760714124827
-1,-1,,,137286.2,1,1760714124977
-1,-1,,,137441.5,1,1760714125134
-1,-1,,,137615.9,1,1760714125307
-1,-1,,,137782.6,1,1760714125473
-1,-1,,,137929.5,1,1760714125621
-1,-1,,,138082,1,1760714125773
-1,-1,,,138234.5,1,1760714125926
-1,-1,,,138388.6,1,1760714126080
-1,-1,,,138545.4,1,1760714126237
-1,-1,,,138735.6,1,1760714126428
-1,-1,,,138892.8,1,1760714126585
-1,-1,,,139038.7,1,1760714126730
-1,-1,,,139183.3,1,1760714126875
-1,-1,,,139358.7,1,1760714127050
-1,-1,,,139504.2,1,1760714127197
-1,-1,,,139662.3,1,1760714127353
-1,-1,,,139853.8,1,1760714127545
-1,-1,,,140001.5,1,1760714127695
-1,-1,,,140154.4,1,1760714127846
-1,-1,,,140313,1,1760714128004
-1,-1,,,140497.4,1,1760714128189
-1,-1,,,140653.4,1,1760714128345
-1,-1,,,140813.5,1,1760714128505
-1,-1,,,140960.5,1,1760714128652
-1,-1,,,141110.7,1,1760714128802
-1,-1,,,141255.9,1,1760714128947
-1,-1,,,141408.9,1,1760714129101
-1,-1,,,141589.3,1,1760714129281
-1,-1,,,141759.4,1,1760714129451
-1,-1,,,141920.7,1,1760714129612
-1,-1,,,142183.3,1,1760714129875
-1,-1,,,142370.6,1,1760714130062
-1,-1,,,142550.7,1,1760714130242
-1,-1,,,142734.4,1,1760714130425
-1,-1,,,142896.8,1,1760714130588
-1,-1,,,143061.1,1,1760714130752
-1,-1,,,143268.7,1,1760714130960
-1,-1,,,143439.7,1,1760714131131
-1,-1,,,143616.8,1,1760714131308
-1,-1,,,143800.8,1,1760714131492
-1,-1,,,143960,1,1760714131651
-1,-1,,,144116.3,1,1760714131808
-1,-1,,,144288.8,1,1760714131980
-1,-1,,,144460,1,1760714132151
-1,-1,,,144616.4,1,1760714132307
-1,-1,,,144779.9,1,1760714132470
-1,-1,,,144971,1,1760714132662
179.56,228.28,"Family Influence**:",139,145152.1,1,1760714132843
183.56,230.28,"amily Influence**: G",140,145349.1,1,1760714133040
183.56,230.28,"amily Influence**: G",140,145543.6,1,1760714133235
183.56,230.28,"amily Influence**: G",140,145700.7,1,1760714133393
183.56,230.28,"amily Influence**: G",140,145881.1,1,1760714133572
183.56,230.28,"amily Influence**: G",140,146043.7,1,1760714133735
183.56,230.28,"amily Influence**: G",140,146204.3,1,1760714133897
183.56,230.28,"amily Influence**: G",140,146363,1,1760714134054
183.56,230.28,"contributed to his",238,146536.4,1,1760714134228
183.56,230.28,"ssing his enthusiasm",369,146703.4,1,1760714134395
183.56,230.28,"ove for sports with",458,146970.4,1,1760714134662
183.56,230.28,"rossover with Acting",553,147151.9,1,1760714134843
183.56,274.69,"ll, while Chalamet h",696,147348.3,1,1760714135040
183.56,407.93,"onment fueled this p",796,147514.5,1,1760714135205
-1,-1,,,147711.6,1,1760714135402
-1,-1,,,147875.6,1,1760714135566
-1,-1,,,148020.1,1,1760714135710
-1,-1,,,148177.3,1,1760714135867
-1,-1,,,148343.1,1,1760714136033
-1,-1,,,148512,1,1760714136202
-1,-1,,,148684.5,1,1760714136375
-1,-1,,,148846.9,1,1760714136537
-1,-1,,,149029.6,1,1760714136720
-1,-1,,,149220.4,1,1760714136910
-1,-1,,,149393.9,1,1760714137084
-1,-1,,,149564,1,1760714137254
-1,-1,,,149753.7,1,1760714137444
-1,-1,,,149938,1,1760714137628
-1,-1,,,150134.3,1,1760714137824
-1,-1,,,150319.8,1,1760714138010
-1,-1,,,150520.5,1,1760714138211
-1,-1,,,150711,1,1760714138401
-1,-1,,,150877.5,1,1760714138568
-1,-1,,,151036,1,1760714138726
-1,-1,,,151217.3,1,1760714138907
-1,-1,,,151506.6,1,1760714139197
-1,-1,,,151711.1,1,1760714139401
-1,-1,,,151888.3,1,1760714139578
-1,-1,,,152062.8,1,1760714139753
-1,-1,,,152244.3,1,1760714139934
-1,-1,,,152430.7,1,1760714140121
-1,-1,,,152630.2,1,1760714140320
-1,-1,,,152809.4,1,1760714140499
-1,-1,,,153004,1,1760714140694
-1,-1,,,153185.7,1,1760714140876
-1,-1,,,153362.7,1,1760714141053
-1,-1,,,153549.2,1,1760714141239
-1,-1,,,153743.4,1,1760714141434
-1,-1,,,153932.4,1,1760714141622
-1,-1,,,154134.3,1,1760714141824
-1,-1,,,154313.6,1,1760714142004
-1,-1,,,154497.5,1,1760714142188
-1,-1,,,154708.9,1,1760714142399
-1,-1,,,154914.4,1,1760714142604
-1,-1,,,155076.3,1,1760714142766
-1,-1,,,155236.7,1,1760714142927
-1,-1,,,155441,1,1760714143131
-1,-1,,,155593.3,1,1760714143283
-1,-1,,,155871.6,1,1760714143562
-1,-1,,,156042.8,0,1760714143733
-1,-1,,,156205.5,1,1760714143896
-1,-1,,,156349,1,1760714144039
-1,-1,,,156500.7,1,1760714144191
-1,-1,,,156652.9,1,1760714144343
-1,-1,,,156807.2,1,1760714144497
-1,-1,,,156965.4,1,1760714144655
-1,-1,,,157115,1,1760714144805
-1,-1,,,157270.1,1,1760714144960
-1,-1,,,157419.7,1,1760714145110
-1,-1,,,157594.6,1,1760714145285
-1,-1,,,157770.9,1,1760714145461
-1,-1,,,157938.2,1,1760714145629
29.56,443.04,"environment",783,158099.1,1,1760714145790
29.56,309.8,"in sports, v",734,158264.1,1,1760714145955
29.56,309.8,"in sports, v",734,158421.8,1,1760714146114
29.56,309.8,"in sports, v",734,158576.8,0,1760714146268
29.56,265.39,"Overall, whi",683,158752.6,1,1760714146444
29.56,265.39,"Overall, whi",683,158900.8,0,1760714146592
29.56,265.39,"Overall, whi",683,159066.5,0,1760714146758
29.56,265.39,"Overall, whi",683,159213,1,1760714146904
29.56,265.39,"Overall, whi",683,159381.6,1,1760714147073
-1,-1,,,159565.9,1,1760714147257
-1,-1,,,159749.7,1,1760714147443
-1,-1,,,159947.5,1,1760714147639
-1,-1,,,160120,1,1760714147811
-1,-1,,,160291.1,1,1760714147982
-1,-1,,,160455.2,1,1760714148147
-1,-1,,,160619.3,0,1760714148310
-1,-1,,,160802.8,0,1760714148493
-1,-1,,,161015.7,0,1760714148707
-1,-1,,,161209.5,0,1760714148900
-1,-1,,,161438.4,0,1760714149129
-1,-1,,,161605.6,0,1760714149296
-1,-1,,,161770.5,0,1760714149461
-1,-1,,,161942.9,0,1760714149634
-1,-1,,,162097.9,0,1760714149789
-1,-1,,,162410.6,0,1760714150101
-1,-1,,,162611.1,0,1760714150302
-1,-1,,,162793.7,0,1760714150484
-1,-1,,,162954.7,0,1760714150645
-1,-1,,,163129,0,1760714150820
-1,-1,,,163300,0,1760714150991
-1,-1,,,163472.5,0,1760714151163
-1,-1,,,163629.6,0,1760714151320
-1,-1,,,163783.9,0,1760714151475
-1,-1,,,163954.9,0,1760714151646
-1,-1,,,164148.9,0,1760714151840
-1,-1,,,164312,0,1760714152003
-1,-1,,,164495.1,0,1760714152186
-1,-1,,,164656.5,0,1760714152347
-1,-1,,,164816.4,0,1760714152507
-1,-1,,,165047.1,0,1760714152738
-1,-1,,,165230.4,0,1760714152923
-1,-1,,,165415.1,0,1760714153106
-1,-1,,,165594,0,1760714153286
-1,-1,,,165776.7,0,1760714153468
-1,-1,,,165974.5,0,1760714153666
-1,-1,,,166158.4,0,1760714153850
-1,-1,,,166316.3,0,1760714154008
-1,-1,,,166495.3,0,1760714154186
-1,-1,,,166672.5,0,1760714154364
-1,-1,,,166826.2,0,1760714154517
-1,-1,,,166979.9,0,1760714154671
-1,-1,,,167124.3,0,1760714154818
-1,-1,,,167286.7,0,1760714154978
-1,-1,,,167436.2,0,1760714155129
-1,-1,,,167589.5,0,1760714155281
-1,-1,,,167747.2,0,1760714155439
-1,-1,,,167890,0,1760714155581
-1,-1,,,168046.6,0,1760714155738
-1,-1,,,168186.7,0,1760714155879
-1,-1,,,168334.6,0,1760714156026
-1,-1,,,168483.8,0,1760714156175
-1,-1,,,168635.1,0,1760714156327
-1,-1,,,168903.9,0,1760714156596
-1,-1,,,169070.3,0,1760714156761
-1,-1,,,169233.7,0,1760714156925
-1,-1,,,169406.2,0,1760714157097
-1,-1,,,169626,0,1760714157317
-1,-1,,,169778.5,0,1760714157471
-1,-1,,,169934.4,0,1760714157626
-1,-1,,,170091.4,1,1760714157782
-1,-1,,,170245.9,1,1760714157937
-1,-1,,,170398.4,1,1760714158090
-1,-1,,,170616.8,1,1760714158308
-1,-1,,,170776.9,1,1760714158468
-1,-1,,,170925,1,1760714158617
-1,-1,,,171078.6,1,1760714158770
-1,-1,,,171233,1,1760714158924
-1,-1,,,171386.4,1,1760714159078
-1,-1,,,171541.1,1,1760714159233
-1,-1,,,171693.1,1,1760714159384
-1,-1,,,171847,1,1760714159538
-1,-1,,,171998.4,1,1760714159690
-1,-1,,,172147.4,1,1760714159839
-1,-1,,,172291.9,1,1760714159985
-1,-1,,,172507.1,1,1760714160198
-1,-1,,,172665.4,1,1760714160357
-1,-1,,,172821,1,1760714160512
-1,-1,,,172972,1,1760714160663
-1,-1,,,173121.5,1,1760714160813
-1,-1,,,173266.6,1,1760714160958
-1,-1,,,173408.6,1,1760714161100
-1,-1,,,173569.6,1,1760714161261
-1,-1,,,173738.8,1,1760714161430
-1,-1,,,173891.5,1,1760714161583
-1,-1,,,174038.3,1,1760714161730
-1,-1,,,174186.2,1,1760714161877
-1,-1,,,174340.1,1,1760714162031
-1,-1,,,174491.2,1,1760714162182
-1,-1,,,174642,1,1760714162333
-1,-1,,,174887.9,1,1760714162580
-1,-1,,,175043.5,1,1760714162735
-1,-1,,,175206.4,1,1760714162900
-1,-1,,,175348.3,1,1760714163040
-1,-1,,,175514.2,1,1760714163205
-1,-1,,,175660.6,1,1760714163352
-1,-1,,,175810.2,1,1760714163501
-1,-1,,,175958,1,1760714163649
-1,-1,,,176116,1,1760714163807
-1,-1,,,176260.4,1,1760714163952
-1,-1,,,176419.1,1,1760714164111
-1,-1,,,176564.4,1,1760714164256
-1,-1,,,176725,1,1760714164416
-1,-1,,,176870.7,1,1760714164562
-1,-1,,,177020.2,1,1760714164712
-1,-1,,,177179.9,1,1760714164873
-1,-1,,,177333.4,1,1760714165025
-1,-1,,,177490.4,1,1760714165182
-1,-1,,,177704.8,1,1760714165396
-1,-1,,,177857.6,1,1760714165549
-1,-1,,,178025.7,1,1760714165717
-1,-1,,,178186,1,1760714165877
-1,-1,,,178321.9,1,1760714166013
-1,-1,,,178469.7,1,1760714166162
-1,-1,,,178619.6,1,1760714166311
-1,-1,,,178775.7,1,1760714166467
-1,-1,,,178927.5,1,1760714166619
-1,-1,,,179073.5,1,1760714166765
-1,-1,,,179222.5,1,1760714166914
-1,-1,,,179371.5,1,1760714167063
-1,-1,,,179513.8,1,1760714167205
-1,-1,,,179666.1,1,1760714167357
-1,-1,,,179838,1,1760714167530
-1,-1,,,179995.7,1,1760714167687
-1,-1,,,180133.1,1,1760714167824
-1,-1,,,180280.8,1,1760714167972
-1,-1,,,180427,1,1760714168118
-1,-1,,,180584,1,1760714168275
-1,-1,,,180747.9,1,1760714168439
-1,-1,,,180992.1,1,1760714168684
-1,-1,,,181165.1,1,1760714168857
-1,-1,,,181317.8,1,1760714169009
-1,-1,,,181474.6,1,1760714169166
-1,-1,,,181621.6,1,1760714169313
-1,-1,,,181767.8,1,1760714169459
-1,-1,,,181933.4,1,1760714169625
-1,-1,,,182079,1,1760714169770
-1,-1,,,182232.9,1,1760714169924
-1,-1,,,182375.9,1,1760714170067
-1,-1,,,182528.9,1,1760714170220
-1,-1,,,182683,1,1760714170374
-1,-1,,,182829.8,1,1760714170522
-1,-1,,,183013.1,1,1760714170705
-1,-1,,,183159.6,1,1760714170851
-1,-1,,,183313.1,1,1760714171005
-1,-1,,,183487.3,1,1760714171179
-1,-1,,,183644.5,1,1760714171336
-1,-1,,,183792,1,1760714171483
-1,-1,,,183940.7,1,1760714171632
-1,-1,,,184092.4,1,1760714171783
-1,-1,,,184238.6,1,1760714171931
-1,-1,,,184382.8,1,1760714172074
-1,-1,,,184532.6,1,1760714172225
-1,-1,,,184690.5,1,1760714172381
-1,-1,,,184837.7,1,1760714172530
-1,-1,,,184989,1,1760714172681
-1,-1,,,185136.2,1,1760714172829
-1,-1,,,185285.5,1,1760714172977
-1,-1,,,185434.4,1,1760714173126
-1,-1,,,185597.8,1,1760714173289
-1,-1,,,185748.4,1,1760714173440
-1,-1,,,185899.6,1,1760714173591
-1,-1,,,186043.7,1,1760714173736
-1,-1,,,186191.9,1,1760714173883
-1,-1,,,186349.7,1,1760714174041
-1,-1,,,186508,1,1760714174199
-1,-1,,,186655.2,1,1760714174346
-1,-1,,,186920.5,1,1760714174613
-1,-1,,,187070.1,1,1760714174762
-1,-1,,,187215.1,1,1760714174911
-1,-1,,,187378.7,1,1760714175071
-1,-1,,,187530.7,1,1760714175222
-1,-1,,,187703.8,1,1760714175396
-1,-1,,,187857.6,1,1760714175549
-1,-1,,,188004,1,1760714175695
-1,-1,,,188157.9,1,1760714175849
-1,-1,,,188302.9,1,1760714175994
-1,-1,,,188461.5,1,1760714176153
-1,-1,,,188610.4,1,1760714176302
-1,-1,,,188756.9,1,1760714176449
-1,-1,,,188893,1,1760714176585
-1,-1,,,189034.6,1,1760714176726
-1,-1,,,189182.9,1,1760714176874
-1,-1,,,189336.3,1,1760714177027
-1,-1,,,189475.5,1,1760714177167
-1,-1,,,189630,1,1760714177321
-1,-1,,,189781.5,1,1760714177473
-1,-1,,,189932.9,1,1760714177624
-1,-1,,,190083.3,1,1760714177775
-1,-1,,,190242.1,1,1760714177933
-1,-1,,,190382.4,1,1760714178074
-1,-1,,,190541.4,1,1760714178233
-1,-1,,,190708.3,1,1760714178400
-1,-1,,,190853.9,1,1760714178545
-1,-1,,,191002.2,1,1760714178694
-1,-1,,,191154.9,1,1760714178846
-1,-1,,,191297.4,1,1760714178991
-1,-1,,,191450.1,1,1760714179141
-1,-1,,,191604.3,1,1760714179296
-1,-1,,,191757.1,1,1760714179449
-1,-1,,,191899.2,1,1760714179591
-1,-1,,,192054.1,1,1760714179746
-1,-1,,,192196.5,1,1760714179888
-1,-1,,,192352.6,1,1760714180045
-1,-1,,,192504.6,1,1760714180196
-1,-1,,,192784.7,1,1760714180476
-1,-1,,,192930.7,1,1760714180622
-1,-1,,,193090.7,1,1760714180782
-1,-1,,,193285.3,1,1760714180977
-1,-1,,,193450.5,1,1760714181142
-1,-1,,,193605,1,1760714181298
-1,-1,,,193762.8,1,1760714181454
-1,-1,,,193922.5,1,1760714181614
-1,-1,,,194081.6,1,1760714181773
-1,-1,,,194232.1,1,1760714181923
-1,-1,,,194389.2,1,1760714182080
-1,-1,,,194541.2,1,1760714182235
-1,-1,,,194691.9,1,1760714182383
-1,-1,,,194857.7,1,1760714182549
-1,-1,,,195001.4,1,1760714182693
-1,-1,,,195151.7,1,1760714182844
-1,-1,,,195304.5,1,1760714182996
-1,-1,,,195449.9,1,1760714183142
-1,-1,,,195593.4,1,1760714183285
-1,-1,,,195759.5,1,1760714183451
-1,-1,,,195938.6,1,1760714183630
-1,-1,,,196076.5,1,1760714183769
-1,-1,,,196247.9,0,1760714183940
-1,-1,,,196396.3,0,1760714184088
-1,-1,,,196557.7,0,1760714184249
-1,-1,,,196729.2,0,1760714184420
-1,-1,,,196953.6,0,1760714184645
-1,-1,,,197126.1,0,1760714184817
-1,-1,,,197305.3,0,1760714184996
-1,-1,,,197492.8,0,1760714185184
-1,-1,,,197675.8,0,1760714185367
-1,-1,,,197857.5,0,1760714185549
-1,-1,,,198044,0,1760714185734
-1,-1,,,198224.9,0,1760714185915
-1,-1,,,198405.3,0,1760714186095
-1,-1,,,198591.4,0,1760714186283
-1,-1,,,198786.7,0,1760714186477
-1,-1,,,199073.5,0,1760714186764
-1,-1,,,199265.7,0,1760714186957
-1,-1,,,199430.4,0,1760714187123
-1,-1,,,199598.1,0,1760714187289
-1,-1,,,199758.1,0,1760714187449
-1,-1,,,199922.8,0,1760714187614
-1,-1,,,200090.6,0,1760714187781
-1,-1,,,200253.2,0,1760714187945
-1,-1,,,200413.4,0,1760714188104
-1,-1,,,200653.6,0,1760714188345
-1,-1,,,200871,0,1760714188562
-1,-1,,,201110.2,0,1760714188801
-1,-1,,,201321.5,0,1760714189012
-1,-1,,,201463.3,1,1760714189154
-1,-1,,,201631.7,0,1760714189322
-1,-1,,,201792.5,0,1760714189483
-1,-1,,,202029.6,0,1760714189721
-1,-1,,,202280.7,0,1760714189973
-1,-1,,,202447.5,0,1760714190138
-1,-1,,,202631.1,0,1760714190322
-1,-1,,,202819.7,0,1760714190510
-1,-1,,,202988.2,0,1760714190678
-1,-1,,,203163.1,0,1760714190853
-1,-1,,,203438.9,0,1760714191129
-1,-1,,,203635.6,0,1760714191326
-1,-1,,,203841.2,0,1760714191531
-1,-1,,,204009.7,0,1760714191701
-1,-1,,,204158.7,0,1760714191849
-1,-1,,,204310.4,0,1760714192001
-1,-1,,,204458.9,0,1760714192150
-1,-1,,,204679.6,0,1760714192370
-1,-1,,,204907.7,0,1760714192599
-1,-1,,,205133.6,0,1760714192825
-1,-1,,,205342.3,0,1760714193033
-1,-1,,,205592.5,0,1760714193283
-1,-1,,,205814,0,1760714193505
-1,-1,,,206039.9,0,1760714193731
-1,-1,,,206221.9,0,1760714193913
-1,-1,,,206373.8,0,1760714194064
-1,-1,,,206524.2,0,1760714194214
-1,-1,,,206665.5,0,1760714194355
-1,-1,,,206817.5,0,1760714194508
-1,-1,,,206978.6,0,1760714194669
-1,-1,,,207141.2,0,1760714194831
-1,-1,,,207290.4,0,1760714194981
-1,-1,,,207454,0,1760714195145
-1,-1,,,207642.2,0,1760714195332
-1,-1,,,207830,0,1760714195520
-1,-1,,,208064.4,0,1760714195754
-1,-1,,,208312.6,0,1760714196003
-1,-1,,,208472.9,0,1760714196163
-1,-1,,,208650,0,1760714196340
-1,-1,,,208865.2,0,1760714196555
-1,-1,,,209082.7,0,1760714196773
-1,-1,,,209273.5,0,1760714196965
-1,-1,,,209489.3,0,1760714197181
-1,-1,,,209677.2,0,1760714197368
-1,-1,,,209820.7,0,1760714197511
-1,-1,,,209989.2,0,1760714197681
-1,-1,,,210139.3,0,1760714197829
-1,-1,,,210301.9,0,1760714197992
-1,-1,,,210460.7,0,1760714198152
-1,-1,,,210640.8,0,1760714198332
-1,-1,,,210909.2,0,1760714198600
-1,-1,,,211080.2,0,1760714198771
-1,-1,,,211248.4,0,1760714198939
-1,-1,,,211479.7,0,1760714199171
-1,-1,,,211637.3,0,1760714199328
-1,-1,,,211792.6,0,1760714199483
-1,-1,,,211951.1,0,1760714199642
-1,-1,,,212124.4,1,1760714199815
-1,-1,,,212272.6,1,1760714199963
-1,-1,,,212423.3,1,1760714200114
-1,-1,,,212577.8,0,1760714200269
-1,-1,,,212751.9,0,1760714200443
103.56,16.39,"- **Crossover with",546,212918.2,0,1760714200610
103.56,16.39,"- **Crossover with",546,213083.3,0,1760714200775
-1,-1,,,213259.1,1,1760714200950
-1,-1,,,213442.3,1,1760714201132
-1,-1,,,213622.8,1,1760714201315
-1,-1,,,213863,1,1760714201553
-1,-1,,,214034.3,1,1760714201724
-1,-1,,,214200.5,1,1760714201891
-1,-1,,,214357.7,1,1760714202048
-1,-1,,,214500.7,1,1760714202191
-1,-1,,,214659.4,1,1760714202350
-1,-1,,,214810.6,1,1760714202502
-1,-1,,,214961.8,1,1760714202653
-1,-1,,,215115.6,1,1760714202806
-1,-1,,,215278.9,1,1760714202970
-1,-1,,,215560.5,1,1760714203251
-1,-1,,,215729.7,1,1760714203420
-1,-1,,,215884.7,1,1760714203576
-1,-1,,,216057.4,1,1760714203751
-1,-1,,,216205.4,1,1760714203896
-1,-1,,,216356.4,1,1760714204047
-1,-1,,,216514.9,1,1760714204206
-1,-1,,,216674,1,1760714204365
-1,-1,,,216816.1,1,1760714204507
-1,-1,,,216969.4,1,1760714204660
-1,-1,,,217117.5,1,1760714204808
-1,-1,,,217253,1,1760714204944
-1,-1,,,217394.3,1,1760714205085
-1,-1,,,217541,1,1760714205232
-1,-1,,,217695.4,1,1760714205386
-1,-1,,,217829.5,1,1760714205520
-1,-1,,,217991.8,1,1760714205683
-1,-1,,,218147,1,1760714205838
-1,-1,,,218290.9,1,1760714205982
-1,-1,,,218448.7,1,1760714206139
-1,-1,,,218620.4,1,1760714206311
-1,-1,,,218773.4,1,1760714206464
-1,-1,,,218913.7,1,1760714206605
-1,-1,,,219056.7,1,1760714206747
-1,-1,,,219207.6,1,1760714206901
-1,-1,,,219350.2,1,1760714207041
-1,-1,,,219517.8,1,1760714207209
-1,-1,,,219670.3,1,1760714207362
-1,-1,,,219822.2,1,1760714207513
-1,-1,,,219966,1,1760714207657
-1,-1,,,220118.7,1,1760714207809
-1,-1,,,220254.1,1,1760714207945
-1,-1,,,220401,1,1760714208092
-1,-1,,,220548.7,1,1760714208240
-1,-1,,,220693.5,1,1760714208384
-1,-1,,,220860.6,1,1760714208551
-1,-1,,,221011.7,1,1760714208702
-1,-1,,,221164,1,1760714208855
-1,-1,,,221313.4,1,1760714209004
-1,-1,,,221522.9,1,1760714209214
-1,-1,,,221688.7,1,1760714209379
-1,-1,,,221835.9,1,1760714209527
-1,-1,,,222098.7,1,1760714209790
-1,-1,,,222262.1,1,1760714209953
-1,-1,,,222434.6,1,1760714210126
-1,-1,,,222607.5,1,1760714210298
-1,-1,,,222761,1,1760714210452
-1,-1,,,222930.4,1,1760714210622
-1,-1,,,223107.4,1,1760714210799
-1,-1,,,223271.4,1,1760714210962
-1,-1,,,223462.1,1,1760714211153
-1,-1,,,223636.6,1,1760714211327
-1,-1,,,223811.7,1,1760714211502
-1,-1,,,223967.7,1,1760714211658
-1,-1,,,224125.2,1,1760714211817
-1,-1,,,224283.3,1,1760714211973
-1,-1,,,224444.5,1,1760714212135
-1,-1,,,224592,1,1760714212282
-1,-1,,,224748.8,1,1760714212440
-1,-1,,,224900.3,1,1760714212591
-1,-1,,,225042.8,1,1760714212734
-1,-1,,,225198.6,1,1760714212890
-1,-1,,,225334,1,1760714213025
-1,-1,,,225482.9,1,1760714213174
-1,-1,,,225637,1,1760714213328
-1,-1,,,225782.5,1,1760714213473
-1,-1,,,225937.4,1,1760714213628
-1,-1,,,226090.6,1,1760714213781
-1,-1,,,226252.3,1,1760714213943
-1,-1,,,226421.6,1,1760714214113
-1,-1,,,226600.8,1,1760714214292
-1,-1,,,226780.4,1,1760714214472
-1,-1,,,226965.2,1,1760714214657
-1,-1,,,227159.8,1,1760714214851
-1,-1,,,227337.9,1,1760714215029
-1,-1,,,227535.6,1,1760714215227
-1,-1,,,227749.9,1,1760714215441
-1,-1,,,227917.2,1,1760714215609
-1,-1,,,228077.6,1,1760714215769
-1,-1,,,228238.2,1,1760714215929
-1,-1,,,228382,1,1760714216073
-1,-1,,,228528.5,1,1760714216220
-1,-1,,,228679.4,1,1760714216371
-1,-1,,,228949.5,1,1760714216641
-1,-1,,,229117.2,1,1760714216809
-1,-1,,,229281.5,1,1760714216972
143.56,128.39,"is mother, Nicole Fl",63,229462.6,1,1760714217154
160.56,140.39,"mother, Nicole Flen",65,229643.5,1,1760714217336
160.56,143.39,"mother, Nicole Flen",65,229839.9,0,1760714217531
160.56,145.39,"mother, Nicole Flen",65,230029,0,1760714217721
160.56,145.39,"mother, Nicole Flen",65,230203.4,1,1760714217895
160.56,145.39,"mother, Nicole Flen",65,230364.9,1,1760714218057
160.56,145.39,"mother, Nicole Flen",65,230530.5,0,1760714218222
160.56,145.39,"mother, Nicole Flen",65,230696.6,1,1760714218388
160.56,145.39,"mother, Nicole Flen",65,230904.6,1,1760714218596
160.56,145.39,"mother, Nicole Flen",65,231091.2,1,1760714218783
160.56,145.39,"mother, Nicole Flen",65,231260.8,1,1760714218953
160.56,145.39,"mother, Nicole Flen",65,231440.1,1,1760714219131
160.56,145.39,"mother, Nicole Flen",65,231586.6,0,1760714219280
160.56,145.39,"mother, Nicole Flen",65,231784.9,1,1760714219477
160.56,145.39,"mother, Nicole Flen",65,231984.7,1,1760714219677
160.56,145.39,"mother, Nicole Flen",65,232129.5,1,1760714219824
160.56,145.39,"mother, Nicole Flen",65,232267.6,1,1760714219960
160.56,145.39,"mother, Nicole Flen",65,232438.9,0,1760714220130
160.56,145.39,"mother, Nicole Flen",65,232593.5,0,1760714220286
160.56,145.39,"mother, Nicole Flen",65,232745.7,0,1760714220437
160.56,145.39,"mother, Nicole Flen",65,232889.6,0,1760714220582
160.56,145.39,"mother, Nicole Flen",65,233043.4,0,1760714220735
160.56,145.39,"mother, Nicole Flen",65,233184.7,0,1760714220878
160.56,145.39,"mother, Nicole Flen",65,233333.7,0,1760714221026
160.56,145.39,"mother, Nicole Flen",65,233548.7,1,1760714221240
160.56,145.39,"mother, Nicole Flen",65,233709.2,1,1760714221401
160.56,145.39,"mother, Nicole Flen",65,233862.6,0,1760714221554
160.56,145.39,"mother, Nicole Flen",65,234018.2,0,1760714221710
160.56,145.39,"mother, Nicole Flen",65,234181.2,1,1760714221873
160.56,145.39,"nificant influence i",115,234345.4,1,1760714222037
160.56,145.39,"nificant influence i",115,234507.3,1,1760714222199
163.56,149.39,"nificant influence i",115,234686.5,0,1760714222378
192.56,185.39,"rtistic inclinations",166,234884,1,1760714222577
192.56,185.39,"rtistic inclinations",166,235062.9,1,1760714222756
192.56,185.39,"rtistic inclinations",166,235226.5,0,1760714222918
192.56,185.39,"rtistic inclinations",166,235405.5,0,1760714223098
192.56,185.39,"rtistic inclinations",166,235547.6,0,1760714223239
192.56,185.39,"rtistic inclinations",166,235705.6,0,1760714223397
192.56,185.39,"rtistic inclinations",166,235981.6,0,1760714223673
192.56,185.39,"d a role in inspirin",305,236144.5,0,1760714223836
192.56,185.39,"d a role in inspirin",305,236321,0,1760714224013
192.56,185.39,"l plays and local th",404,236466.8,0,1760714224159
192.56,185.39,"l plays and local th",404,236628.1,0,1760714224320
192.56,185.39,"l plays and local th",404,236777.9,0,1760714224469
192.56,185.39,"l plays and local th",404,236949.9,0,1760714224642
192.56,185.39,"l plays and local th",404,237104.7,0,1760714224797
192.56,185.39,"l plays and local th",404,237246,1,1760714224937
192.56,185.39,"l plays and local th",404,237408.8,0,1760714225100
192.56,185.39,"l plays and local th",404,237577.7,0,1760714225269
192.56,185.39,"d him develop a love",452,237732,0,1760714225423
192.56,185.39,"d him develop a love",452,237894.7,0,1760714225586
192.56,185.39,"d him develop a love",452,238062.6,0,1760714225754
192.56,185.39,"nfluential Performer",517,238233.2,0,1760714225927
192.56,185.39,"oned being inspired",560,238401.2,0,1760714226093
192.56,185.39,"rmances to pursue a",607,238550.8,0,1760714226243
192.56,185.39,"rmances to pursue a",607,238710,0,1760714226401
192.56,185.39,"rmances to pursue a",607,238856.4,0,1760714226548
192.56,185.39,"rmances to pursue a",607,239035.6,0,1760714226727
192.56,185.39,"rmances to pursue a",607,239201.8,0,1760714226894
192.56,185.39,"rmances to pursue a",607,239354.6,0,1760714227046
192.56,185.39,"rmances to pursue a",607,239501.1,0,1760714227193
192.56,185.39,"rmances to pursue a",607,239656.7,0,1760714227348
192.56,185.39,"rmances to pursue a",607,239797.6,0,1760714227489
192.56,185.39,"rmances to pursue a",607,239962.6,0,1760714227654
192.56,185.39,"rmances to pursue a",607,240106.9,1,1760714227799
192.56,185.39,"rmances to pursue a",607,240260.6,0,1760714227952
192.56,185.39,"rmances to pursue a",607,240432.3,1,1760714228124
192.56,185.39,"rmances to pursue a",607,240588.1,0,1760714228280
192.56,185.39,"rmances to pursue a",607,240751.7,0,1760714228444
-1,-1,,,240913.5,0,1760714228605
-1,-1,,,241076.7,0,1760714228768
-1,-1,,,241247.4,0,1760714228939
-1,-1,,,241449.3,0,1760714229143
-1,-1,,,241641.3,0,1760714229333
-1,-1,,,241803.9,0,1760714229496
-1,-1,,,241963.4,0,1760714229655
-1,-1,,,242122.8,0,1760714229814
-1,-1,,,242278.2,0,1760714229969
-1,-1,,,242429.3,0,1760714230120
-1,-1,,,242612,0,1760714230303
-1,-1,,,242879.9,0,1760714230571
-1,-1,,,243040.1,0,1760714230731
-1,-1,,,243213.4,0,1760714230905
-1,-1,,,243369.5,0,1760714231061
-1,-1,,,243523.7,0,1760714231215
-1,-1,,,243670.7,0,1760714231362
-1,-1,,,243822.1,0,1760714231520
-1,-1,,,243992,0,1760714231683
-1,-1,,,244171.2,0,1760714231862
-1,-1,,,244343,0,1760714232034
