470.84,127.18,"to finish generating",99,6713.5,0,1768624336401
469.53,125.68,,,6808.3999999762,1,1768624347883
464.38,120.71,"to finish generatin",98,6872.3999999762,1,1768624347947
444.92,109.09,"AI to finish generat",96,6933.7999999523,1,1768624348008
415.03,77.87,"r AI to finish gener",94,6994.8999999762,1,1768624348069
371.27,50.79,"tion, please wait pa",34,7052.3999999762,1,1768624348127
304.36,3.26,"r question, please w",28,7106.6999999285,1,1768624348181
-1,-1,,,7167.8999999762,1,1768624348242
-1,-1,,,7237.5999999046,1,1768624348312
-1,-1,,,7302.5,1,1768624348377
-1,-1,,,7368.7999999523,1,1768624348443
-1,-1,,,7426.7999999523,1,1768624348501
-1,-1,,,7491.1999999285,1,1768624348566
-1,-1,,,7558.8999999762,1,1768624348633
-1,-1,,,7623.1999999285,1,1768624348697
-1,-1,,,7686.0999999046,1,1768624348760
-1,-1,,,7750.0999999046,1,1768624348824
-1,-1,,,7820.0999999046,1,1768624348894
-1,-1,,,7914.7999999523,1,1768624348989
-1,-1,,,7993.8999999762,1,1768624349068
-1,-1,,,8063.7999999523,1,1768624349138
-1,-1,,,8138.1999999285,1,1768624349212
-1,-1,,,8214.5999999046,1,1768624349289
357.3,22.01,"estion, please wait",32,8287,1,1768624349361
377.69,29.43,"tion, please wait pa",34,8363.2999999523,1,1768624349438
392.03,51.21,"on, please wait pati",36,8432.6999999285,1,1768624349507
418.96,53.87,", please wait patien",38,8507.3999999762,1,1768624349582
421.16,88.14,"r AI to finish gener",94,8576.6999999285,1,1768624349651
349.66,87.72,"ute for AI to finish",88,8647.6999999285,1,1768624349722
345.65,51.08,"uestion, please wait",31,8720.8999999762,1,1768624349795
-1,-1,,,8791,1,1768624349865
-1,-1,,,8854.5999999046,1,1768624349929
-1,-1,,,8928.7999999523,1,1768624350003
-1,-1,,,9005.2999999523,1,1768624350079
-1,-1,,,9068.6999999285,1,1768624350143
-1,-1,,,9136.2999999523,1,1768624350210
-1,-1,,,9205.5,1,1768624350280
-1,-1,,,9268.0999999046,1,1768624350342
-1,-1,,,9336,1,1768624350410
-1,-1,,,9395.3999999762,1,1768624350470
-1,-1,,,9474.5999999046,1,1768624350549
-1,-1,,,9544.8999999762,1,1768624350619
-1,-1,,,9615.2999999523,1,1768624350689
-1,-1,,,9679.1999999285,1,1768624350753
-1,-1,,,9745.3999999762,1,1768624350820
-1,-1,,,9813.2999999523,1,1768624350887
-1,-1,,,9888.3999999762,1,1768624350963
-1,-1,,,9966,1,1768624351040
-1,-1,,,10044.199999928,1,1768624351118
-1,-1,,,10121.5,1,1768624351196
-1,-1,,,10185.199999928,1,1768624351260
-1,-1,,,10255.899999976,1,1768624351330
-1,-1,,,10322.199999928,1,1768624351397
-1,-1,,,10389.399999976,1,1768624351464
-1,-1,,,10473.199999928,1,1768624351548
-1,-1,,,10542.899999976,1,1768624351617
-1,-1,,,10625.699999928,1,1768624351700
-1,-1,,,10699.699999928,1,1768624351774
-1,-1,,,10768.399999976,1,1768624351843
-1,-1,,,10842.899999976,1,1768624351917
-1,-1,,,10929.299999952,1,1768624352004
-1,-1,,,11017.299999952,1,1768624352091
-1,-1,,,11091.5,1,1768624352166
-1,-1,,,11175.699999928,1,1768624352250
-1,-1,,,11239.099999905,1,1768624352313
-1,-1,,,11304.799999952,1,1768624352379
-1,-1,,,11375.299999952,1,1768624352449
-1,-1,,,11438.899999976,1,1768624352513
-1,-1,,,11498.699999928,1,1768624352573
-1,-1,,,11566.699999928,1,1768624352641
-1,-1,,,11630.899999976,1,1768624352705
-1,-1,,,11698.299999952,1,1768624352772
-1,-1,,,11764.299999952,1,1768624352839
-1,-1,,,11830.399999976,1,1768624352905
-1,-1,,,11898.099999905,1,1768624352972
-1,-1,,,11960.199999928,1,1768624353034
619.25,73.76,"enerating",110,12029.5,1,1768624353104
449.83,94.04,"I to finish generati",97,12095,1,1768624353169
341.92,107.3,"nute for AI to finis",87,12161.299999952,1,1768624353236
249.58,132.18,,,12230.299999952,1,1768624353304
179.32,134.15,,,12296.099999905,1,1768624353370
120.95,108.29,,,12364.899999976,1,1768624353439
64.13,103.7,,,12428.799999952,1,1768624353503
78.45,104.19,,,12496.699999928,1,1768624353571
131.27,118.86,,,12563.899999976,1,1768624353638
208.38,100.61,,,12631.699999928,1,1768624353706
273.19,98.94,,,12694.899999976,1,1768624353769
312.07,84.01,"minute for AI to fi",84,12759.699999928,1,1768624353834
-1,-1,,,12826.899999976,1,1768624353901
-1,-1,,,12895.699999928,1,1768624353970
-1,-1,,,12980.599999905,1,1768624354055
-1,-1,,,13055.099999905,1,1768624354129
-1,-1,,,13113.199999928,1,1768624354187
-1,-1,,,13178.899999976,1,1768624354253
-1,-1,,,13244.899999976,1,1768624354319
-1,-1,,,13312.199999928,1,1768624354386
-1,-1,,,13380.099999905,1,1768624354454
-1,-1,,,13450.299999952,1,1768624354524
-1,-1,,,13513.599999905,1,1768624354588
-1,-1,,,13579.099999905,1,1768624354653
-1,-1,,,13643.299999952,1,1768624354718
596.58,24.22,"tiently. It",54,13710.199999928,1,1768624354784
507.44,16.87,"wait patiently. It",46,13777.799999952,1,1768624354852
470.67,71.1,"to finish generating",99,13845.5,1,1768624354920
500.67,86.61,"finish generating",102,13913.599999905,1,1768624354988
509.23,89.88,"finish generating",102,13981.099999905,1,1768624355055
495.89,90.55,"finish generating",101,14045.599999905,1,1768624355120
484.91,75.33,"o finish generating",100,14114.699999928,1,1768624355189
514.4,62.24,"wait patiently. It",47,14180.199999928,1,1768624355255
631.7,52.71,"ently. It",56,14248.199999928,1,1768624355322
-1,-1,,,14312.299999952,1,1768624355387
-1,-1,,,14376.899999976,1,1768624355451
-1,-1,,,14444.5,1,1768624355519
-1,-1,,,14513,1,1768624355587
-1,-1,,,14578.099999905,1,1768624355652
-1,-1,,,14644.399999976,1,1768624355719
-1,-1,,,14711.799999952,1,1768624355786
-1,-1,,,14780,1,1768624355854
-1,-1,,,14847.699999928,1,1768624355922
-1,-1,,,14916.099999905,1,1768624355990
-1,-1,,,14993.799999952,1,1768624356068
-1,-1,,,15055.699999928,1,1768624356130
-1,-1,,,15118.099999905,1,1768624356192
-1,-1,,,15184,1,1768624356258
-1,-1,,,15258.099999905,1,1768624356332
-1,-1,,,15335.699999928,1,1768624356410
-1,-1,,,15399.699999928,1,1768624356474
-1,-1,,,15471.5,1,1768624356546
-1,-1,,,15540.899999976,1,1768624356615
-1,-1,,,15612.199999928,1,1768624356686
-1,-1,,,15692.899999976,1,1768624356767
-1,-1,,,15780.399999976,1,1768624356855
-1,-1,,,15858.299999952,1,1768624356933
-1,-1,,,15924,1,1768624356998
-1,-1,,,15990.799999952,1,1768624357065
-1,-1,,,16057.899999976,1,1768624357132
-1,-1,,,16147,1,1768624357221
-1,-1,,,16227.5,1,1768624357302
-1,-1,,,16286.5,1,1768624357361
-1,-1,,,16345.899999976,1,1768624357420
-1,-1,,,16414.299999952,1,1768624357489
-1,-1,,,16486.599999905,1,1768624357561
-1,-1,,,16546.199999928,1,1768624357621
-1,-1,,,16611.699999928,1,1768624357686
-1,-1,,,16680.5,1,1768624357755
530.64,29.04,"ait patiently. It",48,16746.799999952,1,1768624357821
455.23,32.9,"lease wait patiently",41,16812.299999952,1,1768624357887
375.48,46.4,"tion, please wait pa",34,16882.199999928,1,1768624357956
319.21,58.11,"question, please wa",29,16945.599999905,1,1768624358020
211.14,65.49,,,17013.199999928,1,1768624358087
190.43,76.15,,,17080.899999976,1,1768624358155
140.7,85.07,,,17137.5,1,1768624358212
189.89,121.11,,,17198.399999976,1,1768624358273
245.84,145.73,,,17257.199999928,1,1768624358331
258.37,117.39,,,17312.799999952,1,1768624358387
351.71,106.25,"ute for AI to finish",88,17394.199999928,1,1768624358469
459.71,131.49,"to finish generatin",98,17455.799999952,1,1768624358530
473.82,158.15,"ill show up here.",153,17528.799999952,1,1768624358603
440.28,152.57,"e will show up here.",150,17588.199999928,1,1768624358663
399.99,160.43,"ponse will show up h",146,17647.799999952,1,1768624358722
343.77,186.08,"s response will show",141,17718.399999976,1,1768624358793
-1,-1,,,17772.199999928,1,1768624358847
-1,-1,,,17842.599999905,1,1768624358917
-1,-1,,,17899.699999928,1,1768624358974
136.55,193.66,,,17962,1,1768624359036
147.76,188.36,,,18029,1,1768624359103
216.38,197.64,,,18091.5,1,1768624359166
313.23,184.57,"AI's response will s",138,18152.699999928,1,1768624359227
-1,-1,,,18209.699999928,1,1768624359284
-1,-1,,,18285.299999952,1,1768624359360
-1,-1,,,18344.199999928,1,1768624359418
-1,-1,,,18401.199999928,1,1768624359475
-1,-1,,,18463.299999952,1,1768624359537
-1,-1,,,18539.699999928,1,1768624359614
-1,-1,,,18602.299999952,1,1768624359676
-1,-1,,,18663.599999905,1,1768624359738
-1,-1,,,18722.199999928,1,1768624359796
-1,-1,,,18783,1,1768624359857
-1,-1,,,18839.199999928,1,1768624359913
-1,-1,,,18901.299999952,1,1768624359975
-1,-1,,,18960.5,1,1768624360035
-1,-1,,,19027.5,1,1768624360102
-1,-1,,,19084.099999905,1,1768624360158
-1,-1,,,19151.5,1,1768624360226
-1,-1,,,19205.899999976,1,1768624360280
-1,-1,,,19265.099999905,1,1768624360339
-1,-1,,,19322.299999952,1,1768624360396
-1,-1,,,19384.299999952,1,1768624360458
-1,-1,,,19444.099999905,1,1768624360518
-1,-1,,,19502.599999905,1,1768624360577
-1,-1,,,19566.099999905,1,1768624360640
-1,-1,,,19626.399999976,1,1768624360700
-1,-1,,,19683,1,1768624360757
-1,-1,,,19747,1,1768624360821
-1,-1,,,19810.799999952,1,1768624360885
-1,-1,,,19871.899999976,1,1768624360946
-1,-1,,,19942.799999952,1,1768624361017
-1,-1,,,20030.399999976,1,1768624361105
-1,-1,,,20102.899999976,1,1768624361177
-1,-1,,,20162.899999976,1,1768624361237
-1,-1,,,20222.399999976,1,1768624361297
-1,-1,,,20285.799999952,1,1768624361360
-1,-1,,,20347.399999976,1,1768624361421
-1,-1,,,20403.5,1,1768624361478
-1,-1,,,20517.299999952,1,1768624361591
-1,-1,,,20593,1,1768624361667
-1,-1,,,20670,1,1768624361744
-1,-1,,,20731.799999952,1,1768624361806
-1,-1,,,20787.299999952,1,1768624361861
-1,-1,,,20845.699999928,1,1768624361920
-1,-1,,,20905.5,1,1768624361980
-1,-1,,,20967.899999976,1,1768624362042
-1,-1,,,21026,1,1768624362100
-1,-1,,,21182.599999905,1,1768624362257
-1,-1,,,21286.5,1,1768624362361
-1,-1,,,21342.599999905,1,1768624362417
-1,-1,,,21436.099999905,1,1768624362510
-1,-1,,,21495.199999928,1,1768624362569
-1,-1,,,21561.399999976,1,1768624362636
-1,-1,,,21622.099999905,1,1768624362696
-1,-1,,,21682.199999928,1,1768624362756
-1,-1,,,21742.5,1,1768624362817
-1,-1,,,21802.199999928,1,1768624362876
-1,-1,,,21871.199999928,1,1768624362945
-1,-1,,,21931.799999952,1,1768624363006
-1,-1,,,21991.199999928,1,1768624363065
-1,-1,,,22050.899999976,1,1768624363125
-1,-1,,,22122.099999905,1,1768624363196
-1,-1,,,22192.699999928,1,1768624363267
-1,-1,,,22253.5,1,1768624363328
-1,-1,,,22306.299999952,1,1768624363381
-1,-1,,,22364.799999952,1,1768624363439
-1,-1,,,22436.899999976,1,1768624363511
-1,-1,,,22517.199999928,1,1768624363591
-1,-1,,,22570.5,1,1768624363645
-1,-1,,,22629.099999905,1,1768624363703
-1,-1,,,22699.199999928,1,1768624363773
-1,-1,,,22759.299999952,1,1768624363833
-1,-1,,,22828.799999952,1,1768624363903
-1,-1,,,22896.199999928,1,1768624363970
-1,-1,,,22962.299999952,1,1768624364036
-1,-1,,,23033,1,1768624364107
-1,-1,,,23107.799999952,1,1768624364182
-1,-1,,,23200.699999928,1,1768624364275
-1,-1,,,23268.299999952,1,1768624364342
-1,-1,,,23357.099999905,1,1768624364431
-1,-1,,,23420.599999905,1,1768624364495
-1,-1,,,23489.599999905,1,1768624364564
-1,-1,,,23558.799999952,1,1768624364633
-1,-1,,,23626.399999976,1,1768624364700
-1,-1,,,23692.099999905,1,1768624364766
-1,-1,,,23781,1,1768624364855
-1,-1,,,23857.599999905,1,1768624364932
-1,-1,,,23922.799999952,1,1768624364997
-1,-1,,,23988.599999905,1,1768624365063
-1,-1,,,24060.199999928,1,1768624365134
-1,-1,,,24143.099999905,1,1768624365217
-1,-1,,,24211.5,1,1768624365286
-1,-1,,,24286.199999928,1,1768624365360
-1,-1,,,24351.699999928,1,1768624365426
-1,-1,,,24417.799999952,1,1768624365492
-1,-1,,,24488.899999976,1,1768624365563
-1,-1,,,24554.199999928,1,1768624365628
-1,-1,,,24625.299999952,1,1768624365699
-1,-1,,,24701.199999928,1,1768624365775
-1,-1,,,24773.899999976,1,1768624365848
-1,-1,,,24844.099999905,1,1768624365918
-1,-1,,,24909.699999928,1,1768624365984
-1,-1,,,24990.5,1,1768624366065
-1,-1,,,25075.699999928,1,1768624366150
-1,-1,,,25140.199999928,1,1768624366214
-1,-1,,,25209.099999905,1,1768624366283
-1,-1,,,25276.199999928,1,1768624366350
547.49,752.83,,,25342.399999976,1,1768624366417
504.44,762.34,,,25419.799999952,1,1768624366494
388.43,789.96,,,25488.199999928,1,1768624366563
431.56,788.12,"",3,25557,1,1768624366631
512.42,802.7,,,25622.699999928,1,1768624366697
530.91,774.36,"",3,25686.799999952,1,1768624366761
606.67,719.59,,,25757,1,1768624366831
-1,-1,,,25818.199999928,1,1768624366892
597.58,757.68,,,25885.099999905,1,1768624366959
-1,-1,,,25951.099999905,1,1768624367025
-1,-1,,,26021.5,1,1768624367096
-1,-1,,,26105.299999952,1,1768624367180
-1,-1,,,26186.399999976,1,1768624367261
-1,-1,,,26259.899999976,1,1768624367334
-1,-1,,,26335.299999952,1,1768624367410
-1,-1,,,26404.099999905,1,1768624367478
-1,-1,,,26473.899999976,1,1768624367548
-1,-1,,,26545.5,1,1768624367620
-1,-1,,,26627.699999928,1,1768624367702
-1,-1,,,26705.599999905,1,1768624367780
-1,-1,,,26771.899999976,1,1768624367846
-1,-1,,,26836.399999976,1,1768624367911
-1,-1,,,26905.299999952,1,1768624367980
-1,-1,,,26977.599999905,1,1768624368052
-1,-1,,,27057.399999976,1,1768624368132
-1,-1,,,27138.299999952,1,1768624368213
-1,-1,,,27205.099999905,1,1768624368279
-1,-1,,,27292.099999905,1,1768624368366
-1,-1,,,27366.299999952,1,1768624368441
-1,-1,,,27442.099999905,1,1768624368516
-1,-1,,,27508.899999976,1,1768624368583
-1,-1,,,27598.699999928,1,1768624368673
-1,-1,,,27661.5,1,1768624368736
-1,-1,,,27722.799999952,1,1768624368797
-1,-1,,,27825.699999928,1,1768624368900
-1,-1,,,27894,1,1768624368968
-1,-1,,,27972.099999905,1,1768624369046
-1,-1,,,28036.099999905,1,1768624369110
-1,-1,,,28101.399999976,1,1768624369176
-1,-1,,,28168,1,1768624369242
-1,-1,,,28238.5,1,1768624369313
-1,-1,,,28307.199999928,1,1768624369381
-1,-1,,,28394.399999976,1,1768624369469
-1,-1,,,28464.799999952,1,1768624369539
-1,-1,,,28535.799999952,1,1768624369610
-1,-1,,,28621.399999976,1,1768624369696
-1,-1,,,28684.5,1,1768624369759
-1,-1,,,28753.699999928,1,1768624369828
-1,-1,,,28837,1,1768624369911
-1,-1,,,28896.599999905,1,1768624369971
-1,-1,,,28965.599999905,1,1768624370040
-1,-1,,,29034.699999928,1,1768624370109
-1,-1,,,29095.5,1,1768624370170
-1,-1,,,29164.699999928,1,1768624370239
-1,-1,,,29233.199999928,1,1768624370307
-1,-1,,,29296.899999976,1,1768624370371
-1,-1,,,29364.099999905,1,1768624370438
-1,-1,,,29427.399999976,1,1768624370502
469.31,965.15,"ou answer all the qu",30,29496.399999976,1,1768624370571
345.21,996.31,"After you ans",16,29560,1,1768624370634
218.82,1016.23,,,29628.5,1,1768624370703
159.81,1034.08,,,29693.5,1,1768624370768
134.12,1047.71,,,29765.099999905,1,1768624370839
158.56,1060.28,,,29834.699999928,1,1768624370909
154.76,1026.45,,,29894.099999905,1,1768624370968
176.55,991.92,,,29962.399999976,1,1768624371037
176.42,1009.17,,,30033.5,1,1768624371108
233.79,964.11,,,30094.299999952,1,1768624371169
396.03,956.07,,,30163.599999905,1,1768624371238
400.76,975.1,"After you answer al",22,30240.099999905,1,1768624371314
586.59,969.03,"he questions, please",45,30345.099999905,1,1768624371419
575.8,967.67,"the questions, plea",43,30415.699999928,1,1768624371490
557.96,957.57,,,30486.199999928,1,1768624371560
605.1,958.61,,,30553.299999952,1,1768624371628
591.03,1001.19,"he questions, please",45,30620,1,1768624371694
-1,-1,,,30688.299999952,1,1768624371763
-1,-1,,,30764.799999952,1,1768624371839
-1,-1,,,30835.699999928,1,1768624371910
-1,-1,,,30906.899999976,1,1768624371981
-1,-1,,,30976.5,1,1768624372051
-1,-1,,,31054.5,1,1768624372129
-1,-1,,,31123.399999976,1,1768624372198
-1,-1,,,31190.599999905,1,1768624372265
-1,-1,,,31255.5,1,1768624372330
-1,-1,,,31333.199999928,1,1768624372408
-1,-1,,,31415.599999905,1,1768624372490
-1,-1,,,31492.699999928,1,1768624372567
-1,-1,,,31578.5,1,1768624372653
-1,-1,,,31665.5,1,1768624372740
-1,-1,,,31740.599999905,1,1768624372815
-1,-1,,,31805.099999905,1,1768624372879
533.84,859.49,,,31865.699999928,1,1768624372940
419.94,820.86,,,31927.099999905,1,1768624373001
296.52,821.19,"",3,31996.399999976,1,1768624373071
101.72,834.61,"",3,32059.799999952,1,1768624373134
-1,-1,,,32129.699999928,1,1768624373204
-1,-1,,,32194.899999976,1,1768624373269
-1,-1,,,32262.599999905,1,1768624373337
-1,-1,,,32331.799999952,1,1768624373406
-1,-1,,,32397,1,1768624373471
-1,-1,,,32460.799999952,1,1768624373535
-1,-1,,,32527.799999952,1,1768624373602
133.85,900.61,,,32594.5,1,1768624373669
453.39,927.41,"ike better?",34,32668.5,1,1768624373743
540.25,928.34,,,32728.899999976,1,1768624373803
-1,-1,,,32796,1,1768624373870
-1,-1,,,32864.399999976,1,1768624373939
-1,-1,,,32932.599999905,1,1768624374007
-1,-1,,,32997.299999952,1,1768624374072
-1,-1,,,33062.299999952,1,1768624374137
-1,-1,,,33128.699999928,1,1768624374203
-1,-1,,,33190.699999928,1,1768624374265
-1,-1,,,33260.899999976,1,1768624374335
-1,-1,,,33321.399999976,1,1768624374396
591,771.86,,,33397.5,1,1768624374472
460.33,762.84,,,33461.199999928,1,1768624374535
394.8,747.39,"Response",14,33543.5,1,1768624374618
378.51,723.08,"Right",4,33607.5,1,1768624374682
272.82,661.8,"",1,33665.5,1,1768624374740
336.09,569.75,,,33726.399999976,1,1768624374801
368.73,470.46,"Questions",0,33804.699999928,1,1768624374879
428.33,355.84,,,33875.399999976,1,1768624374950
430.94,289.54,": Myleene Klass has",243,33934.199999928,1,1768624375009
371.9,177.04,"y in the modern ente",138,34001.799999952,1,1768624375076
395.53,97.23,"ng, and entrepreneur",88,34066.799999952,1,1768624375141
492.36,32.49,"sitioned between",45,34135.099999905,1,1768624375210
513.59,29.34,"tioned between",47,34198.799999952,1,1768624375273
-1,-1,,,34270.099999905,1,1768624375344
-1,-1,,,34343.599999905,1,1768624375418
-1,-1,,,34404.899999976,1,1768624375479
-1,-1,,,34464.599999905,1,1768624375539
-1,-1,,,34545.5,1,1768624375620
-1,-1,,,34623.599999905,1,1768624375698
-1,-1,,,34699.399999976,1,1768624375774
-1,-1,,,34761.799999952,1,1768624375836
-1,-1,,,34829.099999905,1,1768624375903
-1,-1,,,34895.5,1,1768624375970
-1,-1,,,34961.399999976,1,1768624376036
-1,-1,,,35036.099999905,1,1768624376110
-1,-1,,,35099.799999952,1,1768624376174
-1,-1,,,35166,1,1768624376240
-1,-1,,,35236.399999976,1,1768624376311
-1,-1,,,35302.699999928,1,1768624376377
-1,-1,,,35381.199999928,1,1768624376456
-1,-1,,,35449.099999905,1,1768624376523
-1,-1,,,35524.899999976,1,1768624376599
-1,-1,,,35596,1,1768624376670
-1,-1,,,35675.799999952,1,1768624376750
-1,-1,,,35742.399999976,1,1768624376817
-1,-1,,,35808.299999952,1,1768624376883
-1,-1,,,35876.799999952,1,1768624376951
-1,-1,,,35954.099999905,1,1768624377028
-1,-1,,,36020.399999976,1,1768624377095
-1,-1,,,36095.099999905,1,1768624377169
-1,-1,,,36182.899999976,1,1768624377257
-1,-1,,,36254.399999976,1,1768624377329
-1,-1,,,36321.699999928,1,1768624377396
-1,-1,,,36392.299999952,1,1768624377466
-1,-1,,,36459.599999905,1,1768624377534
-1,-1,,,36538.799999952,1,1768624377613
-1,-1,,,36603.899999976,1,1768624377678
-1,-1,,,36667.199999928,1,1768624377741
-1,-1,,,36733.399999976,1,1768624377808
-1,-1,,,36799.399999976,1,1768624377874
597.33,0.32,"d between",52,36866.299999952,1,1768624377941
-1,-1,,,36925.399999976,1,1768624378000
-1,-1,,,36996.5,1,1768624378071
-1,-1,,,37063.599999905,1,1768624378138
-1,-1,,,37128.799999952,1,1768624378203
-1,-1,,,37211.199999928,1,1768624378285
-1,-1,,,37277.699999928,1,1768624378352
-1,-1,,,37347,1,1768624378421
-1,-1,,,37410.899999976,1,1768624378485
-1,-1,,,37487.399999976,1,1768624378562
-1,-1,,,37544.799999952,1,1768624378619
-1,-1,,,37620.199999928,1,1768624378694
-1,-1,,,37677.799999952,1,1768624378752
-1,-1,,,37759.799999952,1,1768624378834
-1,-1,,,37831.899999976,1,1768624378906
-1,-1,,,37894.899999976,1,1768624378969
-1,-1,,,37965.899999976,1,1768624379040
143.83,24.14,,,38032.599999905,1,1768624379107
82.32,1.41,,,38094,1,1768624379168
104.9,2.11,,,38164.799999952,1,1768624379239
117.29,2.31,,,38247.299999952,1,1768624379321
113.09,16.27,,,38311.299999952,1,1768624379385
96.17,20.52,,,38376.099999905,1,1768624379450
80.78,15.53,,,38443.399999976,1,1768624379518
23.57,10.55,,,38502.5,1,1768624379577
207.61,7.29,,,38562.099999905,1,1768624379636
136.72,67.93,,,38642.699999928,1,1768624379717
-1,-1,,,38717.899999976,1,1768624379792
-1,-1,,,38784.199999928,1,1768624379858
-1,-1,,,38850.5,1,1768624379925
-1,-1,,,38918.099999905,1,1768624379992
-1,-1,,,38980.899999976,1,1768624380055
-1,-1,,,39044.5,1,1768624380119
-1,-1,,,39118.699999928,1,1768624380193
-1,-1,,,39182.299999952,1,1768624380256
-1,-1,,,39247.699999928,1,1768624380322
-1,-1,,,39317.699999928,1,1768624380392
-1,-1,,,39381.799999952,1,1768624380456
-1,-1,,,39449.699999928,1,1768624380524
-1,-1,,,39519.099999905,1,1768624380593
-1,-1,,,39581.599999905,1,1768624380656
-1,-1,,,39647.199999928,1,1768624380721
-1,-1,,,39713.699999928,1,1768624380788
-1,-1,,,39781.199999928,1,1768624380855
-1,-1,,,39816.899999976,1,1768624381302
-1,-1,,,39973,1,1768624388465
-1,-1,,,40041.799999952,1,1768624388534
-1,-1,,,40121.699999928,1,1768624388614
-1,-1,,,40181.699999928,1,1768624388674
-1,-1,,,40245.299999952,1,1768624388737
-1,-1,,,40326.699999928,1,1768624388819
-1,-1,,,40416.599999905,1,1768624388909
-1,-1,,,40504.199999928,1,1768624388996
-1,-1,,,40579.399999976,1,1768624389072
-1,-1,,,40652.399999976,1,1768624389145
-1,-1,,,40723.699999928,1,1768624389216
298.34,4.63,"successfully transi",27,40804.799999952,1,1768624389297
324.62,11.31,"ccessfully transitio",30,40869.399999976,1,1768624389362
430.72,3.81,"y transitioned betwe",39,40937.599999905,1,1768624389430
-1,-1,,,41002.599999905,1,1768624389495
-1,-1,,,41082.199999928,1,1768624389574
417.79,49.36,"ly transitioned betw",38,41175.399999976,1,1768624389668
498.56,36.46,"sitioned between",45,41257.199999928,1,1768624389750
503.86,27.13,"itioned between",46,41319.899999976,1,1768624389812
527.86,14.76,"ioned between",48,41400.099999905,1,1768624389892
493.19,33.41,"sitioned between",45,41466.099999905,1,1768624389958
584.46,12.82,"d between",52,41532.899999976,1,1768624390025
-1,-1,,,41597.599999905,1,1768624390090
-1,-1,,,41661.699999928,1,1768624390154
-1,-1,,,41729.199999928,1,1768624390222
-1,-1,,,41792.699999928,1,1768624390285
-1,-1,,,41852.799999952,1,1768624390345
-1,-1,,,41930,1,1768624390422
-1,-1,,,41995,1,1768624390487
586.42,3.29,"d between",52,42063.5,1,1768624390556
-1,-1,,,42128.099999905,1,1768624390620
-1,-1,,,42192.399999976,1,1768624390684
-1,-1,,,42256.5,1,1768624390749
-1,-1,,,42325.599999905,1,1768624390818
-1,-1,,,42381,1,1768624390873
-1,-1,,,42455.199999928,1,1768624390947
-1,-1,,,42514.5,1,1768624391007
-1,-1,,,42585.5,1,1768624391078
-1,-1,,,42657.699999928,1,1768624391150
-1,-1,,,42729.599999905,1,1768624391222
-1,-1,,,42796.199999928,1,1768624391289
-1,-1,,,42858.399999976,1,1768624391351
-1,-1,,,42922.199999928,1,1768624391415
-1,-1,,,42994.399999976,1,1768624391487
-1,-1,,,43062.099999905,1,1768624391554
-1,-1,,,43131,1,1768624391623
-1,-1,,,43190.299999952,1,1768624391683
-1,-1,,,43278.099999905,1,1768624391770
-1,-1,,,43351,1,1768624391843
-1,-1,,,43421.199999928,1,1768624391913
-1,-1,,,43502.699999928,1,1768624391995
-1,-1,,,43572.699999928,1,1768624392065
-1,-1,,,43643.299999952,1,1768624392135
-1,-1,,,43737.399999976,1,1768624392230
-1,-1,,,43804.599999905,1,1768624392297
-1,-1,,,43874.899999976,1,1768624392367
-1,-1,,,43943.599999905,1,1768624392436
-1,-1,,,44016.699999928,1,1768624392509
-1,-1,,,44106.399999976,1,1768624392599
-1,-1,,,44174,1,1768624392666
-1,-1,,,44238.399999976,1,1768624392731
-1,-1,,,44314.599999905,1,1768624392807
-1,-1,,,44380.899999976,1,1768624392873
-1,-1,,,44449.099999905,1,1768624392941
586.61,58.25,"d between",52,47537.899999976,1,1768624396030
518.66,31.05,"tioned between",47,47605.099999905,1,1768624396097
-1,-1,,,47661.699999928,1,1768624396154
-1,-1,,,47721.399999976,1,1768624396214
523.58,3.13,"ioned between",48,47775.099999905,1,1768624396268
575.71,6.7,"d between",52,47838.299999952,1,1768624396331
-1,-1,,,47897.399999976,1,1768624396390
-1,-1,,,47958.899999976,1,1768624396451
-1,-1,,,48025.099999905,1,1768624396517
-1,-1,,,48094.399999976,1,1768624396587
-1,-1,,,48154.599999905,1,1768624396647
-1,-1,,,48234.5,1,1768624396727
-1,-1,,,48300.299999952,1,1768624396793
-1,-1,,,48363.399999976,1,1768624396856
-1,-1,,,48430.099999905,1,1768624396923
-1,-1,,,48496.5,1,1768624396989
-1,-1,,,48571.5,1,1768624397064
-1,-1,,,48638.5,1,1768624397131
-1,-1,,,48717.199999928,1,1768624397209
-1,-1,,,48791.5,1,1768624397284
-1,-1,,,48858.099999905,1,1768624397350
-1,-1,,,48949.5,1,1768624397442
-1,-1,,,49022.099999905,1,1768624397514
-1,-1,,,49094.599999905,1,1768624397587
-1,-1,,,49190.599999905,1,1768624397683
-1,-1,,,49260.599999905,1,1768624397753
-1,-1,,,49352.299999952,1,1768624397845
-1,-1,,,49420.799999952,1,1768624397913
-1,-1,,,49493.899999976,1,1768624397986
-1,-1,,,49565.299999952,1,1768624398058
-1,-1,,,49651.799999952,1,1768624398144
-1,-1,,,49719.299999952,1,1768624398212
-1,-1,,,49781.699999928,1,1768624398274
-1,-1,,,49845,1,1768624398337
-1,-1,,,49931.099999905,1,1768624398423
-1,-1,,,49992.299999952,1,1768624398485
-1,-1,,,50065.399999976,1,1768624398558
-1,-1,,,50130.199999928,1,1768624398623
-1,-1,,,50189.399999976,1,1768624398682
-1,-1,,,50261,1,1768624398753
-1,-1,,,50325.5,1,1768624398818
-1,-1,,,50399.299999952,1,1768624398892
-1,-1,,,50458.5,1,1768624398951
-1,-1,,,50523.099999905,1,1768624399015
-1,-1,,,50579.299999952,1,1768624399072
-1,-1,,,50640.399999976,1,1768624399133
-1,-1,,,50697.299999952,1,1768624399190
-1,-1,,,50762.5,1,1768624399255
-1,-1,,,50822.099999905,1,1768624399315
-1,-1,,,50896.099999905,1,1768624399388
-1,-1,,,50972.099999905,1,1768624399464
-1,-1,,,51029.299999952,1,1768624399522
-1,-1,,,51086.299999952,1,1768624399579
-1,-1,,,51143.199999928,1,1768624399636
-1,-1,,,51217.5,1,1768624399710
-1,-1,,,51277.899999976,1,1768624399770
-1,-1,,,51335.599999905,1,1768624399828
-1,-1,,,51394.899999976,1,1768624399887
-1,-1,,,51469.399999976,1,1768624399962
-1,-1,,,51534.699999928,1,1768624400027
-1,-1,,,51592.5,1,1768624400085
-1,-1,,,51649.399999976,1,1768624400142
-1,-1,,,51717.399999976,1,1768624400210
-1,-1,,,51776,1,1768624400268
-1,-1,,,51833.299999952,1,1768624400326
-1,-1,,,51891.299999952,1,1768624400384
-1,-1,,,51949.5,1,1768624400442
-1,-1,,,52005,1,1768624400497
512.69,215.34,"ng points:",203,52066.599999905,1,1768624400559
475.19,324.34,"leene Klass has",247,52133.299999952,1,1768624400626
465.87,415.53,,,52191.299999952,1,1768624400683
463.94,487.43,,,52251.799999952,1,1768624400744
351.88,592.39,,,52310.899999976,1,1768624400803
371.29,681.38,"Response",10,52374.099999905,1,1768624400866
440.08,738.37,,,52434,1,1768624400926
483.44,807.69,,,52493.599999905,1,1768624400986
431.36,883.76,"ich response did you",12,52552.099999905,1,1768624401044
400.14,917.4,"like better?",27,52615.099999905,1,1768624401107
434.13,841.06,,,52675.099999905,1,1768624401167
512.26,860.17,"se did you",22,52735.599999905,1,1768624401228
579.07,814.76,"Left Respo",0,52793.799999952,1,1768624401286
-1,-1,,,52859.399999976,1,1768624401351
-1,-1,,,52923.799999952,1,1768624401416
-1,-1,,,52992.899999976,1,1768624401485
-1,-1,,,53052.299999952,1,1768624401544
-1,-1,,,53111.399999976,1,1768624401604
-1,-1,,,53182.799999952,1,1768624401675
-1,-1,,,53247,1,1768624401739
-1,-1,,,53311.599999905,1,1768624401804
-1,-1,,,53375.099999905,1,1768624401867
-1,-1,,,53439.799999952,1,1768624401932
-1,-1,,,53511.899999976,1,1768624402004
-1,-1,,,53580.299999952,1,1768624402072
-1,-1,,,53647.599999905,1,1768624402140
-1,-1,,,53717.199999928,1,1768624402209
-1,-1,,,53782.599999905,1,1768624402275
-1,-1,,,53860.799999952,1,1768624402353
-1,-1,,,53933.699999928,1,1768624402426
-1,-1,,,54004,1,1768624402496
-1,-1,,,54072.5,1,1768624402565
554.27,776.07,"",3,54152.199999928,1,1768624402644
541.74,782.96,"",3,54216.599999905,1,1768624402709
500.24,788.54,"",3,54295,1,1768624402787
483.42,778.95,"",3,54380.799999952,1,1768624402873
500,807.34,,,54458.599999905,1,1768624402951
-1,-1,,,54529.099999905,1,1768624403021
-1,-1,,,54589,1,1768624403081
-1,-1,,,54660.299999952,1,1768624403152
-1,-1,,,54730.799999952,1,1768624403223
-1,-1,,,54789.299999952,1,1768624403281
-1,-1,,,54860.5,1,1768624403353
-1,-1,,,54926.699999928,1,1768624403419
-1,-1,,,54993.399999976,1,1768624403486
-1,-1,,,55058.699999928,1,1768624403551
-1,-1,,,55125.899999976,1,1768624403618
-1,-1,,,55192.299999952,1,1768624403684
-1,-1,,,55258.5,1,1768624403751
525.38,598.86,"ssatisfied",17,55336,1,1768624403828
463.94,613.09,"Dissatisfied",9,55414.399999976,1,1768624403907
572.33,608.48,"Dissatisfied",4,55479.799999952,1,1768624403972
-1,-1,,,55541.099999905,1,1768624404033
-1,-1,,,55617.199999928,1,1768624404109
-1,-1,,,55688.799999952,1,1768624404181
-1,-1,,,55745.599999905,1,1768624404238
-1,-1,,,55814.899999976,1,1768624404307
-1,-1,,,55881.299999952,1,1768624404373
-1,-1,,,55957.199999928,1,1768624404449
-1,-1,,,56029,1,1768624404521
-1,-1,,,56100.299999952,1,1768624404592
-1,-1,,,56165.099999905,1,1768624404657
-1,-1,,,56228.5,1,1768624404721
-1,-1,,,56294.899999976,1,1768624404787
-1,-1,,,56361.5,1,1768624404854
-1,-1,,,56432.199999928,1,1768624404924
-1,-1,,,56495.099999905,1,1768624404987
-1,-1,,,56559.799999952,1,1768624405052
-1,-1,,,56617.399999976,1,1768624405110
-1,-1,,,56673.5,1,1768624405166
-1,-1,,,56741.699999928,1,1768624405234
-1,-1,,,56806.899999976,1,1768624405299
-1,-1,,,56882.599999905,1,1768624405375
-1,-1,,,56939.799999952,1,1768624405432
-1,-1,,,56995,1,1768624405487
-1,-1,,,57055.799999952,1,1768624405548
-1,-1,,,57113.5,1,1768624405606
-1,-1,,,57171,1,1768624405663
-1,-1,,,57242,1,1768624405734
-1,-1,,,57297.399999976,1,1768624405790
-1,-1,,,57357.5,1,1768624405850
-1,-1,,,57416.899999976,1,1768624405909
-1,-1,,,57477.099999905,1,1768624405969
-1,-1,,,57539,1,1768624406031
-1,-1,,,57623.899999976,1,1768624406116
-1,-1,,,57679.699999928,1,1768624406172
-1,-1,,,57736.5,1,1768624406229
-1,-1,,,57794.899999976,1,1768624406287
-1,-1,,,57858.599999905,1,1768624406351
-1,-1,,,57924.299999952,1,1768624406417
-1,-1,,,57991.799999952,1,1768624406484
-1,-1,,,58054.399999976,1,1768624406547
-1,-1,,,58124.099999905,1,1768624406616
-1,-1,,,58189.799999952,1,1768624406682
-1,-1,,,58265.5,1,1768624406758
-1,-1,,,58327.699999928,1,1768624406820
-1,-1,,,58402.199999928,1,1768624406894
-1,-1,,,58476,1,1768624406968
-1,-1,,,58540.399999976,1,1768624407033
-1,-1,,,58619.099999905,1,1768624407112
-1,-1,,,58687.299999952,1,1768624407180
-1,-1,,,58758.899999976,1,1768624407251
-1,-1,,,58845.399999976,1,1768624407338
-1,-1,,,58916.899999976,1,1768624407410
-1,-1,,,58997.199999928,1,1768624407489
-1,-1,,,59058.099999905,1,1768624407550
-1,-1,,,59122.399999976,1,1768624407615
-1,-1,,,59216.399999976,1,1768624407709
-1,-1,,,59290.199999928,1,1768624407782
-1,-1,,,59363.899999976,1,1768624407856
-1,-1,,,59434.299999952,1,1768624407927
-1,-1,,,59494.199999928,1,1768624407987
-1,-1,,,59570.799999952,1,1768624408063
-1,-1,,,59658.599999905,1,1768624408151
-1,-1,,,59725.299999952,1,1768624408218
-1,-1,,,59793.299999952,1,1768624408286
-1,-1,,,59864.5,1,1768624408357
-1,-1,,,59925.099999905,1,1768624408417
-1,-1,,,59992.5,1,1768624408485
-1,-1,,,60058.699999928,1,1768624408551
-1,-1,,,60130.699999928,1,1768624408623
-1,-1,,,60192.5,1,1768624408685
-1,-1,,,60258.399999976,1,1768624408751
-1,-1,,,60323.399999976,1,1768624408816
-1,-1,,,60390.199999928,1,1768624408882
-1,-1,,,60458,1,1768624408950
-1,-1,,,60525.5,1,1768624409018
-1,-1,,,60590.199999928,1,1768624409082
-1,-1,,,60656,1,1768624409148
-1,-1,,,60723.799999952,1,1768624409216
-1,-1,,,60791.099999905,1,1768624409283
-1,-1,,,60860.199999928,1,1768624409353
-1,-1,,,60925.699999928,1,1768624409418
-1,-1,,,60992.199999928,1,1768624409484
-1,-1,,,61057.899999976,1,1768624409550
-1,-1,,,61124.5,1,1768624409617
-1,-1,,,61190.599999905,1,1768624409683
-1,-1,,,61259.099999905,1,1768624409751
-1,-1,,,61324.199999928,1,1768624409817
-1,-1,,,61390.899999976,1,1768624409883
-1,-1,,,61458.5,1,1768624409951
-1,-1,,,61523.199999928,1,1768624410015
-1,-1,,,61591.599999905,1,1768624410084
-1,-1,,,61656.599999905,1,1768624410149
-1,-1,,,61724.199999928,1,1768624410216
-1,-1,,,61793.099999905,1,1768624410285
-1,-1,,,61859,1,1768624410351
-1,-1,,,61926.199999928,1,1768624410419
-1,-1,,,61990.699999928,1,1768624410483
-1,-1,,,62056.599999905,1,1768624410549
-1,-1,,,62128.799999952,1,1768624410621
-1,-1,,,62191,1,1768624410683
-1,-1,,,62261.5,1,1768624410754
-1,-1,,,62325.5,1,1768624410818
-1,-1,,,62394.199999928,1,1768624410886
-1,-1,,,62462.399999976,1,1768624410955
-1,-1,,,62526.699999928,1,1768624411019
-1,-1,,,62592.799999952,1,1768624411085
-1,-1,,,62660.699999928,1,1768624411153
-1,-1,,,62723.399999976,1,1768624411216
-1,-1,,,62791.599999905,1,1768624411284
-1,-1,,,62857.899999976,1,1768624411350
-1,-1,,,62928.399999976,1,1768624411421
-1,-1,,,63006.199999928,1,1768624411498
-1,-1,,,63078.5,1,1768624411571
-1,-1,,,63142.399999976,1,1768624411635
-1,-1,,,63208.099999905,1,1768624411700
-1,-1,,,63273.699999928,1,1768624411766
-1,-1,,,63342.799999952,1,1768624411835
-1,-1,,,63413.899999976,1,1768624411906
-1,-1,,,63474.099999905,1,1768624411966
-1,-1,,,63541,1,1768624412033
-1,-1,,,63608.799999952,1,1768624412101
-1,-1,,,63677.599999905,1,1768624412170
-1,-1,,,63741.699999928,1,1768624412234
-1,-1,,,63826.299999952,1,1768624412319
-1,-1,,,63893.599999905,1,1768624412386
-1,-1,,,63953.599999905,1,1768624412446
-1,-1,,,64018.699999928,1,1768624412511
-1,-1,,,64085.5,1,1768624412578
-1,-1,,,64159.399999976,1,1768624412652
-1,-1,,,64221.899999976,1,1768624412714
-1,-1,,,64287.5,1,1768624412780
-1,-1,,,64358.799999952,1,1768624412851
-1,-1,,,64437.299999952,1,1768624412930
-1,-1,,,64504.299999952,1,1768624412997
-1,-1,,,64570.599999905,1,1768624413063
-1,-1,,,64634.899999976,1,1768624413127
-1,-1,,,64703,1,1768624413195
-1,-1,,,64770.099999905,1,1768624413263
-1,-1,,,64837.099999905,1,1768624413329
-1,-1,,,64901.5,1,1768624413394
-1,-1,,,64965.599999905,1,1768624413458
-1,-1,,,65029.299999952,1,1768624413522
-1,-1,,,65093.799999952,1,1768624413586
-1,-1,,,65176.099999905,1,1768624413669
614.77,80.02,"neurship,",104,65242.199999928,1,1768624413735
-1,-1,,,65307.5,1,1768624413800
559.42,53.74,"ed between",51,65365.5,1,1768624413858
-1,-1,,,65425,1,1768624413917
-1,-1,,,65492.599999905,1,1768624413985
-1,-1,,,65568.5,1,1768624414061
-1,-1,,,65640.099999905,1,1768624414132
-1,-1,,,65699.299999952,1,1768624414192
-1,-1,,,65757.099999905,1,1768624414249
-1,-1,,,65820.899999976,1,1768624414313
-1,-1,,,65880.099999905,1,1768624414372
495.48,96.95,"ntrepreneurship,",97,65937.299999952,1,1768624414430
564.87,252.9,"ng points:",203,66015.599999905,1,1768624414508
-1,-1,,,66075,1,1768624414567
-1,-1,,,66150.399999976,1,1768624414643
-1,-1,,,66207.299999952,1,1768624414699
-1,-1,,,66267.299999952,1,1768624414759
-1,-1,,,66331.099999905,1,1768624414823
-1,-1,,,66393.099999905,1,1768624414885
-1,-1,,,66457.299999952,1,1768624414949
-1,-1,,,66515.299999952,1,1768624415007
581.83,700.76,,,66575.599999905,1,1768624415068
-1,-1,,,66640.699999928,1,1768624415133
607.72,641.85,,,66709.199999928,1,1768624415201
-1,-1,,,66780.299999952,1,1768624415272
-1,-1,,,66841.899999976,1,1768624415334
-1,-1,,,66906.599999905,1,1768624415399
-1,-1,,,66973.699999928,1,1768624415466
-1,-1,,,67042.899999976,1,1768624415535
-1,-1,,,67110,1,1768624415602
-1,-1,,,67176,1,1768624415668
-1,-1,,,67249.599999905,1,1768624415742
-1,-1,,,67307.199999928,1,1768624415799
-1,-1,,,67376.899999976,1,1768624415869
-1,-1,,,67455.599999905,1,1768624415948
-1,-1,,,67555.799999952,1,1768624416048
-1,-1,,,67627.399999976,1,1768624416120
-1,-1,,,67692.199999928,1,1768624416184
-1,-1,,,67760.799999952,1,1768624416253
-1,-1,,,67824.5,1,1768624416317
-1,-1,,,67892.299999952,1,1768624416384
-1,-1,,,67957.5,1,1768624416450
-1,-1,,,68023.199999928,1,1768624416515
-1,-1,,,68090.5,1,1768624416583
-1,-1,,,68158.699999928,1,1768624416651
-1,-1,,,68243.299999952,1,1768624416735
-1,-1,,,68310.199999928,1,1768624416802
-1,-1,,,68374.099999905,1,1768624416866
-1,-1,,,68444,1,1768624416936
-1,-1,,,68513.199999928,1,1768624417005
-1,-1,,,68584,1,1768624417076
-1,-1,,,68642.599999905,1,1768624417135
-1,-1,,,68707.899999976,1,1768624417200
-1,-1,,,68775.099999905,1,1768624417267
-1,-1,,,68843.399999976,1,1768624417336
-1,-1,,,68908.5,1,1768624417401
-1,-1,,,68976.099999905,1,1768624417468
-1,-1,,,69043.399999976,1,1768624417536
-1,-1,,,69108.699999928,1,1768624417601
-1,-1,,,69175.199999928,1,1768624417667
-1,-1,,,69240.699999928,1,1768624417733
-1,-1,,,69307.5,1,1768624417800
-1,-1,,,69376.099999905,1,1768624417868
-1,-1,,,69443.199999928,1,1768624417935
-1,-1,,,69511.299999952,1,1768624418003
-1,-1,,,69574.799999952,1,1768624418067
-1,-1,,,69644.099999905,1,1768624418136
-1,-1,,,69711.399999976,1,1768624418204
-1,-1,,,69774.299999952,1,1768624418266
-1,-1,,,69843.399999976,1,1768624418335
-1,-1,,,69909.399999976,1,1768624418401
-1,-1,,,69974.199999928,1,1768624418466
-1,-1,,,70041.099999905,1,1768624418533
462.14,936.52,"",3,70111.199999928,1,1768624418603
440.24,909.27,"like better?",32,70176.099999905,1,1768624418668
417.67,883.65,"hich response did yo",11,70244.899999976,1,1768624418737
433.81,848.41,"ich response did you",12,70310,1,1768624418802
453.13,815.88,,,70378.099999905,1,1768624418870
470.24,816.52,,,70440.899999976,1,1768624418933
378.56,812.25,,,70507.299999952,1,1768624418999
332.12,784.98,"",3,70577.799999952,1,1768624419070
324.83,792.76,,,70642.299999952,1,1768624419134
315.51,832.44,,,70710.899999976,1,1768624419203
298.78,856.77,"",3,70774.299999952,1,1768624419267
234.87,859.63,"",3,70838.799999952,1,1768624419331
289.81,858.18,"",3,70909.099999905,1,1768624419401
320.57,860.37,"Which resp",0,70977.799999952,1,1768624419470
242.68,856.31,"",3,71041,1,1768624419533
236.51,847.18,"",3,71109.599999905,1,1768624419602
229.63,828.34,"",3,71176.399999976,1,1768624419669
278.18,826.8,"",3,71245.099999905,1,1768624419737
160.61,845.24,"",3,71310.299999952,1,1768624419803
163.5,834.58,"",3,71379.099999905,1,1768624419871
164.65,808.23,"",3,71442.199999928,1,1768624419934
161.54,814.8,"",3,71507.699999928,1,1768624420000
196.84,821.23,"",3,71576.099999905,1,1768624420068
248.61,825.78,"",3,71641,1,1768624420133
247.59,823.33,"",3,71709,1,1768624420201
250.41,818.74,"",3,71775.599999905,1,1768624420268
273.58,803.72,"",3,71841.5,1,1768624420334
337.84,804.23,,,71910.799999952,1,1768624420403
375.93,803.78,,,71975.299999952,1,1768624420468
476.11,782.8,"",3,72056.799999952,1,1768624420549
436.82,792.75,,,72138.899999976,1,1768624420631
429.62,810.45,,,72209.899999976,1,1768624420702
434.4,808.84,,,72275.5,1,1768624420768
458.7,825.27,,,72343.5,1,1768624420836
401.38,843.97,,,72410.799999952,1,1768624420903
571.04,885.26,,,72469.599999905,1,1768624420962
-1,-1,,,72541.599999905,1,1768624421034
-1,-1,,,72611.599999905,1,1768624421104
542.95,901.3,,,72672,1,1768624421164
436.11,849.38,"ch response did you",13,72739.699999928,1,1768624421232
399.22,827.38,,,72807.399999976,1,1768624421300
428.75,769.8,,,72872.899999976,1,1768624421365
461.82,777.06,"",3,72940.199999928,1,1768624421433
468.13,753.99,,,73011.299999952,1,1768624421504
486.1,757.93,,,73078.099999905,1,1768624421570
481.41,770.41,,,73141.699999928,1,1768624421634
601.12,744.87,,,73207.099999905,1,1768624421699
592.99,710.46,,,73289.899999976,1,1768624421782
590.92,679.31,,,73361.699999928,1,1768624421854
-1,-1,,,73426.399999976,1,1768624421919
564.52,670.45,,,73492.899999976,1,1768624421985
557.62,651.78,,,73558.099999905,1,1768624422050
533.96,687.29,,,73627.099999905,1,1768624422119
383.44,726.04,"Right",5,73691.199999928,1,1768624422184
370.25,735.57,"Response",11,73758.899999976,1,1768624422251
260.67,777.09,"",3,73826.299999952,1,1768624422319
178.62,830.99,"",3,73896.899999976,1,1768624422389
45.83,871.72,,,73964.399999976,1,1768624422457
21.71,898.11,,,74027.299999952,1,1768624422519
-1,-1,,,74094.899999976,1,1768624422587
-1,-1,,,74158.799999952,1,1768624422651
-1,-1,,,74228.599999905,1,1768624422721
-1,-1,,,74292.899999976,1,1768624422785
-1,-1,,,74357.799999952,1,1768624422850
-1,-1,,,74428.5,1,1768624422921
-1,-1,,,74493.5,1,1768624422986
73.03,988.45,,,74571.799999952,1,1768624423064
305.84,981.88,"After you",13,74629.399999976,1,1768624423122
525.98,958.62,,,74696.899999976,1,1768624423189
-1,-1,,,74760.5,1,1768624423253
-1,-1,,,74835.399999976,1,1768624423328
-1,-1,,,74910.5,1,1768624423403
-1,-1,,,74975.399999976,1,1768624423468
-1,-1,,,75043.699999928,1,1768624423536
-1,-1,,,75108.199999928,1,1768624423600
-1,-1,,,75177.799999952,1,1768624423670
-1,-1,,,75247.799999952,1,1768624423740
-1,-1,,,75310.899999976,1,1768624423803
-1,-1,,,75379.899999976,1,1768624423872
-1,-1,,,75442.699999928,1,1768624423935
-1,-1,,,75512.399999976,1,1768624424005
-1,-1,,,75576.299999952,1,1768624424069
-1,-1,,,75644.899999976,1,1768624424137
-1,-1,,,75709.699999928,1,1768624424202
-1,-1,,,75776,1,1768624424268
-1,-1,,,75843.399999976,1,1768624424336
-1,-1,,,75912.899999976,1,1768624424405
-1,-1,,,75976.099999905,1,1768624424468
-1,-1,,,76043.599999905,1,1768624424536
-1,-1,,,76115,1,1768624424607
-1,-1,,,76178.5,1,1768624424671
-1,-1,,,76242.699999928,1,1768624424735
-1,-1,,,76307.099999905,1,1768624424799
-1,-1,,,76375.299999952,1,1768624424868
-1,-1,,,76440.5,1,1768624424933
-1,-1,,,76509.099999905,1,1768624425001
-1,-1,,,76579.899999976,1,1768624425072
-1,-1,,,76643.899999976,1,1768624425136
-1,-1,,,76707.299999952,1,1768624425200
-1,-1,,,76777.399999976,1,1768624425270
-1,-1,,,76844.799999952,1,1768624425337
-1,-1,,,76913.5,1,1768624425406
-1,-1,,,76975.799999952,1,1768624425468
-1,-1,,,77073.099999905,1,1768624425565
-1,-1,,,77141.099999905,1,1768624425633
-1,-1,,,77208.699999928,1,1768624425701
-1,-1,,,77279.599999905,1,1768624425772
-1,-1,,,77343.699999928,1,1768624425836
-1,-1,,,77411,1,1768624425903
-1,-1,,,77476,1,1768624425968
-1,-1,,,77542.5,1,1768624426035
-1,-1,,,77609,1,1768624426101
-1,-1,,,77677.199999928,1,1768624426169
-1,-1,,,77742.699999928,1,1768624426235
-1,-1,,,77809.899999976,1,1768624426302
-1,-1,,,77875.199999928,1,1768624426367
-1,-1,,,77941.799999952,1,1768624426434
-1,-1,,,78008.899999976,1,1768624426501
-1,-1,,,78074.299999952,1,1768624426567
-1,-1,,,78140.5,1,1768624426633
-1,-1,,,78207.699999928,1,1768624426700
-1,-1,,,78272.399999976,1,1768624426765
-1,-1,,,78342.299999952,1,1768624426834
-1,-1,,,78408,1,1768624426900
-1,-1,,,78474.599999905,1,1768624426967
-1,-1,,,78540,1,1768624427032
-1,-1,,,78608,1,1768624427100
-1,-1,,,78672.699999928,1,1768624427165
-1,-1,,,78745.199999928,1,1768624427237
-1,-1,,,78815.299999952,1,1768624427308
-1,-1,,,78883.199999928,1,1768624427375
-1,-1,,,78962.699999928,1,1768624427455
-1,-1,,,79028.299999952,1,1768624427520
568.58,1060.48,"",0,79095.099999905,1,1768624427587
442.09,1086.34,"",0,79163.199999928,1,1768624427655
364.54,1138.61,,,79230.699999928,1,1768624427723
326.97,1158.83,,,79293.399999976,1,1768624427786
367.68,1175.38,,,79361,1,1768624427853
349.75,1181.07,,,79428,1,1768624427920
335.16,1190.5,,,79496.099999905,1,1768624427988
356.43,1158.94,,,79561.799999952,1,1768624428054
333.93,1121.27,,,79628.799999952,1,1768624428121
420.13,1113.03,,,79692.699999928,1,1768624428185
580.93,1049.78,"",0,79760.399999976,1,1768624428253
-1,-1,,,79829.799999952,1,1768624428322
-1,-1,,,79895.5,1,1768624428388
-1,-1,,,79965,1,1768624428457
-1,-1,,,80032.699999928,1,1768624428525
-1,-1,,,80095.199999928,1,1768624428587
-1,-1,,,80161.199999928,1,1768624428654
-1,-1,,,80224,1,1768624428716
-1,-1,,,80290.599999905,1,1768624428783
-1,-1,,,80358.5,1,1768624428851
-1,-1,,,80427.699999928,1,1768624428920
-1,-1,,,80493.899999976,1,1768624428986
-1,-1,,,80573,1,1768624429065
-1,-1,,,80647.5,1,1768624429140
-1,-1,,,80709.299999952,1,1768624429202
-1,-1,,,80777.199999928,1,1768624429269
562.11,856.35,,,80842.599999905,1,1768624429335
598.53,805.9,"Left Respon",1,80910.299999952,1,1768624429402
554.17,794.16,"Left Respo",0,80978.599999905,1,1768624429471
596.29,801.65,"Left Respo",0,81043.299999952,1,1768624429536
582.29,827.04,"Left Respo",0,81125.299999952,1,1768624429618
514.5,834.84,,,81199.199999928,1,1768624429691
433.47,832.58,,,81267.699999928,1,1768624429760
368.54,834.9,,,81346.699999928,1,1768624429839
419.07,782.74,"",3,81426.299999952,1,1768624429919
522.8,723.45,,,81496.699999928,1,1768624429989
594.13,676.47,,,81559.799999952,1,1768624430052
-1,-1,,,81638.199999928,1,1768624430130
580.26,661.06,,,81697.5,1,1768624430190
601.64,624.14,,,81759.899999976,1,1768624430252
585.03,613.55,"Dissatisfied",5,81822.899999976,1,1768624430315
481.88,631.43,,,81890.399999976,1,1768624430383
449.75,648.75,,,81955.299999952,1,1768624430448
526.88,642.19,,,82025.199999928,1,1768624430517
450.64,614.82,,,82092.099999905,1,1768624430584
332.21,645.88,"Left",0,82158.599999905,1,1768624430651
268.93,687.15,"",1,82221.599999905,1,1768624430714
315.56,677.49,"Response",5,82290,1,1768624430782
351.48,704.38,"Right",1,82359.599999905,1,1768624430852
307.57,750.23,"Response",6,82427,1,1768624430919
338.77,766.99,"Response",7,82490.599999905,1,1768624430983
356.85,735.82,"Response",9,82556.799999952,1,1768624431049
317.67,749.64,"Response",6,82623.699999928,1,1768624431116
400.49,763.96,"Response",14,82690.199999928,1,1768624431182
497.8,822.79,,,82757.299999952,1,1768624431249
466.61,828.76,,,82824.699999928,1,1768624431317
444.97,818.77,,,82890.5,1,1768624431383
429.66,813.16,,,82957.399999976,1,1768624431450
361.11,836.3,,,83025.099999905,1,1768624431517
478.22,799.85,,,83094.5,1,1768624431587
425.37,776.89,"",3,83171.099999905,1,1768624431663
402.84,786.86,"",3,83241.799999952,1,1768624431734
496.93,744.91,,,83324,1,1768624431816
462.31,746.84,,,83390.5,1,1768624431883
470.03,766.91,,,83460.5,1,1768624431953
534.93,713.03,,,83528.399999976,1,1768624432021
555.48,681.71,,,83594.299999952,1,1768624432087
523.19,667.84,,,83657.5,1,1768624432150
543.5,680.2,,,83731.699999928,1,1768624432224
570.32,663.04,,,83791.699999928,1,1768624432284
530.25,680.31,,,83861.699999928,1,1768624432354
544.79,658.69,,,83927.899999976,1,1768624432420
520.25,654.05,,,84000.699999928,1,1768624432493
613.88,616.22,,,84077.099999905,1,1768624432569
504.61,618.68,,,84145.099999905,1,1768624432637
437.74,592.31,"Dissatisfi",5,84207.199999928,1,1768624432699
390.19,632.78,"Left",4,84271.799999952,1,1768624432764
343.12,675.91,"Response",6,84340,1,1768624432832
267.73,729.83,"",1,84407.099999905,1,1768624432899
496.17,806.5,,,84473.5,1,1768624432966
501.41,860.04,"se did you",22,84539.399999976,1,1768624433032
408.07,892.01,"like better?",28,84607,1,1768624433099
314.48,851.94,"Which resp",0,84673.699999928,1,1768624433166
338.59,813.09,,,84746,1,1768624433238
327.86,793.15,,,84808,1,1768624433300
326.28,784.2,"",3,84872.099999905,1,1768624433364
381.37,732.99,"Response",12,84939.799999952,1,1768624433432
318.51,770.9,"Response",6,85008.399999976,1,1768624433501
408.12,735.76,"Response",14,85075.5,1,1768624433568
429.49,698.25,,,85146.399999976,1,1768624433639
530.63,632.89,,,85209,1,1768624433701
583.89,624.75,,,85278.199999928,1,1768624433770
500.37,628.76,,,85339.599999905,1,1768624433832
472.77,623.05,,,85427.299999952,1,1768624433919
527.03,605.59,"ssatisfied",17,85497.899999976,1,1768624433990
558.83,596.83,"Dissatisfie",1,85563.899999976,1,1768624434056
571.76,604.21,"Dissatisfied",4,85622.699999928,1,1768624434115
483.75,626.53,,,85690.799999952,1,1768624434183
440.83,658.34,,,85757.199999928,1,1768624434249
394.53,627.28,"Left",4,85827.399999976,1,1768624434320
380.87,629.05,"Left",4,85892.699999928,1,1768624434385
431.47,622.88,,,85959.799999952,1,1768624434452
599.26,606.73,"Dissatisfied",8,86026,1,1768624434518
566.68,632.92,,,86089.699999928,1,1768624434582
580.47,648.2,,,86156.799999952,1,1768624434649
505.31,627.25,,,86221.799999952,1,1768624434714
586.69,612.91,"Dissatisfied",6,86288.699999928,1,1768624434781
580.97,611.89,"Dissatisfied",5,86356.699999928,1,1768624434849
533.07,631.59,,,86421.699999928,1,1768624434914
467.42,673.3,,,86501.799999952,1,1768624434994
384.53,701.13,"Right",5,86574.099999905,1,1768624435066
337.06,737.94,"Response",7,86641.599999905,1,1768624435134
253.15,743.79,"",1,86707.799999952,1,1768624435200
186.38,750.1,"",1,86772.5,1,1768624435265
222.85,783.62,"",3,86839.299999952,1,1768624435332
235.37,794.85,"",3,86906.399999976,1,1768624435399
66.35,853.75,"",3,86975.299999952,1,1768624435468
111.65,855.36,"",3,87038.299999952,1,1768624435531
141.13,831.34,"",3,87107.099999905,1,1768624435599
151.23,818.82,"",3,87175.599999905,1,1768624435668
140.19,775.2,"",3,87239.899999976,1,1768624435732
64.83,784.84,"",3,87307.899999976,1,1768624435800
145.15,778.08,"",3,87371.5,1,1768624435864
333.94,787.07,"",3,87439.899999976,1,1768624435932
528.64,754.62,,,87506.099999905,1,1768624435998
613.79,793.06,"Left Response",3,87576.5,1,1768624436069
-1,-1,,,87644.599999905,1,1768624436137
-1,-1,,,87710.799999952,1,1768624436203
-1,-1,,,87771.299999952,1,1768624436264
-1,-1,,,87839.799999952,1,1768624436332
-1,-1,,,87904.899999976,1,1768624436397
-1,-1,,,87972.299999952,1,1768624436465
-1,-1,,,88040,1,1768624436532
-1,-1,,,88106.599999905,1,1768624436599
-1,-1,,,88175.099999905,1,1768624436667
-1,-1,,,88243,1,1768624436735
-1,-1,,,88306.899999976,1,1768624436799
-1,-1,,,88372.899999976,1,1768624436865
562.13,649.2,,,88440.199999928,1,1768624436932
488.06,669.03,,,88506.799999952,1,1768624436999
407.62,695.54,"Right",5,88578,1,1768624437070
294.18,710.97,"",1,88640.299999952,1,1768624437133
255.99,690.78,"",1,88703.899999976,1,1768624437196
403.56,729.78,"Right",5,88771.399999976,1,1768624437264
545.95,789.36,"",3,88873.699999928,1,1768624437366
585.53,801.1,"Left Respo",0,88940.799999952,1,1768624437433
-1,-1,,,89007.5,1,1768624437500
-1,-1,,,89072.5,1,1768624437565
-1,-1,,,89140.399999976,1,1768624437633
-1,-1,,,89207.199999928,1,1768624437700
-1,-1,,,89296.399999976,1,1768624437789
-1,-1,,,89357.799999952,1,1768624437850
-1,-1,,,89437.699999928,1,1768624437930
-1,-1,,,89511.299999952,1,1768624438004
574.7,708.08,,,89578,1,1768624438070
382.21,710.67,"Right",5,89640.799999952,1,1768624438133
284.45,710.07,"",1,89707.199999928,1,1768624438200
153.52,701.65,"",1,89773.399999976,1,1768624438266
112.7,733.12,"",1,89840.299999952,1,1768624438332
59.39,746.23,"",1,89905.599999905,1,1768624438398
28.47,744.69,"",1,89978.299999952,1,1768624438471
-1,-1,,,90042.599999905,1,1768624438535
-1,-1,,,90109,1,1768624438601
-1,-1,,,90173.299999952,1,1768624438666
-1,-1,,,90243.899999976,1,1768624438736
-1,-1,,,90306.299999952,1,1768624438798
-1,-1,,,90376.599999905,1,1768624438869
-1,-1,,,90441.099999905,1,1768624438933
-1,-1,,,90510.699999928,1,1768624439003
-1,-1,,,90572.699999928,1,1768624439065
-1,-1,,,90639.5,1,1768624439132
3.78,743.44,"",1,90706.699999928,1,1768624439199
100.89,721.26,"",1,90769,1,1768624439261
165.23,694.54,"",1,90855.399999976,1,1768624439348
216.06,698.36,"",1,90934.899999976,1,1768624439427
189.93,705.5,"",1,91012.099999905,1,1768624439504
209.94,713.72,"",1,91071.699999928,1,1768624439564
217.46,732.33,"",1,91156,1,1768624439648
270.11,734.72,"",1,91222.099999905,1,1768624439714
309.24,730.04,"Right",0,91288.599999905,1,1768624439781
289.94,709.38,"",1,91356.099999905,1,1768624439848
239.3,703.01,"",1,91423.899999976,1,1768624439916
265.36,701.02,"",1,91488.799999952,1,1768624439981
214.9,679.78,"",1,91556.799999952,1,1768624440049
251.66,686.66,"",1,91624,1,1768624440116
171.51,714.61,"",1,91691,1,1768624440183
117.78,733.31,"",1,91766.399999976,1,1768624440259
118.62,751.7,"",1,91822.5,1,1768624440315
135.49,723.48,"",1,91896.299999952,1,1768624440389
152.67,736,"",1,91970.299999952,1,1768624440463
105.25,750.75,"",1,92045.699999928,1,1768624440538
267.1,730.81,"",1,92122.799999952,1,1768624440615
351.11,726.98,"Right",1,92189.899999976,1,1768624440682
445.87,726.79,,,92256.399999976,1,1768624440749
568.75,724.79,,,92330.799999952,1,1768624440823
-1,-1,,,92390.299999952,1,1768624440883
581.87,723.72,,,92467.199999928,1,1768624440959
583.69,740.19,,,92541.199999928,1,1768624441033
540.5,764.95,,,92605.5,1,1768624441098
572.92,752.23,,,92674.399999976,1,1768624441167
475.35,756.75,,,92739,1,1768624441231
450.27,740.63,,,92807.399999976,1,1768624441300
463.94,726.84,,,92873.399999976,1,1768624441366
467.85,747.28,,,92938.699999928,1,1768624441431
373.96,729.79,"Right",4,93006.599999905,1,1768624441499
391.6,733.08,"Response",13,93073.299999952,1,1768624441566
380.05,728.7,"Right",5,93140.099999905,1,1768624441632
227.74,745.47,"",1,93224.5,1,1768624441717
328,730.54,"Response",6,93289,1,1768624441781
358.01,714.29,"Right",2,93356.899999976,1,1768624441849
352.01,722.31,"Right",1,93424.899999976,1,1768624441917
347.95,721.38,"Right",0,93491.399999976,1,1768624441984
274.1,737.78,"",1,93558.599999905,1,1768624442051
272.31,749.27,"",1,93623.099999905,1,1768624442115
268.82,753.92,"",1,93689.699999928,1,1768624442182
286.68,724.86,"",1,93768.199999928,1,1768624442260
279.36,688.29,"",1,93841.699999928,1,1768624442334
274.2,694.05,"",1,93904.5,1,1768624442397
299.14,685.86,"",1,93972.599999905,1,1768624442465
405.66,672.67,"Response",13,94040.099999905,1,1768624442532
394.37,675.43,"Response",13,94106.099999905,1,1768624442598
500.42,649.48,,,94176.699999928,1,1768624442669
-1,-1,,,94238.799999952,1,1768624442731
498.4,843.61,,,94304.699999928,1,1768624442797
445.98,835.51,,,94371.799999952,1,1768624442864
419.4,811.01,,,94439.699999928,1,1768624442932
367.99,800.03,,,94506.299999952,1,1768624442998
368.97,768.01,"Response",11,94576.599999905,1,1768624443069
269.56,742.3,"",1,94640.199999928,1,1768624443132
221.52,735.7,"",1,94705.199999928,1,1768624443197
144.88,735.88,"",1,94774.5,1,1768624443267
-1,-1,,,94839,1,1768624443331
-1,-1,,,94918.199999928,1,1768624443410
-1,-1,,,94997,1,1768624443489
-1,-1,,,95057.899999976,1,1768624443550
-1,-1,,,95131,1,1768624443623
-1,-1,,,95189,1,1768624443681
-1,-1,,,95254.199999928,1,1768624443746
-1,-1,,,95322.099999905,1,1768624443814
-1,-1,,,95392.099999905,1,1768624443884
-1,-1,,,95454.899999976,1,1768624443947
-1,-1,,,95521.299999952,1,1768624444014
-1,-1,,,95587.699999928,1,1768624444080
-1,-1,,,95655.299999952,1,1768624444147
-1,-1,,,95722.599999905,1,1768624444215
50.21,739.41,"",1,95790.199999928,1,1768624444283
90.42,766.94,"",1,95860.599999905,1,1768624444353
50.3,794.18,"",3,95931.699999928,1,1768624444424
202.49,769.94,"",1,95986.699999928,1,1768624444479
209.56,814.89,"",3,96054.5,1,1768624444547
213.92,793.31,"",3,96122.099999905,1,1768624444614
131.09,794.83,"",3,96189.199999928,1,1768624444681
192.61,770.18,"",1,96254.899999976,1,1768624444747
253.55,754.49,"",1,96322.5,1,1768624444815
213.13,761.84,"",1,96389.099999905,1,1768624444881
235.79,739.29,"",1,96454.899999976,1,1768624444947
209.77,730.17,"",1,96524.099999905,1,1768624445016
236.45,692.79,"",1,96591,1,1768624445083
186.39,725.68,"",1,96655.699999928,1,1768624445148
104.31,713.39,"",1,96729.299999952,1,1768624445222
110.96,713.53,"",1,96787.899999976,1,1768624445280
163.04,680.67,"",1,96856.599999905,1,1768624445349
187,679.62,"",1,96923.099999905,1,1768624445415
250.66,684.64,"",1,96989,1,1768624445481
220.24,678.2,"",1,97055.5,1,1768624445548
149.94,685.1,"",1,97131.299999952,1,1768624445624
170.53,663.06,"",1,97190,1,1768624445682
133.87,675.1,"",1,97258.599999905,1,1768624445751
136.04,688.93,"",1,97334.399999976,1,1768624445827
106.66,725.69,"",1,97406.199999928,1,1768624445898
61.05,727.22,"",1,97472,1,1768624445964
0.23,719.88,"",1,97538.599999905,1,1768624446031
88.05,703.49,"",1,97605.299999952,1,1768624446098
33.44,731.15,"",1,97672.599999905,1,1768624446165
-1,-1,,,97738.899999976,1,1768624446231
13.2,743.48,"",1,97805.699999928,1,1768624446298
45.39,725.14,"",1,97872,1,1768624446364
51.2,744.41,"",1,97938.099999905,1,1768624446430
48.26,729.54,"",1,98005.5,1,1768624446498
49.48,724.08,"",1,98073.099999905,1,1768624446565
22.31,743.42,"",1,98138.399999976,1,1768624446631
45,741.03,"",1,98205.699999928,1,1768624446698
142.96,762.49,"",1,98272.5,1,1768624446765
370.63,770.04,"Response",11,98340.099999905,1,1768624446832
579.16,737.16,,,98405.299999952,1,1768624446898
-1,-1,,,98472.199999928,1,1768624446964
-1,-1,,,98539.299999952,1,1768624447031
-1,-1,,,98607,1,1768624447099
-1,-1,,,98672.199999928,1,1768624447164
-1,-1,,,98737.899999976,1,1768624447230
-1,-1,,,98805.799999952,1,1768624447298
-1,-1,,,98872,1,1768624447364
-1,-1,,,98940,1,1768624447432
-1,-1,,,99008,1,1768624447500
-1,-1,,,99088.199999928,1,1768624447580
-1,-1,,,99143.199999928,1,1768624447635
-1,-1,,,99204.799999952,1,1768624447697
566.21,747.16,,,99273.799999952,1,1768624447766
281.75,764,"",1,99336.899999976,1,1768624447829
147.18,750.34,"",1,99405.899999976,1,1768624447898
-1,-1,,,99483.199999928,1,1768624447975
-1,-1,,,99555.599999905,1,1768624448048
-1,-1,,,99621,1,1768624448113
-1,-1,,,99688.199999928,1,1768624448180
-1,-1,,,99763.5,1,1768624448256
-1,-1,,,99825.299999952,1,1768624448317
-1,-1,,,99888.599999905,1,1768624448381
-1,-1,,,99955.599999905,1,1768624448448
-1,-1,,,100023.69999993,1,1768624448516
-1,-1,,,100089.29999995,1,1768624448582
-1,-1,,,100167.0999999,1,1768624448659
-1,-1,,,100239.89999998,1,1768624448732
61.7,736.81,"",1,100306.79999995,1,1768624448799
226.2,723.27,"",1,100382.19999993,1,1768624448874
356.45,679.99,"Response",8,100440.19999993,1,1768624448932
541.91,657.7,,,100512.69999993,1,1768624449005
585.84,671.48,,,100572.29999995,1,1768624449064
563.45,662.2,,,100641.5,1,1768624449134
535.38,671.64,,,100705.29999995,1,1768624449198
497.72,675.05,,,100773.29999995,1,1768624449266
583.87,671.71,,,100841.19999993,1,1768624449333
500.75,664.86,,,100905.5,1,1768624449398
438.19,685.11,,,100973.0999999,1,1768624449465
412.41,719.55,"Right",5,101045.39999998,1,1768624449538
304.13,716.69,"Right",0,101119.79999995,1,1768624449612
291.68,727.35,"",1,101188.69999993,1,1768624449681
420.94,709.56,,,101257.19999993,1,1768624449749
429.56,696.28,,,101328.79999995,1,1768624449821
459.88,671.24,,,101392,1,1768624449884
539.24,671.52,,,101457,1,1768624449949
586.89,686.66,,,101522.29999995,1,1768624450015
597.78,712.53,,,101592.0999999,1,1768624450084
544.28,730.17,,,101656.29999995,1,1768624450148
613.19,737.5,,,101723.5,1,1768624450216
-1,-1,,,101791.39999998,1,1768624450284
-1,-1,,,101858.5,1,1768624450351
-1,-1,,,101922.5999999,1,1768624450415
-1,-1,,,101990.29999995,1,1768624450483
-1,-1,,,102057.39999998,1,1768624450550
-1,-1,,,102127.79999995,1,1768624450620
-1,-1,,,102190.69999993,1,1768624450683
-1,-1,,,102261.29999995,1,1768624450754
-1,-1,,,102323.39999998,1,1768624450816
-1,-1,,,102390.0999999,1,1768624450882
-1,-1,,,102461,1,1768624450953
-1,-1,,,102522.5,1,1768624451015
-1,-1,,,102591.29999995,1,1768624451084
-1,-1,,,102656.79999995,1,1768624451149
-1,-1,,,102724.19999993,1,1768624451216
-1,-1,,,102788.39999998,1,1768624451281
-1,-1,,,102856.5,1,1768624451349
-1,-1,,,102922.0999999,1,1768624451414
-1,-1,,,102988.5,1,1768624451481
-1,-1,,,103079.5,1,1768624451572
-1,-1,,,103137.19999993,1,1768624451629
-1,-1,,,103205.19999993,1,1768624451697
-1,-1,,,103272.0999999,1,1768624451764
-1,-1,,,103339.0999999,1,1768624451831
-1,-1,,,103407.0999999,1,1768624451899
-1,-1,,,103471.5999999,1,1768624451964
-1,-1,,,103541.89999998,1,1768624452034
-1,-1,,,103606.5999999,1,1768624452099
-1,-1,,,103671.29999995,1,1768624452163
-1,-1,,,103738.79999995,1,1768624452231
-1,-1,,,103806.79999995,1,1768624452299
-1,-1,,,103872.39999998,1,1768624452365
-1,-1,,,103938.5999999,1,1768624452431
-1,-1,,,104005.69999993,1,1768624452498
-1,-1,,,104072.5999999,1,1768624452565
-1,-1,,,104143.19999993,1,1768624452635
-1,-1,,,104207.39999998,1,1768624452700
-1,-1,,,104270.39999998,1,1768624452763
-1,-1,,,104349.89999998,1,1768624452842
-1,-1,,,104437.0999999,1,1768624452929
-1,-1,,,104518.5999999,1,1768624453011
-1,-1,,,104594.5,1,1768624453087
-1,-1,,,104684.89999998,1,1768624453177
606.05,671.22,,,104754.79999995,1,1768624453247
527.6,644.74,,,104828.19999993,1,1768624453320
444.12,647.66,,,104888.5999999,1,1768624453381
423.02,625.85,,,104955,1,1768624453447
449.61,606.32,"Dissatisfied",7,105027.89999998,1,1768624453520
391.94,615.37,"Left",4,105089.89999998,1,1768624453582
277.4,614.56,"",1,105155.39999998,1,1768624453648
202.57,639.54,"",1,105224.69999993,1,1768624453717
59.7,749.89,"",1,105288.5999999,1,1768624453781
296.49,811.61,"",3,105356.89999998,1,1768624453849
193.79,882.4,,,105428.5,1,1768624453921
159.6,885.77,,,105492.69999993,1,1768624453985
127.19,867.88,,,105554.19999993,1,1768624454046
141.59,844.66,"",3,105625.29999995,1,1768624454118
110.96,820.77,"",3,105689.79999995,1,1768624454182
39.15,812.45,"",3,105757,1,1768624454249
33.44,773.5,"",1,105823.29999995,1,1768624454316
19.51,751.14,"",1,105898.89999998,1,1768624454391
38.96,753.59,"",1,105956.19999993,1,1768624454448
24.22,750.49,"",1,106023.69999993,1,1768624454516
59.99,755.38,"",1,106091.5,1,1768624454584
211.37,752.38,"",1,106156.19999993,1,1768624454648
350.95,755.88,"Response",9,106223.39999998,1,1768624454716
487.7,753.66,,,106288.69999993,1,1768624454781
491.14,788.08,"",3,106356.39999998,1,1768624454849
529.21,816.75,,,106432.29999995,1,1768624454924
-1,-1,,,106494.89999998,1,1768624454987
-1,-1,,,106561.89999998,1,1768624455054
-1,-1,,,106627.29999995,1,1768624455120
-1,-1,,,106694.0999999,1,1768624455186
-1,-1,,,106755.69999993,1,1768624455248
-1,-1,,,106823.5999999,1,1768624455316
-1,-1,,,106888.69999993,1,1768624455381
-1,-1,,,106957.0999999,1,1768624455449
-1,-1,,,107024.19999993,1,1768624455516
598.87,948.88,,,107099.89999998,1,1768624455592
466.39,920.82,"ke better?",35,107174.79999995,1,1768624455667
391.93,891.5,"like better?",26,107243.39999998,1,1768624455736
230.03,878.61,,,107310.5,1,1768624455803
165.6,851.82,"",3,107372,1,1768624455864
11.43,865.04,"",3,107450,1,1768624455942
-1,-1,,,107527.89999998,1,1768624456020
111.22,849.04,"",3,107599.5,1,1768624456092
190.01,858.66,"",3,107680.39999998,1,1768624456173
205.96,876.6,,,107742.19999993,1,1768624456234
222.35,898.25,,,107814.79999995,1,1768624456307
198.01,917.5,,,107873.29999995,1,1768624456365
235.68,924.95,,,107939.69999993,1,1768624456432
281.07,945.15,,,108008.29999995,1,1768624456501
297.95,956.57,,,108075.29999995,1,1768624456568
402.57,935.16,"",3,108145.69999993,1,1768624456638
418.27,923.24,"like better?",29,108207.69999993,1,1768624456700
434.72,904.2,"like better?",32,108272.39999998,1,1768624456765
451.63,909.76,"ike better?",34,108340.5,1,1768624456833
490.73,870.62,"nse did you",21,108407,1,1768624456899
376.26,820.33,,,108473.5,1,1768624456966
373.03,796.31,,,108543,1,1768624457035
309.1,747.21,"Response",6,108608,1,1768624457100
339.71,688.75,"Response",6,108672.5999999,1,1768624457165
347.87,727.36,"Right",0,108742.89999998,1,1768624457235
265.36,758.07,"",1,108806.79999995,1,1768624457299
246.39,703.75,"",1,108871.19999993,1,1768624457364
230.47,663.79,"",1,108955.79999995,1,1768624457448
175.35,622.15,"",1,109042,1,1768624457534
152.37,591.01,"",1,109107.39999998,1,1768624457600
58.99,573.88,,,109176.5,1,1768624457669
93.2,533.99,,,109245.79999995,1,1768624457738
74.56,542.18,,,109314.0999999,1,1768624457806
130.8,541.26,,,109379.0999999,1,1768624457871
126.82,542.49,,,109451.89999998,1,1768624457944
63.02,544.71,,,109537,1,1768624458029
12.4,580.42,"",1,109615.89999998,1,1768624458108
114.18,633.86,"",1,109690.69999993,1,1768624458183
203.71,615.17,"",1,109758.29999995,1,1768624458251
297.74,620.04,"",1,109866.29999995,1,1768624458359
486.94,602.92,"Dissatisfied",13,109959.29999995,1,1768624771941
518.75,610.48,"ssatisfied",17,110023.69999993,1,1768624772006
584.09,620.49,,,110103.19999993,1,1768624772085
603.62,610.43,"Dissatisfied",9,110173.89999998,1,1768624772156
-1,-1,,,110236.39999998,1,1768624772218
-1,-1,,,110308.49999988,1,1768624772290
615.17,617.08,,,110374.0999999,1,1768624772356
475,653.41,,,110441.5999999,1,1768624772423
393.49,676.94,"Response",13,110508.89999998,1,1768624772491
384.82,710.44,"Right",5,110572.39999998,1,1768624772554
299.18,720.71,"",1,110640.19999993,1,1768624772622
371.05,715.76,"Right",3,110716.0999999,1,1768624772698
378.38,736.67,"Response",12,110788.69999993,1,1768624772771
364.58,724.86,"Right",3,110860.69999993,1,1768624772843
336.49,670.4,"Response",6,110927.29999995,1,1768624772909
313.91,654.66,"Response",5,110993.99999988,1,1768624772976
324.13,656.65,"Response",5,111070.99999988,1,1768624773053
338.61,663.23,"Response",6,111155.19999993,1,1768624773137
390.11,669.42,"Response",12,111225.5999999,1,1768624773207
461.16,706.78,,,111298.99999988,1,1768624773281
477.99,705.09,,,111375.79999995,1,1768624773358
588.93,767.43,,,111442.5999999,1,1768624773424
478.55,831.73,,,111508.79999995,1,1768624773491
547.7,807.46,"Left Respo",0,111579.39999998,1,1768624773561
-1,-1,,,111643.39999998,1,1768624773625
-1,-1,,,111707.69999993,1,1768624773690
-1,-1,,,111790.0999999,1,1768624773772
-1,-1,,,111862.29999995,1,1768624773844
-1,-1,,,111932.19999993,1,1768624773914
-1,-1,,,111997.39999998,1,1768624773979
-1,-1,,,112062.0999999,1,1768624774044
-1,-1,,,112135.0999999,1,1768624774117
-1,-1,,,112202.79999995,1,1768624774185
-1,-1,,,112287.0999999,1,1768624774269
-1,-1,,,112366.29999995,1,1768624774348
-1,-1,,,112452.29999995,1,1768624774434
-1,-1,,,112518.99999988,1,1768624774501
-1,-1,,,112594.99999988,1,1768624774577
-1,-1,,,112660.19999993,1,1768624774642
-1,-1,,,112729.19999993,1,1768624774711
-1,-1,,,112796.49999988,1,1768624774778
-1,-1,,,112860.39999998,1,1768624774842
-1,-1,,,112924.69999993,1,1768624774907
-1,-1,,,113008.99999988,1,1768624774991
-1,-1,,,113083.5999999,1,1768624775065
-1,-1,,,113167.39999998,1,1768624775149
-1,-1,,,113228.99999988,1,1768624775211
-1,-1,,,113304.29999995,1,1768624775286
-1,-1,,,113371.49999988,1,1768624775353
-1,-1,,,113440.49999988,1,1768624775422
579.55,731.15,,,113508.49999988,1,1768624775490
-1,-1,,,113572.39999998,1,1768624775554
-1,-1,,,113635.99999988,1,1768624775618
-1,-1,,,113702.19999993,1,1768624775684
-1,-1,,,113774.89999998,1,1768624775757
-1,-1,,,113836.69999993,1,1768624775819
581.75,718.1,,,113907.0999999,1,1768624775889
571.56,727.13,,,113973.39999998,1,1768624775955
610.04,758.09,,,114036.39999998,1,1768624776018
531.97,752.04,,,114104.39999998,1,1768624776086
548.63,729.49,,,114174.39999998,1,1768624776156
530.02,723.73,,,114239.19999993,1,1768624776221
526.38,726.94,,,114313.0999999,1,1768624776295
525.34,732.63,,,114394.0999999,1,1768624776376
522.43,766.81,,,114460.89999998,1,1768624776443
-1,-1,,,114531.69999993,1,1768624776514
-1,-1,,,114608.0999999,1,1768624776590
-1,-1,,,114673.5999999,1,1768624776655
-1,-1,,,114740.19999993,1,1768624776722
-1,-1,,,114810.5999999,1,1768624776792
-1,-1,,,114876.89999998,1,1768624776859
-1,-1,,,114946.19999993,1,1768624776928
-1,-1,,,115012.29999995,1,1768624776994
-1,-1,,,115086.49999988,1,1768624777068
-1,-1,,,115158.5999999,1,1768624777140
-1,-1,,,115227.49999988,1,1768624777209
-1,-1,,,115300.5999999,1,1768624777282
-1,-1,,,115372.39999998,1,1768624777354
-1,-1,,,115441.19999993,1,1768624777423
-1,-1,,,115522.79999995,1,1768624777505
-1,-1,,,115591.99999988,1,1768624777574
-1,-1,,,115660.39999998,1,1768624777642
-1,-1,,,115730.39999998,1,1768624777712
-1,-1,,,115800.19999993,1,1768624777782
-1,-1,,,115881.89999998,1,1768624777864
-1,-1,,,115964.99999988,1,1768624777947
-1,-1,,,116034.69999993,1,1768624778017
-1,-1,,,116115.79999995,1,1768624778098
-1,-1,,,116211.69999993,1,1768624778194
-1,-1,,,116284.19999993,1,1768624778266
-1,-1,,,116368.19999993,1,1768624778350
-1,-1,,,116446.69999993,1,1768624778429
-1,-1,,,116516.89999998,1,1768624778499
-1,-1,,,116586.99999988,1,1768624778569
-1,-1,,,116660.49999988,1,1768624778642
-1,-1,,,116722.0999999,1,1768624778704
-1,-1,,,116788.0999999,1,1768624778770
-1,-1,,,116859.29999995,1,1768624778841
-1,-1,,,116918.89999998,1,1768624778901
-1,-1,,,116992.89999998,1,1768624778975
554.3,934.92,"",3,117059.49999988,1,1768624779041
506.53,927.02,"ke better?",35,117123.79999995,1,1768624779106
475.5,922.76,"ke better?",35,117183.79999995,1,1768624779166
442.94,941.97,"",3,117262.89999998,1,1768624779245
416.28,936.53,"",3,117361.39999998,1,1768624779343
354.78,915.6,"like bette",23,117421.99999988,1,1768624779404
374.19,900.02,"like bette",23,117488.5999999,1,1768624779470
401.6,875.01,"Which response did",9,117555.19999993,1,1768624779537
432.19,883.07,"ich response did you",12,117631.5999999,1,1768624779613
496.46,876.17,"nse did you",21,117704.0999999,1,1768624779686
577.21,848.74,,,117772.5999999,1,1768624779754
570.41,858.09,,,117835.39999998,1,1768624779817
-1,-1,,,117901.39999998,1,1768624779883
612.25,875.92,,,117969.49999988,1,1768624779951
-1,-1,,,118035.79999995,1,1768624780018
614.52,901.45,,,118104.99999988,1,1768624780087
-1,-1,,,118168.69999993,1,1768624780151
-1,-1,,,118238.89999998,1,1768624780221
-1,-1,,,118309.0999999,1,1768624780291
-1,-1,,,118376.89999998,1,1768624780359
-1,-1,,,118441.29999995,1,1768624780423
-1,-1,,,118504.69999993,1,1768624780487
-1,-1,,,118570.89999998,1,1768624780553
-1,-1,,,118659.5999999,1,1768624780641
-1,-1,,,118720.19999993,1,1768624780702
-1,-1,,,118792.99999988,1,1768624780775
-1,-1,,,118861.39999998,1,1768624780843
-1,-1,,,118946.79999995,1,1768624780929
-1,-1,,,119025.0999999,1,1768624781007
-1,-1,,,119094.5999999,1,1768624781076
-1,-1,,,119160.19999993,1,1768624781142
-1,-1,,,119222.69999993,1,1768624781205
-1,-1,,,119316.69999993,1,1768624781298
-1,-1,,,119388.79999995,1,1768624781371
-1,-1,,,119456.29999995,1,1768624781438
-1,-1,,,119524.19999993,1,1768624781506
-1,-1,,,119591.0999999,1,1768624781573
-1,-1,,,119655.39999998,1,1768624781637
-1,-1,,,119717.79999995,1,1768624781700
512.58,876.58,"se did you",22,119784.0999999,1,1768624781766
437.04,876.9,"ch response did you",13,119848.39999998,1,1768624781830
411.19,880.61,"Which response did y",10,119921.0999999,1,1768624781903
301.57,830.5,"",3,119992.5999999,1,1768624781974
296.25,785.39,"",3,120058.69999993,1,1768624782041
242.3,784.18,"",3,120116.19999993,1,1768624782098
236.59,754.1,"",1,120183.89999998,1,1768624782166
346.02,758.24,"Response",8,120254.89999998,1,1768624782237
358.13,772.98,"Response",9,120317.19999993,1,1768624782299
376.3,794.64,,,120376.99999988,1,1768624782359
422.47,755.87,,,120437.19999993,1,1768624782419
500.35,705.6,,,120503.5999999,1,1768624782486
551.5,681.05,,,120580.49999988,1,1768624782562
-1,-1,,,120644.39999998,1,1768624782627
-1,-1,,,120709.19999993,1,1768624782691
-1,-1,,,120770.99999988,1,1768624782753
-1,-1,,,120828.39999998,1,1768624782810
-1,-1,,,120894.39999998,1,1768624782876
545.94,619.75,,,120955.99999988,1,1768624782938
480.65,606.93,"Dissatisfied",12,121014.79999995,1,1768624782997
440,596.4,"Dissatisfi",5,121073.89999998,1,1768624783056
437.46,569.05,"Very",0,121138.69999993,1,1768624783121
444.36,560.47,"Very",0,121200.89999998,1,1768624783183
382.01,560.43,,,121275.29999995,1,1768624783257
320.01,497.59,,,121342.29999995,1,1768624783324
374.8,480.75,,,121401.99999988,1,1768624783384
512.24,473.44,"Questions",0,121471.69999993,1,1768624783454
453.16,450.24,"Questions",0,121535.79999995,1,1768624783518
443.47,461.8,"Questions",0,121613.19999993,1,1768624783595
464.33,410.18,,,121687.69999993,1,1768624783670
532.49,367.27,,,121751.29999995,1,1768624783733
562.43,348.79,,,121806.89999998,1,1768624783789
-1,-1,,,121866.69999993,1,1768624783849
611.44,386.42,,,121935.19999993,1,1768624783917
-1,-1,,,122002.69999993,1,1768624783985
600.99,459.89,"Questions Be",2,122070.99999988,1,1768624784053
560.08,444.13,"Questions",0,122135.0999999,1,1768624784117
603.33,390.08,,,122200.19999993,1,1768624784182
-1,-1,,,122260.5999999,1,1768624784243
-1,-1,,,122322.89999998,1,1768624784305
-1,-1,,,122390.19999993,1,1768624784372
-1,-1,,,122450.69999993,1,1768624784433
-1,-1,,,122511.29999995,1,1768624784493
-1,-1,,,122590.89999998,1,1768624784573
-1,-1,,,122651.69999993,1,1768624784634
-1,-1,,,122719.39999998,1,1768624784701
-1,-1,,,122797.89999998,1,1768624784780
-1,-1,,,122898.19999993,1,1768624784880
-1,-1,,,122984.19999993,1,1768624784966
-1,-1,,,123050.79999995,1,1768624785033
-1,-1,,,123120.5999999,1,1768624785102
-1,-1,,,123185.79999995,1,1768624785168
-1,-1,,,123268.29999995,1,1768624785250
-1,-1,,,123350.49999988,1,1768624785332
-1,-1,,,123441.69999993,1,1768624785424
-1,-1,,,123505.69999993,1,1768624785488
-1,-1,,,123573.49999988,1,1768624785555
-1,-1,,,123639.19999993,1,1768624785621
-1,-1,,,123710.5999999,1,1768624785693
-1,-1,,,123776.0999999,1,1768624785758
-1,-1,,,123840.5999999,1,1768624785823
-1,-1,,,123910.0999999,1,1768624785893
-1,-1,,,123989.79999995,1,1768624785972
-1,-1,,,124057.99999988,1,1768624786040
-1,-1,,,124129.49999988,1,1768624786112
-1,-1,,,124205.19999993,1,1768624786187
-1,-1,,,124277.79999995,1,1768624786260
-1,-1,,,124351.69999993,1,1768624786334
-1,-1,,,124440.0999999,1,1768624786422
-1,-1,,,124516.99999988,1,1768624786499
-1,-1,,,124598.89999998,1,1768624786581
-1,-1,,,124666.89999998,1,1768624786649
-1,-1,,,124748.79999995,1,1768624786731
-1,-1,,,124825.49999988,1,1768624786807
-1,-1,,,124904.69999993,1,1768624786887
-1,-1,,,124976.39999998,1,1768624786958
-1,-1,,,125067.29999995,1,1768624787049
-1,-1,,,125140.29999995,1,1768624787122
-1,-1,,,125207.49999988,1,1768624787189
-1,-1,,,125269.99999988,1,1768624787252
-1,-1,,,125338.5999999,1,1768624787320
-1,-1,,,125403.79999995,1,1768624787386
-1,-1,,,125473.5999999,1,1768624787455
-1,-1,,,125538.19999993,1,1768624787520
-1,-1,,,125611.99999988,1,1768624787594
-1,-1,,,125696.39999998,1,1768624787678
-1,-1,,,125774.89999998,1,1768624787757
-1,-1,,,125839.39999998,1,1768624787821
-1,-1,,,125910.0999999,1,1768624787892
-1,-1,,,125975.79999995,1,1768624787958
-1,-1,,,126046.5999999,1,1768624788028
-1,-1,,,126122.19999993,1,1768624788104
-1,-1,,,126193.29999995,1,1768624788175
-1,-1,,,126256.99999988,1,1768624788239
-1,-1,,,126322.19999993,1,1768624788304
-1,-1,,,126387.39999998,1,1768624788369
-1,-1,,,126461.79999995,1,1768624788444
-1,-1,,,126558.60000002,1,1768624794677
-1,-1,,,126637.89999998,1,1768624794756
-1,-1,,,126717.19999993,1,1768624794835
-1,-1,,,126782.19999993,1,1768624794900
-1,-1,,,126857.29999995,1,1768624794975
-1,-1,,,126914.89999998,1,1768624795033
-1,-1,,,126990.60000002,1,1768624795109
-1,-1,,,127082.89999998,1,1768624795201
-1,-1,,,127145.89999998,1,1768624795264
-1,-1,,,127226.19999993,1,1768624795344
-1,-1,,,127292.79999995,1,1768624795411
-1,-1,,,127362.29999995,1,1768624795480
-1,-1,,,127448,1,1768624795566
-1,-1,,,127518.10000002,1,1768624795636
-1,-1,,,127583.89999998,1,1768624795702
-1,-1,,,127671.29999995,1,1768624795789
-1,-1,,,127744.29999995,1,1768624795862
-1,-1,,,127828.19999993,1,1768624795946
-1,-1,,,127906.89999998,1,1768624796025
-1,-1,,,127972.19999993,1,1768624796090
-1,-1,,,128042.5,1,1768624796161
-1,-1,,,128107.60000002,1,1768624796226
-1,-1,,,128181.10000002,1,1768624796299
-1,-1,,,128262.60000002,1,1768624796381
-1,-1,,,128341,1,1768624796459
-1,-1,,,128405,1,1768624796523
-1,-1,,,128471,1,1768624796589
-1,-1,,,128557.19999993,1,1768624796675
-1,-1,,,128629.79999995,1,1768624796748
-1,-1,,,128700.10000002,1,1768624796818
-1,-1,,,128781.69999993,1,1768624796900
-1,-1,,,128851.10000002,1,1768624796969
-1,-1,,,128917.10000002,1,1768624797035
-1,-1,,,128983.60000002,1,1768624797102
-1,-1,,,129048.10000002,1,1768624797166
-1,-1,,,129118.29999995,1,1768624797237
-1,-1,,,129181.19999993,1,1768624797299
-1,-1,,,129251.79999995,1,1768624797370
-1,-1,,,129321.79999995,1,1768624797440
-1,-1,,,129383.89999998,1,1768624797502
-1,-1,,,129448.89999998,1,1768624797567
-1,-1,,,129517.29999995,1,1768624797635
-1,-1,,,129592.89999998,1,1768624797711
-1,-1,,,129664,1,1768624797782
-1,-1,,,129755,1,1768624797873
-1,-1,,,129818.10000002,1,1768624797936
-1,-1,,,129882.29999995,1,1768624798000
-1,-1,,,129950.69999993,1,1768624798069
-1,-1,,,130011.79999995,1,1768624798130
-1,-1,,,130083.89999998,1,1768624798202
-1,-1,,,130151.79999995,1,1768624798270
-1,-1,,,130218.10000002,1,1768624798336
-1,-1,,,130293.39999998,1,1768624798411
-1,-1,,,130371.5,1,1768624798489
-1,-1,,,130455.60000002,1,1768624798574
-1,-1,,,130521.39999998,1,1768624798639
-1,-1,,,130588.89999998,1,1768624798707
-1,-1,,,130659.5,1,1768624798777
-1,-1,,,130739.69999993,1,1768624798858
-1,-1,,,130815,1,1768624798933
-1,-1,,,130912.69999993,1,1768624799031
-1,-1,,,130984.89999998,1,1768624799103
-1,-1,,,131059.19999993,1,1768624799177
-1,-1,,,131131,1,1768624799249
-1,-1,,,131216.19999993,1,1768624799334
-1,-1,,,131285.29999995,1,1768624799404
-1,-1,,,131366,1,1768624799484
-1,-1,,,131438.10000002,1,1768624799556
-1,-1,,,131510.10000002,1,1768624799628
-1,-1,,,131583.10000002,1,1768624799701
-1,-1,,,131662.5,1,1768624799781
-1,-1,,,131737.5,1,1768624799856
-1,-1,,,131809.10000002,1,1768624799927
-1,-1,,,131874.39999998,1,1768624799992
-1,-1,,,131943.69999993,1,1768624800062
-1,-1,,,132022.60000002,1,1768624800141
-1,-1,,,132094.19999993,1,1768624800212
-1,-1,,,132159.60000002,1,1768624800278
-1,-1,,,132223.39999998,1,1768624800341
-1,-1,,,132288.60000002,1,1768624800407
-1,-1,,,132365,1,1768624800483
-1,-1,,,132437.60000002,1,1768624800556
-1,-1,,,132501.10000002,1,1768624800619
-1,-1,,,132565.79999995,1,1768624800684
-1,-1,,,132635.19999993,1,1768624800753
-1,-1,,,132702.10000002,1,1768624800820
-1,-1,,,132763.79999995,1,1768624800882
-1,-1,,,135239.69999993,1,1768624803358
-1,-1,,,135302.39999998,1,1768624803420
-1,-1,,,135368.69999993,1,1768624803487
-1,-1,,,135426,1,1768624803544
-1,-1,,,135485.19999993,1,1768624803604
-1,-1,,,135549.60000002,1,1768624803668
-1,-1,,,135615.60000002,1,1768624803734
-1,-1,,,135684,1,1768624803802
-1,-1,,,135748.10000002,1,1768624803866
-1,-1,,,135811.69999993,1,1768624803930
-1,-1,,,135873.89999998,1,1768624803992
-1,-1,,,135936.5,1,1768624804055
-1,-1,,,136006.19999993,1,1768624804124
-1,-1,,,136070.39999998,1,1768624804189
-1,-1,,,136138.79999995,1,1768624804257
-1,-1,,,136215.89999998,1,1768624804334
-1,-1,,,136283.69999993,1,1768624804402
-1,-1,,,136354.60000002,1,1768624804473
-1,-1,,,136425.69999993,1,1768624804544
-1,-1,,,136494.10000002,1,1768624804612
-1,-1,,,136567.60000002,1,1768624804686
-1,-1,,,136655.89999998,1,1768624804774
-1,-1,,,136728.10000002,1,1768624804847
-1,-1,,,136804.19999993,1,1768624804922
-1,-1,,,136890.60000002,1,1768624805009
-1,-1,,,136958,1,1768624805076
-1,-1,,,137028.60000002,1,1768624805147
-1,-1,,,137097.10000002,1,1768624805215
-1,-1,,,137170.69999993,1,1768624805289
-1,-1,,,137238.5,1,1768624805357
-1,-1,,,137302.10000002,1,1768624805420
-1,-1,,,137374.10000002,1,1768624805493
-1,-1,,,137440.29999995,1,1768624805559
-1,-1,,,137519.10000002,1,1768624805637
-1,-1,,,137584.89999998,1,1768624805703
-1,-1,,,137648.19999993,1,1768624805766
-1,-1,,,137727.69999993,1,1768624805846
-1,-1,,,137789.60000002,1,1768624805908
-1,-1,,,137854.10000002,1,1768624805972
-1,-1,,,137915,1,1768624806033
-1,-1,,,137984,1,1768624806102
-1,-1,,,138049.19999993,1,1768624806168
-1,-1,,,138114.39999998,1,1768624806233
-1,-1,,,138181.5,1,1768624806300
-1,-1,,,138253.69999993,1,1768624806372
-1,-1,,,138323.10000002,1,1768624806441
-1,-1,,,138385.29999995,1,1768624806504
-1,-1,,,138446.5,1,1768624806565
-1,-1,,,138512.19999993,1,1768624806631
-1,-1,,,138576,1,1768624806694
-1,-1,,,138640.29999995,1,1768624806759
-1,-1,,,138700.5,1,1768624806819
-1,-1,,,138763,1,1768624806881
-1,-1,,,138828.19999993,1,1768624806947
-1,-1,,,138888.29999995,1,1768624807007
-1,-1,,,138950.29999995,1,1768624807069
-1,-1,,,139015.29999995,1,1768624807133
-1,-1,,,139079.89999998,1,1768624807198
-1,-1,,,139144.79999995,1,1768624807263
-1,-1,,,139201.79999995,1,1768624807320
-1,-1,,,139262.69999993,1,1768624807381
-1,-1,,,139324.10000002,1,1768624807442
-1,-1,,,139385.69999993,1,1768624807504
-1,-1,,,139445.60000002,1,1768624807564
-1,-1,,,139503.89999998,1,1768624807622
-1,-1,,,139565.60000002,1,1768624807684
-1,-1,,,139635.29999995,1,1768624807754
-1,-1,,,139697.60000002,1,1768624807816
-1,-1,,,139770,1,1768624807888
-1,-1,,,139834,1,1768624807952
-1,-1,,,139894.29999995,1,1768624808013
-1,-1,,,139953.5,1,1768624808072
-1,-1,,,140014.10000002,1,1768624808132
-1,-1,,,140078.29999995,1,1768624808197
-1,-1,,,140137.89999998,1,1768624808256
-1,-1,,,140200.69999993,1,1768624808319
-1,-1,,,140262.19999993,1,1768624808380
-1,-1,,,140320.10000002,1,1768624808438
-1,-1,,,140380.89999998,1,1768624808499
-1,-1,,,140448,1,1768624808566
-1,-1,,,140519.89999998,1,1768624808638
-1,-1,,,140599.69999993,1,1768624808718
-1,-1,,,140665.79999995,1,1768624808784
-1,-1,,,140737,1,1768624808855
-1,-1,,,140800.69999993,1,1768624808919
-1,-1,,,140866,1,1768624808984
-1,-1,,,140936.60000002,1,1768624809055
-1,-1,,,140999.69999993,1,1768624809118
-1,-1,,,141064,1,1768624809182
-1,-1,,,141131.29999995,1,1768624809249
-1,-1,,,141197.5,1,1768624809316
-1,-1,,,141264,1,1768624809382
-1,-1,,,141333.60000002,1,1768624809452
-1,-1,,,141400.5,1,1768624809518
-1,-1,,,141466.79999995,1,1768624809585
-1,-1,,,141530.89999998,1,1768624809649
-1,-1,,,141604.10000002,1,1768624809722
-1,-1,,,141666.39999998,1,1768624809784
-1,-1,,,141744.79999995,1,1768624809863
-1,-1,,,141816.5,1,1768624809935
-1,-1,,,141884.79999995,1,1768624810003
-1,-1,,,141950.79999995,1,1768624810069
-1,-1,,,142020.29999995,1,1768624810138
-1,-1,,,142084.29999995,1,1768624810202
-1,-1,,,142149.60000002,1,1768624810268
-1,-1,,,142216.19999993,1,1768624810334
-1,-1,,,142296.29999995,1,1768624810414
-1,-1,,,142380.89999998,1,1768624810499
-1,-1,,,142453.19999993,1,1768624810571
-1,-1,,,142517.19999993,1,1768624810635
-1,-1,,,142584.29999995,1,1768624810702
-1,-1,,,142665.39999998,1,1768624810783
-1,-1,,,142750.79999995,1,1768624810869
-1,-1,,,142818.5,1,1768624810937
-1,-1,,,142882.5,1,1768624811000
-1,-1,,,142950,1,1768624811068
-1,-1,,,143016.60000002,1,1768624811135
-1,-1,,,143097.39999998,1,1768624811215
-1,-1,,,143167.79999995,1,1768624811286
-1,-1,,,143226.10000002,1,1768624811344
-1,-1,,,143305.10000002,1,1768624811423
-1,-1,,,143373.10000002,1,1768624811491
-1,-1,,,143435.60000002,1,1768624811554
-1,-1,,,143501.19999993,1,1768624811619
-1,-1,,,143571.10000002,1,1768624811689
-1,-1,,,143636.79999995,1,1768624811755
-1,-1,,,143702.19999993,1,1768624811820
-1,-1,,,143771.5,1,1768624811890
-1,-1,,,143835.10000002,1,1768624811953
-1,-1,,,143900.5,1,1768624812019
-1,-1,,,143979.29999995,1,1768624812097
-1,-1,,,144071.29999995,1,1768624812189
-1,-1,,,144145.60000002,1,1768624812264
-1,-1,,,144213.69999993,1,1768624812332
-1,-1,,,144277.39999998,1,1768624812395
-1,-1,,,144348.69999993,1,1768624812467
-1,-1,,,144413.69999993,1,1768624812532
-1,-1,,,144482,1,1768624812600
-1,-1,,,144563.19999993,1,1768624812681
-1,-1,,,144635.89999998,1,1768624812754
555.04,678.92,,,144698.19999993,1,1768624812816
461.76,701.82,,,144763.69999993,1,1768624812882
416.87,729.14,"Right",5,144831.29999995,1,1768624812949
409.27,706.77,"Right",5,144890.60000002,1,1768624813009
347.75,705.38,"Right",0,144949.29999995,1,1768624813067
371.15,714.75,"Right",3,145012.29999995,1,1768624813130
327.14,706.6,"Right",0,145072.89999998,1,1768624813191
264.57,748.6,,,145134.10000002,1,1768624813252
302.46,772.25,"",1,145198.10000002,1,1768624813316
284.24,794.54,,,145261.79999995,1,1768624813380
317.17,785.12,"",3,145323.19999993,1,1768624813441
281.03,837.62,,,145392.39999998,1,1768624813510
291.91,846.78,"",3,145453.79999995,1,1768624813572
282.81,809.76,,,145511.79999995,1,1768624813630
350.12,777.92,"",3,145591.69999993,1,1768624813710
309.21,760.08,"Response",6,145688.79999995,1,1768624813807
319.64,746.25,"Response",6,145755,1,1768624813873
340.83,767.57,"Response",7,145819.69999993,1,1768624813938
401.44,798.95,,,145881.69999993,1,1768624814000
390.68,807.56,,,145943.10000002,1,1768624814061
454.27,778.78,"",3,146012.89999998,1,1768624814131
487.93,795.51,,,146080.39999998,1,1768624814199
496.46,801.31,,,146152.19999993,1,1768624814270
392.47,777.43,"",3,146213.39999998,1,1768624814332
374.07,816.85,,,146280.39999998,1,1768624814398
346.96,820.88,,,146353.60000002,1,1768624814472
351.72,831.18,,,146425.89999998,1,1768624814544
425.54,806.97,,,146499.10000002,1,1768624814617
581.4,814.47,"Left Respo",0,146582.29999995,1,1768624814700
-1,-1,,,146647,1,1768624814765
-1,-1,,,146714.10000002,1,1768624814832
-1,-1,,,146778.10000002,1,1768624814896
-1,-1,,,146844.69999993,1,1768624814963
-1,-1,,,146917,1,1768624815035
-1,-1,,,146995.10000002,1,1768624815113
-1,-1,,,147063.69999993,1,1768624815182
-1,-1,,,147138.69999993,1,1768624815257
-1,-1,,,147211.89999998,1,1768624815330
-1,-1,,,147288.5,1,1768624815407
579.67,1031.08,"Next Step",0,147354.39999998,1,1768624815473
546.75,1069.53,"Next Step",0,147429.19999993,1,1768624815547
592.83,1085.47,"Next Step",0,147514.60000002,1,1768624815633
-1,-1,,,147587.89999998,1,1768624815706
611.52,1081.38,"Next Step",0,147661.19999993,1,1768624815779
-1,-1,,,147736.60000002,1,1768624815855
-1,-1,,,147805.10000002,1,1768624815923
-1,-1,,,147877.10000002,1,1768624815995
-1,-1,,,147959.19999993,1,1768624816077
-1,-1,,,148038.79999995,1,1768624816157
-1,-1,,,148109.60000002,1,1768624816228
-1,-1,,,148187.5,1,1768624816306
-1,-1,,,148254.10000002,1,1768624816372
-1,-1,,,148320.60000002,1,1768624816439
-1,-1,,,148384,1,1768624816502
-1,-1,,,148454.89999998,1,1768624816573
612.35,931.2,"",3,148530.10000002,1,1768624816648
582.95,976.35,"Next Step",0,148602.29999995,1,1768624816720
584.85,974.85,"Next Step",0,148666.19999993,1,1768624816784
472.13,1011.19,"Next Step",0,148739.5,1,1768624816858
464.82,1009.73,"Next Step",0,148820.19999993,1,1768624816938
384.51,960.17,,,148883.69999993,1,1768624817002
366.41,930.92,"",3,148961.19999993,1,1768624817079
447.19,868.62,"h response did you",14,149053.5,1,1768624817172
513.13,842.58,,,149129.39999998,1,1768624817248
577.67,826.37,"Left Respo",0,149207.19999993,1,1768624817325
-1,-1,,,149281.89999998,1,1768624817400
-1,-1,,,149348.79999995,1,1768624817467
-1,-1,,,149425.19999993,1,1768624817543
-1,-1,,,149500.5,1,1768624817618
592.5,846.47,,,149566.10000002,1,1768624817684
611.62,822.13,"Left Response",3,149635.39999998,1,1768624817753
-1,-1,,,149699,1,1768624817817
-1,-1,,,149765.5,1,1768624817884
-1,-1,,,149835.29999995,1,1768624817953
-1,-1,,,149901,1,1768624818019
574.29,844.48,"Left Respo",0,149965.89999998,1,1768624818084
502.79,870.31,"se did you",22,150032.10000002,1,1768624818150
396.02,902.21,"like better?",26,150098.10000002,1,1768624818216
435.19,890.69,"like better?",32,150168.10000002,1,1768624818286
408.88,917.14,"like better?",28,150233.79999995,1,1768624818352
409.72,938.8,"",3,150300.69999993,1,1768624818419
353.92,944.75,,,150369.69999993,1,1768624818488
403.23,951.53,,,150437.5,1,1768624818556
421.88,950.97,,,150496.79999995,1,1768624818615
435.48,939.25,"",3,150566.29999995,1,1768624818684
432.48,939.15,"",3,150632.60000002,1,1768624818751
378.35,933.81,"",3,150700.39999998,1,1768624818819
400.36,948.45,,,150769.19999993,1,1768624818887
395.27,951.17,,,150832.29999995,1,1768624818950
361.6,985.96,"Next Step",0,150899.10000002,1,1768624819017
395.48,985.23,"Next Step",0,150967.60000002,1,1768624819086
453.47,986.24,"Next Step",0,151033.5,1,1768624819152
471.53,949.62,,,151101.69999993,1,1768624819220
395.18,975.36,"Next Step",0,151166.79999995,1,1768624819285
474.72,927.9,"ke better?",35,151231,1,1768624819349
487.18,914.6,"ke better?",35,151300.10000002,1,1768624819418
446.14,888.56,"like better?",33,151365.5,1,1768624819484
413.74,862.57,"Which response did y",10,151435.69999993,1,1768624819554
472.47,866.56,"sponse did you",18,151501,1,1768624819619
454.03,865.96,"response did you",15,151566.19999993,1,1768624819684
410.8,899.41,"like better?",28,151630.29999995,1,1768624819748
442.96,941.01,"",3,151696.89999998,1,1768624819815
509.6,959.24,,,151762.5,1,1768624819881
571.42,967.89,"Next Step",0,151832.39999998,1,1768624819951
-1,-1,,,151897.29999995,1,1768624820015
-1,-1,,,151965.39999998,1,1768624820084
-1,-1,,,152035.89999998,1,1768624820154
-1,-1,,,152109.5,1,1768624820228
-1,-1,,,152185.60000002,1,1768624820304
-1,-1,,,152246.69999993,1,1768624820365
-1,-1,,,152315.79999995,1,1768624820434
-1,-1,,,152382.79999995,1,1768624820501
-1,-1,,,152448.69999993,1,1768624820567
-1,-1,,,152513.5,1,1768624820632
-1,-1,,,152582.60000002,1,1768624820701
-1,-1,,,152651,1,1768624820769
-1,-1,,,152716.79999995,1,1768624820835
-1,-1,,,152786,1,1768624820904
566.96,1021.88,"Next Step",0,152848.39999998,1,1768624820966
394.31,996.74,"Next Step",0,152914.19999993,1,1768624821032
326.3,944.5,,,152980.79999995,1,1768624821099
258.41,945.29,,,153050,1,1768624821168
294.94,941.46,"",3,153116.69999993,1,1768624821235
255.46,941.35,,,153183.29999995,1,1768624821301
279.51,910.28,,,153250.79999995,1,1768624821369
179.47,946.2,,,153314.10000002,1,1768624821432
119.05,932.14,,,153380,1,1768624821498
76.14,927.43,,,153450.89999998,1,1768624821569
109.62,938.15,,,153514,1,1768624821632
300.35,918.01,"",3,153583,1,1768624821701
388.35,881.59,"Which response di",7,153651.19999993,1,1768624821769
473.95,850.19,"sponse did you",18,153714,1,1768624821832
535.59,835.62,"Left Respo",0,153779,1,1768624821897
-1,-1,,,153847.10000002,1,1768624821965
-1,-1,,,153917.5,1,1768624822035
-1,-1,,,153981.39999998,1,1768624822100
-1,-1,,,154047.60000002,1,1768624822166
615.23,889.45,,,154120.79999995,1,1768624822239
577.48,883.28,,,154180.29999995,1,1768624822298
611.59,868.48,,,154246.79999995,1,1768624822365
596.43,879.67,,,154314,1,1768624822432
471.14,854.81,"sponse did you",18,154381.5,1,1768624822500
448.95,812.13,,,154447.10000002,1,1768624822565
426.87,782.71,"",3,154512.39999998,1,1768624822631
476.48,767.81,,,154581.79999995,1,1768624822700
537.43,786.76,"",3,154648.69999993,1,1768624822767
571.84,794.48,"Left Respo",0,154716.5,1,1768624822835
-1,-1,,,154781.89999998,1,1768624822900
-1,-1,,,154846.69999993,1,1768624822965
-1,-1,,,154902.79999995,1,1768624823021
-1,-1,,,154971.89999998,1,1768624823090
515.57,924.91,"ke better?",35,155041.69999993,1,1768624823160
564.37,964.99,"Next Step",0,155102.29999995,1,1768624823220
597,1016.37,"Next Step",0,155167.89999998,1,1768624823286
-1,-1,,,155237.29999995,1,1768624823355
-1,-1,,,155301.5,1,1768624823420
576.43,1078.96,"Next Step",0,155377.89999998,1,1768624823496
525.45,1079.85,"Next Step",0,155474.79999995,1,1768624823593
488.19,1069.85,"Next Step",0,155541.19999993,1,1768624823659
562.89,1101.97,"Next Step",0,155619,1,1768624823737
583.23,1081.66,"Next Step",0,155682.39999998,1,1768624823801
-1,-1,,,155751.60000002,1,1768624823870
618.04,1029.1,"Next Step",0,155815.10000002,1,1768624823933
-1,-1,,,155888.79999995,1,1768624824007
-1,-1,,,159922.60000002,1,1768624828041
-1,-1,,,159984.5,1,1768624828103
-1,-1,,,160065.19999993,1,1768624828184
-1,-1,,,160143.69999993,1,1768624828262
-1,-1,,,160218,1,1768624828336
-1,-1,,,160288,1,1768624828406
-1,-1,,,160346.60000002,1,1768624828465
-1,-1,,,160413.39999998,1,1768624828532
-1,-1,,,160493.19999993,1,1768624828611
-1,-1,,,160581.89999998,1,1768624828700
-1,-1,,,160662.10000002,1,1768624828780
-1,-1,,,160730.10000002,1,1768624828848
-1,-1,,,160803.10000002,1,1768624828921
-1,-1,,,160867.19999993,1,1768624828985
-1,-1,,,160937.5,1,1768624829056
-1,-1,,,161001.69999993,1,1768624829120
-1,-1,,,161086.39999998,1,1768624829204
-1,-1,,,161150.89999998,1,1768624829269
-1,-1,,,161216.60000002,1,1768624829335
-1,-1,,,161286.19999993,1,1768624829404
-1,-1,,,161356.60000002,1,1768624829475
-1,-1,,,161421.89999998,1,1768624829540
-1,-1,,,161485.89999998,1,1768624829604
-1,-1,,,161551.89999998,1,1768624829670
-1,-1,,,161618.10000002,1,1768624829736
-1,-1,,,161701.29999995,1,1768624829819
-1,-1,,,161768.69999993,1,1768624829887
-1,-1,,,161835.29999995,1,1768624829954
-1,-1,,,161904.79999995,1,1768624830023
-1,-1,,,161967.10000002,1,1768624830085
-1,-1,,,162036.19999993,1,1768624830154
-1,-1,,,162102.29999995,1,1768624830220
-1,-1,,,162166,1,1768624830284
-1,-1,,,162231.69999993,1,1768624830350
-1,-1,,,162297.60000002,1,1768624830416
-1,-1,,,162367.19999993,1,1768624830485
-1,-1,,,162437.39999998,1,1768624830555
-1,-1,,,162511.60000002,1,1768624830630
-1,-1,,,162584.60000002,1,1768624830703
-1,-1,,,162662.10000002,1,1768624830780
-1,-1,,,162734.79999995,1,1768624830853
-1,-1,,,162801.39999998,1,1768624830920
-1,-1,,,162868.89999998,1,1768624830987
-1,-1,,,162933.39999998,1,1768624831052
-1,-1,,,163013.69999993,1,1768624831132
-1,-1,,,163096.10000002,1,1768624831214
-1,-1,,,163179.19999993,1,1768624831297
-1,-1,,,163256,1,1768624831374
-1,-1,,,163321.79999995,1,1768624831440
-1,-1,,,163388.5,1,1768624831507
-1,-1,,,163454.19999993,1,1768624831572
-1,-1,,,163520.39999998,1,1768624831639
-1,-1,,,163598.29999995,1,1768624831717
-1,-1,,,163666.79999995,1,1768624831785
-1,-1,,,163743.60000002,1,1768624831862
-1,-1,,,163824.5,1,1768624831943
-1,-1,,,163898.60000002,1,1768624832017
-1,-1,,,163970.60000002,1,1768624832089
-1,-1,,,164041.39999998,1,1768624832160
-1,-1,,,164105.60000002,1,1768624832224
-1,-1,,,164175.10000002,1,1768624832293
-1,-1,,,164258.10000002,1,1768624832376
-1,-1,,,164328.29999995,1,1768624832446
-1,-1,,,164407.69999993,1,1768624832526
-1,-1,,,164484.79999995,1,1768624832603
-1,-1,,,164557.89999998,1,1768624832676
-1,-1,,,164628.69999993,1,1768624832747
-1,-1,,,164710.69999993,1,1768624832829
-1,-1,,,164795.39999998,1,1768624832913
-1,-1,,,164867.5,1,1768624832986
-1,-1,,,164942.29999995,1,1768624833060
-1,-1,,,165011.19999993,1,1768624833129
-1,-1,,,165083.29999995,1,1768624833201
-1,-1,,,165155.5,1,1768624833274
-1,-1,,,165220.60000002,1,1768624833339
-1,-1,,,165293.29999995,1,1768624833412
-1,-1,,,165363.69999993,1,1768624833482
-1,-1,,,165442.89999998,1,1768624833561
-1,-1,,,165531.10000002,1,1768624833649
