480.44,164.58,"swer. The AI's",128,9940.2000000477,1757428070826
481.99,164.36,"swer. The AI's",128,10676.800000072,1757428071567
464.59,174.09,"nswer. The AI's",127,11264.400000095,1757428072153
394.47,197.53,"heir answer. The AI'",121,11999.900000095,1757428072885
466.51,193.81,"nswer. The AI's",127,12743.100000024,1757428073628
476.75,279.64,"w up here.",160,13432.900000095,1757428074318
-1,-1,,,14115.5,1757428075012
-1,-1,,,14506.800000072,1757428075392
-1,-1,,,15165.700000048,1757428076050
-1,-1,,,15774.700000048,1757428076659
-1,-1,,,16230,1757428077116
-1,-1,,,16673.800000072,1757428077558
-1,-1,,,17124.800000072,1757428078010
457.7,271.03,"w up here.",160,17569.700000048,1757428078454
418.73,220.02,"w up here.",160,18132.400000095,1757428079017
260.08,114.5,"It might take up to",63,19153,1757428080038
423.62,95.67,"up to 1 minute for A",77,19883.800000072,1757428080769
295.18,184.8,"rating their answer.",113,20460.100000024,1757428081345
372.78,223.64,"w up here.",160,20824.900000095,1757428081709
301.09,355.92,,,21149.600000024,1757428082034
339.88,240.96,"w up here.",160,21743.400000095,1757428082630
179.21,219.13,"onse will show up he",147,22130.300000072,1757428083015
172.51,168.19,"inish generating the",103,22500.5,1757428083385
165.88,169.97,"finish generating th",102,22964.700000048,1757428083850
343.79,224.66,"w up here.",160,23432.400000095,1757428084317
347.87,292.41,"w up here.",160,23866.900000095,1757428084752
401.8,283.16,"w up here.",160,24419.900000095,1757428085305
500.49,67.06,"lease wait",41,24817.700000048,1757428085702
261.5,34.49,"ype your question, p",21,25237.300000072,1757428086122
-1,-1,,,25697.300000072,1757428086581
-1,-1,,,26068.800000072,1757428086953
-1,-1,,,26430.800000072,1757428087315
2.31,290.93,"The AI's",133,26798.300000072,1757428087683
123.48,306.79,"response will show u",143,27186.300000072,1757428088071
414.29,328.97,"w up here.",160,27709.300000072,1757428088594
300.61,327.95,"show up here.",157,28077.600000024,1757428088962
332.44,177.53,"ing their answer. Th",116,28397.700000048,1757428089283
331.46,164.97,"ing their answer. Th",116,28746.200000048,1757428089631
426.9,129.21,"up to 1 minute for A",77,29135.5,1757428090020
412.29,133.66,"up to 1 minute for",76,29525,1757428090410
-1,-1,,,29949.200000048,1757428090833
-1,-1,,,30361.600000024,1757428091246
-1,-1,,,30702.100000024,1757428091586
-1,-1,,,31144.200000048,1757428092028
-1,-1,,,31620,1757428092504
-1,-1,,,32076.400000095,1757428092961
-1,-1,,,32521.200000048,1757428093405
-1,-1,,,32886,1757428093771
-1,-1,,,33209,1757428094094
-1,-1,,,33548.300000072,1757428094436
-1,-1,,,34072,1757428094957
-1,-1,,,34489.700000048,1757428095375
-1,-1,,,34883.900000095,1757428095769
493.76,85.28,"1 minute for AI",82,35389.100000024,1757428096274
434.15,179.29,"r answer. The AI's",124,35800.900000095,1757428096686
299.84,221.19,"show up here.",157,36209.100000024,1757428097094
222.14,260.32,"will show up here.",151,36550.300000072,1757428097435
-1,-1,,,37010.800000072,1757428097895
504.18,244.72,"w up here.",160,37365.700000048,1757428098250
485.42,291.88,"w up here.",160,37777.100000024,1757428098662
487.95,323.84,"w up here.",160,38183.700000048,1757428099068
-1,-1,,,38622.5,1757428099507
-1,-1,,,39014.100000024,1757428099898
-1,-1,,,39440.400000095,1757428100325
-1,-1,,,39820.700000048,1757428100705
-1,-1,,,40158.600000024,1757428101044
-1,-1,,,40576.100000024,1757428101461
-1,-1,,,40965.700000048,1757428101850
-1,-1,,,41345.700000048,1757428102230
-1,-1,,,41695.400000095,1757428102580
312.15,32.56,"your question, pleas",25,42098,1757428102983
-1,-1,,,42443.400000095,1757428103328
-1,-1,,,42777.100000024,1757428103661
-1,-1,,,43179.400000095,1757428104064
-1,-1,,,43596.100000024,1757428104480
-1,-1,,,43946.700000048,1757428104831
-1,-1,,,44316.700000048,1757428105201
-1,-1,,,44682.900000095,1757428105568
-1,-1,,,45198.5,1757428106083
-1,-1,,,45512.300000072,1757428106397
-1,-1,,,45889.100000024,1757428106774
-1,-1,,,46240.900000095,1757428107126
-1,-1,,,46594.900000095,1757428107480
-1,-1,,,46963.800000072,1757428107849
-1,-1,,,47386,1757428108270
-1,-1,,,47823,1757428108710
-1,-1,,,48265,1757428109150
-1,-1,,,48681.300000072,1757428109566
-1,-1,,,49130.300000072,1757428110015
-1,-1,,,49606.600000024,1757428110491
-1,-1,,,50004.5,1757428110889
-1,-1,,,50438.900000095,1757428111324
-1,-1,,,50800.900000095,1757428111685
-1,-1,,,51129,1757428112013
-1,-1,,,51518.5,1757428112403
-1,-1,,,51864,1757428112748
-1,-1,,,52160.200000048,1757428113044
-1,-1,,,52570.100000024,1757428113454
-1,-1,,,52937.900000095,1757428113822
-1,-1,,,53328.600000024,1757428114213
-1,-1,,,53615.900000095,1757428114501
-1,-1,,,54091.300000072,1757428114976
-1,-1,,,54474.400000095,1757428115359
332.33,207.6,"ing their answer. Th",116,54803.900000095,1757428115689
300.05,351.27,,,55146.400000095,1757428116031
-1,-1,,,55447.700000048,1757428116332
-1,-1,,,55749.100000024,1757428116633
-1,-1,,,56151.200000048,1757428117035
-1,-1,,,56496.800000072,1757428117381
-1,-1,,,56889.100000024,1757428117773
-1,-1,,,57186.900000095,1757428118071
-1,-1,,,57551.300000072,1757428118435
-1,-1,,,58132.400000095,1757428119016
-1,-1,,,58510.100000024,1757428119394
166.4,196.59,"finish generating th",102,58885.400000095,1757428119770
250.27,183.94,"generating their ans",109,59301.900000095,1757428120187
280.93,321.86,"show up here.",156,59679.800000072,1757428120566
292.12,366.95,,,60031.100000024,1757428120915
455.95,254.78,"w up here.",160,60395.800000072,1757428121281
-1,-1,,,60748,1757428121633
-1,-1,,,61206,1757428122091
-1,-1,,,61626.200000048,1757428122511
-1,-1,,,61942.300000072,1757428122827
-1,-1,,,62556.900000095,1757428123442
-1,-1,,,62881.700000048,1757428123766
-1,-1,,,63308.100000024,1757428124192
-1,-1,,,63709.200000048,1757428124593
-1,-1,,,64002,1757428124886
-1,-1,,,64507.400000095,1757428125393
-1,-1,,,64978.800000072,1757428125864
-1,-1,,,65256.900000095,1757428126142
-1,-1,,,65630.5,1757428126516
-1,-1,,,66056.5,1757428126941
-1,-1,,,66446.300000072,1757428127330
436.84,97.55,"h had a significant",80,66758.400000095,1757428127644
255.94,109.73,"5, and her death had",65,67231.600000024,1757428128117
298.18,129.76,"and her death had a",68,67614.200000048,1757428128499
195.04,102.83,"n 1995, and her deat",60,68037.5,1757428128922
150.78,95.83,"ay in 1995, and her",56,68398.100000024,1757428129283
249.16,16.77,"itz's mother, Roxie",20,68751.900000095,1757428129639
-1,-1,,,69062.900000095,1757428129947
154.34,9.69,"nny Kravitz's mother",12,69441.200000048,1757428130326
87.6,116.84,"away in 1995, and",51,69862.700000048,1757428130748
252.36,28.37,"itz's mother, Roxie",20,70210,1757428131095
-1,-1,,,70581.700000048,1757428131466
-1,-1,,,70984.100000024,1757428131868
-1,-1,,,71490.800000072,1757428132375
-1,-1,,,71898.400000095,1757428132783
-1,-1,,,72314.300000072,1757428133199
-1,-1,,,72717.800000072,1757428133603
-1,-1,,,73053.300000072,1757428133937
-1,-1,,,73347.700000048,1757428134232
-1,-1,,,73683.300000072,1757428134568
-1,-1,,,74029.600000024,1757428134914
-1,-1,,,74403.5,1757428135288
-1,-1,,,74792.200000048,1757428135677
-1,-1,,,75216.400000095,1757428136101
-1,-1,,,75601.5,1757428136487
-1,-1,,,76163.200000048,1757428137049
-1,-1,,,76656.200000048,1757428137542
-1,-1,,,77079.900000095,1757428137966
516.82,102.72,"a significant",86,77544.800000072,1757428138430
-1,-1,,,77955.200000048,1757428138841
535.07,65.75,"r, passed",44,78340.700000048,1757428139226
-1,-1,,,78752.5,1757428139639
-1,-1,,,79243.900000095,1757428140129
-1,-1,,,79855.700000048,1757428140760
-1,-1,,,80380.900000095,1757428141266
-1,-1,,,80717.400000095,1757428141603
-1,-1,,,81052.400000095,1757428141938
494.37,73.76,"Roker, passed",40,81517,1757428142402
529.42,92.43,"significant",87,81895.600000024,1757428142781
483.69,97.01,"d a significant",84,82322.5,1757428143212
-1,-1,,,82662.900000095,1757428143548
-1,-1,,,83035.200000048,1757428143920
-1,-1,,,83400.700000048,1757428144287
-1,-1,,,83862.400000095,1757428144747
-1,-1,,,84232.800000072,1757428145119
-1,-1,,,84725.400000095,1757428145610
-1,-1,,,85162.100000024,1757428146047
-1,-1,,,85602,1757428146487
-1,-1,,,86025.400000095,1757428146910
-1,-1,,,86612.100000024,1757428147497
-1,-1,,,87070,1757428147955
-1,-1,,,87436.900000095,1757428148322
-1,-1,,,87837.700000048,1757428148724
-1,-1,,,88213.600000024,1757428149099
-1,-1,,,88505.600000024,1757428149392
-1,-1,,,88934.700000048,1757428149821
-1,-1,,,89263.800000072,1757428150150
-1,-1,,,89644,1757428150530
-1,-1,,,90013.200000048,1757428150899
-1,-1,,,90354.100000024,1757428151240
-1,-1,,,90748.400000095,1757428151634
-1,-1,,,91273.200000048,1757428152159
-1,-1,,,91814.5,1757428152700
-1,-1,,,92233.5,1757428153119
-1,-1,,,92733.400000095,1757428153619
-1,-1,,,93221.900000095,1757428154108
560.69,170.54,"spiration",257,93712.600000024,1757428154598
411.39,289.08,"ecting his overall",336,94051.200000048,1757428154937
491.29,264.4,"his overall",342,94416.600000024,1757428155302
394.4,301.4,"on**: The grief from",389,94819.900000095,1757428155706
306.13,267.33,"his work.",545,95270.100000024,1757428156156
248.72,273.03,"his work.",545,95597.400000095,1757428156483
357.78,188.6,"rofound lyrical cont",519,96012.700000048,1757428156899
371.32,164.81,"ofound lyrical conte",520,96593.400000095,1757428157479
488.57,95.77,"pursuing his",631,96963.700000048,1757428157849
481.81,75.76,"y pursuing his",630,97376,1757428158262
-1,-1,,,97782.600000024,1757428158668
-1,-1,,,98127.900000095,1757428159013
-1,-1,,,98462.300000072,1757428159347
-1,-1,,,98781.800000072,1757428159667
-1,-1,,,99258.400000095,1757428160144
-1,-1,,,99677.5,1757428160562
-1,-1,,,100120.5,1757428161005
535.63,66.19,"emotional",1347,100560.9000001,1757428161446
505.81,109.04,"contributing to",1434,100959.60000002,1757428161845
471.89,49.93,", contributing to",1432,101502.80000007,1757428162388
326.13,10.89,"ding him to advocate",1606,101895,1757428162781
-1,-1,,,102371.70000005,1757428163257
411.32,104.55,"industry.",1676,102887.9000001,1757428163773
-1,-1,,,103455.4000001,1757428164340
-1,-1,,,103959.30000007,1757428164843
-1,-1,,,104368.5,1757428165253
-1,-1,,,104764.9000001,1757428165649
-1,-1,,,105180.10000002,1757428166064
-1,-1,,,105547.70000005,1757428166432
-1,-1,,,105919.70000005,1757428166804
-1,-1,,,106408.4000001,1757428167293
-1,-1,,,106904.9000001,1757428167789
-1,-1,,,107281.20000005,1757428168165
-1,-1,,,107698.4000001,1757428168583
-1,-1,,,108171.4000001,1757428169056
-1,-1,,,108651.10000002,1757428169535
-1,-1,,,109127.20000005,1757428170011
-1,-1,,,109576.30000007,1757428170461
-1,-1,,,109978.80000007,1757428170863
-1,-1,,,110348.30000007,1757428171232
-1,-1,,,110711.5,1757428171596
-1,-1,,,111158.30000007,1757428172042
-1,-1,,,111597.20000005,1757428172482
539.9,354.93,"The loss",1536,112142.20000005,1757428173028
557.4,107.36,"o explore",1393,112532.30000007,1757428173417
526.57,130.42,"ntributing to",1436,113015.80000007,1757428173903
323.22,174.31,"es and themes, contr",1419,113463.80000007,1757428174350
335.84,156.19,"s and themes, contri",1420,113864.5,1757428174751
400.79,132.79,"themes, contributing",1426,114282.70000005,1757428175170
424.87,43.26,"lowed him to explore",1382,114672,1757428175558
307.16,61.45,"rienced allowed him",1372,115075.80000007,1757428175962
283.23,128.92,"tyles and themes, co",1416,115532.4000001,1757428176421
557.66,61.72,"o explore",1393,115884.80000007,1757428176770
562.11,113.1,"ibuting to",1439,116282.70000005,1757428177168
-1,-1,,,116656.9000001,1757428177543
-1,-1,,,117247.70000005,1757428178134
-1,-1,,,117744.60000002,1757428178630
-1,-1,,,118118.30000007,1757428179003
-1,-1,,,118492.30000007,1757428179377
-1,-1,,,118912,1757428179797
-1,-1,,,119379.20000005,1757428180264
-1,-1,,,120019.9000001,1757428180906
-1,-1,,,120533.10000002,1757428181419
-1,-1,,,121019.5,1757428181905
-1,-1,,,121481.4000001,1757428182366
-1,-1,,,122061.4000001,1757428182946
364.57,101.13,"ess in the music ind",706,122578.30000007,1757428183464
150.22,167.33,"trospective and prof",502,122946.30000007,1757428183832
235.42,187.23,"tz, and her passing",276,123344.9000001,1757428184231
191.75,150.65,"t on his life and ca",105,123780.70000005,1757428184666
41.78,151.17,"impact on his",93,124212.4000001,1757428185098
37.62,181.06,"impact on hi",92,124683.10000002,1757428185569
127.84,153.42,"impact on his life a",100,125116.4000001,1757428186002
192.71,138.86,"t on his life and ca",105,125617.4000001,1757428186503
182.13,107.05,"ct on his life and c",104,126054,1757428186940
226.23,173.5,"ional Loss**: Roxie",190,126520,1757428187407
175.95,163.65,"points regarding tha",149,126994.4000001,1757428187880
272.43,183.58,"l Loss**: Roxie Roke",194,127402.20000005,1757428188288
407.03,137.82,"oxie Roker was a",205,127992.30000007,1757428188878
395.02,77.57,"Roxie Roker was a",204,128488.5,1757428189374
448.55,140.47,"g left him with a",294,128949.5,1757428189835
345.62,157,"ell-being.",356,129426.60000002,1757428190312
248.09,74.54,"onal void, affecting",322,129912.30000007,1757428190814
396.26,10.79,"assing left him with",289,130427.30000007,1757428191313
459.27,0.01,"ell-being.",356,130856.60000002,1757428191742
-1,-1,,,131241,1757428192126
562.61,22.56,"o channel",445,131760.30000007,1757428192646
-1,-1,,,132150.70000005,1757428193036
-1,-1,,,132630.5,1757428193516
379.13,161.91,": Her passing motiva",577,133056.9000001,1757428193943
266.63,173.29,"honor her legacy by",612,133604.10000002,1757428194490
365.87,197.13,"legacy by pursuing",621,134054.9000001,1757428194941
429.03,211.54,"n the music industry",711,134593.5,1757428195479
432.92,162.32,"n the music industry",711,135033.30000007,1757428195920
525.77,58.05,"sic industry.",719,135481.5,1757428196367
478.29,74.3,"lowing her death,",762,135885.10000002,1757428196771
-1,-1,,,136331.10000002,1757428197217
-1,-1,,,136838.80000007,1757428197724
549.64,23.13,"his work.",1115,137237.60000002,1757428198123
506.17,91.99,"r's influence",1157,137594.5,1757428198480
-1,-1,,,138086.30000007,1757428198972
-1,-1,,,138526.70000005,1757428199413
538.06,130.71,"to explore",1391,139146.10000002,1757428200039
-1,-1,,,140174.60000002,1757428201060
-1,-1,,,140828.30000007,1757428201713
487.21,103.15,"vocate for",1620,141421.5,1757428202307
463.6,143.94,"uggles within the",1659,141925.60000002,1757428202812
341.54,135.45,"tional struggles wit",1649,142475.80000007,1757428203362
308.97,129.75,"emotional struggles",1646,143001.60000002,1757428203887
448.53,90.34,"ruggles within the",1658,143546.30000007,1757428204432
-1,-1,,,144066.80000007,1757428204952
-1,-1,,,144632.9000001,1757428205521
-1,-1,,,145248.10000002,1757428206134
-1,-1,,,145758.9000001,1757428206644
-1,-1,,,146524.10000002,1757428207408
-1,-1,,,146916.5,1757428207801
-1,-1,,,147369.60000002,1757428208254
-1,-1,,,147834.60000002,1757428208719
-1,-1,,,148298.5,1757428209183
-1,-1,,,148759.60000002,1757428209644
-1,-1,,,149343.60000002,1757428210228
-1,-1,,,149921.70000005,1757428210806
-1,-1,,,150419.10000002,1757428211303
-1,-1,,,150958.70000005,1757428211843
-1,-1,,,151522.9000001,1757428212407
-1,-1,,,152327.80000007,1757428213212
-1,-1,,,152908.4000001,1757428213793
-1,-1,,,153433.70000005,1757428214318
-1,-1,,,153903.20000005,1757428214787
-1,-1,,,154341.10000002,1757428215225
-1,-1,,,154883.5,1757428215768
-1,-1,,,155379.70000005,1757428216265
-1,-1,,,155854.60000002,1757428216740
450.65,64.34,"industry.",1676,156261.5,1757428217147
442.53,25.56,"truggles within the",1657,156849.9000001,1757428217735
-1,-1,,,157479.10000002,1757428218363
-1,-1,,,158067.60000002,1757428218952
-1,-1,,,158522.30000007,1757428219406
-1,-1,,,158986.4000001,1757428219872
461.83,196.99,"nal and artistic",1760,159535.4000001,1757428220421
445.76,293.24,"ork and outlook on",1803,160141.10000002,1757428221026
428.55,216.42,"rsonal and artistic",1757,160653.20000005,1757428221538
272.1,217.01,"Kravitz's personal",1744,161181.60000002,1757428222067
453.12,338.57,,,161728.80000007,1757428222613
-1,-1,,,162230.4000001,1757428223115
485.85,227.66,"l and artistic",1762,162697,1757428223582
541.26,266.8,"outlook on",1811,163148,1757428224033
525.18,305.29,"outlook on",1810,163575.10000002,1757428224460
-1,-1,,,164028.4000001,1757428224913
-1,-1,,,164590.4000001,1757428225475
-1,-1,,,165091,1757428225975
-1,-1,,,165842.70000005,1757428226727
-1,-1,,,166330.10000002,1757428227215
530.25,247.01,"nd artistic",1765,166819.80000007,1757428227705
-1,-1,,,167310.70000005,1757428228196
-1,-1,,,167839.80000007,1757428228725
543.27,304.89,"utlook on",1812,168363.80000007,1757428229249
-1,-1,,,168952.30000007,1757428229838
352.02,394.31,,,169417.9000001,1757428230302
-1,-1,,,169890.70000005,1757428230775
-1,-1,,,170516.30000007,1757428231401
-1,-1,,,171016.4000001,1757428231901
-1,-1,,,171533.9000001,1757428232418
-1,-1,,,172010,1757428232894
-1,-1,,,172551.5,1757428233436
-1,-1,,,173059.20000005,1757428233943
-1,-1,,,173559.60000002,1757428234444
-1,-1,,,174138.70000005,1757428235023
-1,-1,,,174798.9000001,1757428235683
356.44,337.45,,,175415.4000001,1757428236300
389.14,267.98,"is work and outlook",1799,176037.10000002,1757428236922
540.37,263.05,"outlook on",1811,176960.5,1757428237846
-1,-1,,,177646.70000005,1757428238532
-1,-1,,,178720.70000005,1757428239606
-1,-1,,,179489.70000005,1757428240374
-1,-1,,,180433.10000002,1757428241317
-1,-1,,,181449.30000007,1757428242334
-1,-1,,,182181.20000005,1757428243068
531.91,265.95,"outlook on",1811,183007.80000007,1757428243893
-1,-1,,,183649.4000001,1757428244534
520.72,54.18,"industry.",1676,184393.70000005,1757428245281
-1,-1,,,185150.10000002,1757428246037
-1,-1,,,186216.30000007,1757428247101
-1,-1,,,186782.5,1757428247667
-1,-1,,,187306.30000007,1757428248191
-1,-1,,,187792.80000007,1757428248678
-1,-1,,,188267.10000002,1757428249156
532.21,230.02,"d artistic",1766,188759.30000007,1757428249645
486.13,304.61,"and outlook on",1807,189463.70000005,1757428250349
507.06,179.32,"ignificantly",1719,190291.60000002,1757428251177
284.14,165.84,"e Roker's passing si",1700,191115.9000001,1757428252001
308.57,182.72,"avitz's personal and",1747,191740.9000001,1757428252627
366.67,141.7,"'s passing significa",1707,192308.9000001,1757428253195
521.53,157.97,"gnificantly",1720,192903,1757428253788
486.4,49.92,"industry.",1676,193756.10000002,1757428254647
549,62.77,"industry.",1676,194313.30000007,1757428255198
394.62,142.02,"passing significant",1709,194980.20000005,1757428255867
-1,-1,,,195743.9000001,1757428256629
-1,-1,,,196511,1757428257395
-1,-1,,,197180.60000002,1757428258065
-1,-1,,,197881.60000002,1757428258766
-1,-1,,,198528,1757428259414
-1,-1,,,199094.4000001,1757428259980
-1,-1,,,199875.60000002,1757428260763
-1,-1,,,200451.10000002,1757428261337
-1,-1,,,201000.9000001,1757428261886
-1,-1,,,201803.4000001,1757428262689
-1,-1,,,202492.10000002,1757428263378
-1,-1,,,203049.9000001,1757428263936
-1,-1,,,203936,1757428264820
-1,-1,,,204799.20000005,1757428265683
-1,-1,,,206627.9000001,1757428267512
-1,-1,,,207767.60000002,1757428268657
-1,-1,,,209067.30000007,1757428269953
425.24,77.53,"oxie Roker, played a",35,210203.9000001,1757428271090
379.9,119.98,"how business, which",77,211727.20000005,1757428272618
439.2,140.68,"usiness, which",82,212771,1757428273657
453.17,188.72,"choose music as his",124,213580.70000005,1757428274467
-1,-1,,,214316.60000002,1757428275203
422.72,111.83,"business, which",81,215217.10000002,1757428276104
-1,-1,,,215843.20000005,1757428276730
-1,-1,,,216569.4000001,1757428277456
-1,-1,,,217249,1757428278136
-1,-1,,,217798.30000007,1757428278685
-1,-1,,,218358.10000002,1757428279243
-1,-1,,,218995.20000005,1757428279881
-1,-1,,,220988.60000002,1757428281874
-1,-1,,,221734.9000001,1757428282620
-1,-1,,,222314.4000001,1757428283200
418.62,13.49,"Roxie Roker, played",34,222942.80000007,1757428283829
-1,-1,,,223537.20000005,1757428284422
-1,-1,,,224127.80000007,1757428285013
-1,-1,,,224721.20000005,1757428285606
528.69,1.06,"er, played a",43,225294.30000007,1757428286180
-1,-1,,,225934.10000002,1757428286820
-1,-1,,,226556.20000005,1757428287442
-1,-1,,,227174,1757428288060
530.04,244.6,"regarding",177,227815.10000002,1757428288703
-1,-1,,,228579.70000005,1757428289466
-1,-1,,,230041.20000005,1757428290927
-1,-1,,,231386.80000007,1757428292273
-1,-1,,,232065.10000002,1757428292952
-1,-1,,,232633.5,1757428293520
-1,-1,,,233182,1757428294069
-1,-1,,,233689.9000001,1757428294576
-1,-1,,,234371.70000005,1757428295261
-1,-1,,,235054.9000001,1757428295941
-1,-1,,,235631.70000005,1757428296517
555.4,52.37,"played a",46,236165.80000007,1757428297052
557.51,9.84,"played a",46,236866.20000005,1757428297753
475.56,69.05,"Roker, played a",39,237498.20000005,1757428298385
511.77,83.03,"ss, which",87,238135.5,1757428299022
524.14,48.02,"er, played a",43,238687.4000001,1757428299574
-1,-1,,,239290.30000007,1757428300178
-1,-1,,,239938.5,1757428300825
-1,-1,,,240608.30000007,1757428301495
-1,-1,,,241167.10000002,1757428302057
-1,-1,,,241737.80000007,1757428302624
-1,-1,,,242294.9000001,1757428303181
-1,-1,,,242896,1757428303782
-1,-1,,,243457.60000002,1757428304344
-1,-1,,,244376.9000001,1757428305264
514.01,181.19,"e music as his",129,245069.70000005,1757428305956
437.36,250.12,"points regarding",170,245734.10000002,1757428306620
493.58,222.49,"ts regarding",174,246388.30000007,1757428307274
464.52,243.89,"ints regarding",172,246961.10000002,1757428307847
482.46,244.09,"nts regarding",173,247544.20000005,1757428308430
-1,-1,,,248021.30000007,1757428308907
437.93,243.57,"points regarding",170,248615.70000005,1757428309502
353.47,298.39,"is impact:",189,249193.4000001,1757428310079
389.45,234.73,"key points regarding",166,249716.30000007,1757428310605
434.73,195.45,"choose music as his",123,250468.10000002,1757428311357
372.71,171.95,"ion to choose music",117,251043.10000002,1757428311930
434.57,87.19,"business, which",81,251529.60000002,1757428312416
385.42,171.88,"on to choose music a",118,252109.10000002,1757428312997
510.39,104.45,"ss, which",87,252607.5,1757428313494
428.98,140.5,"business, which",81,253219.30000007,1757428314105
457.43,182.26,"choose music as his",124,253823,1757428314709
-1,-1,,,254404.10000002,1757428315290
-1,-1,,,255093.70000005,1757428315984
-1,-1,,,256085.30000007,1757428316970
-1,-1,,,256563,1757428317449
-1,-1,,,257144.30000007,1757428318030
-1,-1,,,257606.60000002,1757428318493
-1,-1,,,258159.60000002,1757428319048
-1,-1,,,258722.10000002,1757428319608
-1,-1,,,259526.70000005,1757428320420
-1,-1,,,260548.70000005,1757428321435
-1,-1,,,261110.70000005,1757428321998
-1,-1,,,261590.9000001,1757428322477
524.68,385.89,"l African",671,262030.80000007,1757428322918
516.46,329.43,"inspiring him",795,262508.60000002,1757428323394
553.16,295.99,"ar field,",845,262973.4000001,1757428323859
-1,-1,,,263397.5,1757428324284
519.68,285.67,"in music.",861,264140,1757428325026
-1,-1,,,264773.9000001,1757428325660
-1,-1,,,265471.60000002,1757428326358
520.78,126.59,"xpression.",1061,266556.10000002,1757428327442
335.09,227.93,"n the entertainment",1129,267225.80000007,1757428328117
317.79,238.42,"de**: Roker’s succes",1278,267778.70000005,1757428328665
349.7,276.99,"ng him to create mus",1356,268245.70000005,1757428329132
345.58,245.84,"vitz’s pride in his",1318,268734.10000002,1757428329620
325.65,286.22,"ntity and cultural b",1400,269215,1757428330101
332.73,271.34,"tity and cultural ba",1401,269624.60000002,1757428330511
373.97,181.61,"him to create music",1358,270106.9000001,1757428330993
442.45,120.26,"tz gained insight",1503,270625.4000001,1757428331511
415.55,130.96,"vitz gained insight",1501,271006.9000001,1757428331893
462.53,196.7,"ship, which",1549,271476.80000007,1757428332362
321.02,177.12,"and showmanship, wh",1537,272103.5,1757428332990
433.82,151.19,"manship, which",1546,272562.30000007,1757428333448
429.76,96.62,"manship, which",1546,273032.9000001,1757428333919
362.12,146.06,"Collaboration**:",1639,273599.5,1757428334486
404.39,169.56,"ative nature of show",1680,274092,1757428334978
459.08,228.02,"ith various",1766,274611.9000001,1757428335498
535,195.33,"h various",1768,275106.5,1757428335992
-1,-1,,,275604.30000007,1757428336490
-1,-1,,,276095.80000007,1757428336984
523.21,181.56,"on Lenny",1939,276609.9000001,1757428337496
305.27,257.94,"sion, work ethic, an",2008,277011.5,1757428337898
241.96,279.62,"tic vision, work eth",2002,277499.30000007,1757428338386
398.66,302.56,"ork ethic, and",2015,277917.10000002,1757428338803
-1,-1,,,278357.9000001,1757428339243
-1,-1,,,278790.20000005,1757428339676
-1,-1,,,279250.80000007,1757428340137
483.43,331.62,"ment industry.",2060,279754,1757428340640
-1,-1,,,280276.70000005,1757428341162
-1,-1,,,280776,1757428341661
-1,-1,,,281309.5,1757428342195
-1,-1,,,281813.5,1757428342699
-1,-1,,,282303.80000007,1757428343188
-1,-1,,,282914.70000005,1757428343799
-1,-1,,,283335.10000002,1757428344219
-1,-1,,,283877.20000005,1757428344761
-1,-1,,,284456.4000001,1757428345341
-1,-1,,,284963.4000001,1757428345848
-1,-1,,,285445.4000001,1757428346330
-1,-1,,,285906.30000007,1757428346790
-1,-1,,,286368.20000005,1757428347252
-1,-1,,,286847.20000005,1757428347731
-1,-1,,,287292.30000007,1757428348176
-1,-1,,,287721.10000002,1757428348605
-1,-1,,,288169.70000005,1757428349054
-1,-1,,,288796.30000007,1757428349680
-1,-1,,,289319,1757428350203
-1,-1,,,289817.9000001,1757428350702
-1,-1,,,290449.5,1757428351334
-1,-1,,,291027,1757428351911
-1,-1,,,291403.30000007,1757428352287
-1,-1,,,291903.5,1757428352788
-1,-1,,,292324.80000007,1757428353209
-1,-1,,,292792.20000005,1757428353676
-1,-1,,,293271,1757428354156
-1,-1,,,293859,1757428354745
-1,-1,,,294671,1757428355555
-1,-1,,,295241.80000007,1757428356126
-1,-1,,,295808.60000002,1757428356693
-1,-1,,,296225.80000007,1757428357110
-1,-1,,,296635,1757428357519
-1,-1,,,297025.5,1757428357910
440.95,20.54,"borations.",1859,297412.4000001,1757428358298
464.38,65.91,"le in show",1898,297920.5,1757428358805
-1,-1,,,298383.30000007,1757428359270
-1,-1,,,298906,1757428359791
525.07,125.7,"on Lenny",1939,299326.9000001,1757428360212
421.39,134.16,"impact on Lenny",1933,299883.80000007,1757428360769
200.5,161.71,"ss had a profound im",1915,300388.80000007,1757428361274
153.63,114.56,"siness had a profoun",1911,300850.70000005,1757428361736
139.05,114.67,"usiness had a profou",1910,301280.5,1757428362166
133.85,170.7,"business had a profo",1909,301823.10000002,1757428362708
352.23,227.56,"to pursue music, sha",1968,302289.60000002,1757428363175
248.89,207.85,"decision to pursue m",1959,302628.70000005,1757428363514
210.33,208.96,"'s decision to pursu",1956,303108,1757428363993
145.13,183.43,"ravitz's decision to",1950,303588.4000001,1757428364474
221.54,178.14,"had a profound impa",1917,304021.4000001,1757428364906
524.59,137.83,"on Lenny",1939,304548,1757428365433
-1,-1,,,305263.5,1757428366149
-1,-1,,,305741.70000005,1757428366627
-1,-1,,,306145.10000002,1757428367031
-1,-1,,,306554.60000002,1757428367440
-1,-1,,,306962,1757428367847
-1,-1,,,307343.70000005,1757428368229
-1,-1,,,307816.70000005,1757428368702
-1,-1,,,308357.4000001,1757428369242
-1,-1,,,308771.4000001,1757428369657
-1,-1,,,309207.70000005,1757428370092
-1,-1,,,309656,1757428370541
-1,-1,,,310115.60000002,1757428371001
-1,-1,,,310721.20000005,1757428371606
-1,-1,,,311137.60000002,1757428372023
-1,-1,,,311521.80000007,1757428372407
-1,-1,,,311896.70000005,1757428372782
-1,-1,,,312345.60000002,1757428373231
-1,-1,,,312826.4000001,1757428373711
-1,-1,,,313303.80000007,1757428374189
-1,-1,,,313802.10000002,1757428374686
-1,-1,,,314227.10000002,1757428375111
-1,-1,,,314588.30000007,1757428375473
-1,-1,,,315161.10000002,1757428376046
-1,-1,,,315637.4000001,1757428376522
-1,-1,,,316129.20000005,1757428377014
-1,-1,,,316585.80000007,1757428377471
-1,-1,,,317072.9000001,1757428377958
-1,-1,,,317463.70000005,1757428378349
-1,-1,,,317839.4000001,1757428378724
-1,-1,,,318243.10000002,1757428379127
-1,-1,,,318586.30000007,1757428379470
449.57,392.81,,,318994.10000002,1757428379878
-1,-1,,,319525.4000001,1757428380410
-1,-1,,,320158.9000001,1757428381044
-1,-1,,,320625.30000007,1757428381511
-1,-1,,,321127.4000001,1757428382013
-1,-1,,,321585.80000007,1757428382471
-1,-1,,,321986,1757428382871
-1,-1,,,322819.10000002,1757428383703
-1,-1,,,323254.70000005,1757428384139
-1,-1,,,323594.70000005,1757428384480
-1,-1,,,323971.80000007,1757428384856
-1,-1,,,324464.80000007,1757428385349
-1,-1,,,324911.10000002,1757428385795
-1,-1,,,325333.5,1757428386218
-1,-1,,,325698.60000002,1757428386584
542.66,101.55,"e in show",1899,326332,1757428387217
-1,-1,,,326790.70000005,1757428387675
-1,-1,,,327338.10000002,1757428388223
-1,-1,,,327804.20000005,1757428388688
-1,-1,,,328216.20000005,1757428389100
-1,-1,,,328623.4000001,1757428389508
532.79,15.51,"borations.",1859,329025.10000002,1757428389910
-1,-1,,,329396.10000002,1757428390280
-1,-1,,,329817.5,1757428390702
216.53,8.8,"borations.",1859,330324.70000005,1757428391210
-1,-1,,,330726,1757428391610
-1,-1,,,331223.10000002,1757428392107
-1,-1,,,331641.9000001,1757428392526
343.44,123.45,"found impact on Lenn",1927,332096.9000001,1757428392982
396.96,79.91,"r's role in show",1892,332517.60000002,1757428393403
553.91,175.43,"on Lenny",1939,332948.30000007,1757428393835
-1,-1,,,333363.5,1757428394249
394.97,249.32,"pursue music, shapin",1971,333818.80000007,1757428394704
186.16,228.56,"tz's decision to pur",1954,334231.60000002,1757428395117
320.13,204.68,"on to pursue music,",1965,334629.20000005,1757428395516
250.79,140.7,"ad a profound impact",1919,335014.20000005,1757428395900
275.79,85.25,"Roxie Roker's role i",1882,335578.60000002,1757428396464
308.12,70.51,"ie Roker's role in s",1885,336021.4000001,1757428396906
394.58,45.26,"r's role in show",1892,336459,1757428397345
425.48,90.24,"role in show",1895,336860.70000005,1757428397746
393.16,129.76,"d impact on Lenny",1931,337299.70000005,1757428398185
439.92,126.25,"pact on Lenny",1935,337938.80000007,1757428398824
-1,-1,,,338308.80000007,1757428399193
-1,-1,,,338776,1757428399660
-1,-1,,,339236.9000001,1757428400121
-1,-1,,,339774.10000002,1757428400659
-1,-1,,,340304.30000007,1757428401188
-1,-1,,,340712,1757428401596
-1,-1,,,341162.9000001,1757428402047
-1,-1,,,341608,1757428402492
-1,-1,,,342046.30000007,1757428402930
-1,-1,,,342528,1757428403412
-1,-1,,,343281.20000005,1757428404165
-1,-1,,,343653.20000005,1757428404537
-1,-1,,,344214.80000007,1757428405099
-1,-1,,,344758,1757428405642
315.3,47.1,"tz has identified se",26,345225.70000005,1757428406111
319.86,70.24,"tz has identified se",26,345603.60000002,1757428406489
-1,-1,,,346131.30000007,1757428407016
-1,-1,,,346569,1757428407454
-1,-1,,,346972.70000005,1757428407857
-1,-1,,,347402.30000007,1757428408287
536.6,218.44,"key moments",130,347782.30000007,1757428408667
-1,-1,,,348362,1757428409246
550.71,54.53,"d several",42,348840.30000007,1757428409725
501.03,94.68,"reer that he",83,349343.10000002,1757428410228
518.44,117.82,"eer that he",84,349777.5,1757428410663
565.04,224.97,"his path:",179,350193.10000002,1757428411078
-1,-1,,,350602.30000007,1757428411487
-1,-1,,,351032.70000005,1757428411918
-1,-1,,,351436.70000005,1757428412322
-1,-1,,,351902.20000005,1757428412787
-1,-1,,,352341.10000002,1757428413225
-1,-1,,,352985.60000002,1757428413870
-1,-1,,,353628,1757428414512
-1,-1,,,354061.4000001,1757428414946
-1,-1,,,354477.30000007,1757428415361
-1,-1,,,354966.4000001,1757428415851
-1,-1,,,355363.9000001,1757428416248
-1,-1,,,355728.20000005,1757428416613
-1,-1,,,356164.70000005,1757428417050
-1,-1,,,356621.30000007,1757428417507
-1,-1,,,357087.9000001,1757428417974
-1,-1,,,357797.5,1757428418683
501.02,75.93,"ed several",41,358475.30000007,1757428419364
544.85,150.98,"key moments",131,359458.4000001,1757428420344
-1,-1,,,360075.60000002,1757428420962
557.16,38.46,"ey moments",132,360546,1757428421433
459.87,102.99,"shaping his path:",171,361029.10000002,1757428421915
427.45,95.97,"in shaping his path",168,361516.10000002,1757428422402
401.98,146.37,"e Rule" (1989)**: Th",213,362105.80000007,1757428422992
-1,-1,,,362795.20000005,1757428423680
484.3,64.62,"industry.",379,363292.30000007,1757428424179
559.14,84.69,"ecuring a",426,363795.10000002,1757428424681
534.61,141.37,"Securing a",424,364280.60000002,1757428425166
479.72,149.92,"creative freedom",465,364799.70000005,1757428425686
483.35,149.5,"reative freedom",466,365655.20000005,1757428426541
390.38,231.18,"c vision without",548,366260.10000002,1757428427148
330.13,212.38,"a Go My Way" (1993)*",619,366808.9000001,1757428427695
351.9,146.39,"tistic integrity.",584,367329.5,1757428428216
538.2,113.37,"y the title",680,367840.80000007,1757428428726
-1,-1,,,368318.5,1757428429205
-1,-1,,,368800.60000002,1757428429686
-1,-1,,,369366.20000005,1757428430252
-1,-1,,,369950,1757428430836
-1,-1,,,370435.60000002,1757428431322
-1,-1,,,370887,1757428431774
-1,-1,,,371583,1757428432469
-1,-1,,,372150.60000002,1757428433037
-1,-1,,,372656.20000005,1757428433542
-1,-1,,,373239.4000001,1757428434125
-1,-1,,,373744.5,1757428434630
512.48,126.31,"industry.",994,374260.60000002,1757428435146
493.59,132.82,"Artists**:",1035,374781.30000007,1757428435667
493.53,179.8,"om various",1077,375291.30000007,1757428436177
-1,-1,,,375873.4000001,1757428436759
-1,-1,,,376440.80000007,1757428437327
-1,-1,,,376969,1757428437855
-1,-1,,,377481.10000002,1757428438368
-1,-1,,,377967.70000005,1757428438854
-1,-1,,,378499.60000002,1757428439386
-1,-1,,,379055.10000002,1757428439947
503.11,222.12,"d to more",1541,380124.80000007,1757428441016
442.47,227.78,"especially seen in",1577,380957.80000007,1757428441844
352.93,261.59,"ated deeply with fan",1660,381717.10000002,1757428442605
291.86,274.69,"resonated deeply wit",1655,382290.4000001,1757428443179
332.73,203.33,"1998) and "Here to H",1614,382922.9000001,1757428443809
287.41,138.96,"resonated deeply wi",1654,383552,1757428444438
368.2,144.02,"ted deeply with fans",1661,384057.4000001,1757428444944
425.36,146.15,"eeply with fans.",1666,384615.30000007,1757428445501
537.51,109.42,"o Heaven"",1631,385406.10000002,1757428446292
-1,-1,,,386378.10000002,1757428447266
-1,-1,,,387216.60000002,1757428448103
-1,-1,,,388403.80000007,1757428449290
-1,-1,,,389138.9000001,1757428450025
-1,-1,,,389894,1757428450780
-1,-1,,,390681.5,1757428451568
-1,-1,,,391504,1757428452390
-1,-1,,,392276,1757428453162
-1,-1,,,393010.9000001,1757428453896
-1,-1,,,393848.4000001,1757428454738
-1,-1,,,394637.70000005,1757428455523
-1,-1,,,395283.4000001,1757428456169
-1,-1,,,396229.60000002,1757428457115
-1,-1,,,396935.9000001,1757428457821
-1,-1,,,397750.70000005,1757428458636
-1,-1,,,398293.9000001,1757428459179
-1,-1,,,398935.80000007,1757428459820
-1,-1,,,399448.70000005,1757428460334
-1,-1,,,400089.80000007,1757428460976
-1,-1,,,400848,1757428461733
-1,-1,,,401362.60000002,1757428462248
-1,-1,,,401831.9000001,1757428462717
-1,-1,,,402462.30000007,1757428463347
-1,-1,,,403091.10000002,1757428463975
-1,-1,,,403590.80000007,1757428464475
-1,-1,,,404112.70000005,1757428464998
-1,-1,,,404652.80000007,1757428465538
-1,-1,,,405219.10000002,1757428466104
-1,-1,,,405739.9000001,1757428466625
-1,-1,,,406409,1757428467294
560.08,267.56,"olidified",1965,406973.70000005,1757428467859
-1,-1,,,407471.30000007,1757428468355
-1,-1,,,407963.5,1757428468849
-1,-1,,,408486.30000007,1757428469371
-1,-1,,,409249.30000007,1757428470134
-1,-1,,,409711.20000005,1757428470600
-1,-1,,,410289.10000002,1757428471173
-1,-1,,,410815.60000002,1757428471701
-1,-1,,,411298,1757428472183
-1,-1,,,411862.10000002,1757428472748
-1,-1,,,412434.20000005,1757428473319
-1,-1,,,412884,1757428473772
-1,-1,,,413392.20000005,1757428474276
-1,-1,,,413840.5,1757428474725
-1,-1,,,414344.80000007,1757428475229
-1,-1,,,415007.60000002,1757428475892
-1,-1,,,415522.80000007,1757428476408
-1,-1,,,416017.9000001,1757428476903
-1,-1,,,416538.5,1757428477424
469.4,214.6,"ighlighted",1919,416983,1757428477868
527.34,156.18,"sic scene.",1880,417522.4000001,1757428478408
470.27,190.92,"ighlighted",1919,417980.4000001,1757428478865
-1,-1,,,418455.4000001,1757428479341
-1,-1,,,418938.4000001,1757428479823
-1,-1,,,419395.70000005,1757428480281
-1,-1,,,419887.70000005,1757428480784
-1,-1,,,420507,1757428481392
-1,-1,,,420917.10000002,1757428481802
-1,-1,,,421372,1757428482257
-1,-1,,,421910.30000007,1757428482795
-1,-1,,,422533.30000007,1757428483418
-1,-1,,,423031.5,1757428483917
561.35,156.76,"sic scene.",1880,423566.30000007,1757428484451
-1,-1,,,424018.30000007,1757428484903
-1,-1,,,424395.30000007,1757428485281
-1,-1,,,424853.20000005,1757428485738
-1,-1,,,425362,1757428486248
-1,-1,,,425858.70000005,1757428486744
-1,-1,,,426307.20000005,1757428487194
-1,-1,,,426819.80000007,1757428487704
-1,-1,,,427536.5,1757428488421
-1,-1,,,428262.20000005,1757428489146
-1,-1,,,428946.5,1757428489831
-1,-1,,,429475.60000002,1757428490360
-1,-1,,,430027.30000007,1757428490911
-1,-1,,,430532.30000007,1757428491416
-1,-1,,,431012.5,1757428491897
-1,-1,,,431527.30000007,1757428492411
-1,-1,,,432047.10000002,1757428492931
-1,-1,,,432536.60000002,1757428493421
-1,-1,,,433046.5,1757428493931
-1,-1,,,433847.10000002,1757428494731
-1,-1,,,434370,1757428495254
-1,-1,,,434849.60000002,1757428495734
-1,-1,,,435461.10000002,1757428496346
-1,-1,,,435971.5,1757428496861
-1,-1,,,436520.4000001,1757428497406
-1,-1,,,436972.4000001,1757428497859
-1,-1,,,437463.10000002,1757428498348
-1,-1,,,437921.30000007,1757428498805
-1,-1,,,438395.20000005,1757428499279
-1,-1,,,438946.60000002,1757428499831
-1,-1,,,439651.9000001,1757428500536
