-1,-1,,,31807.299999952,0,1764752558246
-1,-1,,,32005.600000024,1,1764752558440
-1,-1,,,32170.899999976,1,1764752558605
-1,-1,,,32321.600000024,1,1764752558755
-1,-1,,,32622.299999952,1,1764752559056
-1,-1,,,32742.5,1,1764752559176
-1,-1,,,32875.100000024,1,1764752559309
-1,-1,,,33006.399999976,1,1764752559441
-1,-1,,,33123.399999976,1,1764752559557
-1,-1,,,33248.5,1,1764752559682
-1,-1,,,33365.600000024,1,1764752559799
-1,-1,,,33478.700000048,1,1764752559912
-1,-1,,,33594.200000048,1,1764752560028
-1,-1,,,33745,1,1764752560179
-1,-1,,,33857.200000048,1,1764752560291
-1,-1,,,33974.700000048,1,1764752560408
-1,-1,,,34092.399999976,1,1764752560526
-1,-1,,,34210.100000024,1,1764752560644
-1,-1,,,34319.600000024,1,1764752560756
-1,-1,,,34439.200000048,1,1764752560873
-1,-1,,,34583.100000024,1,1764752561017
-1,-1,,,34698.700000048,1,1764752561133
-1,-1,,,34812.799999952,1,1764752561247
-1,-1,,,34924.799999952,1,1764752561359
-1,-1,,,35037.899999976,1,1764752561472
-1,-1,,,35149.399999976,1,1764752561583
-1,-1,,,35260.299999952,1,1764752561694
-1,-1,,,35371.200000048,1,1764752561805
-1,-1,,,35488.799999952,1,1764752561923
-1,-1,,,35611.399999976,1,1764752562045
-1,-1,,,35741.5,1,1764752562175
-1,-1,,,35880.799999952,1,1764752562315
-1,-1,,,36015.100000024,1,1764752562449
-1,-1,,,36143.399999976,1,1764752562577
-1,-1,,,36272.399999976,1,1764752562706
-1,-1,,,36404.100000024,1,1764752562838
-1,-1,,,36533.700000048,1,1764752562968
-1,-1,,,36664.299999952,1,1764752563098
-1,-1,,,36801.5,1,1764752563235
-1,-1,,,36945.200000048,1,1764752563379
-1,-1,,,37084,1,1764752563518
-1,-1,,,37227.100000024,1,1764752563661
-1,-1,,,37360,1,1764752563794
-1,-1,,,37488.600000024,1,1764752563922
-1,-1,,,37620.299999952,1,1764752564054
-1,-1,,,37752.100000024,1,1764752564186
-1,-1,,,37881.200000048,1,1764752564315
-1,-1,,,38005.5,1,1764752564439
-1,-1,,,38130,1,1764752564564
-1,-1,,,38271.700000048,1,1764752564705
-1,-1,,,38394.700000048,1,1764752564828
-1,-1,,,38521.399999976,1,1764752564955
-1,-1,,,38651.100000024,1,1764752565085
-1,-1,,,38782,1,1764752565216
-1,-1,,,38899.799999952,1,1764752565333
-1,-1,,,39022.5,1,1764752565456
-1,-1,,,39157.299999952,1,1764752565591
-1,-1,,,39291.200000048,1,1764752565725
-1,-1,,,39433.700000048,1,1764752565867
-1,-1,,,39577.899999976,1,1764752566011
-1,-1,,,39709,1,1764752566143
-1,-1,,,39847.600000024,1,1764752566281
-1,-1,,,40047.700000048,1,1764752566481
-1,-1,,,40236,1,1764752566670
-1,-1,,,40373.5,1,1764752566807
-1,-1,,,40503.200000048,1,1764752566937
-1,-1,,,40623.600000024,1,1764752567057
-1,-1,,,40752.899999976,1,1764752567186
-1,-1,,,40881.399999976,1,1764752567315
-1,-1,,,41010.100000024,1,1764752567444
-1,-1,,,41129.899999976,1,1764752567563
-1,-1,,,41256.899999976,1,1764752567690
-1,-1,,,41373.299999952,1,1764752567807
-1,-1,,,41495.799999952,1,1764752567929
-1,-1,,,41610.5,1,1764752568044
-1,-1,,,41726.799999952,1,1764752568160
-1,-1,,,41840.899999976,1,1764752568275
-1,-1,,,41958.5,1,1764752568392
-1,-1,,,42072.799999952,1,1764752568506
-1,-1,,,42186.899999976,1,1764752568621
-1,-1,,,42305.5,1,1764752568739
-1,-1,,,42436.200000048,1,1764752568870
-1,-1,,,42565.200000048,1,1764752568999
-1,-1,,,42725.600000024,1,1764752569160
421,265.03,"onse will show up he",111,42862.5,1,1764752569297
421,265.03,"onse will show up he",111,42991.100000024,1,1764752569425
421,265.03,"onse will show up he",111,43114.600000024,1,1764752569549
421,265.03,"onse will show up he",111,43243,1,1764752569677
421,265.03,"onse will show up he",111,43385.899999976,1,1764752569820
421,265.03,"onse will show up he",111,43508.899999976,1,1764752569943
421,265.03,"onse will show up he",111,43642.799999952,1,1764752570077
421,265.03,"onse will show up he",111,43757.5,1,1764752570192
421,265.03,"onse will show up he",111,43870.700000048,1,1764752570305
421,265.03,"onse will show up he",111,43980.799999952,1,1764752570415
421,265.03,"onse will show up he",111,45148.700000048,1,1764752571583
421,265.03,"onse will show up he",111,46246.600000024,1,1764752573681
-1,-1,,,47827.300000072,1,1764752583804
-1,-1,,,48119.899999976,1,1764752584096
-1,-1,,,48307.5,1,1764752584283
-1,-1,,,48459.100000024,1,1764752584435
-1,-1,,,48669.800000072,1,1764752584645
-1,-1,,,48848.899999976,1,1764752584825
-1,-1,,,49034.600000024,1,1764752585010
-1,-1,,,49195.700000048,1,1764752585171
-1,-1,,,49351.600000024,1,1764752585327
-1,-1,,,49498.600000024,1,1764752585474
-1,-1,,,49679.800000072,1,1764752585655
-1,-1,,,49838.600000024,1,1764752585814
-1,-1,,,49978.700000048,1,1764752585954
-1,-1,,,50123.700000048,1,1764752586099
-1,-1,,,50259.899999976,1,1764752586235
-1,-1,,,50396.300000072,1,1764752586372
-1,-1,,,50528,1,1764752586504
-1,-1,,,50671.899999976,1,1764752586647
-1,-1,,,50832.899999976,1,1764752586808
-1,-1,,,50973.200000048,1,1764752586949
-1,-1,,,51103.700000048,1,1764752587079
-1,-1,,,51217.100000024,1,1764752587193
-1,-1,,,51369.200000048,1,1764752587345
-1,-1,,,51511.399999976,1,1764752587487
-1,-1,,,51660.300000072,1,1764752587636
-1,-1,,,52132,1,1764752588108
-1,-1,,,52259.800000072,1,1764752588429
-1,-1,,,53673.400000095,1,1764752599555
-1,-1,,,53865.600000024,1,1764752599747
-1,-1,,,53991.100000024,1,1764752599872
-1,-1,,,54107.600000024,1,1764752599989
-1,-1,,,54225.000000119,1,1764752600106
-1,-1,,,54412.700000048,1,1764752600294
-1,-1,,,54532.800000072,1,1764752600414
-1,-1,,,54660.400000095,1,1764752600542
-1,-1,,,54775.800000072,1,1764752600657
-1,-1,,,54888.000000119,1,1764752600769
-1,-1,,,55008.800000072,1,1764752600890
-1,-1,,,55125.900000095,1,1764752601007
-1,-1,,,55239.600000024,1,1764752601121
-1,-1,,,55350.600000024,1,1764752601232
-1,-1,,,55462.600000024,1,1764752601344
-1,-1,,,55572.200000048,1,1764752601453
-1,-1,,,55691.100000024,1,1764752601572
-1,-1,,,55806.900000095,1,1764752601688
-1,-1,,,55919.300000072,1,1764752601801
-1,-1,,,56029.900000095,1,1764752601911
-1,-1,,,56140.400000095,1,1764752602022
-1,-1,,,56253.700000048,1,1764752602135
-1,-1,,,56364.900000095,1,1764752602246
-1,-1,,,56476.700000048,1,1764752602358
-1,-1,,,56586.800000072,1,1764752602468
-1,-1,,,56704.100000024,1,1764752602585
-1,-1,,,56820.800000072,1,1764752602702
-1,-1,,,56931.600000024,1,1764752602813
-1,-1,,,57045.200000048,1,1764752602927
-1,-1,,,57159.500000119,1,1764752603041
-1,-1,,,57268.300000072,1,1764752603150
-1,-1,,,57567.400000095,1,1764752603449
-1,-1,,,57857.600000024,1,1764752604257
-1,-1,,,58407.100000024,1,1764752623485
394,76.03,"please",5,58603.900000095,1,1764752623682
-1,-1,,,58788.700000048,1,1764752623866
-1,-1,,,58975.300000072,1,1764752624053
-1,-1,,,59156.600000024,1,1764752624234
-1,-1,,,59356.400000095,1,1764752624434
-1,-1,,,59533.800000072,1,1764752624611
-1,-1,,,59768.400000095,1,1764752624846
-1,-1,,,59910.900000095,1,1764752624988
-1,-1,,,60101.300000072,1,1764752625179
-1,-1,,,60218.400000095,1,1764752625296
-1,-1,,,60333.5,1,1764752625411
-1,-1,,,60513.600000024,1,1764752625591
-1,-1,,,60634.5,1,1764752625712
-1,-1,,,60769.300000072,1,1764752625847
-1,-1,,,60922.900000095,1,1764752626000
-1,-1,,,61082.200000048,1,1764752626160
-1,-1,,,61230.200000048,1,1764752626308
-1,-1,,,61447.100000024,1,1764752626544
-1,-1,,,61637.300000072,1,1764752626715
-1,-1,,,61755.800000072,1,1764752626833
-1,-1,,,61874.5,1,1764752626952
-1,-1,,,61993.200000048,1,1764752627071
-1,-1,,,62111.800000072,1,1764752627189
-1,-1,,,62229.600000024,1,1764752627307
-1,-1,,,62363.600000024,1,1764752627441
-1,-1,,,62480,1,1764752627557
-1,-1,,,62598,1,1764752627675
-1,-1,,,62714.600000024,1,1764752627792
-1,-1,,,62822.800000072,1,1764752627900
-1,-1,,,62934.5,1,1764752628012
-1,-1,,,63053.5,1,1764752628131
-1,-1,,,63172.100000024,1,1764752628250
-1,-1,,,63302,1,1764752628379
-1,-1,,,63430.700000048,1,1764752628508
-1,-1,,,63580.400000095,1,1764752628658
503,28.03,"wait patiently. I",8,63713.600000024,1,1764752628791
503,28.03,"wait patiently. I",8,63848,1,1764752628926
503,23.03,"wait patiently. I",8,63979.200000048,1,1764752629057
503,23.03,"wait patiently. I",8,64107.200000048,1,1764752629185
503,23.03,"wait patiently. I",8,64227.800000072,1,1764752629306
503,23.03,"wait patiently. I",8,64349.300000072,1,1764752629427
503,23.03,"wait patiently. I",8,64470.400000095,1,1764752629548
503,23.03,"wait patiently. I",8,64587.300000072,1,1764752629665
503,23.03,"wait patiently. I",8,64751.300000072,1,1764752629829
503,23.03,"wait patiently. I",8,64868.600000024,1,1764752629946
503,23.03,"wait patiently. I",8,64986.600000024,1,1764752630064
503,23.03,"wait patiently. I",8,65101.200000048,1,1764752630179
503,23.03,"wait patiently. I",8,65215.400000095,1,1764752630293
503,23.03,"wait patiently. I",8,65325.600000024,1,1764752630403
503,23.03,"wait patiently. I",8,65437.5,1,1764752630515
503,23.03,"wait patiently. I",8,65554.800000072,1,1764752630632
503,23.03,"wait patiently. I",8,65668.400000095,1,1764752630746
503,23.03,"wait patiently. I",8,65785.5,1,1764752630863
503,23.03,"wait patiently. I",8,65901.100000024,1,1764752630979
503,23.03,"wait patiently. I",8,66015.200000048,1,1764752631093
503,23.03,"wait patiently. I",8,66126.5,1,1764752631204
503,23.03,"wait patiently. I",8,66240.900000095,1,1764752631319
503,23.03,"wait patiently. I",8,66352.100000024,1,1764752631430
503,23.03,"wait patiently. I",8,66470.700000048,1,1764752631548
503,23.03,"wait patiently. I",8,66587.100000024,1,1764752631665
503,23.03,"wait patiently. I",8,66747.300000072,1,1764752631825
503,23.03,"wait patiently. I",8,66858.900000095,1,1764752631937
503,23.03,"wait patiently. I",8,66975.200000048,1,1764752632053
503,23.03,"wait patiently. I",8,67089.600000024,1,1764752632167
503,23.03,"wait patiently. I",8,67203,1,1764752632281
503,23.03,"wait patiently. I",8,67316.600000024,1,1764752632394
503,23.03,"wait patiently. I",8,67430.700000048,1,1764752632508
503,23.03,"wait patiently. I",8,67548.100000024,1,1764752632626
503,23.03,"wait patiently. I",8,67664.5,1,1764752632742
503,23.03,"wait patiently. I",8,67779.900000095,1,1764752632858
503,23.03,"wait patiently. I",8,67889.900000095,1,1764752632968
503,23.03,"wait patiently. I",8,67997.800000072,1,1764752633076
503,23.03,"wait patiently. I",8,68114.200000048,1,1764752633192
503,23.03,"wait patiently. I",8,68227.800000072,1,1764752633306
503,23.03,"wait patiently. I",8,68379.800000072,1,1764752633457
503,23.03,"wait patiently. I",8,68492,1,1764752633570
503,23.03,"wait patiently. I",8,68611.400000095,1,1764752633689
503,23.03,"wait patiently. I",8,68722,1,1764752633800
503,23.03,"wait patiently. I",8,68836.800000072,1,1764752633914
503,23.03,"wait patiently. I",8,68950.600000024,1,1764752634028
503,23.03,"wait patiently. I",8,69064.800000072,1,1764752634142
503,23.03,"wait patiently. I",8,69175.300000072,1,1764752634253
503,23.03,"wait patiently. I",8,69325.100000024,1,1764752634403
503,23.03,"wait patiently. I",8,69437.5,1,1764752634515
503,23.03,"wait patiently. I",8,69555.700000048,1,1764752634633
503,23.03,"wait patiently. I",8,69668.800000072,1,1764752634747
503,23.03,"wait patiently. I",8,69786.800000072,1,1764752634864
503,23.03,"wait patiently. I",8,69899.5,1,1764752634977
503,23.03,"wait patiently. I",8,70011.600000024,1,1764752635089
503,23.03,"wait patiently. I",8,70124.100000024,1,1764752635202
503,23.03,"wait patiently. I",8,70237.200000048,1,1764752635315
503,23.03,"wait patiently. I",8,70351.5,1,1764752635429
503,23.03,"wait patiently. I",8,70498.700000048,1,1764752635576
503,23.03,"wait patiently. I",8,70614.600000024,1,1764752635692
503,23.03,"wait patiently. I",8,70726.600000024,1,1764752635804
503,23.03,"wait patiently. I",8,70836.800000072,1,1764752635914
503,23.03,"wait patiently. I",8,70947.700000048,1,1764752636025
503,23.03,"wait patiently. I",8,71058.5,1,1764752636136
503,23.03,"wait patiently. I",8,71171.200000048,1,1764752636249
503,23.03,"wait patiently. I",8,71281.900000095,1,1764752636360
503,23.03,"wait patiently. I",8,71396.5,1,1764752636474
503,23.03,"wait patiently. I",8,71507.300000072,1,1764752636585
503,23.03,"wait patiently. I",8,71630.700000048,1,1764752636708
503,23.03,"wait patiently. I",8,71742.700000048,1,1764752636821
503,23.03,"wait patiently. I",8,71853.400000095,1,1764752636931
503,23.03,"wait patiently. I",8,71970.800000072,1,1764752637048
503,23.03,"wait patiently. I",8,72081.200000048,1,1764752637159
503,23.03,"wait patiently. I",8,72193.5,1,1764752637272
503,23.03,"wait patiently. I",8,72308.100000024,1,1764752637386
506,22.03,"wait patiently. It",9,72430.800000072,1,1764752637508
508,22.03,"wait patiently. It",9,72554.100000024,1,1764752637632
508,22.03,"wait patiently. It",9,72667.600000024,1,1764752637745
508,22.03,"wait patiently. It",9,72780.200000048,1,1764752637858
508,22.03,"wait patiently. It",9,72898.5,1,1764752637976
508,22.03,"wait patiently. It",9,73015,1,1764752638093
508,22.03,"wait patiently. It",9,73130.100000024,1,1764752638208
508,22.03,"wait patiently. It",9,73243.300000072,1,1764752638321
508,22.03,"wait patiently. It",9,73358.800000072,1,1764752638436
508,22.03,"wait patiently. It",9,73480.300000072,1,1764752638558
508,22.03,"wait patiently. It",9,73594.600000024,1,1764752638672
508,22.03,"wait patiently. It",9,73709.200000048,1,1764752638787
508,22.03,"wait patiently. It",9,73821.800000072,1,1764752638899
508,22.03,"wait patiently. It",9,73932.700000048,1,1764752639010
508,22.03,"wait patiently. It",9,74042.900000095,1,1764752639121
508,22.03,"wait patiently. It",9,74157.200000048,1,1764752639235
508,22.03,"wait patiently. It",9,74272.300000072,1,1764752639350
508,22.03,"wait patiently. It",9,74383.5,1,1764752639461
508,22.03,"wait patiently. It",9,74494.5,1,1764752639572
508,22.03,"wait patiently. It",9,74614.200000048,1,1764752639692
508,22.03,"wait patiently. It",9,74726,1,1764752639804
508,22.03,"wait patiently. It",9,74836.100000024,1,1764752639914
508,22.03,"wait patiently. It",9,74957.100000024,1,1764752640035
508,22.03,"wait patiently. It",9,75084.400000095,1,1764752640162
508,22.03,"wait patiently. It",9,75198.5,1,1764752640276
508,22.03,"wait patiently. It",9,75313,1,1764752640391
508,22.03,"wait patiently. It",9,75463.700000048,1,1764752640541
508,22.03,"wait patiently. It",9,75578.700000048,1,1764752640656
508,22.03,"wait patiently. It",9,75697.800000072,1,1764752640776
514,24.03,"wait patiently. It",9,75862.100000024,1,1764752640941
518,112.03,"finish generating",66,76003.5,1,1764752641081
528,329.03,"show up here.",121,76134.400000095,1,1764752641212
528,329.03,"show up here.",121,76255.700000048,1,1764752641334
528,330.03,"show up here.",121,76401.400000095,1,1764752641479
-1,-1,,,76548.900000095,1,1764752641627
-1,-1,,,76673.600000024,1,1764752641751
-1,-1,,,76794,1,1764752641871
-1,-1,,,76920.5,1,1764752641998
-1,-1,,,77057.800000072,1,1764752642135
-1,-1,,,77182.800000072,1,1764752642260
-1,-1,,,77303,1,1764752642380
-1,-1,,,77422.400000095,1,1764752642500
-1,-1,,,77549.900000095,1,1764752642627
-1,-1,,,77679.600000024,1,1764752642757
-1,-1,,,77813.5,1,1764752642891
-1,-1,,,77946.400000095,1,1764752643024
-1,-1,,,78079.100000024,1,1764752643156
-1,-1,,,78207.300000072,1,1764752643285
-1,-1,,,78339.600000024,1,1764752643417
-1,-1,,,78472.800000072,1,1764752643551
-1,-1,,,78614.400000095,1,1764752643692
-1,-1,,,78757.600000024,1,1764752643835
-1,-1,,,78915.600000024,1,1764752643993
-1,-1,,,79098.600000024,1,1764752644176
-1,-1,,,79264.5,1,1764752644342
-1,-1,,,79414.700000048,1,1764752644492
-1,-1,,,79543.400000095,1,1764752644621
-1,-1,,,79676.600000024,1,1764752644754
-1,-1,,,79841.5,1,1764752644919
-1,-1,,,79998.700000048,1,1764752645076
-1,-1,,,80147.400000095,1,1764752645225
-1,-1,,,80286.5,1,1764752645364
-1,-1,,,80400.700000048,1,1764752645478
-1,-1,,,80512.100000024,1,1764752645589
-1,-1,,,80627.300000072,1,1764752645705
-1,-1,,,80739.5,1,1764752645817
-1,-1,,,80849.900000095,1,1764752645927
-1,-1,,,80972,1,1764752646049
-1,-1,,,81102.800000072,1,1764752646180
-1,-1,,,81232.100000024,1,1764752646309
-1,-1,,,81359.600000024,1,1764752646437
-1,-1,,,81489.200000048,1,1764752646567
-1,-1,,,81621.200000048,1,1764752646699
-1,-1,,,81751.5,1,1764752646829
-1,-1,,,81873.400000095,1,1764752646951
-1,-1,,,81996.200000048,1,1764752647074
-1,-1,,,82117.300000072,1,1764752647195
-1,-1,,,82246.800000072,1,1764752647324
-1,-1,,,82364,1,1764752647441
-1,-1,,,82480.5,1,1764752647558
-1,-1,,,82621,1,1764752647698
-1,-1,,,82730,1,1764752647807
-1,-1,,,82840.100000024,1,1764752647918
-1,-1,,,82949.100000024,1,1764752648026
-1,-1,,,83060.600000024,1,1764752648138
-1,-1,,,83174,1,1764752648251
-1,-1,,,83293.5,1,1764752648371
-1,-1,,,83404.600000024,1,1764752648482
-1,-1,,,83517,1,1764752648594
-1,-1,,,83656.5,1,1764752648734
-1,-1,,,83780.100000024,1,1764752648857
-1,-1,,,83904.900000095,1,1764752648982
-1,-1,,,84035,1,1764752649112
-1,-1,,,84247.600000024,1,1764752649325
-1,-1,,,84397,1,1764752649474
-1,-1,,,84523,1,1764752649600
-1,-1,,,84673.5,1,1764752649751
-1,-1,,,84784.300000072,1,1764752649862
-1,-1,,,84899.5,1,1764752649977
-1,-1,,,85012.800000072,1,1764752650090
-1,-1,,,85127.900000095,1,1764752650205
-1,-1,,,85241.900000095,1,1764752650319
-1,-1,,,85351.600000024,1,1764752650429
-1,-1,,,85466.900000095,1,1764752650544
-1,-1,,,85615.100000024,1,1764752650693
-1,-1,,,85735.600000024,1,1764752650813
-1,-1,,,85851.600000024,1,1764752650929
-1,-1,,,85970.800000072,1,1764752651048
-1,-1,,,86112.100000024,1,1764752651190
-1,-1,,,86237.600000024,1,1764752651315
-1,-1,,,86351,1,1764752651428
-1,-1,,,86462.900000095,1,1764752651540
-1,-1,,,86574.100000024,1,1764752651652
-1,-1,,,86698.900000095,1,1764752651777
-1,-1,,,86820.200000048,1,1764752651898
-1,-1,,,86954,1,1764752652032
-1,-1,,,87084.5,1,1764752652163
-1,-1,,,87210.700000048,1,1764752652289
-1,-1,,,87322.100000024,1,1764752652400
-1,-1,,,87436,1,1764752652513
-1,-1,,,87609.100000024,1,1764752652687
-1,-1,,,87725.5,1,1764752652803
-1,-1,,,87847,1,1764752652924
-1,-1,,,87976,1,1764752653053
-1,-1,,,88099.300000072,1,1764752653177
-1,-1,,,88214.5,1,1764752653292
-1,-1,,,88329.200000048,1,1764752653407
-1,-1,,,88465.200000048,1,1764752653543
-1,-1,,,88613.5,1,1764752653691
-1,-1,,,88725.100000024,1,1764752653802
-1,-1,,,88841.300000072,1,1764752653919
-1,-1,,,88947.700000048,1,1764752654025
-1,-1,,,89066.800000072,1,1764752654144
-1,-1,,,89178.5,1,1764752654256
-1,-1,,,89295.200000048,1,1764752654373
-1,-1,,,89408.200000048,1,1764752654486
-1,-1,,,89522.200000048,1,1764752654600
-1,-1,,,89657.5,1,1764752654735
-1,-1,,,89765.600000024,1,1764752654843
-1,-1,,,89877.5,1,1764752654955
-1,-1,,,89986.700000048,1,1764752655064
-1,-1,,,90096.200000048,1,1764752655174
-1,-1,,,90213.300000072,1,1764752655291
-1,-1,,,90322.600000024,1,1764752655400
-1,-1,,,90432,1,1764752655509
-1,-1,,,90545.700000048,1,1764752655623
-1,-1,,,90670.100000024,1,1764752655747
-1,-1,,,90793.700000048,1,1764752655871
-1,-1,,,90916.600000024,1,1764752655994
-1,-1,,,91041.100000024,1,1764752656118
-1,-1,,,91172.200000048,1,1764752656250
-1,-1,,,91303,1,1764752656380
-1,-1,,,91435.5,1,1764752656513
-1,-1,,,91569.5,1,1764752656647
-1,-1,,,91697.900000095,1,1764752656775
-1,-1,,,91820.600000024,1,1764752656898
-1,-1,,,91939.700000048,1,1764752657017
-1,-1,,,92059.400000095,1,1764752657137
-1,-1,,,92176.800000072,1,1764752657254
-1,-1,,,92308.300000072,1,1764752657386
-1,-1,,,92433.800000072,1,1764752657511
-1,-1,,,92550.700000048,1,1764752657628
-1,-1,,,92667.800000072,1,1764752657746
-1,-1,,,92800.600000024,1,1764752657878
-1,-1,,,92931.900000095,1,1764752658010
-1,-1,,,93043.800000072,1,1764752658122
-1,-1,,,93161.600000024,1,1764752658239
-1,-1,,,93276.400000095,1,1764752658354
-1,-1,,,93394,1,1764752658472
-1,-1,,,93524.400000095,1,1764752658603
-1,-1,,,93654,1,1764752658731
328,13.03,"e in October 2023, E",29,93779.600000024,1,1764752658857
326,16.03,"e in October 2023, E",29,93911.800000072,1,1764752658990
-1,-1,,,94044.400000095,1,1764752659122
-1,-1,,,94175.200000048,1,1764752659253
-1,-1,,,94297.600000024,1,1764752659375
-1,-1,,,94423.600000024,1,1764752659501
-1,-1,,,94551.100000024,1,1764752659628
-1,-1,,,94676.100000024,1,1764752659753
-1,-1,,,94794.700000048,1,1764752659872
-1,-1,,,94915.300000072,1,1764752659993
-1,-1,,,95048.600000024,1,1764752660126
-1,-1,,,95170.600000024,1,1764752660248
-1,-1,,,95337.600000024,1,1764752660415
-1,-1,,,95519.900000095,1,1764752660597
-1,-1,,,95681,1,1764752660758
-1,-1,,,95826.900000095,1,1764752660904
-1,-1,,,95970.100000024,1,1764752661047
-1,-1,,,96087,1,1764752661164
-1,-1,,,96199.300000072,1,1764752661277
-1,-1,,,96307.900000095,1,1764752661385
-1,-1,,,97762.400000095,1,1764752662841
-1,-1,,,97837.100000024,1,1764752663029
333,12.03,"e in October 2023, E",29,99303.100000024,1,1764752669240
333,12.03,"e in October 2023, E",29,99527.400000095,1,1764752669465
333,12.03,"e in October 2023, E",29,99755.200000048,1,1764752669692
333,12.03,"e in October 2023, E",29,99962.700000048,1,1764752669900
-1,-1,,,100238.10000002,1,1764752670174
-1,-1,,,100441.10000002,1,1764752670378
-1,-1,,,100621.10000002,1,1764752670557
-1,-1,,,100758.10000002,1,1764752670695
-1,-1,,,100896.30000007,1,1764752670833
-1,-1,,,101091.00000012,1,1764752671028
-1,-1,,,101231.20000005,1,1764752671168
-1,-1,,,101352.4000001,1,1764752671289
-1,-1,,,101474.70000005,1,1764752671412
-1,-1,,,101596.80000007,1,1764752671534
-1,-1,,,103724.9000001,1,1764752673663
-1,-1,,,103917.4000001,1,1764752673854
-1,-1,,,104087.20000005,1,1764752674024
-1,-1,,,104255.80000007,1,1764752674192
-1,-1,,,104390.20000005,1,1764752674328
-1,-1,,,104525.20000005,1,1764752674462
-1,-1,,,104663.4000001,1,1764752674600
-1,-1,,,104797.10000002,1,1764752674734
466,124.03,"alist and television",97,105106.10000002,1,1764752675043
513,124.03,"t and television",101,105255.00000012,1,1764752675193
474,124.03,"se issues.",398,105390.60000002,1,1764752675328
466,127.03,"se issues.",398,105563.4000001,1,1764752675502
505,319.03,"ia profiles.",546,105709.30000007,1,1764752675646
-1,-1,,,105871.4000001,1,1764752675808
-1,-1,,,106019.9000001,1,1764752675956
-1,-1,,,106159.10000002,1,1764752676095
-1,-1,,,106304.30000007,1,1764752676241
-1,-1,,,106447.10000002,1,1764752676383
-1,-1,,,106578.80000007,1,1764752676515
-1,-1,,,106717.30000007,1,1764752676654
-1,-1,,,106884.70000005,1,1764752676821
-1,-1,,,107094.00000012,1,1764752677030
-1,-1,,,107261.80000007,1,1764752677198
-1,-1,,,107408.10000002,1,1764752677344
-1,-1,,,107531.4000001,1,1764752677468
-1,-1,,,107665.30000007,1,1764752677602
-1,-1,,,107798.9000001,1,1764752677735
-1,-1,,,107920.10000002,1,1764752677856
-1,-1,,,108040.80000007,1,1764752677977
-1,-1,,,108173.70000005,1,1764752678110
-1,-1,,,108372.20000005,1,1764752678309
-1,-1,,,108547.10000002,1,1764752678483
-1,-1,,,108748.00000012,1,1764752678684
-1,-1,,,108978.60000002,1,1764752678915
-1,-1,,,109120.70000005,1,1764752679057
-1,-1,,,109273.9000001,1,1764752679210
-1,-1,,,109407.50000012,1,1764752679344
-1,-1,,,109539.80000007,1,1764752679477
-1,-1,,,109672.50000012,1,1764752679609
-1,-1,,,109832.4000001,1,1764752679769
-1,-1,,,110002.60000002,1,1764752679939
-1,-1,,,110163.00000012,1,1764752680099
-1,-1,,,110322.60000002,1,1764752680259
-1,-1,,,110442.00000012,1,1764752680378
-1,-1,,,110560.50000012,1,1764752680497
-1,-1,,,110686.80000007,1,1764752680623
-1,-1,,,110803.80000007,1,1764752680740
-1,-1,,,110923.10000002,1,1764752680859
-1,-1,,,111043.80000007,1,1764752680980
-1,-1,,,111156.9000001,1,1764752681093
-1,-1,,,111268.80000007,1,1764752681205
-1,-1,,,111379.00000012,1,1764752681315
-1,-1,,,111517.50000012,1,1764752681454
-1,-1,,,111646.30000007,1,1764752681583
-1,-1,,,111777.80000007,1,1764752681714
-1,-1,,,111895.20000005,1,1764752681832
-1,-1,,,112024.70000005,1,1764752681961
-1,-1,,,112148.60000002,1,1764752682086
-1,-1,,,112264.50000012,1,1764752682201
-1,-1,,,112375.4000001,1,1764752682312
-1,-1,,,112493.50000012,1,1764752682430
-1,-1,,,112618.4000001,1,1764752682555
-1,-1,,,112751.70000005,1,1764752682688
-1,-1,,,112880.20000005,1,1764752682817
-1,-1,,,113004.50000012,1,1764752682941
-1,-1,,,113155.10000002,1,1764752683092
-1,-1,,,113302.4000001,1,1764752683240
-1,-1,,,113500.50000012,1,1764752683438
-1,-1,,,113674.80000007,1,1764752683611
-1,-1,,,113811.00000012,1,1764752683747
-1,-1,,,113947.70000005,1,1764752683884
-1,-1,,,114061.50000012,1,1764752683998
-1,-1,,,114174.9000001,1,1764752684111
-1,-1,,,114284.50000012,1,1764752684221
-1,-1,,,114397.10000002,1,1764752684333
-1,-1,,,114505.10000002,1,1764752684441
-1,-1,,,114617.80000007,1,1764752684554
-1,-1,,,114735.00000012,1,1764752684671
-1,-1,,,114843.9000001,1,1764752684780
-1,-1,,,114952.80000007,1,1764752684889
-1,-1,,,115064.30000007,1,1764752685001
-1,-1,,,115171.30000007,1,1764752685108
-1,-1,,,115279.50000012,1,1764752685216
-1,-1,,,115394.60000002,1,1764752685331
-1,-1,,,115667.00000012,1,1764752685603
-1,-1,,,115882.30000007,1,1764752685819
-1,-1,,,116021.80000007,1,1764752685958
-1,-1,,,116161.20000005,1,1764752686098
-1,-1,,,116284.4000001,1,1764752686221
-1,-1,,,116404.9000001,1,1764752686341
-1,-1,,,116522.20000005,1,1764752686459
-1,-1,,,116637.9000001,1,1764752686574
-1,-1,,,116793.80000007,1,1764752686730
-1,-1,,,116906.80000007,1,1764752686843
-1,-1,,,117018.4000001,1,1764752686955
-1,-1,,,117127.50000012,1,1764752687064
-1,-1,,,117240.4000001,1,1764752687177
-1,-1,,,117349.60000002,1,1764752687286
-1,-1,,,117461.00000012,1,1764752687397
-1,-1,,,117568.70000005,1,1764752687505
-1,-1,,,117688.60000002,1,1764752687625
-1,-1,,,117809.70000005,1,1764752687746
-1,-1,,,117924.00000012,1,1764752687860
-1,-1,,,118032.9000001,1,1764752687969
-1,-1,,,118142.50000012,1,1764752688079
-1,-1,,,118251.60000002,1,1764752688188
-1,-1,,,118362.60000002,1,1764752688299
-1,-1,,,118578.00000012,1,1764752688515
-1,-1,,,118952.50000012,1,1764752688889
-1,-1,,,119021.70000005,1,1764752689063
-1,-1,,,120420.70000005,1,1764752696618
432,33.03,"iction, sharing her",354,120560.30000007,1,1764752696758
432,33.03,"iction, sharing her",354,120695.00000012,1,1764752696893
438,67.03,"ction, sharing her o",355,120843.30000007,1,1764752697041
464,326.03,"media profiles.",542,120975.70000005,1,1764752697174
464,336.03,"media profiles.",542,121099.80000007,1,1764752697297
464,336.03,"media profiles.",542,121232.00000012,1,1764752697430
-1,-1,,,121413.80000007,1,1764752697611
-1,-1,,,121539.00000012,1,1764752697736
-1,-1,,,121652.80000007,1,1764752697850
-1,-1,,,121768.10000014,1,1764752697965
-1,-1,,,121883.4000001,1,1764752698081
-1,-1,,,121991.70000005,1,1764752698189
-1,-1,,,122120.10000014,1,1764752698317
-1,-1,,,122259.70000005,1,1764752698457
-1,-1,,,122380.50000012,1,1764752698578
-1,-1,,,122504.80000007,1,1764752698702
-1,-1,,,122620.70000005,1,1764752698818
-1,-1,,,122754.20000005,1,1764752698951
-1,-1,,,122885.10000014,1,1764752699082
-1,-1,,,123002.00000012,1,1764752699199
-1,-1,,,123117.9000001,1,1764752699315
-1,-1,,,123232.30000007,1,1764752699430
-1,-1,,,123345.70000005,1,1764752699543
-1,-1,,,123458.20000005,1,1764752699655
-1,-1,,,123565.9000001,1,1764752699763
-1,-1,,,123680.4000001,1,1764752699878
-1,-1,,,123804.80000007,1,1764752700002
-1,-1,,,123955.70000005,1,1764752700153
-1,-1,,,124105.60000014,1,1764752700303
-1,-1,,,124228.4000001,1,1764752700426
-1,-1,,,124343.50000012,1,1764752700541
-1,-1,,,124466.00000012,1,1764752700663
-1,-1,,,124584.9000001,1,1764752700782
-1,-1,,,124716.00000012,1,1764752700913
-1,-1,,,124842.00000012,1,1764752701039
-1,-1,,,124959.9000001,1,1764752701157
-1,-1,,,125075.60000014,1,1764752701273
-1,-1,,,125199.9000001,1,1764752701397
-1,-1,,,125338.30000007,1,1764752701535
-1,-1,,,125488.80000007,1,1764752701686
-1,-1,,,125603.80000007,1,1764752701801
-1,-1,,,125722.10000014,1,1764752701919
-1,-1,,,125834.50000012,1,1764752702032
-1,-1,,,125947.10000014,1,1764752702144
-1,-1,,,126069.20000005,1,1764752702266
-1,-1,,,126202.9000001,1,1764752702400
-1,-1,,,126328.00000012,1,1764752702525
477,350.03,"edia profiles.",544,126438.00000012,1,1764752702636
477,350.03,"edia profiles.",544,126552.00000012,1,1764752702750
454,332.03,"l media profiles.",541,126681.70000005,1,1764752702880
379,236.03,"dea to check recent",486,126806.4000001,1,1764752703004
383,234.03,"dea to check recent",486,126931.00000012,1,1764752703129
387,240.03,"dea to check recent",486,127055.70000005,1,1764752703253
387,240.03,"dea to check recent",486,127190.4000001,1,1764752703388
387,242.03,"dea to check recent",486,127331.80000007,1,1764752703530
-1,-1,,,127467.9000001,1,1764752703665
-1,-1,,,127587.20000005,1,1764752703784
-1,-1,,,127703.20000005,1,1764752703900
-1,-1,,,127836.10000014,1,1764752704033
-1,-1,,,127973.00000012,1,1764752704170
-1,-1,,,128095.4000001,1,1764752704293
387,138.03,"se issues.",398,128211.70000005,1,1764752704409
387,138.03,"se issues.",398,128320.9000001,1,1764752704519
387,138.03,"se issues.",398,128438.4000001,1,1764752704636
387,138.03,"se issues.",398,128563.00000012,1,1764752704761
387,138.03,"se issues.",398,128682.4000001,1,1764752704880
387,138.03,"cts, including hosti",243,128805.30000007,1,1764752705003
363,146.03,"orked for major netw",140,128930.20000005,1,1764752705128
351,153.03,"worked for major net",139,129057.9000001,1,1764752705256
351,153.03,"worked for major net",139,129181.80000007,1,1764752705380
351,153.03,"worked for major net",139,129301.50000012,1,1764752705499
351,153.03,"worked for major net",139,129416.20000005,1,1764752705614
351,153.03,"worked for major net",139,129533.60000014,1,1764752705731
351,153.03,"worked for major net",139,129651.00000012,1,1764752705848
351,153.03,"worked for major net",139,129766.80000007,1,1764752705965
351,153.03,"worked for major net",139,129883.9000001,1,1764752706082
367,69.03,"October 2023, Eliza",33,130011.4000001,1,1764752706209
383,37.03,"October 2023, Elizab",34,130144.30000007,1,1764752706342
440,14.03,"er 2023, Elizabeth V",39,130275.9000001,1,1764752706474
-1,-1,,,130403.50000012,1,1764752706601
-1,-1,,,130533.50000012,1,1764752706731
-1,-1,,,130659.60000014,1,1764752706857
-1,-1,,,130825.9000001,1,1764752707023
-1,-1,,,130961.60000014,1,1764752707159
-1,-1,,,131083.20000005,1,1764752707280
-1,-1,,,131206.70000005,1,1764752707404
-1,-1,,,131322.9000001,1,1764752707521
-1,-1,,,131451.30000007,1,1764752707649
-1,-1,,,131571.9000001,1,1764752707770
-1,-1,,,131688.60000014,1,1764752707886
-1,-1,,,131807.60000014,1,1764752708005
-1,-1,,,131920.70000005,1,1764752708118
-1,-1,,,132036.80000007,1,1764752708234
-1,-1,,,132150.70000005,1,1764752708348
-1,-1,,,132280.60000014,1,1764752708478
-1,-1,,,132395.4000001,1,1764752708593
-1,-1,,,132530.4000001,1,1764752708728
-1,-1,,,132673.00000012,1,1764752708870
-1,-1,,,132802.10000014,1,1764752708999
-1,-1,,,132934.4000001,1,1764752709132
-1,-1,,,133076.70000005,1,1764752709274
-1,-1,,,133202.00000012,1,1764752709399
-1,-1,,,133308.80000007,1,1764752709506
-1,-1,,,133415.60000014,1,1764752709613
-1,-1,,,133529.4000001,1,1764752709727
-1,-1,,,133674.50000012,1,1764752709872
-1,-1,,,133784.50000012,1,1764752709982
-1,-1,,,133897.70000005,1,1764752710095
-1,-1,,,134011.70000005,1,1764752710209
-1,-1,,,134123.60000014,1,1764752710321
-1,-1,,,134239.50000012,1,1764752710437
-1,-1,,,134353.4000001,1,1764752710551
-1,-1,,,134465.70000005,1,1764752710663
-1,-1,,,134588.70000005,1,1764752710786
-1,-1,,,134716.30000007,1,1764752710914
-1,-1,,,134872.00000012,1,1764752711069
-1,-1,,,135039.9000001,1,1764752711238
-1,-1,,,135174.9000001,1,1764752711373
-1,-1,,,135334.10000014,1,1764752711531
-1,-1,,,135492.60000014,1,1764752711690
-1,-1,,,135642.20000005,1,1764752711839
-1,-1,,,135782.4000001,1,1764752711980
-1,-1,,,135915.10000014,1,1764752712112
-1,-1,,,136052.9000001,1,1764752712250
-1,-1,,,136207.20000005,1,1764752712404
-1,-1,,,136353.80000007,1,1764752712551
-1,-1,,,136482.9000001,1,1764752712680
-1,-1,,,136604.80000007,1,1764752712802
-1,-1,,,136730.20000005,1,1764752712927
-1,-1,,,136854.00000012,1,1764752713051
-1,-1,,,136981.20000005,1,1764752713178
-1,-1,,,137112.10000014,1,1764752713309
-1,-1,,,137245.60000014,1,1764752713443
-1,-1,,,137400.4000001,1,1764752713598
-1,-1,,,137526.4000001,1,1764752713724
-1,-1,,,137668.30000007,1,1764752713866
-1,-1,,,137809.80000007,1,1764752714008
-1,-1,,,137931.30000007,1,1764752714129
-1,-1,,,138050.4000001,1,1764752714248
-1,-1,,,138162.70000005,1,1764752714360
-1,-1,,,138274.10000014,1,1764752714472
-1,-1,,,138383.9000001,1,1764752714582
-1,-1,,,138507.80000007,1,1764752714706
-1,-1,,,138638.70000005,1,1764752714837
-1,-1,,,138786.30000007,1,1764752714984
-1,-1,,,138905.9000001,1,1764752715104
-1,-1,,,139036.4000001,1,1764752715234
-1,-1,,,139147.70000005,1,1764752715345
-1,-1,,,139259.80000007,1,1764752715457
-1,-1,,,139365.50000012,1,1764752715563
-1,-1,,,139485.10000014,1,1764752715683
-1,-1,,,139699.4000001,1,1764752715897
-1,-1,,,139845.00000012,1,1764752716043
-1,-1,,,139996.60000014,1,1764752716194
376,103.03,"s a journalist and t",88,140152.50000012,1,1764752716350
-1,-1,,,140369.00000012,1,1764752716566
-1,-1,,,140557.10000014,1,1764752716754
-1,-1,,,140700.00000012,1,1764752716897
-1,-1,,,140854.60000014,1,1764752717052
-1,-1,,,140989.4000001,1,1764752717187
-1,-1,,,141104.70000005,1,1764752717302
-1,-1,,,141220.50000012,1,1764752717418
-1,-1,,,141335.10000014,1,1764752717532
-1,-1,,,141449.00000012,1,1764752717646
-1,-1,,,141563.60000014,1,1764752717761
-1,-1,,,141676.30000007,1,1764752717874
-1,-1,,,141783.9000001,1,1764752717981
-1,-1,,,141894.10000014,1,1764752718091
-1,-1,,,142003.30000007,1,1764752718201
-1,-1,,,142108.50000012,1,1764752718306
-1,-1,,,142224.80000007,1,1764752718422
-1,-1,,,142337.10000014,1,1764752718534
-1,-1,,,142448.70000005,1,1764752718646
-1,-1,,,142567.80000007,1,1764752718765
-1,-1,,,142697.80000007,1,1764752718895
-1,-1,,,142826.10000014,1,1764752719023
86,147.03,"is known for her",62,142956.80000007,1,1764752719155
134,164.03,"ersonality. She has",119,143092.20000005,1,1764752719290
200,133.03,"n for her work as a",72,143219.70000005,1,1764752719417
205,124.03,"for her work as a j",73,143351.9000001,1,1764752719550
206,123.03,"for her work as a j",73,143481.00000012,1,1764752719679
206,123.03,"for her work as a j",73,143606.50000012,1,1764752719804
206,123.03,"for her work as a j",73,143728.9000001,1,1764752719926
206,123.03,"for her work as a j",73,143850.50000012,1,1764752720048
206,123.03,"for her work as a j",73,143973.10000014,1,1764752720171
206,123.03,"for her work as a j",73,145554.9000001,1,1764752721754
206,123.03,"for her work as a j",73,145639.00000012,1,1764752721913
206,123.03,"ative and documentar",73,146986.9000001,1,1764752729171
407,69.03,"significant contribu",36,147164.4000001,1,1764752729349
381,90.03,"ntary journalism thr",89,147370.00000012,1,1764752729554
308,85.03,"documentary journal",82,147517.10000014,1,1764752729702
308,85.03,"documentary journal",82,147657.10000014,1,1764752729841
308,85.03,"documentary journal",82,147809.60000014,1,1764752729994
335,90.03,"cumentary journalism",85,147948.70000017,1,1764752730133
340,89.03,"s covered major nati",241,148081.20000017,1,1764752730265
351,88.03,", often delving into",291,148238.20000017,1,1764752730422
-1,-1,,,148379.70000017,1,1764752730565
-1,-1,,,148527.80000019,1,1764752730712
-1,-1,,,148662.50000012,1,1764752730847
-1,-1,,,148804.9000001,1,1764752730989
496,59.03,"ng into investigativ",304,148939.4000001,1,1764752731123
460,66.03,"lving into investiga",301,149080.50000012,1,1764752731264
460,66.03,"lving into investiga",301,149210.30000019,1,1764752731394
460,66.03,"e cases, and human",520,149330.80000019,1,1764752731515
460,66.03,"e cases, and human",520,149462.30000019,1,1764752731646
464,66.03,"e cases, and human",520,149603.70000017,1,1764752731788
520,67.03,"t stories.",546,149748.70000017,1,1764752731933
547,66.03,"y, Vargas has",816,149884.00000012,1,1764752732068
591,66.03,"argas has",820,150020.80000019,1,1764752732205
-1,-1,,,150161.70000017,1,1764752732346
-1,-1,,,150304.50000012,1,1764752732489
-1,-1,,,150443.4000001,1,1764752732628
-1,-1,,,150566.30000019,1,1764752732750
-1,-1,,,150694.30000019,1,1764752732878
-1,-1,,,150824.60000014,1,1764752733009
-1,-1,,,150955.60000014,1,1764752733140
-1,-1,,,151076.20000017,1,1764752733260
-1,-1,,,151189.30000019,1,1764752733373
-1,-1,,,151303.60000014,1,1764752733488
-1,-1,,,151431.20000017,1,1764752733616
263,97.03,"ess about mental hea",843,151565.20000017,1,1764752733749
271,107.03,"ss about mental heal",844,151704.20000017,1,1764752733888
289,112.03,"s about mental healt",845,151843.50000012,1,1764752734027
295,108.03,"ng underrepresented",1087,151977.9000001,1,1764752734162
296,107.03,"n Social Issues**: T",1157,152108.9000001,1,1764752734293
300,105.03,"n Social Issues**: T",1157,152250.50000012,1,1764752734434
311,99.03,"Social Issues**: Th",1158,152394.20000017,1,1764752734578
318,94.03,"rytelling.",1533,152535.30000019,1,1764752734719
342,94.03,"rytelling.",1533,152665.4000001,1,1764752734850
348,103.03,"rytelling.",1533,152825.4000001,1,1764752735009
348,238.03,"her ability to conne",1618,152972.9000001,1,1764752735158
-1,-1,,,153100.30000019,1,1764752735284
-1,-1,,,153218.20000017,1,1764752735402
-1,-1,,,153349.50000012,1,1764752735533
-1,-1,,,153480.00000012,1,1764752735664
-1,-1,,,153620.60000014,1,1764752735804
-1,-1,,,153747.4000001,1,1764752735931
-1,-1,,,153879.30000019,1,1764752736063
-1,-1,,,154003.60000014,1,1764752736187
-1,-1,,,154140.10000014,1,1764752736324
-1,-1,,,154285.9000001,1,1764752736470
-1,-1,,,154443.20000017,1,1764752736627
-1,-1,,,154576.9000001,1,1764752736760
-1,-1,,,154701.80000019,1,1764752736885
-1,-1,,,154821.60000014,1,1764752737005
-1,-1,,,154939.30000019,1,1764752737123
-1,-1,,,155059.50000012,1,1764752737243
-1,-1,,,155175.60000014,1,1764752737359
-1,-1,,,155298.80000019,1,1764752737482
-1,-1,,,155422.9000001,1,1764752737606
-1,-1,,,155553.00000012,1,1764752737736
-1,-1,,,155683.00000012,1,1764752737866
-1,-1,,,155799.4000001,1,1764752737983
-1,-1,,,155908.9000001,1,1764752738092
-1,-1,,,156036.70000017,1,1764752738220
-1,-1,,,156170.00000012,1,1764752738354
-1,-1,,,156287.30000019,1,1764752738471
-1,-1,,,156416.50000012,1,1764752738601
-1,-1,,,156552.10000014,1,1764752738737
-1,-1,,,156672.60000014,1,1764752738856
-1,-1,,,156784.00000012,1,1764752738968
-1,-1,,,156892.80000019,1,1764752739077
-1,-1,,,157005.60000014,1,1764752739189
-1,-1,,,157111.50000012,1,1764752739295
-1,-1,,,157225.9000001,1,1764752739410
427,37.03,"ournalism and the im",1489,157348.60000014,1,1764752739532
357,20.03,"tive journalism and",1483,157475.10000014,1,1764752739659
361,5.03,"tive journalism and",1483,157606.60000014,1,1764752739790
-1,-1,,,157732.4000001,1,1764752739916
-1,-1,,,157862.9000001,1,1764752740046
-1,-1,,,158000.70000017,1,1764752740184
-1,-1,,,158159.4000001,1,1764752740343
-1,-1,,,158306.4000001,1,1764752740490
-1,-1,,,158430.60000014,1,1764752740614
-1,-1,,,158557.10000014,1,1764752740741
-1,-1,,,158676.70000017,1,1764752740860
-1,-1,,,158790.30000019,1,1764752740974
-1,-1,,,158917.50000012,1,1764752741101
-1,-1,,,159039.50000012,1,1764752741223
-1,-1,,,159165.4000001,1,1764752741349
-1,-1,,,159285.20000017,1,1764752741469
-1,-1,,,159395.30000019,1,1764752741579
-1,-1,,,159507.30000019,1,1764752741691
-1,-1,,,159618.4000001,1,1764752741802
-1,-1,,,159726.60000014,1,1764752741910
-1,-1,,,159835.10000014,1,1764752742019
-1,-1,,,160015.00000012,1,1764752742199
-1,-1,,,160134.30000019,1,1764752742318
-1,-1,,,160307.50000012,1,1764752742491
-1,-1,,,160420.60000014,1,1764752742605
-1,-1,,,160538.00000012,1,1764752742721
251,151.03,"investigative journ",1473,171869.70000017,1,1764752754054
251,151.03,"investigative journ",1473,171976.30000019,1,1764752754161
251,151.03,"investigative journ",1473,172087.00000012,1,1764752754271
251,151.03,"investigative journ",1473,172200.70000017,1,1764752754385
251,151.03,"investigative journ",1473,172311.80000019,1,1764752754496
251,151.03,"investigative journ",1473,172433.30000019,1,1764752754618
251,151.03,"investigative journ",1473,172552.9000001,1,1764752754737
251,151.03,"peaking and Advocacy",1359,172664.00000012,1,1764752754848
251,151.03,"n violence, and the",1255,172774.80000019,1,1764752754959
251,151.03,"n violence, and the",1255,172889.4000001,1,1764752755073
251,151.03,"n violence, and the",1255,173009.70000017,1,1764752755194
251,151.03,"nt in Social Issues*",1153,173124.4000001,1,1764752755308
251,151.03,"ness about mental he",842,173236.10000014,1,1764752755420
251,151.03,"ness about mental he",842,173350.80000019,1,1764752755535
251,151.03,"ness about mental he",842,173476.10000014,1,1764752755660
251,151.03,"ness about mental he",842,173590.80000019,1,1764752755775
251,151.03,"issues, high-profile",501,173708.9000001,1,1764752755893
251,151.03,"issues, high-profile",501,173828.4000001,1,1764752756013
251,151.03,"issues, high-profile",501,173947.80000019,1,1764752756132
251,151.03,"topics.",323,174058.70000017,1,1764752756242
251,151.03,"ojects. Here are som",134,174171.70000017,1,1764752756356
251,151.03,"ojects. Here are som",134,174283.60000014,1,1764752756468
251,151.03,"ojects. Here are som",134,174395.9000001,1,1764752756580
251,151.03,"ojects. Here are som",134,174514.30000019,1,1764752756698
251,151.03,"ojects. Here are som",134,174623.4000001,1,1764752756807
251,151.03,"ojects. Here are som",134,174733.80000019,1,1764752756918
251,151.03,"ojects. Here are som",134,174838.80000019,1,1764752757023
251,151.03,"ojects. Here are som",134,174952.30000019,1,1764752757136
251,151.03,"ojects. Here are som",134,175070.30000019,1,1764752757254
251,151.03,"t ABC News**: As co-",180,175183.70000017,1,1764752757368
251,151.03,"issues, high-profile",501,175294.20000017,1,1764752757478
251,151.03,"issues, high-profile",501,175409.10000014,1,1764752757593
251,151.03,"issues, high-profile",501,175542.50000012,1,1764752757727
251,151.03,"scandals.",720,175663.60000014,1,1764752757847
251,151.03,"projects that explor",1026,175778.9000001,1,1764752757963
251,151.03,"projects that explor",1026,175899.4000001,1,1764752758085
251,151.03,"projects that explor",1026,176015.70000017,1,1764752758200
251,151.03,"investigative journ",1473,176126.80000019,1,1764752758311
251,151.03,"storytelling.",1530,176242.9000001,1,1764752758427
321,140.03,"tigative journalism",1479,176375.9000001,1,1764752758560
408,135.03,"rytelling.",1533,176500.9000001,1,1764752758685
417,133.03,"rytelling.",1533,176643.4000001,1,1764752758827
-1,-1,,,176804.80000019,1,1764752758989
-1,-1,,,176952.9000001,1,1764752759137
-1,-1,,,177092.60000014,1,1764752759276
-1,-1,,,177250.00000012,1,1764752759434
-1,-1,,,177382.50000012,1,1764752759566
-1,-1,,,177518.50000012,1,1764752759702
-1,-1,,,177658.70000017,1,1764752759842
-1,-1,,,177802.30000019,1,1764752759986
-1,-1,,,177948.60000014,1,1764752760132
-1,-1,,,178074.9000001,1,1764752760258
-1,-1,,,178190.60000014,1,1764752760374
-1,-1,,,178375.20000017,1,1764752760559
-1,-1,,,178498.20000017,1,1764752760682
-1,-1,,,178620.4000001,1,1764752760804
-1,-1,,,178745.4000001,1,1764752760929
-1,-1,,,178860.30000019,1,1764752761044
-1,-1,,,178970.20000017,1,1764752761154
-1,-1,,,179089.80000019,1,1764752761273
-1,-1,,,179220.70000017,1,1764752761404
-1,-1,,,179342.20000017,1,1764752761526
-1,-1,,,179469.80000019,1,1764752761653
-1,-1,,,179598.00000012,1,1764752761781
-1,-1,,,179726.4000001,1,1764752761910
-1,-1,,,179867.00000012,1,1764752762051
-1,-1,,,180003.10000014,1,1764752762187
-1,-1,,,180133.10000014,1,1764752762317
-1,-1,,,180266.50000012,1,1764752762450
-1,-1,,,180438.4000001,1,1764752762622
-1,-1,,,180558.50000012,1,1764752762742
-1,-1,,,180678.60000014,1,1764752762862
-1,-1,,,180797.70000017,1,1764752762981
-1,-1,,,180917.60000014,1,1764752763101
-1,-1,,,181029.10000014,1,1764752763213
-1,-1,,,181136.20000017,1,1764752763320
-1,-1,,,181246.70000017,1,1764752763431
-1,-1,,,181354.70000017,1,1764752763538
-1,-1,,,181468.70000017,1,1764752763652
-1,-1,,,181579.60000014,1,1764752763763
-1,-1,,,181689.70000017,1,1764752763873
-1,-1,,,181801.10000014,1,1764752763985
-1,-1,,,181924.10000014,1,1764752764108
-1,-1,,,182052.9000001,1,1764752764236
-1,-1,,,182189.4000001,1,1764752764373
-1,-1,,,182322.70000017,1,1764752764506
-1,-1,,,182460.00000012,1,1764752764644
-1,-1,,,182611.50000012,1,1764752764796
-1,-1,,,182769.20000017,1,1764752764953
396,155.03,"a commitment to unc",1569,182898.9000001,1,1764752765083
396,90.03,"rytelling.",1533,183022.4000001,1,1764752765206
395,90.03,"rytelling.",1533,183156.4000001,1,1764752765340
395,90.03,"rytelling.",1533,183277.00000012,1,1764752765461
395,90.03,"rytelling.",1533,183402.50000012,1,1764752765586
363,49.03,"tive journalism and",1483,183537.30000019,1,1764752765721
-1,-1,,,183665.70000017,1,1764752765849
-1,-1,,,183783.60000014,1,1764752765967
-1,-1,,,183909.4000001,1,1764752766093
-1,-1,,,184039.80000019,1,1764752766223
-1,-1,,,184210.10000014,1,1764752766394
-1,-1,,,160652.70000017,1,1764752742836
-1,-1,,,160761.60000014,1,1764752742945
-1,-1,,,160870.4000001,1,1764752743054
-1,-1,,,160981.00000012,1,1764752743165
-1,-1,,,161089.30000019,1,1764752743273
-1,-1,,,161202.10000014,1,1764752743386
-1,-1,,,161314.20000017,1,1764752743498
-1,-1,,,161426.10000014,1,1764752743610
-1,-1,,,161539.4000001,1,1764752743723
-1,-1,,,161652.70000017,1,1764752743836
-1,-1,,,161761.70000017,1,1764752743945
-1,-1,,,161871.30000019,1,1764752744055
-1,-1,,,161978.30000019,1,1764752744162
-1,-1,,,162086.60000014,1,1764752744270
-1,-1,,,162195.10000014,1,1764752744379
-1,-1,,,162303.9000001,1,1764752744487
-1,-1,,,162414.9000001,1,1764752744599
-1,-1,,,162542.70000017,1,1764752744726
258,137.03,"torytelling.",1531,162665.60000014,1,1764752744850
234,159.03,"ork exemplifies a co",1554,162789.80000019,1,1764752744974
249,153.03,"k exemplifies a comm",1556,162919.00000012,1,1764752745103
250,151.03,"k exemplifies a comm",1556,163048.80000019,1,1764752745233
251,151.03,"storytelling.",1530,163185.9000001,1,1764752745370
251,151.03,"investigative journ",1473,163306.80000019,1,1764752745491
251,151.03,"investigative journ",1473,163431.10000014,1,1764752745615
251,151.03,"investigative journ",1473,163557.30000019,1,1764752745741
251,151.03,"investigative journ",1473,163675.10000014,1,1764752745859
251,151.03,"investigative journ",1473,163788.30000019,1,1764752745972
251,151.03,"investigative journ",1473,163902.60000014,1,1764752746086
251,151.03,"investigative journ",1473,164017.80000019,1,1764752746202
251,151.03,"investigative journ",1473,164129.20000017,1,1764752746313
251,151.03,"investigative journ",1473,164240.00000012,1,1764752746424
251,151.03,"investigative journ",1473,164350.50000012,1,1764752746534
251,151.03,"investigative journ",1473,164460.80000019,1,1764752746645
251,151.03,"investigative journ",1473,164576.00000012,1,1764752746760
251,151.03,"investigative journ",1473,164685.4000001,1,1764752746869
251,151.03,"investigative journ",1473,164792.50000012,1,1764752746976
251,151.03,"investigative journ",1473,164901.80000019,1,1764752747086
251,151.03,"investigative journ",1473,165012.80000019,1,1764752747197
251,151.03,"investigative journ",1473,165123.50000012,1,1764752747307
251,151.03,"investigative journ",1473,165234.10000014,1,1764752747418
251,151.03,"investigative journ",1473,165345.30000019,1,1764752747529
251,151.03,"investigative journ",1473,165461.10000014,1,1764752747645
251,151.03,"investigative journ",1473,165567.9000001,1,1764752747752
251,151.03,"investigative journ",1473,165679.70000017,1,1764752747864
251,151.03,"investigative journ",1473,165786.50000012,1,1764752747970
251,151.03,"investigative journ",1473,165896.00000012,1,1764752748080
251,151.03,"investigative journ",1473,166005.60000014,1,1764752748189
251,151.03,"investigative journ",1473,166114.60000014,1,1764752748299
251,151.03,"investigative journ",1473,166223.9000001,1,1764752748408
251,151.03,"investigative journ",1473,166334.80000019,1,1764752748519
251,151.03,"investigative journ",1473,166447.00000012,1,1764752748631
251,151.03,"investigative journ",1473,166560.50000012,1,1764752748744
251,151.03,"investigative journ",1473,166670.70000017,1,1764752748855
251,151.03,"investigative journ",1473,166783.9000001,1,1764752748968
251,151.03,"investigative journ",1473,166896.30000019,1,1764752749080
251,151.03,"investigative journ",1473,167005.10000014,1,1764752749189
251,151.03,"investigative journ",1473,167117.10000014,1,1764752749301
251,151.03,"investigative journ",1473,167230.70000017,1,1764752749415
251,151.03,"investigative journ",1473,167343.50000012,1,1764752749527
251,151.03,"investigative journ",1473,167457.50000012,1,1764752749641
251,151.03,"investigative journ",1473,167563.70000017,1,1764752749747
251,151.03,"investigative journ",1473,167673.9000001,1,1764752749858
251,151.03,"investigative journ",1473,167781.30000019,1,1764752749966
251,151.03,"investigative journ",1473,167891.20000017,1,1764752750075
251,151.03,"investigative journ",1473,168004.70000017,1,1764752750188
251,151.03,"investigative journ",1473,168114.50000012,1,1764752750299
251,151.03,"investigative journ",1473,168225.10000014,1,1764752750409
251,151.03,"investigative journ",1473,168335.60000014,1,1764752750519
251,151.03,"investigative journ",1473,168442.30000019,1,1764752750626
251,151.03,"investigative journ",1473,168553.30000019,1,1764752750737
251,151.03,"investigative journ",1473,168662.4000001,1,1764752750846
251,151.03,"investigative journ",1473,168770.4000001,1,1764752750954
251,151.03,"investigative journ",1473,168880.50000012,1,1764752751064
251,151.03,"investigative journ",1473,168989.10000014,1,1764752751173
251,151.03,"investigative journ",1473,169102.4000001,1,1764752751286
251,151.03,"investigative journ",1473,169212.80000019,1,1764752751397
251,151.03,"investigative journ",1473,169325.00000012,1,1764752751509
251,151.03,"investigative journ",1473,169431.80000019,1,1764752751616
251,151.03,"investigative journ",1473,169549.70000017,1,1764752751733
251,151.03,"investigative journ",1473,169658.50000012,1,1764752751842
251,151.03,"investigative journ",1473,169771.00000012,1,1764752751955
251,151.03,"investigative journ",1473,169880.80000019,1,1764752752065
251,151.03,"investigative journ",1473,169991.10000014,1,1764752752175
251,151.03,"investigative journ",1473,170099.80000019,1,1764752752284
251,151.03,"investigative journ",1473,170210.20000017,1,1764752752394
251,151.03,"investigative journ",1473,170318.60000014,1,1764752752502
251,151.03,"investigative journ",1473,170430.70000017,1,1764752752615
251,151.03,"investigative journ",1473,170545.80000019,1,1764752752730
251,151.03,"investigative journ",1473,170655.60000014,1,1764752752839
251,151.03,"investigative journ",1473,170762.50000012,1,1764752752946
251,151.03,"investigative journ",1473,170868.70000017,1,1764752753053
251,151.03,"investigative journ",1473,170981.30000019,1,1764752753165
251,151.03,"investigative journ",1473,171092.60000014,1,1764752753276
251,151.03,"investigative journ",1473,171205.10000014,1,1764752753389
251,151.03,"investigative journ",1473,171316.9000001,1,1764752753501
251,151.03,"investigative journ",1473,171424.4000001,1,1764752753608
251,151.03,"investigative journ",1473,171535.20000017,1,1764752753719
251,151.03,"investigative journ",1473,171649.00000012,1,1764752753833
251,151.03,"investigative journ",1473,171755.00000012,1,1764752753939
-1,-1,,,184347.80000019,1,1764752766531
-1,-1,,,184474.00000012,1,1764752766657
-1,-1,,,184591.00000012,1,1764752766775
-1,-1,,,184706.30000019,1,1764752766890
-1,-1,,,186137.60000014,1,1764752768321
-1,-1,,,186213.60000014,1,1764752768517
-1,-1,,,186770.70000017,1,1764752772174
-1,-1,,,186944.70000017,1,1764752772348
-1,-1,,,187136.60000014,1,1764752772540
-1,-1,,,187315.90000021,1,1764752772719
-1,-1,,,187513.60000014,1,1764752772917
-1,-1,,,187668.40000021,1,1764752773072
-1,-1,,,187787.60000014,1,1764752773191
-1,-1,,,187927.70000017,1,1764752773331
-1,-1,,,188047.50000024,1,1764752773451
-1,-1,,,188165.80000019,1,1764752773569
-1,-1,,,188278.00000024,1,1764752773681
-1,-1,,,188411.30000019,1,1764752773815
-1,-1,,,188535.60000014,1,1764752773939
-1,-1,,,188659.10000014,1,1764752774063
-1,-1,,,188786.80000019,1,1764752774190
-1,-1,,,188926.70000017,1,1764752774330
-1,-1,,,189055.10000014,1,1764752774458
-1,-1,,,189184.70000017,1,1764752774588
-1,-1,,,189309.40000021,1,1764752774713
-1,-1,,,189430.00000024,1,1764752774833
-1,-1,,,189559.50000024,1,1764752774963
-1,-1,,,189678.00000024,1,1764752775081
-1,-1,,,191713.10000014,1,1764752777116
-1,-1,,,191911.60000014,1,1764752777315
-1,-1,,,192068.30000019,1,1764752777472
-1,-1,,,192220.30000019,1,1764752777624
-1,-1,,,192366.20000017,1,1764752777770
-1,-1,,,192500.40000021,1,1764752777904
-1,-1,,,192642.40000021,1,1764752778047
-1,-1,,,192782.30000019,1,1764752778186
553,129.03,", including:",98,192919.30000019,1,1764752778323
571,142.03,"including:",100,193058.60000014,1,1764752778463
524,130.03,"l life. She has",256,193200.00000024,1,1764752778604
469,126.03,"d about her experien",463,193358.70000017,1,1764752778763
-1,-1,,,193502.30000019,1,1764752778906
634,146.03,"eparation.",826,193645.70000017,1,1764752779049
-1,-1,,,193816.60000014,1,1764752779221
-1,-1,,,193966.10000014,1,1764752779370
-1,-1,,,194100.00000024,1,1764752779503
-1,-1,,,194220.90000021,1,1764752779624
-1,-1,,,194349.80000019,1,1764752779753
-1,-1,,,194492.30000019,1,1764752779896
-1,-1,,,194636.40000021,1,1764752780040
-1,-1,,,194772.70000017,1,1764752780176
-1,-1,,,194899.10000014,1,1764752780302
-1,-1,,,195027.70000017,1,1764752780431
-1,-1,,,195157.50000024,1,1764752780561
-1,-1,,,195287.20000017,1,1764752780690
-1,-1,,,195440.00000024,1,1764752780843
-1,-1,,,195640.80000019,1,1764752781044
-1,-1,,,195804.90000021,1,1764752781208
-1,-1,,,195962.80000019,1,1764752781366
-1,-1,,,196091.60000014,1,1764752781495
-1,-1,,,196224.80000019,1,1764752781628
-1,-1,,,196359.40000021,1,1764752781763
-1,-1,,,196518.00000024,1,1764752781921
-1,-1,,,196695.70000017,1,1764752782099
-1,-1,,,196849.50000024,1,1764752782253
-1,-1,,,197010.90000021,1,1764752782414
-1,-1,,,197133.90000021,1,1764752782537
-1,-1,,,197275.30000019,1,1764752782679
-1,-1,,,197417.50000024,1,1764752782821
-1,-1,,,197571.10000014,1,1764752782974
-1,-1,,,197758.30000019,1,1764752783162
-1,-1,,,197933.50000024,1,1764752783337
-1,-1,,,198097.60000014,1,1764752783501
-1,-1,,,198215.40000021,1,1764752783619
-1,-1,,,198333.20000017,1,1764752783736
-1,-1,,,198486.10000014,1,1764752783889
-1,-1,,,198627.30000019,1,1764752784031
-1,-1,,,198751.10000014,1,1764752784155
-1,-1,,,198890.10000014,1,1764752784293
-1,-1,,,199039.10000014,1,1764752784442
-1,-1,,,199193.90000021,1,1764752784597
-1,-1,,,199340.70000017,1,1764752784745
-1,-1,,,199475.00000024,1,1764752784878
-1,-1,,,199598.90000021,1,1764752785002
-1,-1,,,199748.70000017,1,1764752785152
-1,-1,,,199876.10000014,1,1764752785280
531,62.03,"-parenting their",770,199991.30000019,1,1764752785395
531,61.03,"-parenting their",770,200111.50000024,1,1764752785515
531,61.03,"-parenting their",770,200226.10000014,1,1764752785630
531,61.03,"-parenting their",770,200336.80000019,1,1764752785740
466,14.03,"ivorce from her ex-",714,200566.70000017,1,1764752785970
-1,-1,,,200706.10000014,1,1764752786109
-1,-1,,,200838.10000014,1,1764752786241
-1,-1,,,200961.60000014,1,1764752786365
-1,-1,,,201127.90000021,1,1764752786531
-1,-1,,,201302.80000019,1,1764752786706
-1,-1,,,201472.00000024,1,1764752786875
-1,-1,,,201610.70000017,1,1764752787014
-1,-1,,,201724.30000019,1,1764752787128
-1,-1,,,201841.80000019,1,1764752787245
-1,-1,,,201967.30000019,1,1764752787371
-1,-1,,,202079.90000021,1,1764752787483
-1,-1,,,202194.70000017,1,1764752787598
-1,-1,,,202310.20000017,1,1764752787713
-1,-1,,,202417.80000019,1,1764752787821
-1,-1,,,202524.90000021,1,1764752787928
-1,-1,,,202637.90000021,1,1764752788041
-1,-1,,,202748.80000019,1,1764752788152
-1,-1,,,202859.20000017,1,1764752788262
-1,-1,,,202973.60000014,1,1764752788377
-1,-1,,,204296.90000021,1,1764752789700
-1,-1,,,204359.20000017,1,1764752789845
334,38.03,": Her overall tenure",398,205639.00000012,1,1764752797263
-1,-1,,,205833.10000014,1,1764752797457
-1,-1,,,206001.30000019,1,1764752797625
-1,-1,,,206146.20000017,1,1764752797770
-1,-1,,,206266.00000012,1,1764752797890
-1,-1,,,206405.00000012,1,1764752798029
-1,-1,,,206551.80000019,1,1764752798176
-1,-1,,,206676.30000019,1,1764752798300
-1,-1,,,206794.00000012,1,1764752798418
-1,-1,,,206913.00000012,1,1764752798537
-1,-1,,,207022.10000014,1,1764752798646
-1,-1,,,207137.9000001,1,1764752798762
-1,-1,,,207252.00000012,1,1764752798876
-1,-1,,,207359.80000019,1,1764752798984
-1,-1,,,207471.50000012,1,1764752799095
-1,-1,,,207581.50000012,1,1764752799206
-1,-1,,,207697.10000014,1,1764752799321
-1,-1,,,207806.9000001,1,1764752799431
-1,-1,,,207917.10000014,1,1764752799542
-1,-1,,,208040.50000012,1,1764752799665
-1,-1,,,208170.30000019,1,1764752799795
543,16.03,"or a significant",49,208298.4000001,1,1764752799923
538,19.03,"for a significant",48,208424.60000014,1,1764752800049
538,19.03,"for a significant",48,208540.4000001,1,1764752800165
538,19.03,"for a significant",48,208656.00000012,1,1764752800280
538,19.03,"for a significant",48,208778.10000014,1,1764752800402
538,19.03,"for a significant",48,208905.50000012,1,1764752800530
538,19.03,"for a significant",48,209025.4000001,1,1764752800650
538,19.03,"for a significant",48,209141.50000012,1,1764752800766
538,19.03,"for a significant",48,209261.00000012,1,1764752800885
538,19.03,"ding her tenure:",104,209378.60000014,1,1764752801003
538,19.03,"e career at ABC,",209,209497.80000019,1,1764752801122
538,19.03,"espondent, anchor,",264,209608.9000001,1,1764752801233
538,19.03,"espondent, anchor,",264,209722.70000017,1,1764752801347
-1,-1,,,209852.50000012,1,1764752801477
-1,-1,,,210009.20000017,1,1764752801633
601,123.03,"d "20/20."",323,210150.00000012,1,1764752801775
635,340.03,"r work on",509,210276.9000001,1,1764752801901
635,340.03,"r work on",509,210402.00000012,1,1764752802026
635,340.03,"r work on",509,210520.00000012,1,1764752802144
635,340.03,"r work on",509,210637.00000012,1,1764752802262
635,340.03,"r work on",509,210754.80000019,1,1764752802379
635,340.03,"r work on",509,210884.60000014,1,1764752802509
635,340.03,"r work on",509,211004.9000001,1,1764752802629
635,340.03,"ournalism.",606,211119.00000012,1,1764752802743
635,340.03,"ournalism.",606,211233.9000001,1,1764752802858
635,340.03,"ournalism.",606,211349.60000014,1,1764752802974
635,340.03,"ournalism.",606,211463.9000001,1,1764752803088
-1,-1,,,211587.9000001,1,1764752803212
-1,-1,,,211720.4000001,1,1764752803345
-1,-1,,,211853.70000017,1,1764752803478
-1,-1,,,211987.00000012,1,1764752803612
-1,-1,,,212126.20000017,1,1764752803751
-1,-1,,,212268.50000012,1,1764752803893
-1,-1,,,212391.00000012,1,1764752804015
-1,-1,,,212525.70000017,1,1764752804150
-1,-1,,,212657.20000017,1,1764752804282
-1,-1,,,212781.60000014,1,1764752804406
-1,-1,,,212921.20000017,1,1764752804546
-1,-1,,,213050.70000017,1,1764752804676
-1,-1,,,213171.9000001,1,1764752804796
-1,-1,,,213292.9000001,1,1764752804917
-1,-1,,,213410.50000012,1,1764752805035
-1,-1,,,213523.70000017,1,1764752805148
-1,-1,,,213639.30000019,1,1764752805264
-1,-1,,,213753.9000001,1,1764752805378
-1,-1,,,213868.30000019,1,1764752805493
-1,-1,,,213978.4000001,1,1764752805603
-1,-1,,,214097.00000012,1,1764752805722
-1,-1,,,214250.20000017,1,1764752805875
-1,-1,,,214386.80000019,1,1764752806011
-1,-1,,,214518.10000014,1,1764752806142
-1,-1,,,214644.4000001,1,1764752806268
-1,-1,,,214771.70000017,1,1764752806396
-1,-1,,,214909.10000014,1,1764752806533
-1,-1,,,215047.80000019,1,1764752806672
-1,-1,,,215186.20000017,1,1764752806810
-1,-1,,,215324.30000019,1,1764752806948
-1,-1,,,215471.4000001,1,1764752807095
-1,-1,,,215602.50000012,1,1764752807227
-1,-1,,,215743.4000001,1,1764752807367
-1,-1,,,215907.00000012,1,1764752807531
-1,-1,,,216083.50000012,1,1764752807707
-1,-1,,,216289.50000012,1,1764752807913
-1,-1,,,216467.30000019,1,1764752808091
-1,-1,,,216671.50000012,1,1764752808295
-1,-1,,,216903.00000012,1,1764752808527
-1,-1,,,217163.00000012,1,1764752808787
-1,-1,,,217350.00000012,1,1764752808974
-1,-1,,,217521.70000017,1,1764752809146
-1,-1,,,217660.20000017,1,1764752809284
-1,-1,,,217825.70000017,1,1764752809450
-1,-1,,,218007.20000017,1,1764752809631
-1,-1,,,218170.20000017,1,1764752809794
-1,-1,,,218356.80000019,1,1764752809981
-1,-1,,,218532.70000017,1,1764752810157
-1,-1,,,218757.4000001,1,1764752810381
-1,-1,,,219028.80000019,1,1764752810653
-1,-1,,,219241.30000019,1,1764752810865
-1,-1,,,219442.20000017,1,1764752811066
-1,-1,,,219613.00000012,1,1764752811237
-1,-1,,,219774.60000014,1,1764752811399
-1,-1,,,220020.80000019,1,1764752811645
-1,-1,,,220200.30000019,1,1764752811824
-1,-1,,,220367.70000017,1,1764752811992
-1,-1,,,220541.20000017,1,1764752812165
-1,-1,,,220684.50000012,1,1764752812308
-1,-1,,,220807.70000017,1,1764752812432
-1,-1,,,220925.60000014,1,1764752812550
-1,-1,,,221053.50000012,1,1764752812677
-1,-1,,,221204.80000019,1,1764752812829
-1,-1,,,221349.10000014,1,1764752812973
-1,-1,,,221467.9000001,1,1764752813092
-1,-1,,,221608.00000012,1,1764752813232
-1,-1,,,221739.30000019,1,1764752813364
274,22.03,"tion**: Her overall",392,221850.10000014,1,1764752813474
274,22.03,"tion**: Her overall",392,221964.50000012,1,1764752813589
274,22.03,"tion**: Her overall",392,222080.00000012,1,1764752813704
274,22.03,"tion**: Her overall",392,222190.50000012,1,1764752813815
274,22.03,"tion**: Her overall",392,222304.30000019,1,1764752813929
274,22.03,"tion**: Her overall",392,222415.30000019,1,1764752814040
354,32.03,"Her overall tenure",399,222549.10000014,1,1764752814173
437,43.03,"rall tenure with ABC",407,222682.30000019,1,1764752814307
447,38.03,"all tenure with ABC",408,222815.4000001,1,1764752814440
-1,-1,,,222952.30000019,1,1764752814576
-1,-1,,,223084.60000014,1,1764752814709
-1,-1,,,223220.70000017,1,1764752814845
-1,-1,,,223388.4000001,1,1764752815012
516,25.03,"nure with ABC News",414,223537.70000017,1,1764752815162
-1,-1,,,223683.20000017,1,1764752815307
-1,-1,,,223842.50000012,1,1764752815466
-1,-1,,,223981.10000014,1,1764752815605
-1,-1,,,224112.50000012,1,1764752815736
-1,-1,,,224252.70000017,1,1764752815877
-1,-1,,,224398.60000014,1,1764752816023
-1,-1,,,224532.4000001,1,1764752816156
443,292.03,"'s journalism.",602,224672.10000014,1,1764752816297
443,292.03,"'s journalism.",602,224812.80000019,1,1764752816438
443,192.03,"me known for her wor",494,224935.4000001,1,1764752816560
443,81.03,"22 years.",454,225059.20000017,1,1764752816683
421,36.03,"verall tenure with A",405,225187.80000019,1,1764752816812
-1,-1,,,225317.30000019,1,1764752816941
-1,-1,,,225452.50000012,1,1764752817077
-1,-1,,,225587.00000012,1,1764752817211
-1,-1,,,225717.80000019,1,1764752817342
-1,-1,,,225853.4000001,1,1764752817477
-1,-1,,,225981.10000014,1,1764752817605
-1,-1,,,226104.70000017,1,1764752817729
-1,-1,,,226280.50000012,1,1764752817904
-1,-1,,,226467.20000017,1,1764752818091
-1,-1,,,226629.20000017,1,1764752818253
-1,-1,,,226773.50000012,1,1764752818397
-1,-1,,,226884.20000017,1,1764752818508
-1,-1,,,226994.00000012,1,1764752818618
-1,-1,,,227104.20000017,1,1764752818728
-1,-1,,,227213.9000001,1,1764752818838
-1,-1,,,227330.9000001,1,1764752818955
-1,-1,,,227784.10000014,1,1764752819408
-1,-1,,,227854.60000014,1,1764752819574
-1,-1,,,228340.60000014,1,1764752820455
-1,-1,,,228553.60000014,1,1764752820668
-1,-1,,,228740.10000014,1,1764752820855
-1,-1,,,228902.00000012,1,1764752821017
-1,-1,,,229082.20000005,1,1764752821197
-1,-1,,,229264.00000012,1,1764752821379
-1,-1,,,229420.10000014,1,1764752821535
-1,-1,,,229582.10000014,1,1764752821697
-1,-1,,,229717.50000012,1,1764752821832
-1,-1,,,229853.60000014,1,1764752821968
-1,-1,,,229984.20000005,1,1764752822099
427,24.03,"erall tenure with AB",406,230130.80000007,1,1764752822246
-1,-1,,,230350.60000014,1,1764752822465
-1,-1,,,230513.70000005,1,1764752822628
-1,-1,,,230681.30000007,1,1764752822796
-1,-1,,,230822.70000005,1,1764752822937
-1,-1,,,230972.10000014,1,1764752823087
-1,-1,,,231091.60000014,1,1764752823206
-1,-1,,,231211.80000007,1,1764752823327
-1,-1,,,231330.70000005,1,1764752823445
-1,-1,,,231445.20000005,1,1764752823560
-1,-1,,,231560.10000014,1,1764752823675
-1,-1,,,231668.50000012,1,1764752823783
-1,-1,,,231779.00000012,1,1764752823894
-1,-1,,,231889.4000001,1,1764752824004
-1,-1,,,231999.30000007,1,1764752824114
-1,-1,,,232111.50000012,1,1764752824226
-1,-1,,,232223.80000007,1,1764752824338
-1,-1,,,232332.70000005,1,1764752824447
-1,-1,,,232441.00000012,1,1764752824556
-1,-1,,,232556.60000014,1,1764752824671
-1,-1,,,232664.30000007,1,1764752824779
-1,-1,,,232775.00000012,1,1764752824890
-1,-1,,,232886.80000007,1,1764752825002
-1,-1,,,232998.50000012,1,1764752825113
-1,-1,,,233107.30000007,1,1764752825222
-1,-1,,,233216.4000001,1,1764752825331
-1,-1,,,233328.20000005,1,1764752825443
-1,-1,,,233436.9000001,1,1764752825552
-1,-1,,,233548.00000012,1,1764752825663
-1,-1,,,233696.9000001,1,1764752825812
-1,-1,,,233804.50000012,1,1764752825919
-1,-1,,,233916.70000005,1,1764752826031
-1,-1,,,234025.20000005,1,1764752826140
-1,-1,,,234138.60000014,1,1764752826253
-1,-1,,,234247.80000007,1,1764752826362
-1,-1,,,234361.10000014,1,1764752826476
-1,-1,,,234471.10000014,1,1764752826586
-1,-1,,,234578.70000005,1,1764752826693
-1,-1,,,234689.10000014,1,1764752826804
-1,-1,,,234799.20000005,1,1764752826914
-1,-1,,,234908.80000007,1,1764752827023
-1,-1,,,235018.30000007,1,1764752827133
-1,-1,,,235129.10000014,1,1764752827244
-1,-1,,,235240.10000014,1,1764752827355
-1,-1,,,235350.9000001,1,1764752827466
-1,-1,,,235458.80000007,1,1764752827574
-1,-1,,,235586.60000014,1,1764752827701
-1,-1,,,235706.20000005,1,1764752827821
-1,-1,,,235818.9000001,1,1764752827934
-1,-1,,,235925.30000007,1,1764752828040
-1,-1,,,236070.30000007,1,1764752828185
-1,-1,,,236228.50000012,1,1764752828343
-1,-1,,,236334.70000005,1,1764752828449
-1,-1,,,236448.70000005,1,1764752828563
-1,-1,,,236576.30000007,1,1764752828691
-1,-1,,,236705.20000005,1,1764752828820
-1,-1,,,236844.4000001,1,1764752828959
-1,-1,,,237013.20000005,1,1764752829128
603,60.03,"h ABC News",422,237158.30000007,1,1764752829273
-1,-1,,,237293.9000001,1,1764752829409
-1,-1,,,237462.50000012,1,1764752829577
-1,-1,,,237639.9000001,1,1764752829755
-1,-1,,,237775.10000014,1,1764752829890
-1,-1,,,237910.00000012,1,1764752830025
-1,-1,,,238038.30000007,1,1764752830153
-1,-1,,,238156.4000001,1,1764752830271
-1,-1,,,238270.70000005,1,1764752830385
-1,-1,,,238392.50000012,1,1764752830507
-1,-1,,,238547.50000012,1,1764752830662
-1,-1,,,238679.70000005,1,1764752830794
-1,-1,,,238807.20000005,1,1764752830922
-1,-1,,,238934.50000012,1,1764752831049
-1,-1,,,239054.50000012,1,1764752831169
-1,-1,,,239181.4000001,1,1764752831296
-1,-1,,,239288.4000001,1,1764752831403
-1,-1,,,239398.9000001,1,1764752831514
-1,-1,,,239530.70000005,1,1764752831645
-1,-1,,,239663.50000012,1,1764752831778
-1,-1,,,239789.70000005,1,1764752831904
-1,-1,,,239919.20000005,1,1764752832034
-1,-1,,,240047.10000014,1,1764752832162
-1,-1,,,240168.4000001,1,1764752832283
-1,-1,,,240298.50000012,1,1764752832413
-1,-1,,,240420.60000014,1,1764752832535
-1,-1,,,240542.9000001,1,1764752832658
-1,-1,,,240673.30000007,1,1764752832788
-1,-1,,,240829.00000012,1,1764752832944
-1,-1,,,240985.70000005,1,1764752833100
-1,-1,,,241138.60000014,1,1764752833253
-1,-1,,,241287.50000012,1,1764752833402
-1,-1,,,241429.50000012,1,1764752833544
-1,-1,,,241608.00000012,1,1764752833723
-1,-1,,,241776.30000007,1,1764752833891
-1,-1,,,241928.10000014,1,1764752834043
-1,-1,,,242051.4000001,1,1764752834166
-1,-1,,,242184.30000007,1,1764752834299
-1,-1,,,242321.00000012,1,1764752834436
-1,-1,,,242474.00000012,1,1764752834589
-1,-1,,,242621.10000014,1,1764752834736
-1,-1,,,242774.50000012,1,1764752834889
-1,-1,,,242896.4000001,1,1764752835011
-1,-1,,,243095.10000014,1,1764752835210
-1,-1,,,243223.4000001,1,1764752835338
-1,-1,,,243355.10000014,1,1764752835470
-1,-1,,,243508.70000005,1,1764752835624
-1,-1,,,243662.80000007,1,1764752835777
-1,-1,,,243813.20000005,1,1764752835928
-1,-1,,,243995.80000007,1,1764752836111
-1,-1,,,244136.00000012,1,1764752836251
-1,-1,,,244269.80000007,1,1764752836385
-1,-1,,,244409.4000001,1,1764752836524
-1,-1,,,244551.10000014,1,1764752836666
-1,-1,,,244678.80000007,1,1764752836793
-1,-1,,,244798.60000014,1,1764752836913
-1,-1,,,244927.60000014,1,1764752837042
-1,-1,,,245102.70000005,1,1764752837217
-1,-1,,,245219.50000012,1,1764752837334
-1,-1,,,245337.20000005,1,1764752837452
-1,-1,,,245452.50000012,1,1764752837567
-1,-1,,,245635.80000007,1,1764752837750
-1,-1,,,245795.00000012,1,1764752837910
-1,-1,,,245975.20000005,1,1764752838090
-1,-1,,,246133.00000012,1,1764752838248
-1,-1,,,246263.10000014,1,1764752838378
-1,-1,,,246391.80000007,1,1764752838506
-1,-1,,,246514.4000001,1,1764752838629
-1,-1,,,246634.70000005,1,1764752838749
-1,-1,,,246766.4000001,1,1764752838881
-1,-1,,,246882.00000012,1,1764752838997
-1,-1,,,247007.10000014,1,1764752839122
-1,-1,,,247125.50000012,1,1764752839240
-1,-1,,,247240.00000012,1,1764752839355
-1,-1,,,247355.80000007,1,1764752839471
-1,-1,,,247476.80000007,1,1764752839591
-1,-1,,,247590.30000007,1,1764752839705
-1,-1,,,247704.70000005,1,1764752839819
-1,-1,,,247814.50000012,1,1764752839929
-1,-1,,,247927.20000005,1,1764752840042
-1,-1,,,248040.30000007,1,1764752840155
-1,-1,,,248155.00000012,1,1764752840270
-1,-1,,,248267.00000012,1,1764752840382
-1,-1,,,248377.50000012,1,1764752840492
-1,-1,,,248490.50000012,1,1764752840605
-1,-1,,,248601.70000005,1,1764752840716
-1,-1,,,248707.70000005,1,1764752840822
-1,-1,,,248818.50000012,1,1764752840933
-1,-1,,,248928.20000005,1,1764752841043
-1,-1,,,249037.30000007,1,1764752841152
-1,-1,,,249149.20000005,1,1764752841264
-1,-1,,,249261.00000012,1,1764752841376
-1,-1,,,249373.30000007,1,1764752841488
-1,-1,,,249482.70000005,1,1764752841598
-1,-1,,,249590.50000012,1,1764752841705
-1,-1,,,249700.60000014,1,1764752841815
-1,-1,,,249807.70000005,1,1764752841922
-1,-1,,,249918.30000007,1,1764752842033
-1,-1,,,250028.9000001,1,1764752842144
-1,-1,,,250138.10000014,1,1764752842253
-1,-1,,,250249.4000001,1,1764752842364
-1,-1,,,250363.30000007,1,1764752842478
-1,-1,,,250471.80000007,1,1764752842586
-1,-1,,,250582.9000001,1,1764752842698
-1,-1,,,250691.70000005,1,1764752842806
-1,-1,,,250801.00000012,1,1764752842916
-1,-1,,,250917.00000012,1,1764752843032
-1,-1,,,251025.30000007,1,1764752843140
-1,-1,,,251132.9000001,1,1764752843248
-1,-1,,,251247.10000014,1,1764752843362
-1,-1,,,251354.9000001,1,1764752843470
-1,-1,,,251466.9000001,1,1764752843582
-1,-1,,,251578.4000001,1,1764752843693
-1,-1,,,251684.4000001,1,1764752843799
-1,-1,,,251791.9000001,1,1764752843907
-1,-1,,,251902.50000012,1,1764752844017
-1,-1,,,252012.30000007,1,1764752844127
-1,-1,,,252120.4000001,1,1764752844235
-1,-1,,,252231.20000005,1,1764752844346
-1,-1,,,252341.9000001,1,1764752844457
-1,-1,,,252450.30000007,1,1764752844565
-1,-1,,,252562.00000012,1,1764752844677
-1,-1,,,252670.10000014,1,1764752844785
-1,-1,,,252798.4000001,1,1764752844913
-1,-1,,,252950.60000014,1,1764752845065
-1,-1,,,253062.9000001,1,1764752845178
-1,-1,,,253173.60000014,1,1764752845288
-1,-1,,,253283.30000007,1,1764752845398
-1,-1,,,253407.20000005,1,1764752845522
-1,-1,,,253540.20000005,1,1764752845655
-1,-1,,,253653.30000007,1,1764752845768
-1,-1,,,253767.50000012,1,1764752845882
-1,-1,,,253881.10000014,1,1764752845996
-1,-1,,,253993.4000001,1,1764752846108
-1,-1,,,254117.9000001,1,1764752846233
-1,-1,,,254244.50000012,1,1764752846359
-1,-1,,,254374.60000014,1,1764752846490
500,245.03,"e journalists such a",201,254513.60000014,1,1764752846629
456,33.03,"rgas has hosted and",41,254644.10000014,1,1764752846760
447,24.03,"argas has hosted and",40,254779.50000012,1,1764752846895
442,67.03,"Vargas has hosted an",39,254914.70000005,1,1764752847030
441,93.03,"rograms, including:",90,255042.60000014,1,1764752847158
441,93.03,"rograms, including:",90,255166.30000007,1,1764752847281
441,93.03,"rograms, including:",90,255300.30000007,1,1764752847416
441,93.03,"rograms, including:",90,255436.70000005,1,1764752847552
441,93.03,"rograms, including:",90,255565.60000014,1,1764752847681
441,93.03,"notable journalists",195,255683.80000007,1,1764752847799
441,93.03,"e reports.",435,255803.20000005,1,1764752847918
441,93.03,"e reports.",435,255922.00000012,1,1764752848037
431,93.03,"e reports.",435,256051.20000005,1,1764752848166
398,79.03,"al issues.",736,256175.60000014,1,1764752848291
415,81.03,"zabeth Vargas has co",774,256298.00000012,1,1764752848413
415,81.03,"zabeth Vargas has co",774,256427.00000012,1,1764752848542
415,141.03,"zabeth Vargas has co",774,256554.4000001,1,1764752848670
-1,-1,,,256676.60000014,1,1764752848791
-1,-1,,,256797.50000012,1,1764752848912
-1,-1,,,256946.10000014,1,1764752849061
-1,-1,,,257078.60000014,1,1764752849193
-1,-1,,,257205.60000014,1,1764752849320
-1,-1,,,257332.60000014,1,1764752849447
465,357.03,"ournalism.",926,257466.10000014,1,1764752849581
454,326.03,"ournalism.",926,257606.00000012,1,1764752849721
450,323.03,"ournalism.",926,257757.9000001,1,1764752849873
-1,-1,,,257897.00000012,1,1764752850012
-1,-1,,,258025.00000012,1,1764752850140
-1,-1,,,258144.10000014,1,1764752850259
-1,-1,,,258261.30000007,1,1764752850376
-1,-1,,,258395.10000014,1,1764752850510
-1,-1,,,258558.10000014,1,1764752850673
-1,-1,,,258688.60000014,1,1764752850803
-1,-1,,,258827.4000001,1,1764752850942
-1,-1,,,258954.60000014,1,1764752851069
-1,-1,,,259090.4000001,1,1764752851205
-1,-1,,,259220.50000012,1,1764752851335
-1,-1,,,259342.50000012,1,1764752851457
-1,-1,,,259461.00000012,1,1764752851576
-1,-1,,,259582.20000005,1,1764752851697
-1,-1,,,259699.60000014,1,1764752851814
-1,-1,,,259819.10000014,1,1764752851934
-1,-1,,,259931.30000007,1,1764752852046
-1,-1,,,260052.10000014,1,1764752852167
-1,-1,,,260167.10000014,1,1764752852282
-1,-1,,,260280.70000005,1,1764752852395
-1,-1,,,260388.30000007,1,1764752852503
-1,-1,,,260498.80000007,1,1764752852613
-1,-1,,,260610.30000007,1,1764752852725
-1,-1,,,260716.9000001,1,1764752852832
-1,-1,,,260827.20000005,1,1764752852942
-1,-1,,,260940.60000014,1,1764752853055
-1,-1,,,261056.80000007,1,1764752853171
-1,-1,,,261167.9000001,1,1764752853283
-1,-1,,,261276.20000005,1,1764752853391
-1,-1,,,261389.10000014,1,1764752853504
-1,-1,,,261497.80000007,1,1764752853612
-1,-1,,,261649.00000012,1,1764752853764
-1,-1,,,261763.10000014,1,1764752853878
-1,-1,,,261870.9000001,1,1764752853986
-1,-1,,,261979.9000001,1,1764752854095
-1,-1,,,262087.60000014,1,1764752854202
-1,-1,,,262192.80000007,1,1764752854308
-1,-1,,,262302.00000012,1,1764752854417
-1,-1,,,262411.20000005,1,1764752854526
-1,-1,,,262524.80000007,1,1764752854640
-1,-1,,,262634.20000005,1,1764752854749
-1,-1,,,262746.20000005,1,1764752854861
-1,-1,,,262852.30000007,1,1764752854967
-1,-1,,,262962.60000014,1,1764752855077
-1,-1,,,263076.60000014,1,1764752855191
-1,-1,,,263199.00000012,1,1764752855314
-1,-1,,,263336.4000001,1,1764752855451
-1,-1,,,263474.60000014,1,1764752855589
-1,-1,,,263600.10000014,1,1764752855715
-1,-1,,,263719.60000014,1,1764752855834
-1,-1,,,263914.60000014,1,1764752856029
-1,-1,,,264042.4000001,1,1764752856157
-1,-1,,,264169.70000005,1,1764752856284
-1,-1,,,264284.50000012,1,1764752856399
-1,-1,,,264414.4000001,1,1764752856529
-1,-1,,,264549.10000014,1,1764752856664
-1,-1,,,264662.50000012,1,1764752856777
-1,-1,,,264777.4000001,1,1764752856892
-1,-1,,,264890.30000007,1,1764752857005
-1,-1,,,265002.00000012,1,1764752857117
-1,-1,,,265115.70000005,1,1764752857230
-1,-1,,,265232.80000007,1,1764752857348
-1,-1,,,265348.00000012,1,1764752857463
-1,-1,,,265460.20000005,1,1764752857575
-1,-1,,,265573.9000001,1,1764752857689
-1,-1,,,265684.80000007,1,1764752857799
-1,-1,,,265797.30000007,1,1764752857912
-1,-1,,,265913.30000007,1,1764752858028
-1,-1,,,266024.30000007,1,1764752858139
-1,-1,,,266135.00000012,1,1764752858250
-1,-1,,,266245.20000005,1,1764752858360
-1,-1,,,266357.20000005,1,1764752858472
-1,-1,,,266466.30000007,1,1764752858581
-1,-1,,,266623.20000005,1,1764752858738
-1,-1,,,266729.50000012,1,1764752858844
-1,-1,,,266835.9000001,1,1764752858951
-1,-1,,,266947.30000007,1,1764752859062
-1,-1,,,267054.50000012,1,1764752859169
-1,-1,,,267169.9000001,1,1764752859285
-1,-1,,,267278.4000001,1,1764752859393
-1,-1,,,267385.20000005,1,1764752859500
-1,-1,,,267497.50000012,1,1764752859612
-1,-1,,,267608.50000012,1,1764752859723
-1,-1,,,267721.9000001,1,1764752859837
-1,-1,,,267858.20000005,1,1764752859973
-1,-1,,,267966.20000005,1,1764752860081
-1,-1,,,268112.9000001,1,1764752860228
-1,-1,,,268260.60000014,1,1764752860375
-1,-1,,,268416.60000014,1,1764752860531
-1,-1,,,268562.4000001,1,1764752860677
-1,-1,,,268705.10000014,1,1764752860820
-1,-1,,,268817.9000001,1,1764752860933
-1,-1,,,268926.80000007,1,1764752861041
-1,-1,,,269032.80000007,1,1764752861147
-1,-1,,,269144.70000005,1,1764752861259
-1,-1,,,269251.80000007,1,1764752861366
-1,-1,,,269368.30000007,1,1764752861483
-1,-1,,,269483.70000005,1,1764752861598
-1,-1,,,269594.60000014,1,1764752861709
-1,-1,,,269703.00000012,1,1764752861818
-1,-1,,,269812.70000005,1,1764752861927
-1,-1,,,269921.60000014,1,1764752862036
-1,-1,,,270040.70000005,1,1764752862155
-1,-1,,,270149.70000005,1,1764752862264
-1,-1,,,270258.30000007,1,1764752862373
-1,-1,,,270370.80000007,1,1764752862485
-1,-1,,,270481.10000014,1,1764752862596
-1,-1,,,270591.80000007,1,1764752862706
-1,-1,,,270747.10000014,1,1764752862862
-1,-1,,,270854.20000005,1,1764752862969
-1,-1,,,270967.00000012,1,1764752863082
-1,-1,,,271079.50000012,1,1764752863194
-1,-1,,,271190.10000014,1,1764752863305
-1,-1,,,271331.9000001,1,1764752863447
-1,-1,,,271447.50000012,1,1764752863562
-1,-1,,,271576.20000005,1,1764752863691
-1,-1,,,271700.10000014,1,1764752863815
-1,-1,,,271822.4000001,1,1764752863937
-1,-1,,,271937.60000014,1,1764752864052
-1,-1,,,272068.00000012,1,1764752864183
-1,-1,,,272204.4000001,1,1764752864319
-1,-1,,,272334.20000005,1,1764752864449
-1,-1,,,272455.20000005,1,1764752864570
-1,-1,,,272580.10000014,1,1764752864695
-1,-1,,,272699.70000005,1,1764752864814
-1,-1,,,272820.20000005,1,1764752864935
-1,-1,,,272956.4000001,1,1764752865071
-1,-1,,,273089.4000001,1,1764752865204
-1,-1,,,273207.80000007,1,1764752865323
-1,-1,,,273323.00000012,1,1764752865438
-1,-1,,,273437.30000007,1,1764752865552
-1,-1,,,273548.50000012,1,1764752865663
-1,-1,,,273656.9000001,1,1764752865772
-1,-1,,,273767.50000012,1,1764752865882
-1,-1,,,273879.60000014,1,1764752865994
-1,-1,,,273995.9000001,1,1764752866111
-1,-1,,,274126.9000001,1,1764752866242
-1,-1,,,274249.70000005,1,1764752866364
-1,-1,,,274363.00000012,1,1764752866478
-1,-1,,,274484.4000001,1,1764752866599
-1,-1,,,274603.9000001,1,1764752866719
-1,-1,,,274723.00000012,1,1764752866838
-1,-1,,,274851.60000014,1,1764752866966
-1,-1,,,274978.50000012,1,1764752867093
-1,-1,,,275091.10000014,1,1764752867206
-1,-1,,,275198.80000007,1,1764752867314
-1,-1,,,275317.30000007,1,1764752867432
-1,-1,,,275433.60000014,1,1764752867548
-1,-1,,,275556.30000007,1,1764752867671
638,341.03,"ournalism.",926,275689.50000012,1,1764752867804
638,194.03,"rnational",845,275803.70000005,1,1764752867919
638,179.03,"rnational",845,275917.4000001,1,1764752868032
638,179.03,"rnational",845,276028.30000007,1,1764752868143
638,179.03,"rnational",845,276137.00000012,1,1764752868252
638,179.03,"rnational",845,276249.80000007,1,1764752868365
638,179.03,"rnational",845,276361.50000012,1,1764752868476
638,179.03,"rnational",845,276472.80000007,1,1764752868588
638,179.03,"rnational",845,276595.30000007,1,1764752868711
638,179.03,"covered a",792,276717.20000005,1,1764752868832
638,179.03,"nterviews.",600,276840.4000001,1,1764752868955
638,179.03,"r morning",548,276955.30000007,1,1764752869070
638,179.03,"f stories.",494,277079.60000014,1,1764752869197
