-1,-1,,,8614.900000006,0,1764720719964
-1,-1,,,8728.200000003,1,1764720720077
-1,-1,,,8813.200000003,1,1764720720162
-1,-1,,,8916.400000006,1,1764720720265
-1,-1,,,9005.5,1,1764720720354
-1,-1,,,9096.3000000045,1,1764720720445
-1,-1,,,9171.900000006,1,1764720720520
-1,-1,,,9243.3000000045,1,1764720720592
-1,-1,,,9338.900000006,1,1764720720687
-1,-1,,,9433,1,1764720720781
-1,-1,,,9522,1,1764720720870
-1,-1,,,9608.700000003,1,1764720720957
-1,-1,,,9696.200000003,1,1764720721044
-1,-1,,,9805.8000000045,1,1764720721154
-1,-1,,,9891.5,1,1764720721240
-1,-1,,,9986.700000003,1,1764720721335
-1,-1,,,10086.100000001,1,1764720721434
-1,-1,,,10191.600000001,1,1764720721540
-1,-1,,,10295,1,1764720721643
-1,-1,,,10400.400000006,1,1764720721749
-1,-1,,,10498,1,1764720721846
-1,-1,,,10592.400000006,1,1764720721941
-1,-1,,,10683.300000004,1,1764720722031
-1,-1,,,10777,1,1764720722125
-1,-1,,,10877.900000006,1,1764720722226
-1,-1,,,10970.800000004,1,1764720722319
-1,-1,,,11073.200000003,1,1764720722421
-1,-1,,,11169.600000001,1,1764720722518
-1,-1,,,11266.700000003,1,1764720722615
-1,-1,,,11353.300000004,1,1764720722701
-1,-1,,,11439.300000004,1,1764720722787
-1,-1,,,11551.900000006,1,1764720722900
-1,-1,,,11644.5,1,1764720722993
-1,-1,,,11745.5,1,1764720723094
-1,-1,,,11842.300000004,1,1764720723191
-1,-1,,,11927,1,1764720723275
-1,-1,,,12043.100000001,1,1764720723391
-1,-1,,,12144.300000004,1,1764720723492
-1,-1,,,12231.400000006,1,1764720723580
-1,-1,,,12316.600000001,1,1764720723665
-1,-1,,,12399.900000006,1,1764720723748
-1,-1,,,12491.400000006,1,1764720723840
-1,-1,,,12569.600000001,1,1764720723918
-1,-1,,,12654.5,1,1764720724003
-1,-1,,,12736.100000001,1,1764720724084
-1,-1,,,12831.5,1,1764720724180
-1,-1,,,12918.100000001,1,1764720724266
-1,-1,,,13008.200000003,1,1764720724357
-1,-1,,,13119.300000004,1,1764720724468
-1,-1,,,13214.100000001,1,1764720724562
-1,-1,,,13329.600000001,1,1764720724679
-1,-1,,,13423.900000006,1,1764720724772
-1,-1,,,13529.100000001,1,1764720724877
-1,-1,,,13614.200000003,1,1764720724963
-1,-1,,,13704.900000006,1,1764720725053
-1,-1,,,13796.400000006,1,1764720725145
-1,-1,,,13885.100000001,1,1764720725233
-1,-1,,,13967.400000006,1,1764720725316
-1,-1,,,14063,1,1764720725411
-1,-1,,,14155.600000001,1,1764720725505
-1,-1,,,14244.800000004,1,1764720725593
-1,-1,,,14335.5,1,1764720725684
-1,-1,,,14428.200000003,1,1764720725777
-1,-1,,,14527.400000006,1,1764720725876
-1,-1,,,14628.400000006,1,1764720725977
-1,-1,,,14730.600000001,1,1764720726079
-1,-1,,,14823.600000001,1,1764720726172
-1,-1,,,14924.600000001,1,1764720726273
-1,-1,,,15030.400000006,1,1764720726378
-1,-1,,,15126.600000001,1,1764720726475
-1,-1,,,15214.5,1,1764720726563
-1,-1,,,15320.800000004,1,1764720726669
-1,-1,,,15533,1,1764720726881
-1,-1,,,15572.5,1,1764720726961
-1,-1,,,15701.899999999,1,1764720748878
-1,-1,,,15774.699999996,1,1764720748951
-1,-1,,,15868,1,1764720749044
-1,-1,,,15941.899999999,1,1764720749118
-1,-1,,,16027.899999999,1,1764720749204
-1,-1,,,16110.899999999,1,1764720749287
-1,-1,,,16230.899999999,1,1764720749407
-1,-1,,,16324.100000001,1,1764720749500
-1,-1,,,16415.699999996,1,1764720749592
-1,-1,,,16501.399999999,1,1764720749677
-1,-1,,,16577.199999996,1,1764720749753
-1,-1,,,16664.600000001,1,1764720749840
-1,-1,,,16755.699999996,1,1764720749932
-1,-1,,,16854.5,1,1764720750030
-1,-1,,,16960.199999996,1,1764720750136
-1,-1,,,17059.100000001,1,1764720750235
-1,-1,,,17155.699999996,1,1764720750332
-1,-1,,,17251.899999999,1,1764720750428
-1,-1,,,17343.699999996,1,1764720750520
-1,-1,,,17435.5,1,1764720750611
-1,-1,,,17558.5,1,1764720750734
-1,-1,,,17660.399999999,1,1764720750836
-1,-1,,,17750,1,1764720750926
-1,-1,,,17879.199999996,1,1764720751057
-1,-1,,,18004.399999999,1,1764720751181
-1,-1,,,18106.199999996,1,1764720751282
-1,-1,,,18215.699999996,1,1764720751392
-1,-1,,,18363.399999999,1,1764720751540
-1,-1,,,18480.799999997,1,1764720751657
-1,-1,,,18589.399999999,1,1764720751766
-1,-1,,,18675.100000001,1,1764720751851
-1,-1,,,18791.399999999,1,1764720751968
-1,-1,,,18882.199999996,1,1764720752058
-1,-1,,,18984.600000001,1,1764720752161
31.54,60.54,"After you ty",2,19083,1,1764720752259
98.61,30.25,"After you type you",8,19181.699999996,1,1764720752358
-1,-1,,,19271.600000001,1,1764720752448
-1,-1,,,19361,1,1764720752537
-1,-1,,,19445.799999997,1,1764720752622
-1,-1,,,19531.600000001,1,1764720752708
-1,-1,,,19618.399999999,1,1764720752794
-1,-1,,,19701.100000001,1,1764720752877
-1,-1,,,19783.100000001,1,1764720752959
-1,-1,,,19867,1,1764720753043
-1,-1,,,19946.899999999,1,1764720753123
-1,-1,,,20035.5,1,1764720753211
-1,-1,,,20114.100000001,1,1764720753290
-1,-1,,,20193.5,1,1764720753369
-1,-1,,,20303.199999996,1,1764720753479
-1,-1,,,20420.399999999,1,1764720753596
-1,-1,,,20506.299999997,1,1764720753682
-1,-1,,,20615.100000001,1,1764720753791
-1,-1,,,20720.600000001,1,1764720753897
-1,-1,,,20795.199999996,1,1764720753971
-1,-1,,,20872.5,1,1764720754049
-1,-1,,,20977.199999996,1,1764720754153
-1,-1,,,21067.399999999,1,1764720754243
-1,-1,,,21163,1,1764720754339
-1,-1,,,21263.399999999,1,1764720754439
-1,-1,,,21354.399999999,1,1764720754530
-1,-1,,,21454,1,1764720754630
-1,-1,,,21550.299999997,1,1764720754726
-1,-1,,,21660.100000001,1,1764720754836
-1,-1,,,21777.399999999,1,1764720754953
-1,-1,,,21882,1,1764720755058
-1,-1,,,21992.699999996,1,1764720755169
-1,-1,,,22092.799999997,1,1764720755269
-1,-1,,,22179,1,1764720755355
-1,-1,,,22271,1,1764720755447
-1,-1,,,22353.699999996,1,1764720755530
-1,-1,,,22428.699999996,1,1764720755605
-1,-1,,,22514.299999997,1,1764720755690
-1,-1,,,22591.100000001,1,1764720755767
-1,-1,,,22663.399999999,1,1764720755839
-1,-1,,,22739.799999997,1,1764720755916
-1,-1,,,22825.799999997,1,1764720756002
-1,-1,,,22906.100000001,1,1764720756082
-1,-1,,,23030.799999997,1,1764720756207
-1,-1,,,23132.299999997,1,1764720756308
-1,-1,,,23247.899999999,1,1764720756424
-1,-1,,,23323.399999999,1,1764720756499
-1,-1,,,23416.5,1,1764720756592
-1,-1,,,23497.5,1,1764720756673
-1,-1,,,23578.199999996,1,1764720756754
-1,-1,,,23665,1,1764720756841
-1,-1,,,23743.899999999,1,1764720756920
-1,-1,,,23826.699999996,1,1764720757003
-1,-1,,,23918.299999997,1,1764720757094
-1,-1,,,23999.399999999,1,1764720757175
-1,-1,,,24079.199999996,1,1764720757255
-1,-1,,,24156.399999999,1,1764720757332
-1,-1,,,24253.899999999,1,1764720757430
-1,-1,,,24335.600000001,1,1764720757512
-1,-1,,,24481,1,1764720757657
-1,-1,,,24607.399999999,1,1764720757783
-1,-1,,,24688.299999997,1,1764720757864
-1,-1,,,24789.399999999,1,1764720757965
-1,-1,,,24878.699999996,1,1764720758055
-1,-1,,,24972.399999999,1,1764720758148
-1,-1,,,25060.299999997,1,1764720758236
-1,-1,,,25151.399999999,1,1764720758327
-1,-1,,,25247.799999997,1,1764720758424
-1,-1,,,25334.100000001,1,1764720758510
-1,-1,,,25407.899999999,1,1764720758584
-1,-1,,,25490.699999996,1,1764720758667
-1,-1,,,25597.600000001,1,1764720758774
-1,-1,,,25717.299999997,1,1764720758893
-1,-1,,,25822.399999999,1,1764720758998
-1,-1,,,25933.799999997,1,1764720759110
-1,-1,,,26024.5,1,1764720759200
-1,-1,,,26120.699999996,1,1764720759297
-1,-1,,,26193.199999996,1,1764720759369
-1,-1,,,26290.5,1,1764720759466
-1,-1,,,26362.100000001,1,1764720759538
-1,-1,,,26437.799999997,1,1764720759614
-1,-1,,,26523.600000001,1,1764720759700
-1,-1,,,26602.899999999,1,1764720759779
-1,-1,,,26685.799999997,1,1764720759862
-1,-1,,,26779.199999996,1,1764720759955
-1,-1,,,26855.100000001,1,1764720760031
-1,-1,,,26944.699999996,1,1764720760121
-1,-1,,,27031.600000001,1,1764720760208
-1,-1,,,27105.399999999,1,1764720760281
-1,-1,,,27187.699999996,1,1764720760364
-1,-1,,,27276.5,1,1764720760452
-1,-1,,,27363.399999999,1,1764720760539
-1,-1,,,27446.699999996,1,1764720760623
-1,-1,,,27521.5,1,1764720760697
-1,-1,,,27611.799999997,1,1764720760788
-1,-1,,,27687.199999996,1,1764720760863
-1,-1,,,27769.199999996,1,1764720760945
-1,-1,,,27864.600000001,1,1764720761040
-1,-1,,,27938.5,1,1764720761114
-1,-1,,,28034.699999996,1,1764720761211
-1,-1,,,28116,1,1764720761292
-1,-1,,,28197.299999997,1,1764720761373
-1,-1,,,28288.899999999,1,1764720761465
-1,-1,,,28365,1,1764720761541
-1,-1,,,28446.799999997,1,1764720761623
-1,-1,,,28529.699999996,1,1764720761706
-1,-1,,,28608.399999999,1,1764720761784
-1,-1,,,28708.600000001,1,1764720761885
-1,-1,,,28787.100000001,1,1764720761963
-1,-1,,,28872.600000001,1,1764720762048
-1,-1,,,28957.600000001,1,1764720762134
-1,-1,,,29047.199999996,1,1764720762223
-1,-1,,,29133.5,1,1764720762309
-1,-1,,,29207.399999999,1,1764720762383
-1,-1,,,29288.899999999,1,1764720762465
-1,-1,,,29376.299999997,1,1764720762552
-1,-1,,,29462.100000001,1,1764720762639
-1,-1,,,29535.5,1,1764720762711
-1,-1,,,29617.799999997,1,1764720762794
-1,-1,,,29705.100000001,1,1764720762881
-1,-1,,,29783.299999997,1,1764720762959
-1,-1,,,29871.5,1,1764720763047
-1,-1,,,29964.100000001,1,1764720763140
-1,-1,,,30047.699999996,1,1764720763224
-1,-1,,,30148.899999999,1,1764720763325
-1,-1,,,30227.899999999,1,1764720763404
-1,-1,,,30329.600000001,1,1764720763505
-1,-1,,,30462,1,1764720763638
-1,-1,,,30560,1,1764720763736
-1,-1,,,30643.100000001,1,1764720763819
-1,-1,,,30742.299999997,1,1764720763918
-1,-1,,,30837.299999997,1,1764720764013
-1,-1,,,30925.799999997,1,1764720764102
-1,-1,,,31027.100000001,1,1764720764203
-1,-1,,,31129,1,1764720764306
-1,-1,,,31224.799999997,1,1764720764401
-1,-1,,,31322.5,1,1764720764499
-1,-1,,,31418.5,1,1764720764595
-1,-1,,,31515.699999996,1,1764720764693
-1,-1,,,31612.699999996,1,1764720764789
-1,-1,,,31718.5,1,1764720764895
-1,-1,,,31818.199999996,1,1764720764994
-1,-1,,,31910.5,1,1764720765087
-1,-1,,,31999.100000001,1,1764720765175
-1,-1,,,32091.199999996,1,1764720765267
-1,-1,,,32204.100000001,1,1764720765380
-1,-1,,,32308,1,1764720765484
-1,-1,,,32428,1,1764720765604
-1,-1,,,32518.600000001,1,1764720765695
-1,-1,,,32609.699999996,1,1764720765786
-1,-1,,,32695,1,1764720765871
-1,-1,,,32782.699999996,1,1764720765959
-1,-1,,,32859,1,1764720766035
-1,-1,,,32954.100000001,1,1764720766130
-1,-1,,,33055.299999997,1,1764720766231
-1,-1,,,33146.399999999,1,1764720766323
-1,-1,,,33251.199999996,1,1764720766427
-1,-1,,,33343,1,1764720766519
-1,-1,,,33429.899999999,1,1764720766606
-1,-1,,,33506.299999997,1,1764720766683
-1,-1,,,33588.100000001,1,1764720766764
-1,-1,,,33681.199999996,1,1764720766857
-1,-1,,,33752.299999997,1,1764720766929
-1,-1,,,33841.699999996,1,1764720767018
-1,-1,,,33925.100000001,1,1764720767101
-1,-1,,,34015.600000001,1,1764720767192
-1,-1,,,34108.899999999,1,1764720767285
-1,-1,,,34214,1,1764720767390
-1,-1,,,34307.399999999,1,1764720767483
-1,-1,,,34402.899999999,1,1764720767579
-1,-1,,,34493.199999996,1,1764720767669
-1,-1,,,34605,1,1764720767781
-1,-1,,,34724.199999996,1,1764720767900
-1,-1,,,34838.199999996,1,1764720768014
-1,-1,,,34940.199999996,1,1764720768116
-1,-1,,,35051.899999999,1,1764720768228
-1,-1,,,35139.600000001,1,1764720768315
-1,-1,,,35230.100000001,1,1764720768406
-1,-1,,,35318.299999997,1,1764720768494
-1,-1,,,35409.799999997,1,1764720768586
-1,-1,,,35485.199999996,1,1764720768661
-1,-1,,,35592.899999999,1,1764720768769
-1,-1,,,35681.199999996,1,1764720768857
-1,-1,,,35755.899999999,1,1764720768932
-1,-1,,,35838.199999996,1,1764720769014
-1,-1,,,35920.799999997,1,1764720769097
-1,-1,,,36009.299999997,1,1764720769185
-1,-1,,,36108,1,1764720769284
-1,-1,,,36198,1,1764720769374
-1,-1,,,36290.799999997,1,1764720769467
-1,-1,,,36369,1,1764720769545
-1,-1,,,36452.699999996,1,1764720769629
116.2,8.56,"After you type your",10,36546.100000001,1,1764720769722
-1,-1,,,36620,1,1764720769796
-1,-1,,,36702.199999996,1,1764720769878
497.83,11.84,"se wait patiently. I",44,36785.600000001,1,1764720769962
601.48,13.02,"tiently. It might ta",54,36871.600000001,1,1764720770048
465.34,19.74,"lease wait patiently",41,36954.699999996,1,1764720770131
619.06,12.3,"iently. It might tak",55,37036.199999996,1,1764720770212
-1,-1,,,37124.600000001,1,1764720770300
-1,-1,,,37208.399999999,1,1764720770384
-1,-1,,,37286.199999996,1,1764720770462
-1,-1,,,37383.399999999,1,1764720770559
-1,-1,,,37454.399999999,1,1764720770630
-1,-1,,,37535.199999996,1,1764720770711
-1,-1,,,37616,1,1764720770792
-1,-1,,,37704.799999997,1,1764720770881
-1,-1,,,37787.799999997,1,1764720770964
-1,-1,,,37869.100000001,1,1764720771045
-1,-1,,,37960.799999997,1,1764720771137
-1,-1,,,38040.299999997,1,1764720771216
-1,-1,,,38121.799999997,1,1764720771298
-1,-1,,,38205.699999996,1,1764720771382
-1,-1,,,38298.399999999,1,1764720771474
-1,-1,,,38369.5,1,1764720771545
-1,-1,,,38452,1,1764720771628
-1,-1,,,38533.899999999,1,1764720771710
-1,-1,,,38674.299999997,1,1764720771850
-1,-1,,,38763.799999997,1,1764720771940
-1,-1,,,38864.399999999,1,1764720772040
-1,-1,,,38958.600000001,1,1764720772135
-1,-1,,,39050.799999997,1,1764720772227
-1,-1,,,39142.299999997,1,1764720772318
-1,-1,,,39243.399999999,1,1764720772419
-1,-1,,,39327.399999999,1,1764720772503
-1,-1,,,39414.399999999,1,1764720772590
-1,-1,,,39511.199999996,1,1764720772687
-1,-1,,,39594.799999997,1,1764720772771
-1,-1,,,39674.600000001,1,1764720772850
-1,-1,,,39747.899999999,1,1764720772924
-1,-1,,,39840.299999997,1,1764720773016
-1,-1,,,39922.299999997,1,1764720773098
-1,-1,,,40005.299999997,1,1764720773181
-1,-1,,,40087.5,1,1764720773264
-1,-1,,,40168,1,1764720773344
-1,-1,,,40250.799999997,1,1764720773427
-1,-1,,,40343.5,1,1764720773519
-1,-1,,,40414.5,1,1764720773591
-1,-1,,,40503.5,1,1764720773680
-1,-1,,,40591.199999996,1,1764720773767
-1,-1,,,40675.399999999,1,1764720773851
-1,-1,,,40759.100000001,1,1764720773935
-1,-1,,,40848,1,1764720774024
-1,-1,,,40930.799999997,1,1764720774107
-1,-1,,,41021.5,1,1764720774197
-1,-1,,,41104.5,1,1764720774280
-1,-1,,,41196,1,1764720774372
-1,-1,,,41284.600000001,1,1764720774461
-1,-1,,,41394.699999996,1,1764720774571
-1,-1,,,41502.100000001,1,1764720774678
-1,-1,,,41593.699999996,1,1764720774770
-1,-1,,,41685.699999996,1,1764720774862
-1,-1,,,41787.699999996,1,1764720774964
342.98,24.88,"question, please wai",30,41883.699999996,1,1764720775060
511.4,60.16,"wait patiently. It",46,41975.699999996,1,1764720775152
595.93,105.64,"swer. The AI's respo",128,42071.799999997,1,1764720775248
661.04,149.13,"The AI's response wi",134,42165.600000001,1,1764720775342
631.36,176.69,"up here.",160,42267.899999999,1,1764720775444
540.8,159.31,"up here.",160,42369.699999996,1,1764720775546
503.82,107.44,"their answer. The AI",120,42455.699999996,1,1764720775632
570.33,143.25,"answer. The AI's res",126,42552.299999997,1,1764720775728
472.88,131.58,"ng their answer. The",117,42635.199999996,1,1764720775811
397.05,80.46,"enerating their answ",110,42741.5,1,1764720775918
358.22,45.97,"estion, please wait",32,42828.5,1,1764720776005
259.38,80.85,"to finish generatin",98,42906.199999996,1,1764720776082
237.85,100.99,"AI to finish generat",96,42988.799999997,1,1764720776165
261.83,77.83,"e your question, ple",23,43112.5,1,1764720776289
192.84,28.3,"ou type your questio",17,43237,1,1764720776413
-1,-1,,,43373.299999997,1,1764720776550
-1,-1,,,43533.399999999,1,1764720776709
161.3,39.06,"r you type your ques",14,43665,1,1764720776842
145.18,74.36,"ter you type your qu",12,43773.799999997,1,1764720776950
121.13,14.38,"After you type your",10,43874.399999999,1,1764720777051
-1,-1,,,43975.100000001,1,1764720777151
-1,-1,,,44062.799999997,1,1764720777239
-1,-1,,,44164,1,1764720777340
-1,-1,,,44254.799999997,1,1764720777431
-1,-1,,,44343.399999999,1,1764720777520
-1,-1,,,44425.399999999,1,1764720777601
-1,-1,,,44501,1,1764720777677
-1,-1,,,44588.399999999,1,1764720777764
-1,-1,,,44677.299999997,1,1764720777853
-1,-1,,,44782.5,1,1764720777959
-1,-1,,,44867.600000001,1,1764720778044
-1,-1,,,44970.899999999,1,1764720778147
-1,-1,,,45086.399999999,1,1764720778262
-1,-1,,,45191,1,1764720778367
-1,-1,,,45327.799999997,1,1764720778504
-1,-1,,,45422.5,1,1764720778598
-1,-1,,,45595.899999999,1,1764720778772
-1,-1,,,45710.299999997,1,1764720778886
-1,-1,,,45816.899999999,1,1764720778994
-1,-1,,,45915.699999996,1,1764720779092
-1,-1,,,46004.299999997,1,1764720779180
-1,-1,,,46098.5,1,1764720779275
-1,-1,,,46189.600000001,1,1764720779366
-1,-1,,,46284.799999997,1,1764720779461
-1,-1,,,46383,1,1764720779559
-1,-1,,,46471.600000001,1,1764720779648
-1,-1,,,46571,1,1764720779747
-1,-1,,,46652.399999999,1,1764720779829
-1,-1,,,46750.799999997,1,1764720779927
-1,-1,,,46838.799999997,1,1764720780015
-1,-1,,,46941.199999996,1,1764720780117
-1,-1,,,47023,1,1764720780199
-1,-1,,,47114.5,1,1764720780291
-1,-1,,,47201.5,1,1764720780378
-1,-1,,,47284.600000001,1,1764720780461
-1,-1,,,47369,1,1764720780545
-1,-1,,,47467.799999997,1,1764720780644
-1,-1,,,47550.199999996,1,1764720780726
-1,-1,,,47624.399999999,1,1764720780800
-1,-1,,,47708.600000001,1,1764720780885
-1,-1,,,47781.699999996,1,1764720780958
-1,-1,,,47882.5,1,1764720781058
-1,-1,,,47972.399999999,1,1764720781148
-1,-1,,,48049,1,1764720781225
-1,-1,,,48134,1,1764720781310
-1,-1,,,48220.199999996,1,1764720781396
-1,-1,,,48304.899999999,1,1764720781481
-1,-1,,,48413.899999999,1,1764720781590
-1,-1,,,48505.199999996,1,1764720781681
-1,-1,,,48602.5,1,1764720781778
-1,-1,,,48693.799999997,1,1764720781870
-1,-1,,,48793.5,1,1764720781970
-1,-1,,,48880.100000001,1,1764720782056
228.24,0.67,"type your question,",20,48974.799999997,1,1764720782151
-1,-1,,,49048.699999996,1,1764720782225
-1,-1,,,49135.299999997,1,1764720782311
-1,-1,,,49232.899999999,1,1764720782409
-1,-1,,,49317.799999997,1,1764720782494
-1,-1,,,49406.899999999,1,1764720782583
-1,-1,,,49486.100000001,1,1764720782662
-1,-1,,,49566.699999996,1,1764720782743
-1,-1,,,49648.299999997,1,1764720782825
-1,-1,,,49728.299999997,1,1764720782904
-1,-1,,,49827.899999999,1,1764720783004
-1,-1,,,49917,1,1764720783093
-1,-1,,,49999.5,1,1764720783176
-1,-1,,,50079.100000001,1,1764720783255
-1,-1,,,50171.299999997,1,1764720783347
-1,-1,,,50251.100000001,1,1764720783427
-1,-1,,,50337.899999999,1,1764720783514
-1,-1,,,50421,1,1764720783597
-1,-1,,,50498.299999997,1,1764720783675
-1,-1,,,50582.299999997,1,1764720783758
-1,-1,,,50670.699999996,1,1764720783847
-1,-1,,,50747.899999999,1,1764720783924
-1,-1,,,50835.299999997,1,1764720784011
-1,-1,,,50910.799999997,1,1764720784087
-1,-1,,,50994.600000001,1,1764720784171
-1,-1,,,51086.899999999,1,1764720784263
-1,-1,,,51171.399999999,1,1764720784348
-1,-1,,,51254.399999999,1,1764720784430
-1,-1,,,51333.199999996,1,1764720784509
-1,-1,,,51427.799999997,1,1764720784604
-1,-1,,,51497.199999996,1,1764720784673
-1,-1,,,51582.899999999,1,1764720784759
-1,-1,,,51671.899999999,1,1764720784848
-1,-1,,,51744.799999997,1,1764720784921
-1,-1,,,51877.199999996,1,1764720785053
-1,-1,,,52081.5,0,1764720785257
-1,-1,,,52321.5,0,1764720785497
-1,-1,,,52459.699999996,1,1764720785636
-1,-1,,,52602.899999999,1,1764720785779
-1,-1,,,52776.199999996,0,1764720785952
-1,-1,,,53025.600000001,0,1764720786202
-1,-1,,,53151.699999996,1,1764720786328
-1,-1,,,53261,1,1764720786437
-1,-1,,,54065.699999996,0,1764720787242
-1,-1,,,54353.799999997,0,1764720787530
-1,-1,,,55044.799999997,0,1764720788221
-1,-1,,,55205.100000001,0,1764720788381
-1,-1,,,55310.699999996,1,1764720788487
-1,-1,,,55391.299999997,1,1764720788567
-1,-1,,,55462.199999996,1,1764720788638
-1,-1,,,55548,1,1764720788724
-1,-1,,,55637.899999999,1,1764720788814
-1,-1,,,55732,1,1764720788908
-1,-1,,,55823.299999997,1,1764720789000
-1,-1,,,55898.399999999,1,1764720789075
-1,-1,,,55979.5,1,1764720789156
-1,-1,,,56063.799999997,1,1764720789240
-1,-1,,,56152.600000001,1,1764720789328
-1,-1,,,56232.399999999,1,1764720789408
-1,-1,,,56315.399999999,1,1764720789491
-1,-1,,,56395.100000001,1,1764720789571
-1,-1,,,56477.399999999,1,1764720789653
-1,-1,,,56622.100000001,1,1764720789799
-1,-1,,,56722.100000001,1,1764720789898
-1,-1,,,56799.799999997,1,1764720789976
-1,-1,,,56896.5,1,1764720790072
-1,-1,,,56993.799999997,1,1764720790170
-1,-1,,,57086.299999997,1,1764720790262
-1,-1,,,57189.399999999,1,1764720790365
-1,-1,,,57295.600000001,1,1764720790471
-1,-1,,,57379.5,1,1764720790555
-1,-1,,,57468.899999999,1,1764720790646
-1,-1,,,57549.899999999,1,1764720790726
-1,-1,,,57627.600000001,1,1764720790804
-1,-1,,,57714.899999999,1,1764720790891
-1,-1,,,57794.399999999,1,1764720790971
-1,-1,,,57928.799999997,1,1764720791105
-1,-1,,,58024.299999997,1,1764720791200
-1,-1,,,58095.100000001,1,1764720791271
-1,-1,,,58192.5,1,1764720791368
-1,-1,,,58271.5,1,1764720791447
-1,-1,,,58350.199999996,1,1764720791526
-1,-1,,,58430.399999999,1,1764720791607
-1,-1,,,58528.299999997,1,1764720791704
-1,-1,,,58615.899999999,1,1764720791792
-1,-1,,,58696,1,1764720791872
-1,-1,,,58778.299999997,1,1764720791955
-1,-1,,,58871,1,1764720792047
-1,-1,,,58948.299999997,1,1764720792125
-1,-1,,,59038.799999997,1,1764720792215
-1,-1,,,59115.100000001,1,1764720792291
-1,-1,,,59203.299999997,1,1764720792380
97.34,97.31,"minute for AI to f",83,59292.799999997,1,1764720792469
-1,-1,,,59397.5,1,1764720792573
-1,-1,,,59487,1,1764720792663
-1,-1,,,59592.600000001,1,1764720792769
-1,-1,,,59700.299999997,1,1764720792876
96.64,21.88,"After you type you",8,59804.5,1,1764720792981
88.49,60.75,"After you type yo",7,59916.799999997,1,1764720793093
222.51,495.91,"up here.",160,60024.399999999,1,1764720793201
-1,-1,,,60118.600000001,1,1764720793295
-1,-1,,,60204.899999999,1,1764720793381
-1,-1,,,60412.899999999,1,1764720793589
-1,-1,,,60556.299999997,1,1764720793732
-1,-1,,,60674.5,1,1764720793850
-1,-1,,,60774.799999997,1,1764720793951
-1,-1,,,60870.399999999,1,1764720794046
-1,-1,,,60982.899999999,1,1764720794159
-1,-1,,,61087.799999997,1,1764720794264
-1,-1,,,61179.100000001,1,1764720794355
-1,-1,,,61272.600000001,1,1764720794448
-1,-1,,,61378.5,1,1764720794554
-1,-1,,,61470.600000001,1,1764720794647
223.61,259.53,"up here.",160,61566.600000001,1,1764720794743
211.49,228.48,"up here.",160,61666.399999999,1,1764720794843
114.29,230.31,"up here.",160,61761.899999999,1,1764720794938
50.7,193.03,"up here.",156,61873,1,1764720795049
19.04,191.83,"up here.",153,61974.199999996,1,1764720795150
10.2,159.68,"will show",152,62062.5,1,1764720795239
-1,-1,,,62165.399999999,1,1764720795342
-1,-1,,,62274.399999999,1,1764720795451
-1,-1,,,62381.299999997,1,1764720795557
22.23,212.76,"up here.",153,62485,1,1764720795661
-1,-1,,,62580.799999997,1,1764720795757
-1,-1,,,62692.5,1,1764720795869
-1,-1,,,62791.100000001,1,1764720795967
-1,-1,,,62878.100000001,1,1764720796054
-1,-1,,,62989.100000001,1,1764720796165
-1,-1,,,63076.899999999,1,1764720796253
-1,-1,,,63166.799999997,1,1764720796343
-1,-1,,,63248.899999999,1,1764720796425
-1,-1,,,63333.100000001,1,1764720796509
-1,-1,,,63416.5,1,1764720796593
-1,-1,,,63501.600000001,1,1764720796678
-1,-1,,,63606,1,1764720796783
-1,-1,,,63701.199999996,1,1764720796877
-1,-1,,,63786.100000001,1,1764720796964
-1,-1,,,63871.199999996,1,1764720797047
-1,-1,,,63964.5,1,1764720797141
-1,-1,,,64141.5,1,1764720797318
-1,-1,,,64302.899999999,1,1764720797481
-1,-1,,,64455.600000001,1,1764720797632
-1,-1,,,64561.5,1,1764720797737
-1,-1,,,64674.5,1,1764720797850
-1,-1,,,64768.5,1,1764720797944
-1,-1,,,64861,1,1764720798037
-1,-1,,,64943.799999997,1,1764720798120
-1,-1,,,65032.899999999,1,1764720798209
-1,-1,,,65119.799999997,1,1764720798296
236.99,3.46,"the Pirates of the C",21,65222.600000001,1,1764720798399
199.53,25,"how the Pirates of t",17,65315.899999999,1,1764720798492
141.13,43.85,"re's how the Pirates",12,65424.399999999,1,1764720798601
48.56,14.2,"Here's how the",4,65532.899999999,1,1764720798709
-1,-1,,,65635.199999996,1,1764720798811
-1,-1,,,65746.100000001,1,1764720798922
-1,-1,,,65839.600000001,1,1764720799015
-1,-1,,,65936.100000001,1,1764720799112
-1,-1,,,66029.399999999,1,1764720799205
-1,-1,,,66118,1,1764720799294
-1,-1,,,66229.600000001,1,1764720799405
-1,-1,,,66325.699999996,1,1764720799502
-1,-1,,,66443.100000001,1,1764720799619
-1,-1,,,66541,1,1764720799717
-1,-1,,,66637.100000001,1,1764720799813
-1,-1,,,66734.199999996,1,1764720799910
-1,-1,,,66836,1,1764720800012
-1,-1,,,66925.899999999,1,1764720800102
-1,-1,,,67022.299999997,1,1764720800198
-1,-1,,,67115.5,1,1764720800292
-1,-1,,,67214.399999999,1,1764720800390
-1,-1,,,67333.799999997,1,1764720800510
-1,-1,,,67444.399999999,1,1764720800620
-1,-1,,,67549,1,1764720800725
-1,-1,,,67644.100000001,1,1764720800820
-1,-1,,,67747.899999999,1,1764720800924
-1,-1,,,67845.100000001,1,1764720801021
-1,-1,,,67937.5,1,1764720801113
-1,-1,,,68038.5,1,1764720801214
-1,-1,,,68132.100000001,1,1764720801308
-1,-1,,,68233.600000001,1,1764720801409
-1,-1,,,68342.899999999,1,1764720801519
-1,-1,,,68481,1,1764720801657
-1,-1,,,68583.699999996,1,1764720801760
-1,-1,,,68686.799999997,1,1764720801863
-1,-1,,,68797.600000001,1,1764720801973
-1,-1,,,68898.600000001,1,1764720802074
-1,-1,,,69006.399999999,1,1764720802182
-1,-1,,,69105,1,1764720802281
-1,-1,,,69208.699999996,1,1764720802385
-1,-1,,,69312.5,1,1764720802488
-1,-1,,,69415.699999996,1,1764720802592
-1,-1,,,69519.899999999,1,1764720802696
-1,-1,,,69619.100000001,1,1764720802795
-1,-1,,,69717,1,1764720802893
-1,-1,,,69823.5,1,1764720802999
-1,-1,,,69919.199999996,1,1764720803095
-1,-1,,,70019,1,1764720803195
-1,-1,,,70121.799999997,1,1764720803298
-1,-1,,,70229.899999999,1,1764720803406
-1,-1,,,70332,1,1764720803508
-1,-1,,,70445.299999997,1,1764720803621
-1,-1,,,70542.799999997,1,1764720803719
-1,-1,,,70652.100000001,1,1764720803828
-1,-1,,,70750.299999997,1,1764720803926
-1,-1,,,70850.299999997,1,1764720804026
-1,-1,,,70974.600000001,1,1764720804151
-1,-1,,,71073.399999999,1,1764720804249
-1,-1,,,71190,1,1764720804366
-1,-1,,,71308.100000001,1,1764720804484
-1,-1,,,71414.199999996,1,1764720804590
-1,-1,,,71521.100000001,1,1764720804697
-1,-1,,,71627.299999997,1,1764720804803
-1,-1,,,71731.699999996,1,1764720804908
-1,-1,,,71830.5,1,1764720805006
-1,-1,,,71928.100000001,1,1764720805104
-1,-1,,,72034.399999999,1,1764720805210
-1,-1,,,72140.899999999,1,1764720805317
-1,-1,,,72229,1,1764720805405
-1,-1,,,72345,1,1764720805522
-1,-1,,,72451.5,1,1764720805628
-1,-1,,,72545.5,1,1764720805722
38.94,391.77,"potential for",294,72643.799999997,1,1764720805820
13,436.61,"sful film",363,72739.199999996,1,1764720805916
85.13,505.09,"attractions like",441,72830.600000001,1,1764720806007
-1,-1,,,72923.799999997,1,1764720806100
-1,-1,,,73018.799999997,1,1764720806195
-1,-1,,,73144.799999997,1,1764720806321
-1,-1,,,73264.199999996,1,1764720806440
-1,-1,,,73377.600000001,1,1764720806554
-1,-1,,,73478.699999996,1,1764720806655
-1,-1,,,73575.399999999,1,1764720806751
-1,-1,,,73676.600000001,1,1764720806853
-1,-1,,,73778.799999997,1,1764720806955
-1,-1,,,73893.299999997,1,1764720807069
-1,-1,,,73996.600000001,1,1764720807173
-1,-1,,,74097.299999997,1,1764720807273
-1,-1,,,74219.5,1,1764720807395
-1,-1,,,74335.799999997,1,1764720807513
-1,-1,,,74472,1,1764720807648
-1,-1,,,74587,1,1764720807764
-1,-1,,,74706.299999997,1,1764720807883
-1,-1,,,74804.399999999,1,1764720807981
-1,-1,,,74855.699999996,1,1764720808153
-1,-1,,,75023.499999993,1,1764720837535
-1,-1,,,75137.999999993,1,1764720837650
-1,-1,,,75271.79999999,1,1764720837780
-1,-1,,,75392.199999996,1,1764720837901
-1,-1,,,75500.399999991,1,1764720838009
-1,-1,,,75598.29999999,1,1764720838107
-1,-1,,,75691.099999994,1,1764720838200
-1,-1,,,75801.599999994,1,1764720838310
-1,-1,,,75910.999999993,1,1764720838420
-1,-1,,,76023.399999991,1,1764720838532
-1,-1,,,76120.499999993,1,1764720838629
-1,-1,,,76226.099999994,1,1764720838735
-1,-1,,,76333.899999991,1,1764720838842
-1,-1,,,76438.699999996,1,1764720838947
-1,-1,,,76544.599999994,1,1764720839052
-1,-1,,,76648.999999993,1,1764720839157
-1,-1,,,76755.699999996,1,1764720839265
-1,-1,,,76857.399999991,1,1764720839366
-1,-1,,,76981.999999993,1,1764720839490
-1,-1,,,77111.999999993,1,1764720839620
-1,-1,,,77232.999999993,1,1764720839741
-1,-1,,,77340.699999996,1,1764720839849
-1,-1,,,77450.599999994,1,1764720839959
-1,-1,,,77584.699999996,1,1764720840093
-1,-1,,,77676.499999993,1,1764720840185
-1,-1,,,77766.699999996,1,1764720840275
-1,-1,,,77862.999999993,1,1764720840371
-1,-1,,,77953.599999994,1,1764720840462
-1,-1,,,78051.199999996,1,1764720840559
-1,-1,,,78156.899999991,1,1764720840666
-1,-1,,,78263.699999996,1,1764720840773
-1,-1,,,78378.899999991,1,1764720840887
-1,-1,,,78481.599999994,1,1764720840990
-1,-1,,,78582.29999999,1,1764720841091
-1,-1,,,78684.899999991,1,1764720841193
-1,-1,,,78793.29999999,1,1764720841302
-1,-1,,,78901.29999999,1,1764720841410
-1,-1,,,79022.599999994,1,1764720841532
-1,-1,,,79145.599999994,1,1764720841654
-1,-1,,,79256.29999999,1,1764720841766
-1,-1,,,79373.79999999,1,1764720841882
-1,-1,,,79482.599999994,1,1764720841991
-1,-1,,,79592.099999994,1,1764720842101
-1,-1,,,79693.899999991,1,1764720842202
-1,-1,,,79805.79999999,1,1764720842314
-1,-1,,,79922.999999993,1,1764720842431
-1,-1,,,80045.099999994,1,1764720842553
-1,-1,,,80151.699999996,1,1764720842660
-1,-1,,,80252.199999996,1,1764720842761
-1,-1,,,80373.199999996,1,1764720842881
-1,-1,,,80483.29999999,1,1764720842991
-1,-1,,,80587.599999994,1,1764720843096
-1,-1,,,80702.999999993,1,1764720843211
-1,-1,,,80809.699999996,1,1764720843318
-1,-1,,,80924.699999996,1,1764720843433
-1,-1,,,81039.29999999,1,1764720843547
-1,-1,,,81159.199999996,1,1764720843668
-1,-1,,,81271.599999994,1,1764720843779
-1,-1,,,81387.599999994,1,1764720843895
-1,-1,,,81501.699999996,1,1764720844009
-1,-1,,,81608.099999994,1,1764720844116
-1,-1,,,81714.199999996,1,1764720844222
-1,-1,,,81817.199999996,1,1764720844325
-1,-1,,,81915.499999993,1,1764720844423
-1,-1,,,82043.199999996,1,1764720844551
-1,-1,,,82148.499999993,1,1764720844656
-1,-1,,,82250.79999999,1,1764720844759
-1,-1,,,82357.099999994,1,1764720844865
-1,-1,,,82465.599999994,1,1764720844973
-1,-1,,,82570.499999993,1,1764720845079
-1,-1,,,82674.499999993,1,1764720845182
-1,-1,,,82792.29999999,1,1764720845300
-1,-1,,,82910.599999994,1,1764720845419
-1,-1,,,83034.79999999,1,1764720845543
-1,-1,,,83152.79999999,1,1764720845661
-1,-1,,,83272.999999993,1,1764720845781
-1,-1,,,83386.79999999,1,1764720845895
-1,-1,,,83491.79999999,1,1764720846000
-1,-1,,,83617.399999991,1,1764720846125
-1,-1,,,83738.899999991,1,1764720846247
-1,-1,,,83846.599999994,1,1764720846354
625.21,49.71,"eries transformed Di",56,83980.79999999,1,1764720846489
544.34,76.54,"film series transfo",49,84103.999999993,1,1764720846612
567.16,90.12,"long-term legacy of",124,84218.29999999,1,1764720846726
502.27,14.24,"bean film series tra",45,84367.199999996,1,1764720846876
426.65,6.84,"e Caribbean film ser",38,84521.699999996,1,1764720847034
352.79,57.13,"s of the Caribbean f",31,84669.499999993,1,1764720847178
-1,-1,,,84801.499999993,1,1764720847309
-1,-1,,,84927.999999993,1,1764720847436
-1,-1,,,85042.29999999,1,1764720847550
-1,-1,,,85152.699999996,1,1764720847661
-1,-1,,,85268.099999994,1,1764720847776
-1,-1,,,85371.099999994,1,1764720847879
-1,-1,,,85477.199999996,1,1764720847985
-1,-1,,,85569.79999999,1,1764720848078
-1,-1,,,85665.79999999,1,1764720848174
-1,-1,,,85757.399999991,1,1764720848265
-1,-1,,,85870.199999996,1,1764720848379
-1,-1,,,85969.999999993,1,1764720848478
-1,-1,,,86071.199999996,1,1764720848579
-1,-1,,,86163.099999994,1,1764720848671
-1,-1,,,86256.099999994,1,1764720848764
-1,-1,,,86351.599999994,1,1764720848859
-1,-1,,,86437.29999999,1,1764720848945
-1,-1,,,86539.999999993,1,1764720849048
-1,-1,,,86623.79999999,1,1764720849132
-1,-1,,,86712.999999993,1,1764720849221
-1,-1,,,86811.79999999,1,1764720849320
-1,-1,,,86907.999999993,1,1764720849416
-1,-1,,,86993.899999991,1,1764720849502
-1,-1,,,87086.899999991,1,1764720849595
-1,-1,,,87181.29999999,1,1764720849689
-1,-1,,,87286.699999996,1,1764720849795
-1,-1,,,87383.499999993,1,1764720849891
-1,-1,,,87467.899999991,1,1764720849976
-1,-1,,,87552.499999993,1,1764720850060
-1,-1,,,87640.499999993,1,1764720850148
-1,-1,,,87722.099999994,1,1764720850230
-1,-1,,,87811.79999999,1,1764720850320
-1,-1,,,87889.199999996,1,1764720850397
-1,-1,,,87980.999999993,1,1764720850489
-1,-1,,,88072.199999996,1,1764720850580
-1,-1,,,88151.29999999,1,1764720850659
-1,-1,,,88238.599999994,1,1764720850746
-1,-1,,,88317.29999999,1,1764720850825
-1,-1,,,88402.499999993,1,1764720850910
-1,-1,,,88488.999999993,1,1764720850997
-1,-1,,,88565.899999991,1,1764720851074
-1,-1,,,88643.099999994,1,1764720851151
-1,-1,,,88735.899999991,1,1764720851244
-1,-1,,,88813.79999999,1,1764720851322
-1,-1,,,88894.099999994,1,1764720851402
-1,-1,,,88978.599999994,1,1764720851487
-1,-1,,,89131.399999991,1,1764720851639
-1,-1,,,89249.999999993,1,1764720851758
-1,-1,,,89347.499999993,1,1764720851855
-1,-1,,,89443.699999996,1,1764720851952
-1,-1,,,89539.499999993,1,1764720852047
-1,-1,,,89629.399999991,1,1764720852137
-1,-1,,,89729.699999996,1,1764720852237
-1,-1,,,89823.099999994,1,1764720852331
-1,-1,,,89919.79999999,1,1764720852428
-1,-1,,,90011.499999993,1,1764720852519
-1,-1,,,90112.199999996,1,1764720852620
-1,-1,,,90189.79999999,1,1764720852697
-1,-1,,,90285.999999993,1,1764720852794
-1,-1,,,90382.699999996,1,1764720852890
-1,-1,,,90471.599999994,1,1764720852979
-1,-1,,,90550.79999999,1,1764720853059
-1,-1,,,90646.499999993,1,1764720853154
-1,-1,,,90730.399999991,1,1764720853238
-1,-1,,,90808.099999994,1,1764720853316
-1,-1,,,90895.699999996,1,1764720853403
-1,-1,,,91002.999999993,1,1764720853511
-1,-1,,,91082.999999993,1,1764720853591
-1,-1,,,91166.199999996,1,1764720853674
-1,-1,,,91255.599999994,1,1764720853763
-1,-1,,,91348.499999993,1,1764720853856
-1,-1,,,91428.999999993,1,1764720853937
-1,-1,,,91518.79999999,1,1764720854027
-1,-1,,,91603.499999993,1,1764720854111
-1,-1,,,91688.499999993,1,1764720854196
43.69,496.88,"franchises, l",366,91774.599999994,1,1764720854283
-1,-1,,,91851.399999991,1,1764720854359
-1,-1,,,91933.199999996,1,1764720854441
-1,-1,,,92024.79999999,1,1764720854533
-1,-1,,,92109.099999994,1,1764720854617
-1,-1,,,92195.899999991,1,1764720854704
-1,-1,,,92275.199999996,1,1764720854783
-1,-1,,,92411.499999993,1,1764720854919
-1,-1,,,92513.099999994,1,1764720855021
-1,-1,,,92604.999999993,1,1764720855113
-1,-1,,,92694.499999993,1,1764720855202
-1,-1,,,92769.79999999,1,1764720855278
-1,-1,,,92859.199999996,1,1764720855367
-1,-1,,,92961.29999999,1,1764720855469
-1,-1,,,93055.699999996,1,1764720855564
-1,-1,,,93141.099999994,1,1764720855649
-1,-1,,,93220.399999991,1,1764720855728
-1,-1,,,93297.899999991,1,1764720855806
-1,-1,,,93400.399999991,1,1764720855908
-1,-1,,,93492.899999991,1,1764720856001
-1,-1,,,93579.899999991,1,1764720856088
-1,-1,,,93661.999999993,1,1764720856170
-1,-1,,,93754.29999999,1,1764720856262
-1,-1,,,93829.79999999,1,1764720856338
-1,-1,,,93927.099999994,1,1764720856435
-1,-1,,,94006.099999994,1,1764720856514
-1,-1,,,94103.29999999,1,1764720856611
-1,-1,,,94180.899999991,1,1764720856689
-1,-1,,,94262.899999991,1,1764720856771
-1,-1,,,94353.999999993,1,1764720856862
-1,-1,,,94427.79999999,1,1764720856936
-1,-1,,,94513.199999996,1,1764720857021
-1,-1,,,94598.999999993,1,1764720857107
-1,-1,,,94681.099999994,1,1764720857189
-1,-1,,,94762.199999996,1,1764720857270
-1,-1,,,94843.499999993,1,1764720857351
-1,-1,,,94926.499999993,1,1764720857434
-1,-1,,,95009.79999999,1,1764720857518
-1,-1,,,95097.199999996,1,1764720857605
-1,-1,,,95179.899999991,1,1764720857688
-1,-1,,,95268.79999999,1,1764720857777
-1,-1,,,95365.499999993,1,1764720857873
-1,-1,,,95452.199999996,1,1764720857960
-1,-1,,,95530.699999996,1,1764720858038
-1,-1,,,95661.29999999,1,1764720858169
-1,-1,,,95786.999999993,1,1764720858295
-1,-1,,,95904.599999994,1,1764720858412
42.94,502.56,"attractions l",437,96021.899999991,1,1764720858530
-1,-1,,,96140.599999994,1,1764720858648
-1,-1,,,96260.699999996,1,1764720858769
-1,-1,,,96364.29999999,1,1764720858872
-1,-1,,,96446.999999993,1,1764720858955
-1,-1,,,96528.199999996,1,1764720859036
-1,-1,,,96620.29999999,1,1764720859128
-1,-1,,,96697.599999994,1,1764720859205
-1,-1,,,96781.199999996,1,1764720859289
-1,-1,,,96859.79999999,1,1764720859368
-1,-1,,,96943.399999991,1,1764720859451
-1,-1,,,97040.699999996,1,1764720859549
-1,-1,,,97130.29999999,1,1764720859638
294.41,492.96,"ing Disney to explor",389,97223.29999999,1,1764720859731
-1,-1,,,97301.699999996,1,1764720859810
-1,-1,,,97392.099999994,1,1764720859900
-1,-1,,,97485.499999993,1,1764720859993
-1,-1,,,97560.199999996,1,1764720860068
-1,-1,,,97644.999999993,1,1764720860153
-1,-1,,,97724.099999994,1,1764720860232
-1,-1,,,97805.099999994,1,1764720860313
-1,-1,,,97939.699999996,1,1764720860447
-1,-1,,,98038.79999999,1,1764720860547
-1,-1,,,98145.399999991,1,1764720860653
-1,-1,,,98247.399999991,1,1764720860755
-1,-1,,,98346.599999994,1,1764720860854
-1,-1,,,98442.399999991,1,1764720860950
-1,-1,,,98541.899999991,1,1764720861050
-1,-1,,,98630.999999993,1,1764720861139
-1,-1,,,98733.199999996,1,1764720861241
-1,-1,,,98830.79999999,1,1764720861339
-1,-1,,,98929.899999991,1,1764720861438
-1,-1,,,99039.999999993,1,1764720861548
-1,-1,,,99142.199999996,1,1764720861650
-1,-1,,,99250.599999994,1,1764720861758
-1,-1,,,99349.599999994,1,1764720861857
-1,-1,,,99447.499999993,1,1764720861955
-1,-1,,,99537.599999994,1,1764720862045
-1,-1,,,99631.899999991,1,1764720862140
-1,-1,,,99720.699999996,1,1764720862228
-1,-1,,,99816.79999999,1,1764720862325
-1,-1,,,99896.899999991,1,1764720862405
-1,-1,,,99983.79999999,1,1764720862492
-1,-1,,,100064.99999999,1,1764720862573
-1,-1,,,100144.39999999,1,1764720862652
-1,-1,,,100229.2,1,1764720862737
-1,-1,,,100313.99999999,1,1764720862822
-1,-1,,,100390.59999999,1,1764720862898
-1,-1,,,100476.89999999,1,1764720862985
-1,-1,,,100557.39999999,1,1764720863065
-1,-1,,,100659.39999999,1,1764720863167
-1,-1,,,100756.7,1,1764720863265
-1,-1,,,100855.39999999,1,1764720863363
-1,-1,,,100960.89999999,1,1764720863469
-1,-1,,,101064.89999999,1,1764720863573
-1,-1,,,101157.39999999,1,1764720863665
-1,-1,,,101239.79999999,1,1764720863748
-1,-1,,,101354.59999999,1,1764720863862
-1,-1,,,101436.79999999,1,1764720863945
-1,-1,,,101511.79999999,1,1764720864020
-1,-1,,,101605.2,1,1764720864113
-1,-1,,,101680.2,1,1764720864188
-1,-1,,,101754.2,1,1764720864262
-1,-1,,,101846.49999999,1,1764720864354
-1,-1,,,101924.29999999,1,1764720864432
-1,-1,,,102024.29999999,1,1764720864533
-1,-1,,,102109.7,1,1764720864618
-1,-1,,,102202.29999999,1,1764720864710
-1,-1,,,102285.99999999,1,1764720864794
-1,-1,,,102366.59999999,1,1764720864874
-1,-1,,,102462.49999999,1,1764720864970
-1,-1,,,102537.79999999,1,1764720865046
-1,-1,,,102622.39999999,1,1764720865130
-1,-1,,,102705.79999999,1,1764720865214
-1,-1,,,102793.49999999,1,1764720865302
-1,-1,,,102876.79999999,1,1764720865385
-1,-1,,,102957.99999999,1,1764720865466
-1,-1,,,103043.59999999,1,1764720865551
-1,-1,,,103125.49999999,1,1764720865633
-1,-1,,,103215.79999999,1,1764720865724
-1,-1,,,103291.09999999,1,1764720865799
-1,-1,,,103390.79999999,1,1764720865899
-1,-1,,,103475.29999999,1,1764720865983
-1,-1,,,103554.89999999,1,1764720866063
-1,-1,,,103699.59999999,1,1764720866207
-1,-1,,,103827.29999999,1,1764720866335
-1,-1,,,103913.09999999,1,1764720866421
-1,-1,,,103995.99999999,1,1764720866504
-1,-1,,,104076.59999999,1,1764720866584
-1,-1,,,104155.7,1,1764720866663
-1,-1,,,104240.89999999,1,1764720866749
-1,-1,,,104329.49999999,1,1764720866837
-1,-1,,,104411.99999999,1,1764720866920
-1,-1,,,104487.49999999,1,1764720866995
-1,-1,,,104572.99999999,1,1764720867081
-1,-1,,,104659.29999999,1,1764720867167
-1,-1,,,104739.7,1,1764720867247
-1,-1,,,104840.49999999,1,1764720867348
-1,-1,,,104925.99999999,1,1764720867434
-1,-1,,,105005.49999999,1,1764720867513
-1,-1,,,105092.7,1,1764720867601
-1,-1,,,105178.59999999,1,1764720867687
-1,-1,,,105268.79999999,1,1764720867777
-1,-1,,,105349.7,1,1764720867858
8.83,457.01,"sful film",363,105427.59999999,1,1764720867936
28.24,453.49,"franchises,",365,105516.09999999,1,1764720868024
-1,-1,,,105606.09999999,1,1764720868114
-1,-1,,,105696.29999999,1,1764720868204
-1,-1,,,105772.2,1,1764720868280
-1,-1,,,105861.39999999,1,1764720868369
-1,-1,,,105938.49999999,1,1764720868446
-1,-1,,,106026.89999999,1,1764720868535
-1,-1,,,106120.39999999,1,1764720868628
-1,-1,,,106206.49999999,1,1764720868714
-1,-1,,,106282.39999999,1,1764720868790
-1,-1,,,106384.79999999,1,1764720868893
-1,-1,,,106461.79999999,1,1764720868970
-1,-1,,,106543.79999999,1,1764720869052
-1,-1,,,106621.7,1,1764720869129
-1,-1,,,106703.49999999,1,1764720869211
-1,-1,,,106789.59999999,1,1764720869298
-1,-1,,,106879.99999999,1,1764720869388
-1,-1,,,106960.59999999,1,1764720869468
-1,-1,,,107051.99999999,1,1764720869560
-1,-1,,,107136.49999999,1,1764720869644
-1,-1,,,107224.29999999,1,1764720869732
-1,-1,,,107310.39999999,1,1764720869818
-1,-1,,,107386.79999999,1,1764720869895
-1,-1,,,107488.59999999,1,1764720869996
-1,-1,,,107566.7,1,1764720870074
-1,-1,,,107644.79999999,1,1764720870153
-1,-1,,,107731.79999999,1,1764720870240
-1,-1,,,107808.99999999,1,1764720870317
-1,-1,,,107901.89999999,1,1764720870410
-1,-1,,,107983.29999999,1,1764720870491
-1,-1,,,108060.79999999,1,1764720870569
-1,-1,,,108144.79999999,1,1764720870653
-1,-1,,,108221.79999999,1,1764720870730
-1,-1,,,108318.09999999,1,1764720870826
-1,-1,,,108400.09999999,1,1764720870908
-1,-1,,,108489.89999999,1,1764720870998
-1,-1,,,108575.59999999,1,1764720871083
-1,-1,,,108655.49999999,1,1764720871163
-1,-1,,,108749.49999999,1,1764720871257
-1,-1,,,108825.59999999,1,1764720871333
-1,-1,,,108925.09999999,1,1764720871433
-1,-1,,,109008.79999999,1,1764720871517
-1,-1,,,109092.99999999,1,1764720871601
-1,-1,,,109171.89999999,1,1764720871680
-1,-1,,,109262.09999999,1,1764720871770
-1,-1,,,109340.2,1,1764720871848
-1,-1,,,109424.7,1,1764720871933
-1,-1,,,109506.99999999,1,1764720872015
-1,-1,,,109602.99999999,1,1764720872111
-1,-1,,,109694.09999999,1,1764720872202
-1,-1,,,109778.59999999,1,1764720872287
-1,-1,,,109868.79999999,1,1764720872377
-1,-1,,,109949.39999999,1,1764720872457
-1,-1,,,110033.7,1,1764720872541
-1,-1,,,110121.2,1,1764720872629
-1,-1,,,110216.99999999,1,1764720872725
-1,-1,,,110317.79999999,1,1764720872826
-1,-1,,,110419.89999999,1,1764720872928
-1,-1,,,110517.89999999,1,1764720873026
-1,-1,,,110618.49999999,1,1764720873126
-1,-1,,,110712.89999999,1,1764720873221
-1,-1,,,110807.79999999,1,1764720873316
-1,-1,,,110906.29999999,1,1764720873414
-1,-1,,,111003.49999999,1,1764720873511
-1,-1,,,111107.59999999,1,1764720873615
-1,-1,,,111215.89999999,1,1764720873724
-1,-1,,,111333.99999999,1,1764720873842
-1,-1,,,111455.59999999,1,1764720873963
-1,-1,,,111557.49999999,1,1764720874065
-1,-1,,,111654.2,1,1764720874162
-1,-1,,,111754.2,1,1764720874262
-1,-1,,,111852.79999999,1,1764720874361
-1,-1,,,111950.89999999,1,1764720874459
-1,-1,,,112052.29999999,1,1764720874560
-1,-1,,,112151.59999999,1,1764720874659
-1,-1,,,112274.29999999,1,1764720874782
-1,-1,,,112381.89999999,1,1764720874890
-1,-1,,,112480.49999999,1,1764720874988
-1,-1,,,112574.49999999,1,1764720875082
-1,-1,,,112674.79999999,1,1764720875183
-1,-1,,,112781.99999999,1,1764720875290
-1,-1,,,112880.79999999,1,1764720875389
-1,-1,,,112976.2,1,1764720875484
-1,-1,,,113078.7,1,1764720875587
-1,-1,,,113184.2,1,1764720875692
-1,-1,,,113307.89999999,1,1764720875816
-1,-1,,,113419.59999999,1,1764720875927
-1,-1,,,113528.79999999,1,1764720876037
-1,-1,,,113631.79999999,1,1764720876140
-1,-1,,,113730.2,1,1764720876238
-1,-1,,,113831.2,1,1764720876339
-1,-1,,,113927.7,1,1764720876435
-1,-1,,,114021.39999999,1,1764720876529
-1,-1,,,114123.7,1,1764720876632
-1,-1,,,114231.09999999,1,1764720876739
-1,-1,,,114333.59999999,1,1764720876841
-1,-1,,,114434.29999999,1,1764720876942
-1,-1,,,114534.79999999,1,1764720877043
-1,-1,,,114636.49999999,1,1764720877144
-1,-1,,,114737.79999999,1,1764720877246
-1,-1,,,114826.59999999,1,1764720877334
-1,-1,,,114923.49999999,1,1764720877431
-1,-1,,,115020.7,1,1764720877528
-1,-1,,,115118.49999999,1,1764720877626
-1,-1,,,115250.49999999,1,1764720877758
-1,-1,,,115356.79999999,1,1764720877865
154.82,371.11,"ments, such as the A",272,115457.79999999,1,1764720877966
132.31,276.59,"*Elevating the Narra",171,115546.39999999,1,1764720878055
104.41,220.81,"**Elevating the Nar",169,115642.49999999,1,1764720878151
49.96,216.91,"several ways:",150,115734.79999999,1,1764720878243
-1,-1,,,115828.29999999,1,1764720878337
-1,-1,,,115924.2,1,1764720878433
-1,-1,,,116028.2,1,1764720878537
-1,-1,,,116130.99999999,1,1764720878639
-1,-1,,,116220.99999999,1,1764720878729
-1,-1,,,116324.59999999,1,1764720878833
1.92,313.36,"ration of",574,116409.09999999,1,1764720878918
56.73,371.79,"themes such as",578,116518.79999999,1,1764720879027
82.4,348.34,"themes such as fa",581,116608.49999999,1,1764720879117
94.36,366.94,"themes such as fat",582,116700.39999999,1,1764720879209
71.32,362.76,"themes such as f",580,116793.59999999,1,1764720879302
174.2,391.38,"reating a sense of w",645,116891.2,1,1764720879399
161.41,412,"Creating a sense of",644,116981.7,1,1764720879490
194.69,379.91,"f wonder and awe, dr",722,117106.99999999,1,1764720879617
173.19,383.99,"aking the adventure",793,117208.89999999,1,1764720879717
182.8,369.31,"abling character gro",849,117310.79999999,1,1764720879820
189.15,381.89,"onists navigate the",991,117418.79999999,1,1764720879927
215.8,379.25,"sts navigate the cha",994,117516.59999999,1,1764720880026
227.86,396.73,"ts navigate the chal",995,117607.59999999,1,1764720880116
207.35,412.85,"ical forces.",1069,117695.79999999,1,1764720880204
221.72,405.57,"cal forces.",1070,117786.59999999,1,1764720880295
122.1,358.08,"protagonists navigat",985,117892.89999999,1,1764720880401
95.58,456.47,"mythological force",1059,117993.39999999,1,1764720880502
-1,-1,,,118091.59999999,1,1764720880599
-1,-1,,,118185.39999999,1,1764720880693
-1,-1,,,118305.79999999,1,1764720880814
-1,-1,,,118409.79999999,1,1764720880918
-1,-1,,,118507.59999999,1,1764720881015
-1,-1,,,118603.89999999,1,1764720881112
-1,-1,,,118702.2,1,1764720881210
-1,-1,,,118796.89999999,1,1764720881305
-1,-1,,,118894.99999999,1,1764720881403
-1,-1,,,118986.39999999,1,1764720881494
-1,-1,,,119083.99999999,1,1764720881592
-1,-1,,,119183.7,1,1764720881691
-1,-1,,,119286.39999999,1,1764720881794
-1,-1,,,119379.39999999,1,1764720881887
-1,-1,,,119484.29999999,1,1764720881992
-1,-1,,,119575.79999999,1,1764720882084
-1,-1,,,119667.59999999,1,1764720882175
-1,-1,,,119758.99999999,1,1764720882267
-1,-1,,,119858.39999999,1,1764720882367
-1,-1,,,119940.29999999,1,1764720882448
-1,-1,,,120048.7,1,1764720882557
35.06,370.99,"protagonists",977,120152.79999999,1,1764720882661
54.65,417.3,"mythological f",1055,120243.49999999,1,1764720882752
32.08,420.7,"mythological",1053,120340.39999999,1,1764720882848
-1,-1,,,120440.99999999,1,1764720882949
-1,-1,,,120537.39999999,1,1764720883046
-1,-1,,,120637.59999999,1,1764720883146
-1,-1,,,120725.89999999,1,1764720883234
-1,-1,,,120833.39999999,1,1764720883342
-1,-1,,,120933.7,1,1764720883443
-1,-1,,,121036.09999999,1,1764720883544
-1,-1,,,121140.59999999,1,1764720883649
-1,-1,,,121237.79999999,1,1764720883746
-1,-1,,,121335.89999999,1,1764720883844
5.28,185.98,"the film",778,121436.89999999,1,1764720883945
-1,-1,,,121545.29999999,1,1764720884054
79.03,341,"protagonists nav",981,121636.7,1,1764720884145
38.03,318.93,"provide oppor",911,121722.99999999,1,1764720884231
-1,-1,,,121812.89999999,1,1764720884321
65.64,285.67,"provide opportu",913,121915.09999999,1,1764720884423
50.8,263.06,"provide opport",912,122001.7,1,1764720884510
66.12,255.36,"* **Enabling ch",838,122092.09999999,1,1764720884600
44.21,224.29,"* **Enabling",836,122181.2,1,1764720884689
63.02,211.05,"* **Enabling ch",838,122273.99999999,1,1764720884786
68.3,161.24,"and making the",783,122377.2,1,1764720884886
93.5,280.01,"provide opportunit",916,122463.29999999,1,1764720884971
-1,-1,,,122551.59999999,1,1764720885060
-1,-1,,,122640.29999999,1,1764720885150
-1,-1,,,122735.29999999,1,1764720885244
-1,-1,,,122832.09999999,1,1764720885340
-1,-1,,,122931.7,1,1764720885441
-1,-1,,,123036.39999999,1,1764720885545
-1,-1,,,123145.39999999,1,1764720885653
-1,-1,,,123246.29999999,1,1764720885754
-1,-1,,,123353.59999999,1,1764720885862
-1,-1,,,123451.49999999,1,1764720885960
-1,-1,,,123558.39999999,1,1764720886066
-1,-1,,,123647.59999999,1,1764720886155
-1,-1,,,123748.89999999,1,1764720886257
-1,-1,,,123845.79999999,1,1764720886354
-1,-1,,,123939.29999999,1,1764720886447
-1,-1,,,124036.09999999,1,1764720886544
-1,-1,,,124143.49999999,1,1764720886652
-1,-1,,,124239.59999999,1,1764720886748
-1,-1,,,124341.79999999,1,1764720886850
-1,-1,,,124445.7,1,1764720886954
-1,-1,,,124553.7,1,1764720887062
-1,-1,,,124660.89999999,1,1764720887169
-1,-1,,,124771.49999999,1,1764720887280
-1,-1,,,124866.99999999,1,1764720887375
-1,-1,,,124967.59999999,1,1764720887476
-1,-1,,,125068.99999999,1,1764720887577
-1,-1,,,125155.79999999,1,1764720887665
-1,-1,,,125251.29999999,1,1764720887759
-1,-1,,,125356.2,1,1764720887865
-1,-1,,,125455.59999999,1,1764720887964
-1,-1,,,125542.29999999,1,1764720888050
-1,-1,,,125603.7,1,1764720888244
-1,-1,,,125866.39999999,1,1764720913564
-1,-1,,,126025.3,1,1764720913722
-1,-1,,,126164.99999999,1,1764720913862
-1,-1,,,126272.2,1,1764720913969
17.19,314.03,"provide opp",909,126386.2,1,1764720914083
-1,-1,,,126496.59999999,1,1764720914193
-1,-1,,,126598.3,1,1764720914295
6.13,306.94,"elements",908,126715.39999999,1,1764720914412
35.4,326.02,"provide oppo",910,126845.89999999,1,1764720914543
61.24,370.92,"protagonists na",980,126963.7,1,1764720914660
251.72,442.46,"al forces.",1071,127080.99999999,1,1764720914777
-1,-1,,,127184.39999999,1,1764720914881
-1,-1,,,127278.99999999,1,1764720914975
-1,-1,,,127364.09999999,1,1764720915060
-1,-1,,,127460.09999999,1,1764720915156
-1,-1,,,127555.3,1,1764720915251
-1,-1,,,127649.89999999,1,1764720915346
-1,-1,,,127748.09999999,1,1764720915444
-1,-1,,,127837.7,1,1764720915534
-1,-1,,,127931.89999999,1,1764720915628
-1,-1,,,128051.49999999,1,1764720915748
-1,-1,,,128190.09999999,1,1764720915886
-1,-1,,,128300.3,1,1764720915997
-1,-1,,,128407.49999999,1,1764720916104
180.17,445.71,"ogical forces.",1067,128500.8,1,1764720916197
143.48,419.93,"thological forces.",1063,128587.99999999,1,1764720916284
160.9,390.8,"agonists navigate th",989,128692.49999999,1,1764720916389
105.81,358.9,"protagonists naviga",984,128804.89999999,1,1764720916501
99.84,305.18,"provide opportunit",916,128904.89999999,1,1764720916601
66.79,246.92,"* **Enabling ch",838,128998.39999999,1,1764720916696
-1,-1,,,129093.8,1,1764720916790
-1,-1,,,129213.09999999,1,1764720916910
-1,-1,,,129337.3,1,1764720917034
-1,-1,,,129459.39999999,1,1764720917156
-1,-1,,,129571.59999999,1,1764720917268
-1,-1,,,129686.7,1,1764720917383
-1,-1,,,129805.8,1,1764720917502
-1,-1,,,129916.09999999,1,1764720917612
-1,-1,,,130031.89999999,1,1764720917728
-1,-1,,,130137.89999999,1,1764720917834
-1,-1,,,130232.39999999,1,1764720917929
-1,-1,,,130349.49999999,1,1764720918046
-1,-1,,,130464.8,1,1764720918161
-1,-1,,,130557.3,1,1764720918254
-1,-1,,,130651.7,1,1764720918348
-1,-1,,,130745.39999999,1,1764720918442
-1,-1,,,130842.59999999,1,1764720918539
-1,-1,,,130930.99999999,1,1764720918627
-1,-1,,,131047.8,1,1764720918744
-1,-1,,,131118.89999999,1,1764720918896
-1,-1,,,131352.49999999,1,1764720919672
-1,-1,,,131459.49999999,1,1764720919779
-1,-1,,,131572.89999999,1,1764720919892
-1,-1,,,131675.69999999,1,1764720919995
-1,-1,,,131788.49999999,1,1764720920108
-1,-1,,,131899.69999999,1,1764720920219
-1,-1,,,131999.09999999,1,1764720920319
-1,-1,,,132098.79999999,1,1764720920418
-1,-1,,,132290.39999999,1,1764720947529
-1,-1,,,132387.39999999,1,1764720947626
12.95,141.81,"the film",778,132503.19999999,1,1764720947742
-1,-1,,,132613.99999999,1,1764720947853
-1,-1,,,132711.69999999,1,1764720947951
-1,-1,,,132811.89999999,1,1764720948051
-1,-1,,,132920.09999999,1,1764720948160
-1,-1,,,133016.49999999,1,1764720948255
-1,-1,,,133111.89999999,1,1764720948351
-1,-1,,,133207.89999999,1,1764720948446
-1,-1,,,133311.39999999,1,1764720948550
-1,-1,,,133423.49999999,1,1764720948662
-1,-1,,,133545.69999999,1,1764720948784
-1,-1,,,133679.59999999,1,1764720948918
-1,-1,,,133782.69999999,1,1764720949021
-1,-1,,,133884.09999999,1,1764720949123
-1,-1,,,133998.09999999,1,1764720949237
-1,-1,,,134093.69999999,1,1764720949332
-1,-1,,,134182.29999999,1,1764720949421
-1,-1,,,134269.29999999,1,1764720949508
-1,-1,,,134357.79999999,1,1764720949597
-1,-1,,,134443.59999999,1,1764720949682
-1,-1,,,134533.29999999,1,1764720949772
-1,-1,,,134636.99999999,1,1764720949876
61.58,219.7,"* **Enabling ch",838,134726.29999999,1,1764720949965
128.25,255.76,"**Enabling characte",844,134809.39999999,1,1764720950048
121.46,244.64,"* **Enabling charact",843,134900.19999999,1,1764720950139
29.32,230.77,"* **Enabling",835,134990.69999999,1,1764720950230
166.52,269.23,"ide opportunities fo",922,135084.09999999,1,1764720950323
-1,-1,,,135176.49999999,1,1764720950415
67.55,263.81,"provide opportu",913,135255.99999999,1,1764720950495
-1,-1,,,135352.29999999,1,1764720950591
-1,-1,,,135437.09999999,1,1764720950676
-1,-1,,,135526.89999999,1,1764720950766
-1,-1,,,135620.99999999,1,1764720950860
-1,-1,,,135708.79999999,1,1764720950948
-1,-1,,,135805.79999999,1,1764720951045
-1,-1,,,135896.49999999,1,1764720951136
-1,-1,,,135994.39999999,1,1764720951233
-1,-1,,,136087.29999999,1,1764720951327
-1,-1,,,136185.69999999,1,1764720951425
-1,-1,,,136277.69999999,1,1764720951517
-1,-1,,,136375.89999999,1,1764720951615
-1,-1,,,136483.09999999,1,1764720951722
-1,-1,,,136594.19999999,1,1764720951834
-1,-1,,,136712.79999999,1,1764720951952
-1,-1,,,136815.79999999,1,1764720952055
-1,-1,,,136918.49999999,1,1764720952157
-1,-1,,,137022.59999999,1,1764720952261
-1,-1,,,137142.49999999,1,1764720952381
-1,-1,,,137237.69999999,1,1764720952476
-1,-1,,,137347.19999999,1,1764720952586
-1,-1,,,137455.29999999,1,1764720952694
-1,-1,,,137561.79999999,1,1764720952801
-1,-1,,,137667.29999999,1,1764720952906
-1,-1,,,137775.09999999,1,1764720953014
-1,-1,,,137875.89999999,1,1764720953115
-1,-1,,,137983.79999999,1,1764720953222
-1,-1,,,138088.49999999,1,1764720953327
-1,-1,,,138193.59999999,1,1764720953432
-1,-1,,,138294.39999999,1,1764720953533
121.8,49.69,"sense of wonder and",715,138395.29999999,1,1764720953634
160.17,24.5,"Creating a sense of",644,138497.59999999,1,1764720953736
252.39,9.65,"a sense of wonder a",652,138598.89999999,1,1764720953838
-1,-1,,,138710.29999999,1,1764720953949
-1,-1,,,138808.09999999,1,1764720954046
-1,-1,,,138909.69999999,1,1764720954148
-1,-1,,,139005.79999999,1,1764720954244
-1,-1,,,139100.99999999,1,1764720954339
-1,-1,,,139192.99999999,1,1764720954431
-1,-1,,,139288.49999999,1,1764720954527
-1,-1,,,139378.39999999,1,1764720954617
-1,-1,,,139475.99999999,1,1764720954715
-1,-1,,,139570.89999999,1,1764720954810
-1,-1,,,139681.19999999,1,1764720954920
-1,-1,,,139782.09999999,1,1764720955021
-1,-1,,,139879.39999999,1,1764720955118
-1,-1,,,139983.39999999,1,1764720955222
-1,-1,,,140081.79999999,1,1764720955320
-1,-1,,,140174.79999999,1,1764720955414
-1,-1,,,140265.19999999,1,1764720955504
-1,-1,,,140353.49999999,1,1764720955592
-1,-1,,,140448.39999999,1,1764720955687
-1,-1,,,140540.69999999,1,1764720955779
-1,-1,,,140644.09999999,1,1764720955882
-1,-1,,,140746.49999999,1,1764720955985
-1,-1,,,140830.19999999,1,1764720956069
-1,-1,,,140940.49999999,1,1764720956179
-1,-1,,,141032.39999999,1,1764720956271
-1,-1,,,141124.99999999,1,1764720956363
-1,-1,,,141216.19999999,1,1764720956455
-1,-1,,,141310.09999999,1,1764720956549
-1,-1,,,141410.69999999,1,1764720956649
-1,-1,,,141514.79999999,1,1764720956753
-1,-1,,,141626.09999999,1,1764720956865
-1,-1,,,141729.79999999,1,1764720956968
-1,-1,,,141831.29999999,1,1764720957070
-1,-1,,,141932.29999999,1,1764720957171
-1,-1,,,142031.69999999,1,1764720957270
-1,-1,,,142129.09999999,1,1764720957367
-1,-1,,,142220.69999999,1,1764720957459
-1,-1,,,142313.79999999,1,1764720957552
-1,-1,,,142409.69999999,1,1764720957648
-1,-1,,,142513.29999999,1,1764720957752
-1,-1,,,142679.59999999,1,1764720957919
-1,-1,,,142827.69999999,1,1764720958066
-1,-1,,,142982.19999999,1,1764720958221
-1,-1,,,143096.29999999,1,1764720958335
-1,-1,,,143221.59999999,1,1764720958460
-1,-1,,,143328.79999999,1,1764720958568
-1,-1,,,143437.59999999,1,1764720958676
54.84,38.99,"* **Creating a",634,143546.39999999,1,1764720958785
135.5,115.28,"ense of wonder and a",716,143661.89999999,1,1764720958901
415.05,12.61,"der and awe**: The f",667,143764.99999999,1,1764720959004
-1,-1,,,143867.69999999,1,1764720959106
-1,-1,,,143969.59999999,1,1764720959208
-1,-1,,,144077.09999999,1,1764720959316
-1,-1,,,144185.29999999,1,1764720959424
-1,-1,,,144294.69999999,1,1764720959533
-1,-1,,,144399.19999999,1,1764720959638
-1,-1,,,144498.09999999,1,1764720959736
-1,-1,,,144598.29999999,1,1764720959837
-1,-1,,,144701.99999999,1,1764720959940
740.19,29.76,"l elements evoke a",696,144819.79999999,1,1764720960058
577.83,139.43,"d immersive.",830,144905.29999999,1,1764720960144
498.21,218.96,"development**: The s",877,145020.39999999,1,1764720960259
249.54,279.12,"rtunities for charac",930,145117.59999999,1,1764720960357
125.27,275.11,"rovide opportunities",919,145216.79999999,1,1764720960456
147.28,236.05,"*Enabling character",846,145320.39999999,1,1764720960559
190.17,223.69,"abling character gro",849,145426.49999999,1,1764720960666
134.53,290.74,"rovide opportunities",919,145532.29999999,1,1764720960771
308.47,365.7,"al and Character Arc",1099,145637.69999999,1,1764720960877
338.57,386.86,"himself and make am",1476,145731.69999999,1,1764720960971
359.63,346,"imself and make amen",1478,145829.69999999,1,1764720961069
470.96,371.69,"Elizabeth and the w",1563,145936.39999999,1,1764720961176
531.85,439.98,"journey**:",1822,146048.49999999,1,1764720961287
524.14,372.97,"hose he cares about.",1779,146153.69999999,1,1764720961393
394.51,352.66,"ty**: Elizabeth's ch",2098,146258.19999999,1,1764720961497
403.57,395.9,"y**: Elizabeth's cha",2099,146355.39999999,1,1764720961594
325.73,429.1,"and wrong, as she n",2167,146458.19999999,1,1764720961697
305.42,464.43,"r, ultimately making",2241,146558.69999999,1,1764720961797
294.47,432.92,"ed experiences**: Th",2567,146657.59999999,1,1764720961896
173,461.8,"d experience",2626,146766.19999999,1,1764720962005
-1,-1,,,146874.09999999,1,1764720962113
-1,-1,,,146974.59999999,1,1764720962213
-1,-1,,,147060.99999999,1,1764720962299
-1,-1,,,147161.79999999,1,1764720962400
-1,-1,,,147261.09999999,1,1764720962499
-1,-1,,,147356.29999999,1,1764720962595
-1,-1,,,147460.89999999,1,1764720962699
-1,-1,,,147556.69999999,1,1764720962795
-1,-1,,,147661.39999999,1,1764720962900
-1,-1,,,147757.09999999,1,1764720962996
-1,-1,,,147856.89999999,1,1764720963095
-1,-1,,,147958.79999999,1,1764720963197
-1,-1,,,148073.09999999,1,1764720963311
-1,-1,,,148181.79999999,1,1764720963420
-1,-1,,,148275.29999999,1,1764720963514
-1,-1,,,148375.49999999,1,1764720963614
-1,-1,,,148486.69999999,1,1764720963725
-1,-1,,,148587.89999999,1,1764720963826
-1,-1,,,148703.59999999,1,1764720963942
-1,-1,,,148816.29999999,1,1764720964055
-1,-1,,,148925.99999999,1,1764720964165
-1,-1,,,149029.09999999,1,1764720964268
-1,-1,,,149125.89999999,1,1764720964364
-1,-1,,,149230.99999999,1,1764720964469
-1,-1,,,149342.29999999,1,1764720964581
-1,-1,,,149460.99999999,1,1764720964699
-1,-1,,,149569.29999999,1,1764720964808
-1,-1,,,149673.39999999,1,1764720964912
100.39,349.05,"* **The role of su",2492,149765.99999999,1,1764720965005
110.11,330.35,"* **The role of sup",2493,149858.69999999,1,1764720965098
183.2,283.36,", compassionate, and",2452,149970.39999999,1,1764720965209
346.47,244.02,", and selfless indiv",2467,150058.79999999,1,1764720965298
302.6,263.5,"nate, and selfless i",2463,150150.99999999,1,1764720965390
357.84,252.17,"and selfless indivi",2468,150236.69999999,1,1764720965476
348.76,244.55,", and selfless indiv",2467,150340.39999999,1,1764720965579
338.43,264.13,"e, and selfless indi",2466,150431.89999999,1,1764720965671
-1,-1,,,150535.29999999,1,1764720965774
-1,-1,,,150637.19999999,1,1764720965876
-1,-1,,,150733.59999999,1,1764720965972
-1,-1,,,150841.39999999,1,1764720966080
-1,-1,,,150937.89999999,1,1764720966176
-1,-1,,,151018.39999999,1,1764720966257
-1,-1,,,151108.49999999,1,1764720966347
-1,-1,,,151191.79999999,1,1764720966430
-1,-1,,,151274.89999999,1,1764720966513
-1,-1,,,151369.99999999,1,1764720966608
-1,-1,,,151465.39999999,1,1764720966704
-1,-1,,,151549.99999999,1,1764720966788
-1,-1,,,151641.69999999,1,1764720966880
-1,-1,,,151729.69999999,1,1764720966968
-1,-1,,,151823.19999999,1,1764720967062
-1,-1,,,151920.39999999,1,1764720967159
-1,-1,,,152022.29999999,1,1764720967261
-1,-1,,,152119.49999999,1,1764720967358
-1,-1,,,152214.69999999,1,1764720967453
-1,-1,,,152307.89999999,1,1764720967546
-1,-1,,,152393.99999999,1,1764720967632
-1,-1,,,152497.69999999,1,1764720967736
-1,-1,,,152601.29999999,1,1764720967840
-1,-1,,,152703.09999999,1,1764720967941
-1,-1,,,152810.69999999,1,1764720968049
-1,-1,,,152901.09999999,1,1764720968139
-1,-1,,,152988.19999999,1,1764720968227
-1,-1,,,153079.59999999,1,1764720968318
-1,-1,,,153172.39999999,1,1764720968411
-1,-1,,,153264.19999999,1,1764720968503
-1,-1,,,153360.59999999,1,1764720968599
-1,-1,,,153462.09999999,1,1764720968701
-1,-1,,,153562.59999999,1,1764720968801
-1,-1,,,153678.09999999,1,1764720968917
-1,-1,,,153784.89999999,1,1764720969023
-1,-1,,,153884.49999999,1,1764720969124
54.16,493.95,"shared experie",2615,153988.89999999,1,1764720969228
81.75,457.21,"shared experience",2618,154082.99999999,1,1764720969322
80.81,415.44,"+ **Shared",2549,154169.39999999,1,1764720969408
88.58,417.61,"+ **Shared",2549,154327.49999999,1,1764720969567
74.19,361.24,"* **The role of",2490,154542.29999999,1,1764720969782
88.76,502.16,"shared experience",2618,154676.09999999,1,1764720969915
-1,-1,,,154765.59999999,1,1764720970004
-1,-1,,,154847.89999999,1,1764720970086
-1,-1,,,154955.79999999,1,1764720970194
-1,-1,,,155034.89999999,1,1764720970273
-1,-1,,,155111.79999999,1,1764720970350
-1,-1,,,155195.89999999,1,1764720970434
-1,-1,,,155275.59999999,1,1764720970514
-1,-1,,,155361.29999999,1,1764720970600
-1,-1,,,155454.59999999,1,1764720970693
-1,-1,,,155548.29999999,1,1764720970787
-1,-1,,,155639.39999999,1,1764720970878
-1,-1,,,155725.69999999,1,1764720970964
-1,-1,,,155806.59999999,1,1764720971045
-1,-1,,,155904.59999999,1,1764720971143
-1,-1,,,155992.29999999,1,1764720971231
-1,-1,,,156085.39999999,1,1764720971324
-1,-1,,,156177.09999999,1,1764720971415
-1,-1,,,156271.99999999,1,1764720971510
-1,-1,,,156363.39999999,1,1764720971602
-1,-1,,,156451.69999999,1,1764720971690
-1,-1,,,156546.29999999,1,1764720971785
-1,-1,,,156650.09999999,1,1764720971889
-1,-1,,,156757.39999999,1,1764720971996
-1,-1,,,156853.59999999,1,1764720972092
-1,-1,,,156950.59999999,1,1764720972189
-1,-1,,,157089.99999999,1,1764720972328
-1,-1,,,157249.39999999,1,1764720972488
-1,-1,,,157389.19999999,1,1764720972628
-1,-1,,,157498.79999999,1,1764720972737
-1,-1,,,157623.59999999,1,1764720972862
-1,-1,,,157732.89999999,1,1764720972971
-1,-1,,,157836.09999999,1,1764720973074
-1,-1,,,157941.69999999,1,1764720973180
-1,-1,,,158042.89999999,1,1764720973281
-1,-1,,,158147.59999999,1,1764720973386
-1,-1,,,158223.79999999,1,1764720973462
-1,-1,,,158313.59999999,1,1764720973552
-1,-1,,,158389.89999999,1,1764720973628
-1,-1,,,158493.29999999,1,1764720973732
-1,-1,,,158583.39999999,1,1764720973822
-1,-1,,,158683.29999999,1,1764720973922
-1,-1,,,158774.59999999,1,1764720974013
-1,-1,,,158866.09999999,1,1764720974104
-1,-1,,,158945.09999999,1,1764720974184
-1,-1,,,159027.99999999,1,1764720974266
-1,-1,,,159104.19999999,1,1764720974343
-1,-1,,,159189.09999999,1,1764720974427
-1,-1,,,159272.19999999,1,1764720974511
-1,-1,,,159357.49999999,1,1764720974596
-1,-1,,,159445.19999999,1,1764720974684
-1,-1,,,159529.29999999,1,1764720974768
-1,-1,,,159631.59999999,1,1764720974870
-1,-1,,,159718.99999999,1,1764720974957
-1,-1,,,159802.09999999,1,1764720975041
-1,-1,,,159901.99999999,1,1764720975140
-1,-1,,,159986.69999999,1,1764720975225
-1,-1,,,160073.69999999,1,1764720975312
-1,-1,,,160156.49999999,1,1764720975395
-1,-1,,,160247.39999999,1,1764720975486
-1,-1,,,160325.59999999,1,1764720975564
-1,-1,,,160414.39999999,1,1764720975653
-1,-1,,,160513.49999999,1,1764720975752
-1,-1,,,160605.59999999,1,1764720975844
-1,-1,,,160689.99999999,1,1764720975928
-1,-1,,,160782.39999999,1,1764720976021
-1,-1,,,160864.19999999,1,1764720976103
-1,-1,,,160952.09999999,1,1764720976191
-1,-1,,,161039.39999999,1,1764720976278
-1,-1,,,161122.29999999,1,1764720976361
-1,-1,,,161204.49999999,1,1764720976443
-1,-1,,,161295.19999999,1,1764720976534
-1,-1,,,161386.29999999,1,1764720976625
-1,-1,,,161471.19999999,1,1764720976710
-1,-1,,,161560.59999999,1,1764720976799
-1,-1,,,161650.09999999,1,1764720976889
-1,-1,,,161752.59999999,1,1764720976991
-1,-1,,,161829.99999999,1,1764720977068
-1,-1,,,161926.99999999,1,1764720977165
-1,-1,,,162005.79999999,1,1764720977244
-1,-1,,,162098.89999999,1,1764720977337
-1,-1,,,162210.99999999,1,1764720977449
-1,-1,,,162376.09999999,1,1764720977614
-1,-1,,,162540.89999999,1,1764720977779
-1,-1,,,162662.59999999,1,1764720977901
-1,-1,,,162767.39999999,1,1764720978006
-1,-1,,,162848.49999999,1,1764720978087
-1,-1,,,162951.69999999,1,1764720978190
-1,-1,,,163030.19999999,1,1764720978269
-1,-1,,,163121.69999999,1,1764720978360
-1,-1,,,163206.29999999,1,1764720978445
-1,-1,,,163293.79999999,1,1764720978532
-1,-1,,,163375.29999999,1,1764720978614
-1,-1,,,163463.39999999,1,1764720978702
-1,-1,,,163546.29999999,1,1764720978785
-1,-1,,,163656.39999999,1,1764720978895
-1,-1,,,163742.69999999,1,1764720978981
-1,-1,,,163884.69999999,1,1764720979123
-1,-1,,,164017.09999999,1,1764720979256
-1,-1,,,164114.69999999,1,1764720979353
-1,-1,,,164221.59999999,1,1764720979460
-1,-1,,,164321.99999999,1,1764720979560
-1,-1,,,164418.79999999,1,1764720979657
-1,-1,,,164522.19999999,1,1764720979761
-1,-1,,,164633.69999999,1,1764720979872
-1,-1,,,164740.39999999,1,1764720979979
-1,-1,,,164847.89999999,1,1764720980086
-1,-1,,,164959.09999999,1,1764720980197
-1,-1,,,165060.79999999,1,1764720980299
-1,-1,,,165157.29999999,1,1764720980396
-1,-1,,,165275.69999999,1,1764720980514
-1,-1,,,165373.29999999,1,1764720980612
-1,-1,,,165475.19999999,1,1764720980714
-1,-1,,,165583.49999999,1,1764720980822
-1,-1,,,165718.29999999,1,1764720980957
-1,-1,,,165821.49999999,1,1764720981060
-1,-1,,,165926.09999999,1,1764720981165
-1,-1,,,166031.69999999,1,1764720981270
-1,-1,,,166135.39999999,1,1764720981374
-1,-1,,,166238.79999999,1,1764720981477
-1,-1,,,166336.79999999,1,1764720981575
-1,-1,,,166453.79999999,1,1764720981692
-1,-1,,,166559.39999999,1,1764720981798
-1,-1,,,166676.79999999,1,1764720981915
-1,-1,,,166792.49999999,1,1764720982031
-1,-1,,,166897.79999999,1,1764720982136
-1,-1,,,167006.59999999,1,1764720982245
-1,-1,,,167111.89999999,1,1764720982350
-1,-1,,,167215.79999999,1,1764720982454
-1,-1,,,167323.59999999,1,1764720982562
-1,-1,,,167422.79999999,1,1764720982661
-1,-1,,,167524.89999999,1,1764720982763
-1,-1,,,167638.89999999,1,1764720982877
-1,-1,,,167738.09999999,1,1764720982977
-1,-1,,,167843.59999999,1,1764720983082
-1,-1,,,167952.79999999,1,1764720983191
-1,-1,,,168058.99999999,1,1764720983298
-1,-1,,,168163.49999999,1,1764720983402
-1,-1,,,168264.69999999,1,1764720983503
-1,-1,,,168364.89999999,1,1764720983603
-1,-1,,,168470.29999999,1,1764720983709
-1,-1,,,168565.79999999,1,1764720983804
-1,-1,,,168662.09999999,1,1764720983900
-1,-1,,,168775.39999999,1,1764720984014
-1,-1,,,168886.19999999,1,1764720984125
-1,-1,,,169005.09999999,1,1764720984244
-1,-1,,,169108.19999999,1,1764720984347
-1,-1,,,169208.39999999,1,1764720984447
-1,-1,,,169310.99999999,1,1764720984549
-1,-1,,,169411.69999999,1,1764720984650
-1,-1,,,169517.89999999,1,1764720984756
-1,-1,,,169637.99999999,1,1764720984876
-1,-1,,,169747.89999999,1,1764720984986
-1,-1,,,169852.99999999,1,1764720985091
-1,-1,,,169996.39999999,1,1764720985235
-1,-1,,,170100.69999999,1,1764720985339
-1,-1,,,170207.29999999,1,1764720985446
-1,-1,,,170308.79999999,1,1764720985547
-1,-1,,,170412.59999999,1,1764720985651
-1,-1,,,170513.99999999,1,1764720985752
-1,-1,,,170627.09999999,1,1764720985865
-1,-1,,,170736.89999999,1,1764720985975
-1,-1,,,170872.89999999,1,1764720986112
-1,-1,,,170978.59999999,1,1764720986217
-1,-1,,,171077.09999999,1,1764720986316
-1,-1,,,171170.79999999,1,1764720986409
-1,-1,,,171263.49999999,1,1764720986502
-1,-1,,,171367.89999999,1,1764720986606
-1,-1,,,171464.99999999,1,1764720986703
-1,-1,,,171564.69999999,1,1764720986803
-1,-1,,,171677.49999999,1,1764720986916
-1,-1,,,171792.79999999,1,1764720987031
-1,-1,,,171903.59999999,1,1764720987142
-1,-1,,,172013.09999999,1,1764720987252
-1,-1,,,172121.49999999,1,1764720987360
-1,-1,,,172224.29999999,1,1764720987463
-1,-1,,,172326.89999999,1,1764720987565
-1,-1,,,172418.59999999,1,1764720987657
-1,-1,,,172523.99999999,1,1764720987762
-1,-1,,,172626.79999999,1,1764720987865
-1,-1,,,172729.59999999,1,1764720987968
-1,-1,,,172835.29999999,1,1764720988074
-1,-1,,,172923.99999999,1,1764720988162
-1,-1,,,173011.19999999,1,1764720988250
-1,-1,,,173096.39999999,1,1764720988335
-1,-1,,,173198.79999999,1,1764720988437
-1,-1,,,173279.29999999,1,1764720988518
-1,-1,,,173430.09999999,1,1764720988669
-1,-1,,,173612.89999999,1,1764720988851
-1,-1,,,173734.09999999,1,1764720988972
-1,-1,,,173844.69999999,1,1764720989083
-1,-1,,,173951.49999999,1,1764720989190
-1,-1,,,174061.39999999,1,1764720989300
-1,-1,,,174169.89999999,1,1764720989408
-1,-1,,,174276.19999999,1,1764720989515
-1,-1,,,174374.89999999,1,1764720989613
-1,-1,,,174479.79999999,1,1764720989718
-1,-1,,,174598.89999999,1,1764720989837
