-1,-1,,,5354.299999997,0,1760721356867
-1,-1,,,5729.299999997,0,1760721357241
-1,-1,,,6022,0,1760721357535
-1,-1,,,6297.5,0,1760721357809
-1,-1,,,6537.900000006,0,1760721358050
-1,-1,,,6754.5,0,1760721358267
-1,-1,,,7102.299999997,0,1760721358614
-1,-1,,,7380,0,1760721358892
-1,-1,,,7750.599999994,0,1760721359263
-1,-1,,,7974.299999997,0,1760721359486
-1,-1,,,8162.900000006,0,1760721359674
-1,-1,,,8348.099999994,0,1760721359860
-1,-1,,,8588.900000006,0,1760721360100
-1,-1,,,8808.900000006,0,1760721360321
-1,-1,,,9038.799999997,0,1760721360550
-1,-1,,,9260.700000003,0,1760721360772
-1,-1,,,9478.5,0,1760721360990
-1,-1,,,9674.200000003,0,1760721361186
-1,-1,,,9853.099999994,0,1760721361364
-1,-1,,,10065.400000006,0,1760721361577
-1,-1,,,10245,0,1760721361756
-1,-1,,,10444.700000003,0,1760721361956
-1,-1,,,10796.599999994,0,1760721362308
-1,-1,,,10985.200000003,0,1760721362497
-1,-1,,,11172.599999994,0,1760721362684
-1,-1,,,11393.900000006,0,1760721362905
-1,-1,,,11570.400000006,0,1760721363082
-1,-1,,,11730.299999997,0,1760721363243
-1,-1,,,11915.099999994,0,1760721363427
-1,-1,,,12094.099999994,0,1760721363607
-1,-1,,,12271.5,0,1760721363783
-1,-1,,,12483.099999994,0,1760721363996
-1,-1,,,12645.900000006,0,1760721364158
-1,-1,,,12811.299999997,0,1760721364323
-1,-1,,,13021.5,0,1760721364534
-1,-1,,,13213.400000006,0,1760721364726
-1,-1,,,13419.200000003,0,1760721364932
-1,-1,,,13799.599999994,0,1760721365312
-1,-1,,,13962.099999994,0,1760721365474
-1,-1,,,14139.700000003,0,1760721365652
-1,-1,,,14300.599999994,0,1760721365813
-1,-1,,,14449.5,0,1760721365962
-1,-1,,,14621,0,1760721366133
-1,-1,,,14789.400000006,0,1760721366302
-1,-1,,,14974.5,0,1760721366487
-1,-1,,,15178,0,1760721366691
-1,-1,,,15388.299999997,0,1760721366902
-1,-1,,,15578.400000006,0,1760721367091
-1,-1,,,15776.599999994,0,1760721367289
-1,-1,,,15966.099999994,0,1760721367480
-1,-1,,,16130.5,0,1760721367643
-1,-1,,,16400,0,1760721367913
-1,-1,,,16589.799999997,0,1760721368102
-1,-1,,,16799,0,1760721368311
-1,-1,,,16982.099999994,0,1760721368493
-1,-1,,,17188.599999994,0,1760721368700
-1,-1,,,17377.900000006,0,1760721368890
-1,-1,,,17596.299999997,0,1760721369108
-1,-1,,,17803.700000003,0,1760721369315
-1,-1,,,17962.799999997,0,1760721369474
-1,-1,,,18130.5,0,1760721369642
-1,-1,,,18354.5,0,1760721369866
-1,-1,,,18523.099999994,0,1760721370035
-1,-1,,,18696.200000003,0,1760721370208
-1,-1,,,18882,0,1760721370394
327.01,21.97,"ur question, please",27,19110.799999997,0,1760721370623
327.01,21.97,"ur question, please",27,19315,0,1760721370827
-1,-1,,,19517.299999997,0,1760721371029
-1,-1,,,19723.799999997,0,1760721371235
-1,-1,,,19918.900000006,0,1760721371430
-1,-1,,,20171.799999997,0,1760721371683
-1,-1,,,20373.5,0,1760721371885
-1,-1,,,20626.599999994,0,1760721372138
-1,-1,,,20793,0,1760721372304
-1,-1,,,21095.299999997,0,1760721372607
-1,-1,,,21268.400000006,0,1760721372780
-1,-1,,,21428.799999997,0,1760721372940
-1,-1,,,21604.299999997,0,1760721373116
-1,-1,,,21772.5,0,1760721373285
-1,-1,,,21956.900000006,0,1760721373469
-1,-1,,,22144,0,1760721373657
-1,-1,,,22341.700000003,0,1760721373854
-1,-1,,,22536.900000006,0,1760721374049
-1,-1,,,22772,0,1760721374284
-1,-1,,,22948.099999994,0,1760721374462
-1,-1,,,23132.5,0,1760721374645
-1,-1,,,23292.299999997,0,1760721374804
-1,-1,,,23480.900000006,0,1760721374995
-1,-1,,,23659.5,0,1760721375171
-1,-1,,,23822.799999997,0,1760721375334
-1,-1,,,23987.799999997,0,1760721375499
-1,-1,,,24139.599999994,0,1760721375651
-1,-1,,,24296.700000003,0,1760721375810
-1,-1,,,24446.799999997,0,1760721375959
-1,-1,,,24599.400000006,0,1760721376111
-1,-1,,,24738.700000003,0,1760721376251
-1,-1,,,24890.599999994,0,1760721376404
-1,-1,,,25041.599999994,0,1760721376554
-1,-1,,,25215.900000006,0,1760721376728
-1,-1,,,25477.5,0,1760721376990
-1,-1,,,25645.200000003,0,1760721377157
-1,-1,,,25809.299999997,0,1760721377321
-1,-1,,,25974.700000003,0,1760721377487
-1,-1,,,26127.5,0,1760721377640
-1,-1,,,26276.5,0,1760721377789
-1,-1,,,26451.799999997,0,1760721377964
-1,-1,,,26616,0,1760721378129
-1,-1,,,26772.5,0,1760721378285
-1,-1,,,26921.400000006,0,1760721378434
-1,-1,,,27089.400000006,0,1760721378601
-1,-1,,,27244.400000006,0,1760721378757
-1,-1,,,27395.700000003,0,1760721378908
-1,-1,,,27557,0,1760721379069
-1,-1,,,27714.900000006,0,1760721379227
-1,-1,,,27895.099999994,0,1760721379407
-1,-1,,,28072.599999994,0,1760721379586
-1,-1,,,28233.400000006,0,1760721379745
-1,-1,,,28404.200000003,0,1760721379917
-1,-1,,,28554.799999997,0,1760721380067
-1,-1,,,28723.400000006,0,1760721380235
-1,-1,,,28887.799999997,0,1760721380400
-1,-1,,,29054.299999997,0,1760721380566
-1,-1,,,29209.900000006,0,1760721380722
-1,-1,,,29373.900000006,0,1760721380887
-1,-1,,,29555.200000003,0,1760721381067
-1,-1,,,29745.200000003,0,1760721381257
-1,-1,,,29896.099999994,0,1760721381408
-1,-1,,,30062.599999994,0,1760721381575
-1,-1,,,30228.200000003,0,1760721381742
-1,-1,,,30391.200000003,0,1760721381903
-1,-1,,,30543.5,0,1760721382055
-1,-1,,,30708.5,0,1760721382221
-1,-1,,,30865.200000003,0,1760721382377
-1,-1,,,31127.799999997,0,1760721382640
-1,-1,,,31279.900000006,0,1760721382792
-1,-1,,,31468.200000003,0,1760721382980
-1,-1,,,31628.599999994,0,1760721383141
-1,-1,,,31794.5,0,1760721383307
-1,-1,,,31954.200000003,0,1760721383468
-1,-1,,,32101.900000006,0,1760721383614
-1,-1,,,32259.400000006,0,1760721383771
-1,-1,,,32422.5,0,1760721383936
-1,-1,,,32583.400000006,0,1760721384096
-1,-1,,,32732.299999997,0,1760721384244
-1,-1,,,32888.299999997,0,1760721384400
-1,-1,,,33045.099999994,0,1760721384557
-1,-1,,,33183.799999997,0,1760721384696
-1,-1,,,33340.200000003,0,1760721384852
1069.01,11.97,"y points about them:",88,33537.5,0,1760721385050
977.01,24.97,"some key points abou",81,33706.5,0,1760721385219
977.01,24.97,"some key points abou",81,33860.299999997,0,1760721385375
977.01,24.97,"some key points abou",81,34034.900000006,0,1760721385547
977.01,24.97,"some key points abou",81,34199.400000006,0,1760721385713
977.01,24.97,"some key points abou",81,34354.900000006,0,1760721385868
977.01,24.97,"some key points abou",81,34549.900000006,0,1760721386063
977.01,24.97,"some key points abou",81,34702.400000006,0,1760721386215
977.01,24.97,"some key points abou",81,34853.599999994,0,1760721386366
977.01,24.97,"some key points abou",81,35017.200000003,0,1760721386530
977.01,24.97,"some key points abou",81,35164.599999994,0,1760721386679
977.01,24.97,"some key points abou",81,35317.400000006,0,1760721386830
977.01,24.97,"some key points abou",81,35488.799999997,0,1760721387001
863.01,116.97,"o, Canada.",142,35662.900000006,0,1760721387175
857.01,119.97,"o, Canada.",142,35822.099999994,0,1760721387335
857.01,119.97,"o, Canada.",142,35971.900000006,0,1760721387485
857.01,119.97,"o, Canada.",142,36128,0,1760721387641
857.01,119.97,"o, Canada.",142,36281.099999994,0,1760721387794
857.01,119.97,"o, Canada.",142,36433,0,1760721387946
857.01,119.97,"o, Canada.",142,36592.400000006,0,1760721388105
857.01,119.97,"o, Canada.",142,36750.5,0,1760721388263
857.01,119.97,"o, Canada.",142,36907,0,1760721388420
857.01,119.97,"o, Canada.",142,37193,0,1760721388705
852.01,127.97,"o, Canada.",142,37407.299999997,0,1760721388921
852.01,127.97,"o, Canada.",142,37571.5,0,1760721389084
852.01,127.97,"o, Canada.",142,37736.599999994,0,1760721389249
852.01,127.97,"o, Canada.",142,37890.799999997,0,1760721389403
852.01,127.97,"o, Canada.",142,38041.599999994,0,1760721389554
852.01,127.97,"o, Canada.",142,38191.700000003,0,1760721389704
852.01,127.97,"o, Canada.",142,38353.900000006,0,1760721389866
852.01,127.97,"o, Canada.",142,38507.5,0,1760721390020
852.01,127.97,"o, Canada.",142,38653.599999994,0,1760721390166
852.01,127.97,"o, Canada.",142,38795.900000006,0,1760721390309
852.01,127.97,"o, Canada.",142,38954.599999994,0,1760721390467
852.01,127.97,"o, Canada.",142,39114.299999997,0,1760721390627
852.01,127.97,"o, Canada.",142,39267.599999994,0,1760721390780
852.01,127.97,"o, Canada.",142,39424.200000003,0,1760721390937
852.01,127.97,"o, Canada.",142,39582.200000003,0,1760721391095
852.01,127.97,"o, Canada.",142,39736.5,0,1760721391249
852.01,127.97,"o, Canada.",142,39890.299999997,0,1760721391403
852.01,127.97,"o, Canada.",142,40044.799999997,0,1760721391557
852.01,127.97,"o, Canada.",142,40191.299999997,0,1760721391704
852.01,127.97,"o, Canada.",142,40334.400000006,0,1760721391847
852.01,127.97,"o, Canada.",142,40488.799999997,0,1760721392001
852.01,127.97,"o, Canada.",142,40642.799999997,0,1760721392155
852.01,127.97,"o, Canada.",142,40797.599999994,0,1760721392310
852.01,127.97,"o, Canada.",142,40962.299999997,0,1760721392475
852.01,127.97,"o, Canada.",142,41117,0,1760721392629
852.01,127.97,"o, Canada.",142,41263.400000006,0,1760721392776
852.01,127.97,"o, Canada.",142,41533.700000003,0,1760721393047
852.01,127.97,"o, Canada.",142,41701.799999997,0,1760721393214
852.01,127.97,"o, Canada.",142,41855.5,0,1760721393368
852.01,127.97,"o, Canada.",142,42008.299999997,0,1760721393521
852.01,127.97,"o, Canada.",142,42172.700000003,0,1760721393685
852.01,127.97,"o, Canada.",142,42333,0,1760721393845
852.01,127.97,"o, Canada.",142,42490.400000006,0,1760721394003
852.01,127.97,"o, Canada.",142,42652.5,0,1760721394165
852.01,127.97,"o, Canada.",142,42804.5,0,1760721394317
852.01,127.97,"o, Canada.",142,42956.700000003,0,1760721394469
852.01,127.97,"o, Canada.",142,43108.299999997,0,1760721394621
852.01,127.97,"o, Canada.",142,43279.400000006,0,1760721394792
852.01,127.97,"o, Canada.",142,43475.400000006,0,1760721394988
852.01,127.97,"o, Canada.",142,43655.299999997,0,1760721395168
852.01,127.97,"o, Canada.",142,43826.900000006,0,1760721395339
852.01,127.97,"o, Canada.",142,43985.099999994,0,1760721395498
852.01,172.39,"pronouns.",199,44146.900000006,0,1760721395659
852.01,172.39,"pronouns.",199,44294.599999994,0,1760721395807
852.01,172.39,"pronouns.",199,44448.5,0,1760721395962
852.01,172.39,"pronouns.",199,44623,0,1760721396136
852.01,172.39,"pronouns.",199,44792.099999994,0,1760721396305
852.01,172.39,"pronouns.",199,44949.799999997,0,1760721396463
852.01,172.39,"pronouns.",199,45100.299999997,0,1760721396613
852.01,172.39,"pronouns.",199,45248,0,1760721396761
852.01,172.39,"pronouns.",199,45397.900000006,0,1760721396910
852.01,172.39,"pronouns.",199,45569,0,1760721397084
852.01,172.39,"pronouns.",199,45722.400000006,0,1760721397235
852.01,172.39,"pronouns.",199,45875.099999994,0,1760721397391
852.01,172.39,"pronouns.",199,46077.799999997,0,1760721397590
852.01,172.39,"pronouns.",199,46228.400000006,0,1760721397743
852.01,127.97,"o, Canada.",142,46382.299999997,0,1760721397895
852.01,127.97,"o, Canada.",142,46539.5,0,1760721398052
852.01,127.97,"o, Canada.",142,46696.5,0,1760721398209
852.01,127.97,"o, Canada.",142,46867.700000003,0,1760721398380
852.01,127.97,"o, Canada.",142,47026.900000006,0,1760721398539
852.01,127.97,"o, Canada.",142,47169.299999997,0,1760721398682
852.01,127.97,"o, Canada.",142,47418.299999997,0,1760721398931
852.01,127.97,"o, Canada.",142,47585.700000003,0,1760721399098
852.01,127.97,"o, Canada.",142,47753.200000003,0,1760721399266
852.01,127.97,"o, Canada.",142,47904.599999994,0,1760721399417
852.01,127.97,"o, Canada.",142,48069.200000003,0,1760721399582
852.01,127.97,"o, Canada.",142,48220.299999997,0,1760721399733
852.01,127.97,"o, Canada.",142,48358.099999994,0,1760721399871
852.01,127.97,"o, Canada.",142,48504.700000003,0,1760721400017
852.01,127.97,"o, Canada.",142,48668.799999997,0,1760721400181
852.01,127.97,"o, Canada.",142,48809.400000006,0,1760721400322
852.01,127.97,"o, Canada.",142,48961.799999997,0,1760721400474
852.01,127.97,"o, Canada.",142,49116,0,1760721400631
852.01,127.97,"o, Canada.",142,49280.900000006,0,1760721400794
852.01,127.97,"o, Canada.",142,49439.799999997,0,1760721400953
852.01,172.39,"pronouns.",199,49597.799999997,0,1760721401111
852.01,172.39,"pronouns.",199,49765,0,1760721401278
852.01,261.21,"n Toronto.",262,49933.799999997,0,1760721401448
852.01,261.21,"n Toronto.",262,50105.900000006,0,1760721401618
852.01,394.45,"y, often addressing",413,50260,0,1760721401775
852.01,394.45,"y, often addressing",413,50426.900000006,0,1760721401939
852.01,394.45,"y, often addressing",413,50594,0,1760721402107
852.01,394.45,"y, often addressing",413,50755.200000003,0,1760721402269
852.01,394.45,"y, often addressing",413,50914.200000003,0,1760721402427
852.01,394.45,"y, often addressing",413,51074.599999994,0,1760721402587
852.01,438.87,"al health.",475,51228.799999997,0,1760721402743
852.01,438.87,"al health.",475,51401.299999997,0,1760721402914
852.01,527.69,"y-drama series "Feel",546,51576.5,0,1760721403089
852.01,660.93,"ograms, including "8",671,51782.200000003,0,1760721403295
852.01,838.59,"flix in 2023.",794,51973.400000006,0,1760721403486
852.01,1005.62,"Martin's Guide to 21",1004,52147.299999997,0,1760721403660
852.01,1138.86,"comedy and their adv",1114,52305.700000003,0,1760721403818
852.01,1272.1,"awareness.",1176,52481.099999994,0,1760721403994
-1,-1,,,52745.299999997,0,1760721404257
-1,-1,,,52905.299999997,0,1760721404418
-1,-1,,,53072.299999997,0,1760721404584
-1,-1,,,53242.599999994,0,1760721404754
-1,-1,,,53397.299999997,0,1760721404909
-1,-1,,,53561.799999997,0,1760721405073
-1,-1,,,53724.099999994,0,1760721405236
-1,-1,,,53891,0,1760721405402
-1,-1,,,54047.299999997,0,1760721405559
-1,-1,,,54214.299999997,0,1760721405726
-1,-1,,,54372.900000006,0,1760721405884
-1,-1,,,54530.900000006,0,1760721406042
-1,-1,,,54680.599999994,0,1760721406192
-1,-1,,,54861.299999997,0,1760721406373
-1,-1,,,55034,0,1760721406545
-1,-1,,,55209.299999997,0,1760721406721
-1,-1,,,55397.5,0,1760721406909
-1,-1,,,55705.5,0,1760721407217
-1,-1,,,55912.599999994,0,1760721407424
-1,-1,,,56093.400000006,0,1760721407605
-1,-1,,,56284.799999997,0,1760721407796
-1,-1,,,56442.5,0,1760721407954
-1,-1,,,56655.900000006,0,1760721408167
-1,-1,,,56821.299999997,0,1760721408333
-1,-1,,,56992.599999994,0,1760721408504
-1,-1,,,57144.799999997,0,1760721408656
-1,-1,,,57319.200000003,0,1760721408831
-1,-1,,,57471.200000003,0,1760721408982
-1,-1,,,57623.799999997,0,1760721409135
-1,-1,,,57782.299999997,0,1760721409296
839.01,1157.31,"comedy and their ad",1113,57955.799999997,0,1760721409469
839.01,1157.31,"comedy and their ad",1113,58115.799999997,0,1760721409629
839.01,1048.21,"Martin's Guide to 2",1003,58274.299999997,0,1760721409787
839.01,1048.21,"Martin's Guide to 2",1003,58423.299999997,0,1760721409936
839.01,1048.21,"Martin's Guide to 2",1003,58588.400000006,0,1760721410101
839.01,1048.21,"Martin's Guide to 2",1003,58770.900000006,0,1760721410283
420.01,888.21,"r several awards, in",832,58940.599999994,0,1760721410453
418.01,886.21,"r several awards, in",832,59112.799999997,0,1760721410626
339.01,862.21,"ted for several awar",826,59296,0,1760721410809
-1,-1,,,59476.700000003,0,1760721410989
-1,-1,,,59675,0,1760721411187
-1,-1,,,59870.5,0,1760721411383
-1,-1,,,60049.099999994,0,1760721411561
-1,-1,,,60274.599999994,0,1760721411787
-1,-1,,,60442,0,1760721411954
-1,-1,,,60604.5,0,1760721412117
-1,-1,,,60759.5,0,1760721412272
-1,-1,,,60919.700000003,0,1760721412432
-1,-1,,,61060.200000003,0,1760721412572
-1,-1,,,61219.400000006,0,1760721412732
-1,-1,,,61394.099999994,0,1760721412906
-1,-1,,,61591,0,1760721413103
-1,-1,,,61787.5,0,1760721413299
-1,-1,,,61957.5,0,1760721413470
-1,-1,,,62246.599999994,0,1760721413759
-1,-1,,,62424.200000003,0,1760721413937
-1,-1,,,62596.799999997,0,1760721414109
-1,-1,,,62743.599999994,0,1760721414256
-1,-1,,,62910.5,0,1760721414423
-1,-1,,,63093.5,0,1760721414605
-1,-1,,,63328.299999997,0,1760721414841
-1,-1,,,63519.5,0,1760721415032
-1,-1,,,63709.799999997,0,1760721415222
-1,-1,,,63914.599999994,0,1760721415426
-1,-1,,,64125.299999997,0,1760721415637
-1,-1,,,64331.099999994,0,1760721415843
-1,-1,,,64528.799999997,0,1760721416040
-1,-1,,,64707.200000003,0,1760721416219
-1,-1,,,64940.900000006,0,1760721416452
-1,-1,,,65135.5,0,1760721416647
-1,-1,,,65292.099999994,0,1760721416803
-1,-1,,,65495.900000006,0,1760721417008
-1,-1,,,65669.5,0,1760721417182
-1,-1,,,65826.299999997,0,1760721417338
-1,-1,,,65991.299999997,0,1760721417504
-1,-1,,,66168.200000003,0,1760721417681
160.01,859.21,"Has been nominated f",811,66372.200000003,0,1760721417885
160.01,859.21,"Has been nominated f",811,66541,0,1760721418053
-1,-1,,,66743.200000003,0,1760721418257
-1,-1,,,66947.400000006,0,1760721418459
-1,-1,,,67194.200000003,0,1760721418707
-1,-1,,,67388.700000003,0,1760721418901
-1,-1,,,67581.799999997,0,1760721419094
-1,-1,,,67773.5,0,1760721419286
-1,-1,,,68106.099999994,0,1760721419618
-1,-1,,,68437.5,0,1760721419950
-1,-1,,,68678.599999994,0,1760721420191
-1,-1,,,68896.400000006,0,1760721420411
-1,-1,,,69084.5,0,1760721420597
-1,-1,,,69253.5,0,1760721420765
-1,-1,,,69428.599999994,0,1760721420941
-1,-1,,,69719.599999994,0,1760721421232
-1,-1,,,69919.700000003,0,1760721421432
-1,-1,,,70106.200000003,0,1760721421618
-1,-1,,,70257.299999997,0,1760721421769
-1,-1,,,70418,0,1760721421930
-1,-1,,,70579.900000006,0,1760721422092
-1,-1,,,70745.200000003,0,1760721422257
-1,-1,,,70991,0,1760721422503
-1,-1,,,71236.200000003,0,1760721422749
-1,-1,,,71444.799999997,0,1760721422957
-1,-1,,,71644.200000003,0,1760721423156
-1,-1,,,71857.900000006,0,1760721423369
-1,-1,,,72043,0,1760721423557
-1,-1,,,72225.200000003,0,1760721423737
-1,-1,,,72424,0,1760721423936
-1,-1,,,72673.599999994,0,1760721424187
-1,-1,,,72853.799999997,0,1760721424366
-1,-1,,,73103.200000003,0,1760721424615
-1,-1,,,73254.5,0,1760721424767
-1,-1,,,73421.799999997,0,1760721424934
-1,-1,,,73594.099999994,0,1760721425106
-1,-1,,,73760.799999997,0,1760721425272
-1,-1,,,73910.400000006,0,1760721425424
-1,-1,,,74057.5,0,1760721425570
-1,-1,,,74224.200000003,0,1760721425736
-1,-1,,,74359.700000003,0,1760721425872
-1,-1,,,74527.299999997,0,1760721426039
-1,-1,,,74686.5,0,1760721426199
-1,-1,,,74856.900000006,0,1760721426369
-1,-1,,,75001,0,1760721426513
-1,-1,,,75149.099999994,0,1760721426660
-1,-1,,,75296.400000006,0,1760721426808
-1,-1,,,75455.099999994,0,1760721426967
-1,-1,,,75692.599999994,0,1760721427205
-1,-1,,,75870.700000003,0,1760721427383
-1,-1,,,76026,0,1760721427538
-1,-1,,,76271.700000003,0,1760721427784
-1,-1,,,76445.599999994,0,1760721427958
-1,-1,,,76603.200000003,0,1760721428115
-1,-1,,,76751.5,0,1760721428264
-1,-1,,,76902.200000003,0,1760721428414
-1,-1,,,77043,0,1760721428555
-1,-1,,,77201,0,1760721428713
-1,-1,,,77362.200000003,0,1760721428874
-1,-1,,,77538.200000003,0,1760721429050
-1,-1,,,77702.299999997,0,1760721429215
-1,-1,,,77862.400000006,0,1760721429374
-1,-1,,,78006.799999997,0,1760721429519
-1,-1,,,78177.099999994,0,1760721429689
-1,-1,,,78340.299999997,0,1760721429853
-1,-1,,,78511.299999997,0,1760721430024
-1,-1,,,78672.099999994,0,1760721430184
-1,-1,,,78846.400000006,0,1760721430359
-1,-1,,,79031.200000003,0,1760721430543
-1,-1,,,79185.700000003,0,1760721430698
-1,-1,,,79336.099999994,0,1760721430848
-1,-1,,,79507.700000003,0,1760721431020
-1,-1,,,79694.400000006,0,1760721431207
-1,-1,,,79846.200000003,0,1760721431358
-1,-1,,,79986.5,0,1760721431498
-1,-1,,,80146.299999997,0,1760721431658
-1,-1,,,80319.400000006,0,1760721431831
-1,-1,,,80520.099999994,0,1760721432031
-1,-1,,,80702.700000003,0,1760721432214
-1,-1,,,80890.200000003,0,1760721432402
-1,-1,,,81100.900000006,0,1760721432613
-1,-1,,,81259.099999994,0,1760721432772
-1,-1,,,81435.099999994,0,1760721432947
-1,-1,,,81701.200000003,0,1760721433213
-1,-1,,,81908.200000003,0,1760721433420
-1,-1,,,82079,0,1760721433591
-1,-1,,,82231.200000003,0,1760721433743
-1,-1,,,82388.400000006,0,1760721433901
-1,-1,,,82554.900000006,0,1760721434067
-1,-1,,,82721.5,0,1760721434233
-1,-1,,,82866.5,0,1760721434378
-1,-1,,,83026.099999994,0,1760721434538
-1,-1,,,83192.400000006,0,1760721434704
-1,-1,,,83339.599999994,0,1760721434852
-1,-1,,,83502.5,0,1760721435015
-1,-1,,,83690.299999997,0,1760721435202
-1,-1,,,83867.299999997,0,1760721435379
-1,-1,,,84059.299999997,0,1760721435571
-1,-1,,,84241.200000003,0,1760721435753
-1,-1,,,84418.299999997,0,1760721435930
-1,-1,,,84606.700000003,0,1760721436119
-1,-1,,,84797.799999997,0,1760721436310
-1,-1,,,84999.799999997,0,1760721436511
-1,-1,,,85177,0,1760721436688
-1,-1,,,85378.099999994,0,1760721436889
-1,-1,,,85540.200000003,0,1760721437052
-1,-1,,,85726.599999994,0,1760721437238
-1,-1,,,85884.099999994,0,1760721437396
-1,-1,,,86035.299999997,0,1760721437547
-1,-1,,,86203.599999994,0,1760721437716
-1,-1,,,86375.400000006,0,1760721437888
-1,-1,,,86570,0,1760721438083
-1,-1,,,86772.900000006,0,1760721438285
-1,-1,,,86945.400000006,0,1760721438458
-1,-1,,,87178.599999994,0,1760721438691
-1,-1,,,87355.099999994,0,1760721438867
-1,-1,,,87505.5,0,1760721439018
-1,-1,,,87670.599999994,0,1760721439183
-1,-1,,,87829.200000003,0,1760721439341
-1,-1,,,87977.400000006,0,1760721439489
-1,-1,,,88241.200000003,0,1760721439753
-1,-1,,,88416,0,1760721439928
-1,-1,,,88595.900000006,0,1760721440108
-1,-1,,,88755,0,1760721440267
-1,-1,,,88917.5,0,1760721440429
-1,-1,,,89062.299999997,0,1760721440574
-1,-1,,,89215.599999994,0,1760721440728
-1,-1,,,89374.5,0,1760721440887
-1,-1,,,89533.599999994,0,1760721441046
-1,-1,,,89684.599999994,0,1760721441197
-1,-1,,,89832.5,0,1760721441345
-1,-1,,,89981.599999994,0,1760721441494
-1,-1,,,90130.299999997,0,1760721441643
-1,-1,,,90279.799999997,0,1760721441792
-1,-1,,,90429.200000003,0,1760721441941
-1,-1,,,90577.700000003,0,1760721442090
-1,-1,,,90722.5,0,1760721442235
-1,-1,,,90886.299999997,0,1760721442399
-1,-1,,,91030.299999997,0,1760721442542
-1,-1,,,91183.099999994,0,1760721442695
-1,-1,,,91323.900000006,0,1760721442836
-1,-1,,,91466.900000006,0,1760721442979
-1,-1,,,91622.799999997,0,1760721443135
-1,-1,,,91766.799999997,0,1760721443279
-1,-1,,,91917.099999994,0,1760721443431
-1,-1,,,92062.900000006,0,1760721443575
-1,-1,,,92218.400000006,0,1760721443730
-1,-1,,,92363.900000006,0,1760721443876
-1,-1,,,92509.5,0,1760721444021
-1,-1,,,92663.299999997,0,1760721444176
-1,-1,,,92805.799999997,0,1760721444318
-1,-1,,,93016.599999994,0,1760721444529
-1,-1,,,93173.400000006,0,1760721444686
-1,-1,,,93319.400000006,0,1760721444832
-1,-1,,,93468.799999997,0,1760721444981
-1,-1,,,93765.299999997,0,1760721445278
-1,-1,,,93926.200000003,0,1760721445439
-1,-1,,,94084.400000006,0,1760721445597
-1,-1,,,94229.700000003,0,1760721445742
-1,-1,,,94385.5,0,1760721445898
-1,-1,,,94537.900000006,0,1760721446050
-1,-1,,,94704.700000003,0,1760721446217
-1,-1,,,94865.200000003,0,1760721446378
-1,-1,,,95009.700000003,0,1760721446522
-1,-1,,,95172.700000003,0,1760721446685
-1,-1,,,95330.799999997,0,1760721446846
-1,-1,,,95497.599999994,0,1760721447010
-1,-1,,,95652.400000006,0,1760721447164
-1,-1,,,95803.200000003,0,1760721447315
-1,-1,,,95975.599999994,0,1760721447488
-1,-1,,,96144.5,0,1760721447657
-1,-1,,,96317.400000006,0,1760721447830
-1,-1,,,96476.099999994,0,1760721447988
-1,-1,,,96634.299999997,0,1760721448147
1091.01,50.97,"periences:",88,96827.299999997,0,1760721448340
1038.01,70.97,"experiences:",86,96997.400000006,0,1760721448512
1038.01,70.97,"experiences:",86,97145.099999994,0,1760721448658
1038.01,70.97,"experiences:",86,97284.400000006,0,1760721448797
1038.01,70.97,"experiences:",86,97448.200000003,0,1760721448961
1038.01,70.97,"experiences:",86,97627.299999997,0,1760721449140
1038.01,70.97,"experiences:",86,97783,0,1760721449296
1038.01,70.97,"experiences:",86,97933.900000006,0,1760721449447
1038.01,70.97,"experiences:",86,98085,0,1760721449598
1038.01,70.97,"experiences:",86,98327.799999997,0,1760721449841
1038.01,70.97,"experiences:",86,98515.299999997,0,1760721450028
1038.01,70.97,"experiences:",86,98688.299999997,0,1760721450201
1038.01,70.97,"experiences:",86,98849.099999994,0,1760721450362
1038.01,70.97,"experiences:",86,98994.5,0,1760721450507
1038.01,70.97,"experiences:",86,99160,0,1760721450673
1038.01,70.97,"experiences:",86,99314.900000006,0,1760721450828
1038.01,70.97,"experiences:",86,99487.700000003,0,1760721451000
1038.01,70.97,"experiences:",86,99636.799999997,0,1760721451150
1038.01,70.97,"experiences:",86,99784.900000006,0,1760721451298
1038.01,70.97,"experiences:",86,99929.5,0,1760721451443
1038.01,70.97,"experiences:",86,100079.90000001,0,1760721451594
1038.01,70.97,"experiences:",86,100231.3,0,1760721451744
1038.01,70.97,"experiences:",86,100377.2,0,1760721451891
1038.01,70.97,"experiences:",86,100521.09999999,0,1760721452034
1038.01,70.97,"experiences:",86,100667.3,0,1760721452180
1038.01,70.97,"experiences:",86,100817.7,0,1760721452332
1038.01,70.97,"experiences:",86,100963.5,0,1760721452477
1038.01,70.97,"experiences:",86,101108.3,0,1760721452621
1038.01,70.97,"experiences:",86,101263.3,0,1760721452777
1038.01,70.97,"experiences:",86,101414.5,0,1760721452927
1038.01,70.97,"experiences:",86,101560.09999999,0,1760721453073
1038.01,70.97,"experiences:",86,101716.2,0,1760721453230
1038.01,70.97,"experiences:",86,101868.59999999,0,1760721453381
1038.01,70.97,"experiences:",86,102024.2,0,1760721453537
1038.01,70.97,"experiences:",86,102173.5,0,1760721453686
1038.01,70.97,"experiences:",86,102329.5,0,1760721453842
1038.01,70.97,"experiences:",86,102479.09999999,0,1760721453992
1038.01,70.97,"experiences:",86,102649.2,0,1760721454162
978.01,177.97,"in Toronto",236,102835.90000001,0,1760721454349
975.01,192.97,"in Toronto",236,102996.7,0,1760721454509
975.01,193.97,"in Toronto",236,103189.09999999,0,1760721454703
975.01,193.97,"in Toronto",236,103350.3,0,1760721454863
975.01,193.97,"in Toronto",236,103655.59999999,0,1760721455168
975.01,193.97,"in Toronto",236,103850.7,0,1760721455363
975.01,193.97,"in Toronto",236,104032.7,0,1760721455545
975.01,193.97,"in Toronto",236,104192.5,0,1760721455706
975.01,327.21,"at age 15",349,104369.3,0,1760721455882
975.01,328.18,"at age 15",349,104539.3,0,1760721456052
975.01,460.45,"edy programs",505,104685.2,0,1760721456198
975.01,460.45,"edy programs",505,104836.3,0,1760721456350
975.01,460.45,"edy programs",505,104988.5,0,1760721456501
975.01,460.45,"edy programs",505,105141.8,0,1760721456654
975.01,504.87,"BC Radio 4",560,105292.2,0,1760721456805
975.01,504.87,"BC Radio 4",560,105501.7,0,1760721457014
975.01,504.87,"BC Radio 4",560,105689.5,0,1760721457202
975.01,726.93,"2020-2021",764,105864.90000001,0,1760721457377
975.01,728.87,"2020-2021",764,106042.09999999,0,1760721457556
975.01,904.59,"de to 21st Century S",923,106273.3,0,1760721457786
975.01,993.42,"al fanbase",1018,106529,0,1760721458042
975.01,993.42,"al fanbase",1018,106712.2,0,1760721458227
975.01,993.42,"al fanbase",1018,106891.5,0,1760721458404
975.01,1027.21,"al fanbase",1018,107123.40000001,0,1760721458638
975.01,1071.62,"their work",1095,107336.3,0,1760721458852
-1,-1,,,107533.8,0,1760721459045
-1,-1,,,107743.7,0,1760721459255
-1,-1,,,107902,0,1760721459413
-1,-1,,,108118,0,1760721459629
-1,-1,,,108291.2,0,1760721459803
-1,-1,,,108460.90000001,0,1760721459972
-1,-1,,,108618.59999999,0,1760721460130
-1,-1,,,108776.5,0,1760721460288
-1,-1,,,108940.90000001,0,1760721460452
-1,-1,,,109107.3,0,1760721460619
-1,-1,,,109261.40000001,0,1760721460773
-1,-1,,,109418.8,0,1760721460930
-1,-1,,,109575.90000001,0,1760721461087
-1,-1,,,109741.5,0,1760721461253
-1,-1,,,109908.59999999,0,1760721461420
-1,-1,,,110089.90000001,0,1760721461601
-1,-1,,,110271.7,0,1760721461783
-1,-1,,,110451.5,0,1760721461963
-1,-1,,,110625.90000001,0,1760721462137
-1,-1,,,110817.7,0,1760721462329
-1,-1,,,111039.09999999,0,1760721462550
-1,-1,,,111224.5,0,1760721462736
-1,-1,,,111425.7,0,1760721462937
-1,-1,,,111617.90000001,0,1760721463129
-1,-1,,,111814.40000001,0,1760721463326
-1,-1,,,111984.40000001,0,1760721463496
-1,-1,,,112163.8,0,1760721463675
-1,-1,,,112334.3,0,1760721463846
-1,-1,,,112556.8,0,1760721464068
-1,-1,,,112775.7,0,1760721464287
-1,-1,,,112951.59999999,0,1760721464463
-1,-1,,,113111.8,0,1760721464623
-1,-1,,,113356.59999999,0,1760721464868
-1,-1,,,113522.7,0,1760721465034
-1,-1,,,113669.90000001,0,1760721465181
-1,-1,,,113848.5,0,1760721465362
-1,-1,,,114019.7,0,1760721465531
-1,-1,,,114179.3,0,1760721465691
-1,-1,,,114336.90000001,0,1760721465848
-1,-1,,,114486,0,1760721465997
-1,-1,,,114645.7,0,1760721466157
-1,-1,,,114795.3,0,1760721466307
-1,-1,,,114975.59999999,0,1760721466487
-1,-1,,,115129.09999999,0,1760721466641
-1,-1,,,115277.90000001,0,1760721466789
-1,-1,,,115427.5,0,1760721466939
-1,-1,,,115617.59999999,0,1760721467129
-1,-1,,,115868.90000001,0,1760721467380
-1,-1,,,116084.40000001,0,1760721467596
-1,-1,,,116302.3,0,1760721467814
-1,-1,,,116464.5,0,1760721467976
-1,-1,,,116635.7,0,1760721468147
-1,-1,,,116833.90000001,0,1760721468346
-1,-1,,,116990.40000001,0,1760721468502
-1,-1,,,117149.09999999,0,1760721468660
-1,-1,,,117301.3,0,1760721468813
-1,-1,,,117544.3,0,1760721469056
-1,-1,,,117707.3,0,1760721469219
-1,-1,,,117877.8,0,1760721469389
-1,-1,,,118025.59999999,0,1760721469537
-1,-1,,,118251.7,0,1760721469763
-1,-1,,,118423,0,1760721469934
-1,-1,,,118604.5,0,1760721470116
-1,-1,,,118785.2,0,1760721470296
-1,-1,,,118973.2,0,1760721470485
-1,-1,,,119156.09999999,0,1760721470667
-1,-1,,,119337,0,1760721470848
-1,-1,,,119514.40000001,0,1760721471026
-1,-1,,,119669.90000001,0,1760721471181
-1,-1,,,119837,0,1760721471349
-1,-1,,,120000.2,0,1760721471512
-1,-1,,,120150.90000001,0,1760721471662
-1,-1,,,120297.7,0,1760721471809
-1,-1,,,120453.7,0,1760721471965
-1,-1,,,120608.3,0,1760721472120
-1,-1,,,120762.3,0,1760721472274
-1,-1,,,120959.2,0,1760721472471
-1,-1,,,121113.3,0,1760721472625
-1,-1,,,121283.40000001,0,1760721472795
-1,-1,,,121466.59999999,0,1760721472978
-1,-1,,,121641.09999999,0,1760721473152
-1,-1,,,121816.5,0,1760721473328
-1,-1,,,121987.7,0,1760721473499
-1,-1,,,122168,0,1760721473680
-1,-1,,,122415.8,0,1760721473927
-1,-1,,,122584.7,0,1760721474096
-1,-1,,,122753.90000001,0,1760721474265
-1,-1,,,122908.09999999,0,1760721474419
-1,-1,,,123057.59999999,0,1760721474569
-1,-1,,,123206.90000001,0,1760721474718
-1,-1,,,123341.09999999,0,1760721474852
-1,-1,,,123489.59999999,0,1760721475001
-1,-1,,,123653.90000001,0,1760721475165
-1,-1,,,123815.90000001,0,1760721475327
-1,-1,,,123983.3,0,1760721475495
-1,-1,,,124240.40000001,0,1760721475752
-1,-1,,,124400.5,0,1760721475912
-1,-1,,,124562,0,1760721476073
-1,-1,,,124714.5,0,1760721476226
-1,-1,,,124873.5,0,1760721476385
-1,-1,,,125032.8,0,1760721476544
-1,-1,,,125226.7,0,1760721476738
-1,-1,,,125393,0,1760721476905
830.01,1152.59,"rtin's profile in th",1164,125572.5,0,1760721477086
830.01,973.97,"2019",950,125823.09999999,0,1760721477336
830.01,971.07,"2019",950,125987.3,0,1760721477499
830.01,939.21,"2019",950,126155.5,0,1760721477670
811.01,933.21,"2019",950,126357.40000001,0,1760721477870
-1,-1,,,126608.40000001,0,1760721478122
-1,-1,,,126810.09999999,0,1760721478323
-1,-1,,,126993.40000001,0,1760721478506
-1,-1,,,127235.90000001,0,1760721478748
-1,-1,,,127401.3,0,1760721478914
-1,-1,,,127574.5,0,1760721479087
-1,-1,,,127736.40000001,0,1760721479249
-1,-1,,,127906.8,0,1760721479419
-1,-1,,,128056.3,0,1760721479569
-1,-1,,,128209.3,0,1760721479722
-1,-1,,,128356.09999999,0,1760721479869
-1,-1,,,128515.90000001,0,1760721480030
-1,-1,,,128693.09999999,0,1760721480206
-1,-1,,,128863.2,0,1760721480375
-1,-1,,,129032.40000001,0,1760721480545
-1,-1,,,129175.7,0,1760721480688
-1,-1,,,129321.5,0,1760721480835
-1,-1,,,129467.59999999,0,1760721480980
-1,-1,,,129607.3,0,1760721481120
-1,-1,,,129767,0,1760721481279
-1,-1,,,129920.5,0,1760721481435
-1,-1,,,130072.09999999,0,1760721481584
-1,-1,,,130230.7,0,1760721481743
-1,-1,,,130386.8,0,1760721481899
-1,-1,,,130536.8,0,1760721482049
-1,-1,,,130683.8,0,1760721482196
-1,-1,,,130937.7,0,1760721482450
-1,-1,,,131103.09999999,0,1760721482615
-1,-1,,,131245.3,0,1760721482758
-1,-1,,,131395.40000001,0,1760721482908
-1,-1,,,131545.40000001,0,1760721483057
-1,-1,,,131691.90000001,0,1760721483204
-1,-1,,,131845.09999999,0,1760721483358
-1,-1,,,131993.8,0,1760721483506
-1,-1,,,132141.90000001,0,1760721483654
-1,-1,,,132289.3,0,1760721483802
-1,-1,,,132440.09999999,0,1760721483953
-1,-1,,,132588.40000001,0,1760721484101
-1,-1,,,132749.5,0,1760721484262
-1,-1,,,132951.90000001,0,1760721484463
-1,-1,,,133121.40000001,0,1760721484633
-1,-1,,,133279.90000001,0,1760721484791
-1,-1,,,133434.40000001,0,1760721484946
-1,-1,,,133599.5,0,1760721485111
-1,-1,,,133762.40000001,0,1760721485274
-1,-1,,,133918.5,0,1760721485430
-1,-1,,,134058.3,0,1760721485570
-1,-1,,,134213.09999999,0,1760721485725
-1,-1,,,134354.8,0,1760721485866
-1,-1,,,134502.2,0,1760721486014
-1,-1,,,134661.40000001,0,1760721486173
-1,-1,,,134816.8,0,1760721486328
-1,-1,,,134972.5,0,1760721486484
-1,-1,,,135117.8,0,1760721486629
-1,-1,,,135264.90000001,0,1760721486776
-1,-1,,,135495.5,0,1760721487007
-1,-1,,,135651.09999999,0,1760721487164
-1,-1,,,135810.8,0,1760721487322
-1,-1,,,135957.5,0,1760721487469
-1,-1,,,136146.8,0,1760721487659
-1,-1,,,136304.09999999,0,1760721487815
-1,-1,,,136454.90000001,0,1760721487968
-1,-1,,,136603.8,0,1760721488116
-1,-1,,,136756.90000001,0,1760721488269
-1,-1,,,136986.7,0,1760721488499
-1,-1,,,137175.3,0,1760721488687
-1,-1,,,137355.2,0,1760721488867
-1,-1,,,137553.8,0,1760721489065
-1,-1,,,137746.7,0,1760721489258
-1,-1,,,137912.40000001,0,1760721489424
-1,-1,,,138071.40000001,0,1760721489583
-1,-1,,,138229.59999999,0,1760721489741
-1,-1,,,138377.09999999,0,1760721489888
-1,-1,,,138535.7,0,1760721490048
-1,-1,,,138693.59999999,0,1760721490206
-1,-1,,,138845.59999999,0,1760721490358
-1,-1,,,138994.3,0,1760721490509
-1,-1,,,139145.7,0,1760721490658
-1,-1,,,139289.40000001,0,1760721490802
-1,-1,,,139514.09999999,0,1760721491026
-1,-1,,,139702.8,0,1760721491215
-1,-1,,,139884.59999999,0,1760721491397
-1,-1,,,140061.5,0,1760721491575
-1,-1,,,140248.7,0,1760721491761
-1,-1,,,140448.8,0,1760721491960
-1,-1,,,140638.09999999,0,1760721492150
-1,-1,,,140810.5,0,1760721492322
-1,-1,,,141023,0,1760721492534
-1,-1,,,141198.8,0,1760721492710
-1,-1,,,141354.3,0,1760721492866
-1,-1,,,141524.40000001,0,1760721493036
-1,-1,,,141690.3,0,1760721493202
-1,-1,,,141862,0,1760721493374
-1,-1,,,142027.09999999,0,1760721493539
-1,-1,,,142189.09999999,0,1760721493701
-1,-1,,,142364.3,0,1760721493876
417.01,858.21,"an Everyone Please C",876,142571.8,0,1760721494086
417.01,858.21,"an Everyone Please C",876,142749.2,0,1760721494262
-1,-1,,,142938.5,0,1760721494450
-1,-1,,,143136.3,0,1760721494648
-1,-1,,,143329.8,0,1760721494841
-1,-1,,,143517.7,0,1760721495030
-1,-1,,,143706.2,0,1760721495219
-1,-1,,,143876.90000001,0,1760721495389
-1,-1,,,144040.3,0,1760721495553
-1,-1,,,144215.8,0,1760721495728
-1,-1,,,144396.40000001,0,1760721495909
-1,-1,,,144733.2,0,1760721496246
-1,-1,,,144918.8,0,1760721496431
-1,-1,,,145095,0,1760721496608
-1,-1,,,145269.2,0,1760721496782
-1,-1,,,145446.3,0,1760721496959
-1,-1,,,145631.8,0,1760721497144
-1,-1,,,145811.3,0,1760721497323
-1,-1,,,145998.09999999,0,1760721497512
-1,-1,,,146182.40000001,0,1760721497694
-1,-1,,,146383.2,0,1760721497895
-1,-1,,,146573.59999999,0,1760721498085
-1,-1,,,146737.40000001,0,1760721498249
-1,-1,,,146896.59999999,0,1760721498408
-1,-1,,,147055.09999999,0,1760721498569
-1,-1,,,147216.59999999,0,1760721498729
-1,-1,,,147439.5,0,1760721498951
-1,-1,,,147610.5,0,1760721499124
-1,-1,,,147783.59999999,0,1760721499296
-1,-1,,,147957.8,0,1760721499470
-1,-1,,,148121.90000001,0,1760721499634
-1,-1,,,148274.7,0,1760721499787
-1,-1,,,148425.7,0,1760721499938
-1,-1,,,148604.7,0,1760721500116
-1,-1,,,148754.90000001,0,1760721500266
-1,-1,,,148904,0,1760721500415
-1,-1,,,149049.3,0,1760721500561
-1,-1,,,149206.90000001,0,1760721500718
-1,-1,,,149371.59999999,0,1760721500884
-1,-1,,,149540.8,0,1760721501053
-1,-1,,,149705,0,1760721501217
-1,-1,,,149861.5,0,1760721501374
-1,-1,,,150016.09999999,0,1760721501528
-1,-1,,,150221.40000001,0,1760721501734
-1,-1,,,150390,0,1760721501902
-1,-1,,,150578.40000001,0,1760721502090
-1,-1,,,150751.2,0,1760721502263
-1,-1,,,150905.40000001,0,1760721502418
-1,-1,,,151065.40000001,0,1760721502577
-1,-1,,,151216.2,0,1760721502728
-1,-1,,,151379.59999999,0,1760721502891
-1,-1,,,151554,0,1760721503066
-1,-1,,,151720.40000001,0,1760721503233
-1,-1,,,151888.09999999,0,1760721503401
-1,-1,,,152056.2,0,1760721503568
-1,-1,,,152207.8,0,1760721503720
-1,-1,,,152431.7,0,1760721503944
-1,-1,,,152614.90000001,0,1760721504130
-1,-1,,,152787.3,0,1760721504300
-1,-1,,,152959.90000001,0,1760721504472
-1,-1,,,153114.5,0,1760721504627
-1,-1,,,153258,0,1760721504770
-1,-1,,,153431.3,0,1760721504943
-1,-1,,,153586.7,0,1760721505099
-1,-1,,,153767.2,0,1760721505280
-1,-1,,,153919.40000001,0,1760721505432
-1,-1,,,154073,0,1760721505585
-1,-1,,,154226.7,0,1760721505739
-1,-1,,,154395.7,0,1760721505908
-1,-1,,,154558.5,0,1760721506071
-1,-1,,,154710.7,0,1760721506223
-1,-1,,,154872.40000001,0,1760721506385
-1,-1,,,155031.59999999,0,1760721506544
-1,-1,,,155209.09999999,0,1760721506722
-1,-1,,,155381.40000001,0,1760721506894
-1,-1,,,155554,0,1760721507066
-1,-1,,,155726.09999999,0,1760721507240
-1,-1,,,155883.7,0,1760721507395
-1,-1,,,156054.7,0,1760721507566
-1,-1,,,156216.09999999,0,1760721507727
-1,-1,,,156372.40000001,0,1760721507884
-1,-1,,,156534.3,0,1760721508046
-1,-1,,,156682,0,1760721508194
-1,-1,,,156825.09999999,0,1760721508337
-1,-1,,,156976,0,1760721508488
-1,-1,,,157124.5,0,1760721508637
-1,-1,,,157372.09999999,0,1760721508885
-1,-1,,,157544.5,0,1760721509057
-1,-1,,,157705.2,0,1760721509220
-1,-1,,,157872,0,1760721509384
-1,-1,,,158021.5,0,1760721509534
-1,-1,,,158187.2,0,1760721509699
-1,-1,,,158357.59999999,0,1760721509870
-1,-1,,,158526.90000001,0,1760721510039
-1,-1,,,158701.40000001,0,1760721510214
-1,-1,,,158864,0,1760721510376
-1,-1,,,159021.09999999,0,1760721510533
-1,-1,,,159197.40000001,0,1760721510710
-1,-1,,,159365.40000001,0,1760721510878
-1,-1,,,159545.8,0,1760721511058
-1,-1,,,159717.3,0,1760721511229
-1,-1,,,159870.09999999,0,1760721511383
-1,-1,,,160023.3,0,1760721511535
-1,-1,,,160184.7,0,1760721511697
-1,-1,,,160341.09999999,0,1760721511855
-1,-1,,,160498.59999999,0,1760721512011
-1,-1,,,160651,0,1760721512162
-1,-1,,,160804.3,0,1760721512316
-1,-1,,,160967.8,0,1760721512479
-1,-1,,,161137.8,0,1760721512649
729.01,868.21,"wn?: Mae Martin's Gu",902,161321.2,0,1760721512833
783.01,848.21,"P" on Netflix in 202",830,161504,0,1760721513016
-1,-1,,,161682.40000001,0,1760721513194
-1,-1,,,161852.8,0,1760721513364
-1,-1,,,162054.59999999,0,1760721513566
-1,-1,,,162342.8,0,1760721513854
-1,-1,,,162553.7,0,1760721514066
-1,-1,,,162820.3,0,1760721514332
-1,-1,,,162995.3,0,1760721514507
-1,-1,,,163160.2,0,1760721514673
-1,-1,,,163323.90000001,0,1760721514836
-1,-1,,,163480.2,0,1760721514993
-1,-1,,,163667.3,0,1760721515180
-1,-1,,,163832.40000001,0,1760721515345
-1,-1,,,163992.3,0,1760721515505
-1,-1,,,164143.8,0,1760721515656
-1,-1,,,164293.2,0,1760721515805
-1,-1,,,164442.90000001,0,1760721515954
-1,-1,,,164586.09999999,0,1760721516098
-1,-1,,,164740.40000001,0,1760721516252
-1,-1,,,164976.3,0,1760721516488
-1,-1,,,165140.3,0,1760721516652
-1,-1,,,165313.5,0,1760721516825
-1,-1,,,165488.2,0,1760721517000
-1,-1,,,165653.40000001,0,1760721517165
-1,-1,,,165798.09999999,0,1760721517309
-1,-1,,,165938.59999999,0,1760721517450
-1,-1,,,166077.09999999,0,1760721517588
-1,-1,,,166227.2,0,1760721517739
-1,-1,,,166378.90000001,0,1760721517890
-1,-1,,,166525.2,0,1760721518037
-1,-1,,,166686.40000001,0,1760721518198
-1,-1,,,166840.2,0,1760721518352
-1,-1,,,167020.3,0,1760721518532
-1,-1,,,167171.90000001,0,1760721518683
-1,-1,,,167330.90000001,0,1760721518842
-1,-1,,,167485.3,0,1760721518997
-1,-1,,,167644.40000001,0,1760721519156
-1,-1,,,167784,0,1760721519295
-1,-1,,,167939.5,0,1760721519451
-1,-1,,,168085.40000001,0,1760721519597
-1,-1,,,168231.5,0,1760721519743
-1,-1,,,168396.40000001,0,1760721519908
986.01,882.21,"de to 21st Century S",923,168582.09999999,0,1760721520095
840.01,923.21,"2019",950,168746.09999999,0,1760721520258
840.01,923.21,"2019",950,168894.59999999,0,1760721520406
840.01,923.21,"2019",950,169045.40000001,0,1760721520558
840.01,923.21,"2019",950,169196,0,1760721520709
840.01,923.21,"2019",950,169344.2,0,1760721520857
840.01,923.21,"2019",950,169590.7,0,1760721521103
840.01,923.21,"2019",950,169764.59999999,0,1760721521277
840.01,923.21,"2019",950,169936.40000001,0,1760721521449
840.01,923.21,"cing or executive ro",847,170120.8,0,1760721521634
840.01,923.21,"cing or executive ro",847,170273.59999999,0,1760721521786
840.01,923.21,"cing or executive ro",847,170432,0,1760721521945
840.01,89.97,"sed on common career",165,170588.5,0,1760721522104
840.01,89.97,"sed on common career",165,170750.7,0,1760721522263
840.01,89.97,"sed on common career",165,170905.40000001,0,1760721522418
840.01,89.97,"sed on common career",165,171072.40000001,0,1760721522585
840.01,89.97,"sed on common career",165,171228.59999999,0,1760721522742
840.01,89.97,"sed on common career",165,171389.7,0,1760721522903
840.01,89.97,"sed on common career",165,171538.5,0,1760721523051
840.01,89.97,"sed on common career",165,171694.90000001,0,1760721523208
818.01,109.97,"based on common care",163,171877.3,0,1760721523391
739.01,203.97,"past work:",209,172078.3,0,1760721523591
742.01,217.97,"past work:",209,172281.3,0,1760721523794
743.01,225.97,"s or films",263,172465.59999999,0,1760721523978
743.01,228.97,"s or films",263,172636.5,0,1760721524149
743.01,228.97,"s or films",263,172824.8,0,1760721524338
743.01,228.97,"s or films",263,172990.8,0,1760721524503
743.01,228.97,"s or films",263,173164.09999999,0,1760721524677
743.01,228.97,"s or films",263,173333.3,0,1760721524846
743.01,228.97,"s or films",263,173506.40000001,0,1760721525019
743.01,228.97,"s or films",263,173669.59999999,0,1760721525183
743.01,228.97,"s or films",263,173824.5,0,1760721525340
743.01,228.97,"s or films",263,173980.5,0,1760721525493
743.01,228.97,"s or films",263,174136.40000001,0,1760721525649
743.01,228.97,"s or films",263,174286.90000001,0,1760721525800
743.01,228.97,"s or films",263,174517.2,0,1760721526029
743.01,228.97,"s or films",263,174686.40000001,0,1760721526199
743.01,228.97,"s or films",263,174845.3,0,1760721526357
743.01,228.97,"s or films",263,175000,0,1760721526512
743.01,228.97,"s or films",263,175149.09999999,0,1760721526661
743.01,228.97,"s or films",263,175297.3,0,1760721526810
743.01,228.97,"s or films",263,175455,0,1760721526968
743.01,229.97,"s or films",263,175632.8,0,1760721527145
743.01,229.97,"s or films",263,175804,0,1760721527317
743.01,229.97,"s or films",263,175968.2,0,1760721527481
743.01,229.97,"s or films",263,176118.90000001,0,1760721527631
743.01,229.97,"s or films",263,176276.5,0,1760721527789
743.01,229.97,"s or films",263,176418.40000001,0,1760721527931
743.01,229.97,"s or films",263,176577.7,0,1760721528090
743.01,229.97,"s or films",263,176731,0,1760721528244
743.01,229.97,"s or films",263,176885.3,0,1760721528398
743.01,229.97,"s or films",263,177049.5,0,1760721528562
743.01,229.97,"s or films",263,177202.59999999,0,1760721528715
743.01,229.97,"s or films",263,177345.2,0,1760721528858
743.01,229.97,"s or films",263,177487.3,0,1760721529000
743.01,229.97,"s or films",263,177646.7,0,1760721529160
743.01,229.97,"s or films",263,177797.09999999,0,1760721529310
743.01,229.97,"s or films",263,177951.40000001,0,1760721529464
743.01,229.97,"s or films",263,178096.3,0,1760721529609
743.01,229.97,"s or films",263,178252.5,0,1760721529765
743.01,229.97,"s or films",263,178404.5,0,1760721529920
743.01,229.97,"s or films",263,178575.59999999,0,1760721530089
743.01,274.39,"s or films",263,178747.59999999,0,1760721530260
743.01,318.8,"ature film",305,178916.90000001,0,1760721530429
743.01,496.45,"are Garden or O2 Are",427,179163.2,0,1760721530676
743.01,629.69,"lden Globe",536,179334.5,0,1760721530847
743.01,851.76,"actors on projects",769,179524.59999999,0,1760721531037
743.01,1029.42,"North America",922,179697.3,0,1760721531210
743.01,1030.38,"North America",922,179874.40000001,0,1760721531388
743.01,1251.48,"on company",1103,180049.8,0,1760721531562
743.01,1450.38,"ly shared.",1318,180225.7,0,1760721531738
-1,-1,,,180395.2,0,1760721531907
-1,-1,,,180559.59999999,0,1760721532072
-1,-1,,,180724.90000001,0,1760721532236
-1,-1,,,180878.40000001,0,1760721532390
-1,-1,,,181044.40000001,0,1760721532556
-1,-1,,,181212.5,0,1760721532724
-1,-1,,,181398.5,0,1760721532910
-1,-1,,,181602.3,0,1760721533114
-1,-1,,,181779.5,0,1760721533291
-1,-1,,,182041.40000001,0,1760721533553
-1,-1,,,182260.40000001,0,1760721533772
-1,-1,,,182430.90000001,0,1760721533942
-1,-1,,,182640.3,0,1760721534152
-1,-1,,,182820.09999999,0,1760721534332
-1,-1,,,183017.90000001,0,1760721534529
-1,-1,,,183171.8,0,1760721534683
-1,-1,,,183347.59999999,0,1760721534859
-1,-1,,,183536.3,0,1760721535048
-1,-1,,,183701.8,0,1760721535213
-1,-1,,,183948.8,0,1760721535460
-1,-1,,,184104.8,0,1760721535616
-1,-1,,,184295.7,0,1760721535807
-1,-1,,,184491.8,0,1760721536003
-1,-1,,,184657.09999999,0,1760721536168
-1,-1,,,184817.59999999,0,1760721536329
-1,-1,,,184989.5,0,1760721536501
-1,-1,,,185132.40000001,0,1760721536645
-1,-1,,,185291.40000001,0,1760721536803
-1,-1,,,185497.5,0,1760721537009
-1,-1,,,185681.40000001,0,1760721537193
-1,-1,,,185861.8,0,1760721537373
-1,-1,,,186046.2,0,1760721537558
-1,-1,,,186211.09999999,0,1760721537722
-1,-1,,,186440.40000001,0,1760721537955
-1,-1,,,186640,0,1760721538152
-1,-1,,,186844.7,0,1760721538356
-1,-1,,,187012.7,0,1760721538524
-1,-1,,,187170.09999999,0,1760721538681
-1,-1,,,187466.5,0,1760721538978
-1,-1,,,187639.90000001,0,1760721539151
-1,-1,,,187823.8,0,1760721539335
-1,-1,,,187998.5,0,1760721539510
-1,-1,,,188172.5,0,1760721539684
-1,-1,,,188349.40000001,0,1760721539861
-1,-1,,,188531.59999999,0,1760721540043
-1,-1,,,188712.59999999,0,1760721540224
-1,-1,,,188877.40000001,0,1760721540389
-1,-1,,,189065.40000001,0,1760721540578
-1,-1,,,189237.59999999,0,1760721540749
-1,-1,,,189397,0,1760721540909
-1,-1,,,189564.5,0,1760721541076
-1,-1,,,189736.40000001,0,1760721541248
-1,-1,,,189922.40000001,0,1760721541436
-1,-1,,,190108.5,0,1760721541620
-1,-1,,,190304.2,0,1760721541816
-1,-1,,,190563.90000001,0,1760721542075
-1,-1,,,190749.2,0,1760721542261
-1,-1,,,190916,0,1760721542427
-1,-1,,,192906.40000001,0,1760721544418
-1,-1,,,193089.09999999,0,1760721544602
-1,-1,,,193271.5,0,1760721544783
-1,-1,,,193435.7,0,1760721544947
-1,-1,,,193610.8,0,1760721545122
-1,-1,,,193762.90000001,0,1760721545274
-1,-1,,,193913,0,1760721545424
-1,-1,,,194074.09999999,0,1760721545585
-1,-1,,,194368.59999999,0,1760721545881
-1,-1,,,194667.90000001,0,1760721546179
-1,-1,,,194867.7,0,1760721546379
-1,-1,,,195004.3,0,1760721546516
-1,-1,,,195150.2,0,1760721546662
-1,-1,,,195298.90000001,0,1760721546810
-1,-1,,,195491.90000001,0,1760721547004
-1,-1,,,195685.7,0,1760721547197
-1,-1,,,195899,0,1760721547410
-1,-1,,,196053,0,1760721547564
-1,-1,,,196208.2,0,1760721547719
-1,-1,,,196369.5,0,1760721547881
-1,-1,,,196540.59999999,0,1760721548053
-1,-1,,,196722.40000001,0,1760721548234
-1,-1,,,196931.90000001,0,1760721548444
-1,-1,,,197092.2,0,1760721548604
-1,-1,,,197238.7,0,1760721548750
-1,-1,,,197391.40000001,0,1760721548903
-1,-1,,,197641.7,0,1760721549153
-1,-1,,,197804.59999999,0,1760721549316
-1,-1,,,197997.90000001,0,1760721549509
-1,-1,,,198209.40000001,0,1760721549721
-1,-1,,,198381.7,0,1760721549893
-1,-1,,,198531.7,0,1760721550043
-1,-1,,,198707,0,1760721550218
-1,-1,,,198869.2,0,1760721550380
-1,-1,,,199039.90000001,0,1760721550551
-1,-1,,,199257.2,0,1760721550769
-1,-1,,,199409.3,0,1760721550921
-1,-1,,,199583.5,0,1760721551095
-1,-1,,,199749.5,0,1760721551261
-1,-1,,,199902.90000001,0,1760721551414
-1,-1,,,200063.5,0,1760721551575
-1,-1,,,200218.3,0,1760721551730
-1,-1,,,200371.40000001,0,1760721551883
-1,-1,,,200521.2,0,1760721552033
-1,-1,,,200677.7,0,1760721552189
-1,-1,,,200825.3,0,1760721552337
-1,-1,,,200979,0,1760721552490
-1,-1,,,201124.90000001,0,1760721552636
-1,-1,,,201277,0,1760721552788
-1,-1,,,201428.7,0,1760721552941
-1,-1,,,201585.3,0,1760721553097
-1,-1,,,201732.2,0,1760721553244
-1,-1,,,201879.40000001,0,1760721553391
-1,-1,,,202019.5,0,1760721553531
-1,-1,,,202173.59999999,0,1760721553685
-1,-1,,,202393,0,1760721553904
-1,-1,,,202562.2,0,1760721554074
-1,-1,,,202712.90000001,0,1760721554224
-1,-1,,,202869.3,0,1760721554381
-1,-1,,,203022,0,1760721554533
-1,-1,,,203183.2,0,1760721554695
-1,-1,,,203367.2,0,1760721554879
-1,-1,,,203519.40000001,0,1760721555031
-1,-1,,,203677.40000001,0,1760721555189
-1,-1,,,203835,0,1760721555346
-1,-1,,,203986.8,0,1760721555498
-1,-1,,,204134,0,1760721555645
-1,-1,,,204291.2,0,1760721555803
-1,-1,,,204440.90000001,0,1760721555952
-1,-1,,,204594.8,0,1760721556106
-1,-1,,,204747.5,0,1760721556259
-1,-1,,,204897.59999999,0,1760721556409
-1,-1,,,205051.59999999,0,1760721556563
-1,-1,,,205193.8,0,1760721556705
-1,-1,,,205345.5,0,1760721556857
-1,-1,,,205500.8,0,1760721557012
-1,-1,,,205653.09999999,0,1760721557164
-1,-1,,,205803.90000001,0,1760721557315
-1,-1,,,205942.8,0,1760721557454
-1,-1,,,206102.3,0,1760721557614
-1,-1,,,206264.40000001,0,1760721557776
-1,-1,,,206407.5,0,1760721557919
-1,-1,,,206555.90000001,0,1760721558067
-1,-1,,,206697.5,0,1760721558209
-1,-1,,,206939.8,0,1760721558451
-1,-1,,,207113.59999999,0,1760721558625
-1,-1,,,207265.3,0,1760721558777
-1,-1,,,207412.5,0,1760721558924
-1,-1,,,207568.3,0,1760721559080
-1,-1,,,207728,0,1760721559239
-1,-1,,,207884.3,0,1760721559396
-1,-1,,,208029.3,0,1760721559541
-1,-1,,,208172.7,0,1760721559684
-1,-1,,,208340.3,0,1760721559852
-1,-1,,,208503.7,0,1760721560015
-1,-1,,,208657.8,0,1760721560170
-1,-1,,,208813.7,0,1760721560325
-1,-1,,,208971.40000001,0,1760721560483
-1,-1,,,209139,0,1760721560650
-1,-1,,,209285.09999999,0,1760721560796
-1,-1,,,209436.2,0,1760721560948
-1,-1,,,209589.90000001,0,1760721561101
-1,-1,,,209739,0,1760721561250
-1,-1,,,209888.3,0,1760721561400
-1,-1,,,210039.09999999,0,1760721561550
-1,-1,,,210204.3,0,1760721561716
-1,-1,,,210355.90000001,0,1760721561867
-1,-1,,,210516.09999999,0,1760721562028
-1,-1,,,210667.90000001,0,1760721562179
-1,-1,,,210813.90000001,0,1760721562325
-1,-1,,,210973.59999999,0,1760721562485
-1,-1,,,211122.3,0,1760721562634
-1,-1,,,211274.3,0,1760721562786
-1,-1,,,211505.59999999,0,1760721563017
-1,-1,,,211665.5,0,1760721563177
-1,-1,,,211814.2,0,1760721563326
-1,-1,,,211964.3,0,1760721563476
-1,-1,,,212120.3,0,1760721563632
-1,-1,,,212279.09999999,0,1760721563790
-1,-1,,,212425.90000001,0,1760721563937
-1,-1,,,212574.09999999,0,1760721564085
-1,-1,,,212717.09999999,0,1760721564228
-1,-1,,,212883.59999999,0,1760721564395
-1,-1,,,213029.8,0,1760721564541
-1,-1,,,213173.40000001,0,1760721564685
-1,-1,,,213321.2,0,1760721564833
-1,-1,,,213483.40000001,0,1760721564995
-1,-1,,,213627.2,0,1760721565138
-1,-1,,,213787,0,1760721565298
-1,-1,,,213936,0,1760721565447
-1,-1,,,214081.2,0,1760721565594
-1,-1,,,214223.59999999,0,1760721565735
-1,-1,,,214374,0,1760721565885
-1,-1,,,214524.2,0,1760721566036
-1,-1,,,214696.8,0,1760721566208
-1,-1,,,214851.90000001,0,1760721566363
-1,-1,,,214984.7,0,1760721566496
-1,-1,,,215150.8,0,1760721566662
-1,-1,,,215295.7,0,1760721566807
-1,-1,,,215460.8,0,1760721566972
-1,-1,,,215625.09999999,0,1760721567137
-1,-1,,,215767.5,0,1760721567279
-1,-1,,,215996.8,0,1760721567508
-1,-1,,,216157.90000001,0,1760721567669
-1,-1,,,216301.59999999,0,1760721567813
-1,-1,,,216477.7,0,1760721567989
-1,-1,,,216617,0,1760721568128
-1,-1,,,216764.3,0,1760721568276
-1,-1,,,216908.40000001,0,1760721568420
-1,-1,,,217070.90000001,0,1760721568582
-1,-1,,,217230.90000001,0,1760721568742
-1,-1,,,217405.40000001,0,1760721568917
-1,-1,,,217550.5,0,1760721569062
-1,-1,,,217703,0,1760721569214
-1,-1,,,217849.59999999,0,1760721569361
-1,-1,,,218001.8,0,1760721569513
-1,-1,,,218141.09999999,0,1760721569652
-1,-1,,,218286.2,0,1760721569798
-1,-1,,,218443.3,0,1760721569955
-1,-1,,,218602,0,1760721570113
-1,-1,,,218770.40000001,0,1760721570282
-1,-1,,,218977.09999999,0,1760721570488
-1,-1,,,219132.5,0,1760721570644
-1,-1,,,219290.90000001,0,1760721570802
-1,-1,,,219449.40000001,0,1760721570961
-1,-1,,,219619.8,0,1760721571131
-1,-1,,,219779.5,0,1760721571291
-1,-1,,,219932.40000001,0,1760721571444
-1,-1,,,220087.5,0,1760721571599
-1,-1,,,220245.3,0,1760721571757
-1,-1,,,220394.5,0,1760721571906
-1,-1,,,220561.3,0,1760721572073
-1,-1,,,220787.8,0,1760721572299
-1,-1,,,220949.5,0,1760721572461
-1,-1,,,221105.8,0,1760721572617
-1,-1,,,221257.40000001,0,1760721572769
-1,-1,,,221413.09999999,0,1760721572924
-1,-1,,,221569.59999999,0,1760721573081
-1,-1,,,221743.7,0,1760721573255
-1,-1,,,221889.40000001,0,1760721573401
-1,-1,,,222056,0,1760721573567
-1,-1,,,222204.7,0,1760721573716
-1,-1,,,222344.8,0,1760721573856
-1,-1,,,222490.5,0,1760721574002
-1,-1,,,222641.5,0,1760721574153
-1,-1,,,222798.90000001,0,1760721574310
-1,-1,,,222951.40000001,0,1760721574463
-1,-1,,,223094.2,0,1760721574606
-1,-1,,,223240,0,1760721574751
-1,-1,,,223383.5,0,1760721574895
-1,-1,,,223541.2,0,1760721575053
-1,-1,,,223696.40000001,0,1760721575208
-1,-1,,,223867,0,1760721575378
-1,-1,,,224011.8,0,1760721575523
-1,-1,,,224171.7,0,1760721575683
-1,-1,,,224327.40000001,0,1760721575839
-1,-1,,,224479.7,0,1760721575991
-1,-1,,,224626.5,0,1760721576138
-1,-1,,,224768.09999999,0,1760721576279
-1,-1,,,224937.59999999,0,1760721576449
-1,-1,,,225171.3,0,1760721576683
-1,-1,,,225336.5,0,1760721576848
-1,-1,,,225512.7,0,1760721577024
-1,-1,,,225696.90000001,0,1760721577208
-1,-1,,,225878.09999999,0,1760721577389
-1,-1,,,226103.90000001,0,1760721577615
-1,-1,,,226288.2,0,1760721577799
-1,-1,,,226451.5,0,1760721577963
-1,-1,,,226619,0,1760721578130
-1,-1,,,226776.40000001,0,1760721578288
-1,-1,,,226942.40000001,0,1760721578454
-1,-1,,,227116,0,1760721578627
-1,-1,,,227281.59999999,0,1760721578793
-1,-1,,,227450.90000001,0,1760721578962
-1,-1,,,227606.8,0,1760721579118
-1,-1,,,227750.2,0,1760721579262
-1,-1,,,227907.90000001,0,1760721579419
-1,-1,,,228073.40000001,0,1760721579585
-1,-1,,,228223.2,0,1760721579735
-1,-1,,,228378.40000001,0,1760721579890
-1,-1,,,228534.40000001,0,1760721580046
-1,-1,,,228696.90000001,0,1760721580208
-1,-1,,,228851.3,0,1760721580363
-1,-1,,,229014.90000001,0,1760721580526
-1,-1,,,229163.2,0,1760721580675
-1,-1,,,229317.7,0,1760721580829
-1,-1,,,229478.7,0,1760721580990
-1,-1,,,229701.8,0,1760721581213
-1,-1,,,229865.8,0,1760721581377
-1,-1,,,230020.3,0,1760721581532
-1,-1,,,230186.59999999,0,1760721581698
-1,-1,,,230350.90000001,0,1760721581862
-1,-1,,,230519.90000001,0,1760721582031
-1,-1,,,230686.09999999,0,1760721582197
-1,-1,,,230863.59999999,0,1760721582375
-1,-1,,,231024.40000001,0,1760721582536
-1,-1,,,231181,0,1760721582692
-1,-1,,,231337.2,0,1760721582849
-1,-1,,,231497.90000001,0,1760721583009
-1,-1,,,231640.40000001,0,1760721583152
-1,-1,,,231782.8,0,1760721583294
-1,-1,,,231929.5,0,1760721583441
-1,-1,,,232076.90000001,0,1760721583588
-1,-1,,,232227.2,0,1760721583739
-1,-1,,,232379,0,1760721583891
-1,-1,,,232517.09999999,0,1760721584028
-1,-1,,,232656.09999999,0,1760721584167
-1,-1,,,232793.3,0,1760721584305
-1,-1,,,232938.40000001,0,1760721584450
-1,-1,,,233087.5,0,1760721584599
-1,-1,,,233230.3,0,1760721584742
-1,-1,,,233371.5,0,1760721584883
-1,-1,,,233520.40000001,0,1760721585032
-1,-1,,,233680.90000001,0,1760721585192
-1,-1,,,233829.09999999,0,1760721585340
-1,-1,,,233972.2,0,1760721585484
-1,-1,,,234125.90000001,0,1760721585637
-1,-1,,,234285.09999999,0,1760721585796
-1,-1,,,234503.2,0,1760721586015
-1,-1,,,234679.8,0,1760721586191
-1,-1,,,234838.59999999,0,1760721586350
-1,-1,,,235025.09999999,0,1760721586536
-1,-1,,,235184.2,0,1760721586695
-1,-1,,,235339.90000001,0,1760721586851
-1,-1,,,235490.3,0,1760721587002
-1,-1,,,235650.7,0,1760721587162
-1,-1,,,235797.2,0,1760721587309
-1,-1,,,235938.8,0,1760721587450
-1,-1,,,236078.59999999,0,1760721587590
-1,-1,,,236234,0,1760721587745
-1,-1,,,236374.3,0,1760721587886
-1,-1,,,236516.40000001,0,1760721588028
-1,-1,,,236661.7,0,1760721588173
-1,-1,,,236814.40000001,0,1760721588326
-1,-1,,,236972.2,0,1760721588484
-1,-1,,,237127,0,1760721588638
-1,-1,,,237267.5,0,1760721588780
-1,-1,,,237410.90000001,0,1760721588922
-1,-1,,,237561.8,0,1760721589073
-1,-1,,,237700.5,0,1760721589212
-1,-1,,,237853,0,1760721589364
-1,-1,,,238016.40000001,0,1760721589528
-1,-1,,,238184,0,1760721589695
-1,-1,,,238341.59999999,0,1760721589853
-1,-1,,,238504.3,0,1760721590016
-1,-1,,,238660.7,0,1760721590172
-1,-1,,,238815.7,0,1760721590327
-1,-1,,,238956.8,0,1760721590468
-1,-1,,,239100.59999999,0,1760721590612
-1,-1,,,239316.7,0,1760721590828
-1,-1,,,239467.2,0,1760721590979
-1,-1,,,239637.2,0,1760721591149
-1,-1,,,239795.8,0,1760721591307
-1,-1,,,239946.09999999,0,1760721591457
-1,-1,,,240093.90000001,0,1760721591605
-1,-1,,,240242.09999999,0,1760721591754
-1,-1,,,240391.90000001,0,1760721591904
-1,-1,,,240563,0,1760721592074
-1,-1,,,240719.8,0,1760721592231
-1,-1,,,240869.40000001,0,1760721592381
-1,-1,,,241040.3,0,1760721592552
-1,-1,,,241201.2,0,1760721592713
-1,-1,,,241357.8,0,1760721592869
-1,-1,,,241520.5,0,1760721593032
-1,-1,,,241671.2,0,1760721593183
-1,-1,,,241836,0,1760721593347
-1,-1,,,241991.90000001,0,1760721593503
-1,-1,,,242141.59999999,0,1760721593653
-1,-1,,,242289.90000001,0,1760721593801
-1,-1,,,242432.59999999,0,1760721593944
-1,-1,,,242587.8,0,1760721594099
-1,-1,,,242734.90000001,0,1760721594246
-1,-1,,,242885.8,0,1760721594397
-1,-1,,,243045.5,0,1760721594557
-1,-1,,,243205.09999999,0,1760721594716
-1,-1,,,243347.8,0,1760721594859
-1,-1,,,243501.40000001,0,1760721595013
-1,-1,,,243644,0,1760721595155
-1,-1,,,243788.3,0,1760721595300
-1,-1,,,243933.40000001,0,1760721595445
-1,-1,,,244144.40000001,0,1760721595656
-1,-1,,,244293.40000001,0,1760721595805
-1,-1,,,244439.3,0,1760721595951
-1,-1,,,244583,0,1760721596094
-1,-1,,,244734.09999999,0,1760721596245
-1,-1,,,244878.8,0,1760721596390
-1,-1,,,245031.3,0,1760721596543
-1,-1,,,245181,0,1760721596692
-1,-1,,,245326.09999999,0,1760721596838
-1,-1,,,245490.59999999,0,1760721597002
-1,-1,,,245638.40000001,0,1760721597150
-1,-1,,,245774.59999999,0,1760721597286
-1,-1,,,245923.8,0,1760721597435
-1,-1,,,246075.90000001,0,1760721597587
-1,-1,,,246213.8,0,1760721597725
-1,-1,,,246369,0,1760721597880
-1,-1,,,246541.59999999,0,1760721598053
-1,-1,,,246684.3,0,1760721598196
-1,-1,,,246833.7,0,1760721598345
-1,-1,,,246986.90000001,0,1760721598498
-1,-1,,,247140.8,0,1760721598652
-1,-1,,,247280,0,1760721598791
-1,-1,,,247432.09999999,0,1760721598944
-1,-1,,,247587.3,0,1760721599099
-1,-1,,,247752.3,0,1760721599264
-1,-1,,,247917.09999999,0,1760721599428
-1,-1,,,248057.2,0,1760721599569
-1,-1,,,248194.40000001,0,1760721599706
-1,-1,,,248347.09999999,0,1760721599858
-1,-1,,,248506.5,0,1760721600019
-1,-1,,,248693.40000001,0,1760721600205
-1,-1,,,248960.09999999,0,1760721600472
-1,-1,,,249168,0,1760721600679
-1,-1,,,249361.3,0,1760721600873
-1,-1,,,249559.90000001,0,1760721601071
-1,-1,,,249750.40000001,0,1760721601262
-1,-1,,,249926.59999999,0,1760721601438
-1,-1,,,250087.8,0,1760721601599
-1,-1,,,250254.59999999,0,1760721601766
-1,-1,,,250419.8,0,1760721601931
-1,-1,,,250579.8,0,1760721602091
-1,-1,,,250776.8,0,1760721602288
-1,-1,,,250943.40000001,0,1760721602455
-1,-1,,,251103.09999999,0,1760721602614
-1,-1,,,251264.90000001,0,1760721602776
-1,-1,,,251422.2,0,1760721602934
-1,-1,,,251600.2,0,1760721603112
-1,-1,,,251774.09999999,0,1760721603285
-1,-1,,,251944.40000001,0,1760721603456
-1,-1,,,252099.90000001,0,1760721603611
-1,-1,,,252265.7,0,1760721603777
-1,-1,,,252417.40000001,0,1760721603929
-1,-1,,,252581.90000001,0,1760721604093
-1,-1,,,252743.09999999,0,1760721604254
-1,-1,,,252912.90000001,0,1760721604424
-1,-1,,,253065.09999999,0,1760721604576
-1,-1,,,253228.8,0,1760721604740
-1,-1,,,253382.90000001,0,1760721604894
-1,-1,,,253673.90000001,0,1760721605185
-1,-1,,,253884.2,0,1760721605395
-1,-1,,,254057,0,1760721605568
-1,-1,,,254212.8,0,1760721605724
-1,-1,,,254379.3,0,1760721605891
-1,-1,,,254539.5,0,1760721606051
-1,-1,,,254693.5,0,1760721606205
-1,-1,,,254848.40000001,0,1760721606360
-1,-1,,,255010.40000001,0,1760721606522
-1,-1,,,255174.5,0,1760721606686
-1,-1,,,255335,0,1760721606846
-1,-1,,,255513.3,0,1760721607025
-1,-1,,,255677.2,0,1760721607189
-1,-1,,,255830.3,0,1760721607342
-1,-1,,,256006.3,0,1760721607518
-1,-1,,,256221.5,0,1760721607733
-1,-1,,,256377.90000001,0,1760721607889
-1,-1,,,256548.8,0,1760721608060
-1,-1,,,256705.90000001,0,1760721608217
-1,-1,,,256903,0,1760721608414
-1,-1,,,257104.5,0,1760721608616
-1,-1,,,257263.7,0,1760721608775
-1,-1,,,257411.7,0,1760721608923
-1,-1,,,257569,0,1760721609080
-1,-1,,,257779.5,0,1760721609291
-1,-1,,,257956.8,0,1760721609469
-1,-1,,,258098.09999999,0,1760721609609
-1,-1,,,258257.5,0,1760721609769
-1,-1,,,258424.8,0,1760721609936
-1,-1,,,258586.5,0,1760721610098
-1,-1,,,258793.3,0,1760721610305
-1,-1,,,258954.40000001,0,1760721610466
-1,-1,,,259122.09999999,0,1760721610633
-1,-1,,,259290.5,0,1760721610802
-1,-1,,,259438.40000001,0,1760721610950
-1,-1,,,259601.40000001,0,1760721611113
-1,-1,,,259781.7,0,1760721611293
-1,-1,,,259946.90000001,0,1760721611459
-1,-1,,,260096.59999999,0,1760721611608
-1,-1,,,260259.59999999,0,1760721611771
-1,-1,,,260423.8,0,1760721611935
-1,-1,,,260571.90000001,0,1760721612083
-1,-1,,,260725.3,0,1760721612237
-1,-1,,,260877.5,0,1760721612389
-1,-1,,,261029.90000001,0,1760721612541
-1,-1,,,261195,0,1760721612707
-1,-1,,,261349.8,0,1760721612861
-1,-1,,,261501.5,0,1760721613013
-1,-1,,,261664.5,0,1760721613176
-1,-1,,,261826.8,0,1760721613338
-1,-1,,,261976.40000001,0,1760721613488
-1,-1,,,262123,0,1760721613634
-1,-1,,,262273,0,1760721613785
-1,-1,,,262416.09999999,0,1760721613927
-1,-1,,,262639.7,0,1760721614151
-1,-1,,,262804.7,0,1760721614316
-1,-1,,,262957.2,0,1760721614469
-1,-1,,,263108.90000001,0,1760721614620
-1,-1,,,263254.59999999,0,1760721614766
-1,-1,,,263404.8,0,1760721614916
-1,-1,,,263569.2,0,1760721615081
-1,-1,,,263717.7,0,1760721615229
-1,-1,,,263870.3,0,1760721615382
-1,-1,,,264168,0,1760721615679
-1,-1,,,264333.7,0,1760721615845
-1,-1,,,264494.2,0,1760721616006
-1,-1,,,264675.7,0,1760721616188
-1,-1,,,264837.90000001,0,1760721616350
-1,-1,,,264989.90000001,0,1760721616501
-1,-1,,,265143.40000001,0,1760721616655
-1,-1,,,265303.40000001,0,1760721616815
-1,-1,,,265474.2,0,1760721616986
-1,-1,,,265678.8,0,1760721617190
-1,-1,,,265914.40000001,0,1760721617426
-1,-1,,,266085.8,0,1760721617597
-1,-1,,,266245.7,0,1760721617757
-1,-1,,,266410.90000001,0,1760721617923
-1,-1,,,266580.5,0,1760721618092
-1,-1,,,266733.5,0,1760721618245
-1,-1,,,266905.8,0,1760721618418
-1,-1,,,267062.7,0,1760721618574
-1,-1,,,267228.09999999,0,1760721618739
-1,-1,,,267425.5,0,1760721618937
