-1,-1,,,11191.299999982,0,1765688408359
-1,-1,,,11315.199999988,1,1765688408483
-1,-1,,,11424.699999988,1,1765688408592
-1,-1,,,11546.199999988,1,1765688408713
-1,-1,,,11665.5,1,1765688408832
-1,-1,,,11744.699999988,1,1765688408911
-1,-1,,,11817.599999994,1,1765688408984
-1,-1,,,11885.699999988,1,1765688409052
-1,-1,,,11953.899999976,1,1765688409121
-1,-1,,,12009.599999994,1,1765688409176
-1,-1,,,12066.699999988,1,1765688409233
-1,-1,,,12126.5,1,1765688409293
-1,-1,,,12190.599999994,1,1765688409357
-1,-1,,,12256.599999994,1,1765688409423
-1,-1,,,12322.099999994,1,1765688409489
-1,-1,,,12391.599999994,1,1765688409558
-1,-1,,,12477.299999982,1,1765688409644
-1,-1,,,12549.299999982,1,1765688409716
-1,-1,,,12615.699999988,1,1765688409782
-1,-1,,,12682.799999982,1,1765688409850
-1,-1,,,12745.399999976,1,1765688409912
-1,-1,,,12846.799999982,1,1765688410014
-1,-1,,,12948.699999988,1,1765688410116
-1,-1,,,13056.699999988,1,1765688410224
-1,-1,,,13163.199999988,1,1765688410330
-1,-1,,,13262.299999982,1,1765688410429
-1,-1,,,13358.299999982,1,1765688410525
-1,-1,,,13459.799999982,1,1765688410627
-1,-1,,,13565.699999988,1,1765688410732
-1,-1,,,13663.399999976,1,1765688410830
-1,-1,,,13773.599999994,1,1765688410940
-1,-1,,,13871.599999994,1,1765688411038
-1,-1,,,13963.199999988,1,1765688411130
-1,-1,,,14062.899999976,1,1765688411230
-1,-1,,,14166.599999994,1,1765688411333
-1,-1,,,14262.099999994,1,1765688411429
-1,-1,,,14362.399999976,1,1765688411529
-1,-1,,,14463.099999994,1,1765688411630
-1,-1,,,14570.299999982,1,1765688411737
-1,-1,,,14669.5,1,1765688411836
-1,-1,,,14765.199999988,1,1765688411932
-1,-1,,,14867.299999982,1,1765688412034
-1,-1,,,14965.899999976,1,1765688412133
-1,-1,,,15071.799999982,1,1765688412239
-1,-1,,,15167.199999988,1,1765688412334
-1,-1,,,15221.699999988,1,1765688412388
-1,-1,,,15293.599999994,1,1765688412460
-1,-1,,,15376.799999982,1,1765688412543
-1,-1,,,15451.699999988,1,1765688412619
-1,-1,,,15527.5,1,1765688412694
-1,-1,,,15590.599999994,1,1765688412757
-1,-1,,,15653.799999982,1,1765688412820
-1,-1,,,15706.299999982,1,1765688412873
-1,-1,,,15773.599999994,1,1765688412940
-1,-1,,,15842.099999994,1,1765688413009
-1,-1,,,15899.5,1,1765688413066
-1,-1,,,15959.299999982,1,1765688413126
-1,-1,,,16025.899999976,1,1765688413193
-1,-1,,,16095.699999988,1,1765688413262
-1,-1,,,16159.599999994,1,1765688413326
-1,-1,,,16227.099999994,1,1765688413394
-1,-1,,,16289.699999988,1,1765688413456
-1,-1,,,16372,1,1765688413539
-1,-1,,,16432.199999988,1,1765688413599
-1,-1,,,16489.399999976,1,1765688413656
-1,-1,,,16557.599999994,1,1765688413724
-1,-1,,,16606.299999982,1,1765688413773
-1,-1,,,16672.699999988,1,1765688413839
-1,-1,,,16736.699999988,1,1765688413903
-1,-1,,,16792,1,1765688413959
-1,-1,,,16859.399999976,1,1765688414026
-1,-1,,,16923.5,1,1765688414090
-1,-1,,,16991.099999994,1,1765688414158
-1,-1,,,17063.299999982,1,1765688414230
-1,-1,,,17124.099999994,1,1765688414291
-1,-1,,,17198,1,1765688414365
-1,-1,,,17268.799999982,1,1765688414435
-1,-1,,,17318.899999976,1,1765688414486
-1,-1,,,17373.099999994,1,1765688414540
-1,-1,,,17440.899999976,1,1765688414608
-1,-1,,,17501.699999988,1,1765688414668
-1,-1,,,17558,1,1765688414725
-1,-1,,,17652.099999994,1,1765688414819
-1,-1,,,17708.899999976,1,1765688414876
-1,-1,,,17771,1,1765688414938
-1,-1,,,17840.299999982,1,1765688415007
-1,-1,,,17907.199999988,1,1765688415074
-1,-1,,,17987.599999994,1,1765688415154
-1,-1,,,18043.099999994,1,1765688415210
-1,-1,,,18124.199999988,1,1765688415291
-1,-1,,,18191.299999982,1,1765688415358
-1,-1,,,18264.699999988,1,1765688415431
-1,-1,,,18324.699999988,1,1765688415491
-1,-1,,,18399.199999988,1,1765688415566
-1,-1,,,18466.699999988,1,1765688415633
-1,-1,,,18540.799999982,1,1765688415707
-1,-1,,,18594.699999988,1,1765688415761
-1,-1,,,18666.599999994,1,1765688415833
-1,-1,,,18724.699999988,1,1765688415891
-1,-1,,,18798.699999988,1,1765688415965
-1,-1,,,18871.699999988,1,1765688416038
-1,-1,,,18961.099999994,1,1765688416128
-1,-1,,,19067.099999994,1,1765688416234
-1,-1,,,19164.699999988,1,1765688416331
-1,-1,,,19264.599999994,0,1765688416431
-1,-1,,,19366.899999976,0,1765688416534
-1,-1,,,19420.199999988,0,1765688416587
-1,-1,,,19470.699999988,0,1765688416637
-1,-1,,,19524.599999994,0,1765688416691
-1,-1,,,19591.299999982,0,1765688416758
-1,-1,,,19702.099999994,0,1765688416869
-1,-1,,,19795.299999982,0,1765688416962
-1,-1,,,19891.5,0,1765688417058
-1,-1,,,19990.199999988,0,1765688417157
-1,-1,,,20093.599999994,0,1765688417260
-1,-1,,,20188.099999994,0,1765688417355
-1,-1,,,20254.399999976,0,1765688417421
-1,-1,,,20307.599999994,0,1765688417474
-1,-1,,,20376.199999988,0,1765688417543
-1,-1,,,20451.099999994,0,1765688417618
-1,-1,,,20510.099999994,0,1765688417677
-1,-1,,,20597.799999982,0,1765688417764
-1,-1,,,20701.099999994,0,1765688417868
-1,-1,,,20766.399999976,0,1765688417933
-1,-1,,,20831,0,1765688417998
-1,-1,,,20905.899999976,0,1765688418073
-1,-1,,,20965.199999988,0,1765688418132
-1,-1,,,21028.599999994,0,1765688418195
-1,-1,,,21082.599999994,0,1765688418249
-1,-1,,,21150.399999976,0,1765688418317
-1,-1,,,21247.399999976,0,1765688418414
-1,-1,,,21348.599999994,0,1765688418515
-1,-1,,,21453.599999994,0,1765688418620
-1,-1,,,21549,0,1765688418716
-1,-1,,,21646.899999976,0,1765688418814
-1,-1,,,21746.5,0,1765688418913
-1,-1,,,21819.299999982,0,1765688418986
-1,-1,,,21909.699999988,0,1765688419076
-1,-1,,,22014.399999976,0,1765688419181
-1,-1,,,22113.799999982,0,1765688419281
-1,-1,,,22209.899999976,0,1765688419377
-1,-1,,,22303.899999976,0,1765688419471
-1,-1,,,22395.799999982,0,1765688419563
-1,-1,,,22492.099999994,0,1765688419659
-1,-1,,,22590.899999976,0,1765688419758
-1,-1,,,22650.5,0,1765688419817
-1,-1,,,22714.699999988,0,1765688419881
-1,-1,,,22817.599999994,0,1765688419984
-1,-1,,,22914.899999976,0,1765688420082
-1,-1,,,23015.5,0,1765688420182
-1,-1,,,23099.399999976,0,1765688420266
-1,-1,,,23152.299999982,0,1765688420319
-1,-1,,,23209.799999982,0,1765688420376
-1,-1,,,23313.699999988,0,1765688420480
-1,-1,,,23410.399999976,0,1765688420577
-1,-1,,,23504.699999988,0,1765688420671
-1,-1,,,23594.699999988,0,1765688420761
-1,-1,,,23689,0,1765688420856
-1,-1,,,23786.199999988,0,1765688420953
-1,-1,,,23874,0,1765688421041
-1,-1,,,23969.099999994,0,1765688421136
-1,-1,,,24067.799999982,0,1765688421234
-1,-1,,,24181.099999994,0,1765688421348
-1,-1,,,24285.299999982,0,1765688421452
-1,-1,,,24386.299999982,0,1765688421553
-1,-1,,,24479.299999982,0,1765688421646
-1,-1,,,24536.599999994,0,1765688421703
-1,-1,,,24588.699999988,0,1765688421755
-1,-1,,,24653.799999982,0,1765688421820
-1,-1,,,24708,1,1765688421875
-1,-1,,,24775.399999976,1,1765688421942
-1,-1,,,24841.799999982,0,1765688422009
-1,-1,,,24949.699999988,0,1765688422116
-1,-1,,,25047,0,1765688422214
-1,-1,,,25156.599999994,0,1765688422323
-1,-1,,,25254.899999976,0,1765688422422
-1,-1,,,25346.299999982,0,1765688422513
-1,-1,,,25451.899999976,0,1765688422619
-1,-1,,,25556.899999976,0,1765688422724
-1,-1,,,25654,0,1765688422821
-1,-1,,,25743.799999982,0,1765688422911
-1,-1,,,25837.299999982,0,1765688423004
-1,-1,,,25906.199999988,0,1765688423073
-1,-1,,,25977.799999982,0,1765688423144
-1,-1,,,26042.099999994,0,1765688423209
-1,-1,,,26102.199999988,0,1765688423269
-1,-1,,,26155.5,0,1765688423322
-1,-1,,,26205.899999976,0,1765688423373
-1,-1,,,26276.799999982,0,1765688423443
-1,-1,,,26340.599999994,0,1765688423507
-1,-1,,,26408,0,1765688423575
-1,-1,,,26474.599999994,0,1765688423641
-1,-1,,,26539.599999994,0,1765688423706
-1,-1,,,26605.399999976,0,1765688423772
-1,-1,,,26676.799999982,0,1765688423843
-1,-1,,,26741.899999976,0,1765688423909
-1,-1,,,26816.399999976,0,1765688423983
-1,-1,,,26873.699999988,0,1765688424040
-1,-1,,,26940.799999982,0,1765688424107
-1,-1,,,27009,0,1765688424176
-1,-1,,,27076.299999982,0,1765688424243
-1,-1,,,27183,0,1765688424350
-1,-1,,,27288.299999982,0,1765688424455
-1,-1,,,27386,0,1765688424553
-1,-1,,,27444.799999982,0,1765688424611
-1,-1,,,27518.199999988,0,1765688424685
-1,-1,,,27578.199999988,0,1765688424745
-1,-1,,,27644.599999994,0,1765688424811
-1,-1,,,27710.299999982,0,1765688424877
-1,-1,,,27774.799999982,0,1765688424942
-1,-1,,,27840.699999988,0,1765688425007
-1,-1,,,27947.299999982,1,1765688425114
-1,-1,,,28049.299999982,1,1765688425216
-1,-1,,,28141.5,1,1765688425308
-1,-1,,,28201.299999982,0,1765688425368
-1,-1,,,28258.899999976,0,1765688425426
-1,-1,,,28354.599999994,1,1765688425522
-1,-1,,,28452.899999976,1,1765688425620
-1,-1,,,28545.699999988,1,1765688425719
-1,-1,,,28681,1,1765688425848
-1,-1,,,28746.299999982,1,1765688425913
-1,-1,,,28807.5,1,1765688425974
105,48.45,"After you type your",9,28866.699999988,1,1765688426034
160.07,84.28,"ently. It might take",56,28924.599999994,1,1765688426091
246.45,1.97,"pe your question, pl",22,28984.399999976,1,1765688426151
263.39,5.41,"e your question, ple",23,29052.299999982,1,1765688426219
-1,-1,,,29117.899999976,1,1765688426285
374.58,29.07,"stion, please wait",33,29185.299999982,1,1765688426352
-1,-1,,,29248.599999994,1,1765688426415
442.1,73.82,"please wait",39,29315.099999994,1,1765688426482
466.12,11.19,"ease wait",42,29385.199999988,1,1765688426552
-1,-1,,,29446.799999982,1,1765688426614
-1,-1,,,29523.899999976,1,1765688426691
-1,-1,,,29665.5,1,1765688426832
-1,-1,,,29793.099999994,1,1765688426960
-1,-1,,,29928,1,1765688427095
-1,-1,,,30025,1,1765688427192
-1,-1,,,30139.399999976,1,1765688427306
-1,-1,,,30202.899999976,1,1765688427370
-1,-1,,,30270,1,1765688427437
-1,-1,,,30327.699999988,1,1765688427494
-1,-1,,,30399.299999982,1,1765688427566
-1,-1,,,30464.599999994,1,1765688427631
300.65,10.56,"ur question, please",27,30532.5,1,1765688427699
355.3,44.94,"estion, please wait",32,30596.899999976,1,1765688427764
400,8.99,"on, please wait",36,30679.799999982,1,1765688427847
172.24,28.48,"you type your quest",15,30739.199999988,1,1765688427906
-1,-1,,,30793.899999976,1,1765688427961
-1,-1,,,30858,1,1765688428025
-1,-1,,,30923.299999982,1,1765688428090
-1,-1,,,30991.399999976,1,1765688428158
-1,-1,,,31060.099999994,1,1765688428227
-1,-1,,,31124.399999976,1,1765688428291
-1,-1,,,31191,1,1765688428358
-1,-1,,,31257.699999988,1,1765688428425
-1,-1,,,31327.599999994,1,1765688428494
-1,-1,,,31389.799999982,1,1765688428557
-1,-1,,,31461.799999982,1,1765688428628
-1,-1,,,31525.699999988,1,1765688428692
-1,-1,,,31597.699999988,1,1765688428764
-1,-1,,,31658,1,1765688428825
-1,-1,,,31726,1,1765688428893
-1,-1,,,31797.299999982,1,1765688428964
-1,-1,,,31857.399999976,1,1765688429024
-1,-1,,,31964.399999976,1,1765688429131
-1,-1,,,32063.699999988,1,1765688429230
-1,-1,,,32171.799999982,1,1765688429338
-1,-1,,,32271.199999988,1,1765688429438
-1,-1,,,32370.099999994,1,1765688429537
-1,-1,,,32467.099999994,1,1765688429634
-1,-1,,,32563.799999982,1,1765688429731
-1,-1,,,32664.899999976,1,1765688429832
-1,-1,,,32767.599999994,1,1765688429934
-1,-1,,,32863.799999982,1,1765688430031
-1,-1,,,32959.399999976,1,1765688430126
-1,-1,,,33054.599999994,1,1765688430221
-1,-1,,,33152.799999982,1,1765688430320
-1,-1,,,33249.399999976,1,1765688430416
-1,-1,,,33348.399999976,1,1765688430515
-1,-1,,,33447,1,1765688430614
-1,-1,,,33541.899999976,1,1765688430709
-1,-1,,,33638.199999988,1,1765688430805
-1,-1,,,33732.899999976,1,1765688430900
-1,-1,,,33831.199999988,1,1765688430998
-1,-1,,,33930,1,1765688431097
-1,-1,,,34029.899999976,1,1765688431197
-1,-1,,,34128.399999976,1,1765688431295
-1,-1,,,34225.799999982,1,1765688431393
-1,-1,,,34324.899999976,1,1765688431492
-1,-1,,,34417.099999994,1,1765688431584
-1,-1,,,34517,1,1765688431684
-1,-1,,,34618.5,1,1765688431785
-1,-1,,,34715.099999994,1,1765688431882
-1,-1,,,34807.199999988,1,1765688431974
-1,-1,,,34905.299999982,1,1765688432072
-1,-1,,,35002.399999976,1,1765688432169
-1,-1,,,35056.199999988,1,1765688432223
-1,-1,,,35124.599999994,1,1765688432291
-1,-1,,,35190.199999988,1,1765688432357
-1,-1,,,35261.699999988,1,1765688432428
-1,-1,,,35338.099999994,1,1765688432505
-1,-1,,,35389.199999988,1,1765688432556
-1,-1,,,35453.599999994,1,1765688432620
-1,-1,,,35513.5,1,1765688432680
-1,-1,,,35597,1,1765688432764
-1,-1,,,35679,1,1765688432846
-1,-1,,,35771.599999994,1,1765688432938
-1,-1,,,35875.699999988,1,1765688433042
-1,-1,,,35963.299999982,1,1765688433130
-1,-1,,,36038.699999988,1,1765688433205
-1,-1,,,36112,1,1765688433279
-1,-1,,,36187.799999982,1,1765688433355
-1,-1,,,36256.199999988,1,1765688433423
-1,-1,,,36316.299999982,1,1765688433483
-1,-1,,,36402.899999976,1,1765688433570
-1,-1,,,36508.699999988,1,1765688433675
474.04,209.59,,,36613.599999994,1,1765688433780
435.14,181.64,,,36715.399999976,1,1765688433882
337.54,175.16,"ing their answer. Th",116,36811.599999994,1,1765688433979
235.24,126.47,"It might take up to",63,36911.299999982,1,1765688434079
190.26,94.82,"ly. It might take up",59,37003.699999988,1,1765688434171
70.91,64.22,"After you type y",6,37097.599999994,1,1765688434265
38.15,28,"After you typ",3,37200.399999976,1,1765688434367
28.75,22.25,"After you ty",2,37315.5,1,1765688434483
-1,-1,,,37410.599999994,1,1765688434578
-1,-1,,,37515.399999976,1,1765688434683
-1,-1,,,37617,1,1765688434784
-1,-1,,,37719,1,1765688434886
-1,-1,,,37813.799999982,1,1765688434981
-1,-1,,,37915.5,1,1765688435082
-1,-1,,,38026,1,1765688435193
-1,-1,,,38125.699999988,1,1765688435292
-1,-1,,,38215.399999976,1,1765688435382
-1,-1,,,38299.699999988,1,1765688435466
-1,-1,,,38399.199999988,1,1765688435566
-1,-1,,,38499.599999994,1,1765688435666
87.63,11.94,"After you type yo",7,38601.299999982,1,1765688435768
16.34,6.48,"After you t",1,38696.799999982,1,1765688435864
-1,-1,,,38783.699999988,1,1765688435951
-1,-1,,,38881.699999988,1,1765688436048
-1,-1,,,38982.5,1,1765688436150
-1,-1,,,39074.899999976,1,1765688436242
-1,-1,,,39170,1,1765688436337
-1,-1,,,39270.399999976,1,1765688436438
-1,-1,,,39368.799999982,1,1765688436536
-1,-1,,,39470,1,1765688436637
-1,-1,,,39565.299999982,1,1765688436732
-1,-1,,,39656.799999982,1,1765688436824
-1,-1,,,39756.899999976,1,1765688436924
-1,-1,,,39840.299999982,1,1765688437007
-1,-1,,,39921.299999982,1,1765688437089
15.94,6.74,"After you t",1,40011.599999994,1,1765688437178
102.62,12.2,"After you type your",9,40085.799999982,1,1765688437253
142.34,18.62,"ter you type your qu",12,40170.699999988,1,1765688437338
207.78,64.21,"u type your question",18,40258.5,1,1765688437426
244.21,78.86,"It might take up to",63,40352.299999982,1,1765688437519
287.1,85.54,"ight take up to 1 mi",67,40452.299999982,1,1765688437620
277.42,53.12,"your question, plea",24,40564.799999982,1,1765688437732
319.8,67.85,"r question, please w",28,40660.599999994,1,1765688437828
356.49,32.79,"estion, please wait",32,40758.399999976,1,1765688437926
332.41,25.58,"question, please wa",29,40850.399999976,1,1765688438017
343.77,51.09,"question, please wai",30,40945.699999988,1,1765688438113
352.99,44.82,"uestion, please wait",31,41038.299999982,1,1765688438207
357.22,57.92,"estion, please wait",32,41137.699999988,1,1765688438305
292.53,12.74,"our question, please",26,41227.899999976,1,1765688438395
-1,-1,,,41310.199999988,1,1765688438477
-1,-1,,,41400.199999988,1,1765688438567
-1,-1,,,41490,1,1765688438657
-1,-1,,,41588.299999982,1,1765688438755
-1,-1,,,41683.699999988,1,1765688438850
-1,-1,,,41787.899999976,1,1765688438955
180.37,4,"you type your questi",16,41885.699999988,1,1765688439053
189.86,16.56,"you type your questi",16,41974.799999982,1,1765688439142
288.6,35.02,"your question, pleas",25,42069.299999982,1,1765688439237
358.16,16.92,"estion, please wait",32,42174.699999988,1,1765688439342
338.77,33.18,"question, please wai",30,42281.599999994,1,1765688439449
383.19,34.28,"tion, please wait",34,42381.799999982,1,1765688439549
357.52,80.09,"ke up to 1 minute fo",74,42483,1,1765688439650
345.13,96.14,"ake up to 1 minute f",73,42588.399999976,1,1765688439756
322.89,117.08,"take up to 1 minute",71,42694.899999976,1,1765688439862
312.1,92.6,"t take up to 1 minut",70,42800.699999988,1,1765688439968
272.1,51.83,"your question, plea",24,42904.5,1,1765688440071
168.32,64.85,"2nd President of the",15,43016.699999988,1,1765688440184
91.39,107.12,"(1993-2001)**",48,43121.199999988,1,1765688440288
11.8,97.07,"ed States",40,43222.899999976,1,1765688440390
-1,-1,,,43321.299999982,1,1765688440489
-1,-1,,,43422.899999976,1,1765688440590
-1,-1,,,43523.599999994,1,1765688440690
-1,-1,,,43625.799999982,1,1765688440792
-1,-1,,,43730.5,1,1765688440897
-1,-1,,,43833,1,1765688441000
-1,-1,,,43936.699999988,1,1765688441103
-1,-1,,,44040.899999976,1,1765688441208
-1,-1,,,44154.899999976,1,1765688441322
-1,-1,,,44248.099999994,1,1765688441415
-1,-1,,,44347,1,1765688441514
-1,-1,,,44443.699999988,1,1765688441610
-1,-1,,,44534,1,1765688441701
-1,-1,,,44629.099999994,1,1765688441796
-1,-1,,,44720.399999976,1,1765688441887
-1,-1,,,44810.099999994,1,1765688441977
-1,-1,,,44896.899999976,1,1765688442064
-1,-1,,,45002.399999976,1,1765688442169
-1,-1,,,45104,1,1765688442271
-1,-1,,,45204.5,1,1765688442371
-1,-1,,,45305.599999994,1,1765688442472
-1,-1,,,45415,1,1765688442582
-1,-1,,,45525.199999988,1,1765688442692
-1,-1,,,45622.899999976,1,1765688442790
-1,-1,,,45712.699999988,1,1765688442879
-1,-1,,,45813.399999976,1,1765688442980
-1,-1,,,45927.799999982,1,1765688443094
-1,-1,,,46036.699999988,1,1765688443204
-1,-1,,,46130.699999988,1,1765688443297
420.05,4.9,"nited States",37,46221,1,1765688443388
302.22,47.27,"t of the United Stat",27,46299.399999976,1,1765688443467
240.08,113.08,"93-2001)**",53,46398.699999988,1,1765688443566
222.62,149.23,"d two terms in offic",73,46491.799999982,1,1765688443659
181.68,163.36,"rved two terms in of",70,46603.299999982,1,1765688443770
169.89,183.24,"erved two terms in o",69,46703.099999994,1,1765688443870
146.6,191.28,"Served two terms in",67,46809.599999994,1,1765688443977
158.32,229.69,"ing the 1992 and 199",105,46915.599999994,1,1765688444083
155.08,167.3,"Served two terms in",67,47027.699999988,1,1765688444195
229.62,224.16,"e 1992 and 1996 elec",111,47125.099999994,1,1765688444292
241.28,196.23,"two terms in office",75,47209.099999994,1,1765688444376
232,136.3,"93-2001)**",53,47283.199999988,1,1765688444450
272.73,114.63,"93-2001)**",53,47370.399999976,1,1765688444538
344.1,143.44,"93-2001)**",53,47467,1,1765688444634
390.83,104.58,"93-2001)**",53,47559.199999988,1,1765688444726
357.65,63.94,"the United States",32,47676.099999994,1,1765688444844
339.76,86.35,"93-2001)**",53,47781.199999988,1,1765688444948
343.11,136.81,"93-2001)**",53,47881.799999982,1,1765688445049
316.06,122.37,"93-2001)**",53,47989.5,1,1765688445157
223.72,134.28,"93-2001)**",53,48105.399999976,1,1765688445273
181.68,166.8,"rved two terms in of",70,48222.399999976,1,1765688445390
85.05,146.24,"(1993-2001)**",47,48332.899999976,1,1765688445500
62.13,162.78,"- Served two",59,48452.599999994,1,1765688445620
10.56,166.03,"- Served",54,48562.5,1,1765688445729
-1,-1,,,48649.399999976,1,1765688445816
-1,-1,,,48738.699999988,1,1765688445906
-1,-1,,,48827.699999988,1,1765688445995
-1,-1,,,48916.799999982,1,1765688446084
-1,-1,,,49016.299999982,1,1765688446183
-1,-1,,,49111.099999994,1,1765688446278
39.28,131.83,"(1993-2001)**",43,49203.299999982,1,1765688446371
28.18,123.85,"(1993-2001)*",42,49292,1,1765688446459
73.03,139.3,"(1993-2001)**",46,49375,1,1765688446542
113.52,128.47,"(1993-2001)**",50,49466.599999994,1,1765688446634
203.68,131.68,"93-2001)**",53,49562.199999988,1,1765688446729
237.83,150.68,"two terms in office",75,49665.599999994,1,1765688446833
281.91,126.52,"93-2001)**",53,49758,1,1765688446925
303.87,178.41,"rms in office after",81,49845.299999982,1,1765688447012
346.73,177.37,"in office after",85,49936.399999976,1,1765688447103
386.77,161.84,,,50022.399999976,1,1765688447189
464.42,133.61,"93-2001)**",53,50121.099999994,1,1765688447288
486.2,142.05,"93-2001)**",53,50212.399999976,1,1765688447379
482.96,129.58,"93-2001)**",53,50313.099999994,1,1765688447480
471.04,127.15,"93-2001)**",53,50418.099999994,1,1765688447585
477.5,107.3,"93-2001)**",53,50536.599999994,1,1765688447704
423.35,125.49,"93-2001)**",53,50639.5,1,1765688447806
381.03,155.66,"office after",88,50751.199999988,1,1765688447918
374.38,155.56,"office after",87,50854,1,1765688448021
367.5,178.4,,,50971.799999982,1,1765688448139
248.31,175.52,"wo terms in office a",76,51079.199999988,1,1765688448246
144.72,165.88,"- Served two terms i",66,51189.699999988,1,1765688448357
-1,-1,,,51300.899999976,1,1765688448468
-1,-1,,,51404.799999982,1,1765688448572
-1,-1,,,51524.799999982,1,1765688448692
-1,-1,,,51632.799999982,1,1765688448800
-1,-1,,,51733.699999988,1,1765688448900
-1,-1,,,51839.599999994,1,1765688449007
-1,-1,,,51969.199999988,1,1765688449136
-1,-1,,,52106.5,1,1765688449274
-1,-1,,,52237.799999982,1,1765688449405
-1,-1,,,52394.099999994,1,1765688449561
-1,-1,,,52525.5,1,1765688449692
-1,-1,,,52682.599999994,1,1765688449849
-1,-1,,,52809.199999988,1,1765688449976
-1,-1,,,52930.199999988,1,1765688450097
-1,-1,,,53065.299999982,1,1765688450232
-1,-1,,,53197,1,1765688450364
-1,-1,,,53332.799999982,1,1765688450500
-1,-1,,,53471.699999988,1,1765688450639
-1,-1,,,53605.299999982,1,1765688450773
-1,-1,,,53736.299999982,1,1765688450903
-1,-1,,,53859.099999994,1,1765688451026
-1,-1,,,53974.899999976,1,1765688451142
-1,-1,,,54091.5,1,1765688451259
-1,-1,,,54211.799999982,1,1765688451379
50.05,5.91,"- **42nd Presi",4,54336.699999988,1,1765688451504
47.84,55.31,"- **42nd Presi",4,54439.299999982,1,1765688451606
57.2,70.86,"- **42nd Presi",4,54565.199999988,1,1765688451732
20.41,49.16,"- **42nd Pr",1,54680.199999988,1,1765688451847
32.88,50.35,"- **42nd Pre",2,54803.199999988,1,1765688451970
30.4,70.42,"- **42nd Pre",2,54933.199999988,1,1765688452100
7.89,101.07,"ed States",40,55077.299999982,1,1765688452244
44.03,111.89,"(1993-2001)**",43,55243.899999976,1,1765688452411
108.08,94.96,"(1993-2001)**",49,55319.699999988,1,1765688452487
106.35,30.59,"- **42nd President",9,55417.599999994,1,1765688452585
-1,-1,,,55513.399999976,1,1765688452680
-1,-1,,,55616.799999982,1,1765688452784
-1,-1,,,55704.399999976,1,1765688452871
-1,-1,,,55788.599999994,1,1765688452956
-1,-1,,,55955.699999988,1,1765688453123
-1,-1,,,56130.899999976,1,1765688453298
-1,-1,,,56256.699999988,1,1765688453424
90.11,0.87,"- Served two te",61,56349.299999982,1,1765688453516
37.79,22.02,"winning the 1",94,56441.099999994,1,1765688453608
-1,-1,,,56529.399999976,1,1765688453696
-1,-1,,,56654.899999976,1,1765688453822
-1,-1,,,56771.5,1,1765688453939
-1,-1,,,56879.899999976,1,1765688454047
-1,-1,,,56994.5,1,1765688454162
-1,-1,,,57094.099999994,1,1765688454261
35.11,111.24,"- **Governor",130,57192.599999994,1,1765688454360
75.75,72.4,"winning the 1992",97,57290.5,1,1765688454458
132.86,77.68,"inning the 1992 and",102,57369.199999988,1,1765688454536
138,64,"nning the 1992 and 1",103,57445.099999994,1,1765688454612
127.81,74.19,"inning the 1992 and",102,57528.699999988,1,1765688454696
119.75,51.6,"winning the 1992 and",101,57584.799999982,1,1765688454752
-1,-1,,,57670.399999976,1,1765688454837
-1,-1,,,57765.299999982,1,1765688454932
-1,-1,,,57862.5,1,1765688455029
-1,-1,,,57921,1,1765688455088
-1,-1,,,58005.599999994,1,1765688455172
-1,-1,,,58095.799999982,1,1765688455263
-1,-1,,,58190.899999976,1,1765688455358
-1,-1,,,58290.399999976,1,1765688455457
-1,-1,,,58392.599999994,1,1765688455560
-1,-1,,,58488,1,1765688455655
-1,-1,,,58585.199999988,1,1765688455752
-1,-1,,,58686.099999994,1,1765688455853
-1,-1,,,58784.799999982,1,1765688455952
-1,-1,,,58879.399999976,1,1765688456046
-1,-1,,,59022.799999982,1,1765688456190
-1,-1,,,59183.399999976,1,1765688456351
-1,-1,,,59298.5,1,1765688456465
-1,-1,,,59404,1,1765688456572
-1,-1,,,59573.299999982,1,1765688456741
-1,-1,,,59707,1,1765688456874
-1,-1,,,59832,1,1765688456999
68.02,27.45,"- Served mult",172,59960.199999988,1,1765688457127
14.95,60.47,"presidency,",205,60083.599999994,1,1765688457251
-1,-1,,,60241.199999988,1,1765688457408
-1,-1,,,60392.299999982,1,1765688457560
-1,-1,,,60519.5,1,1765688457687
-1,-1,,,60645.799999982,1,1765688457813
-1,-1,,,60763.799999982,1,1765688457931
-1,-1,,,60879.699999988,1,1765688458047
-1,-1,,,60989.899999976,1,1765688458157
-1,-1,,,61121.799999982,1,1765688458289
-1,-1,,,61221.899999976,1,1765688458389
-1,-1,,,61372.199999988,1,1765688458539
-1,-1,,,61492.699999988,1,1765688458660
-1,-1,,,61593.299999982,1,1765688458760
-1,-1,,,61717.299999982,1,1765688458884
-1,-1,,,61826.899999976,1,1765688458994
-1,-1,,,61940.899999976,1,1765688459108
-1,-1,,,62053.299999982,1,1765688459220
-1,-1,,,62171,1,1765688459339
-1,-1,,,62343.699999988,1,1765688459511
-1,-1,,,62459.699999988,1,1765688459627
-1,-1,,,62586.199999988,1,1765688459753
-1,-1,,,62705,1,1765688459872
-1,-1,,,62813.099999994,1,1765688459980
-1,-1,,,62905.899999976,1,1765688460073
-1,-1,,,62971.899999976,1,1765688460139
-1,-1,,,63044,1,1765688460211
-1,-1,,,63104.699999988,1,1765688460272
-1,-1,,,63166.099999994,1,1765688460333
-1,-1,,,63232.899999976,1,1765688460400
-1,-1,,,63318.5,1,1765688460485
18.33,72.27,"presidency,",205,63424.799999982,1,1765688460592
40.23,25.12,"- Served mu",170,63505.099999994,1,1765688460672
134.62,22.29,"- Served multiple t",178,63568.799999982,1,1765688460736
158.37,4.49,"Served multiple term",181,63632.299999982,1,1765688460799
99.34,26.46,"- Served multipl",175,63738.699999988,1,1765688460906
-1,-1,,,63860.099999994,1,1765688461027
-1,-1,,,63917,1,1765688461084
-1,-1,,,63998.199999988,1,1765688461165
-1,-1,,,64077.299999982,1,1765688461244
-1,-1,,,64166.799999982,1,1765688461334
-1,-1,,,64222.5,1,1765688461389
-1,-1,,,64290.799999982,1,1765688461458
-1,-1,,,64350.299999982,1,1765688461517
-1,-1,,,64422.799999982,1,1765688461590
-1,-1,,,64504.899999976,1,1765688461672
-1,-1,,,64561.299999982,1,1765688461728
-1,-1,,,64626.5,1,1765688461793
-1,-1,,,64738.699999988,1,1765688461906
-1,-1,,,64831.299999982,1,1765688461998
-1,-1,,,64883.099999994,1,1765688462050
-1,-1,,,64945.399999976,1,1765688462112
-1,-1,,,65004.399999976,1,1765688462171
-1,-1,,,65125.399999976,1,1765688462293
-1,-1,,,65228.899999976,1,1765688462396
-1,-1,,,65335.299999982,1,1765688462503
-1,-1,,,65439.399999976,1,1765688462606
-1,-1,,,65539.699999988,1,1765688462707
-1,-1,,,65643.699999988,1,1765688462811
-1,-1,,,65753.399999976,1,1765688462921
-1,-1,,,65857.799999982,1,1765688463025
-1,-1,,,65967.799999982,1,1765688463135
-1,-1,,,66060.099999994,1,1765688463227
-1,-1,,,66165.899999976,1,1765688463333
-1,-1,,,66281.099999994,1,1765688463448
-1,-1,,,66395.799999982,1,1765688463563
-1,-1,,,66507.599999994,1,1765688463675
-1,-1,,,66613.399999976,1,1765688463781
-1,-1,,,66743.5,1,1765688463911
-1,-1,,,66856.299999982,1,1765688464024
-1,-1,,,66973.299999982,1,1765688464140
-1,-1,,,67095.399999976,1,1765688464263
-1,-1,,,67210.899999976,1,1765688464378
-1,-1,,,67324.699999988,1,1765688464492
16.78,104.91,"education a",239,67455.899999976,1,1765688464623
39.58,37.58,"education and",241,67628,1,1765688464795
-1,-1,,,67754.699999988,1,1765688464922
-1,-1,,,67881.199999988,1,1765688465048
-1,-1,,,67991.5,1,1765688465159
-1,-1,,,68094.299999982,1,1765688465261
-1,-1,,,68211.5,1,1765688465379
-1,-1,,,68356.599999994,1,1765688465524
-1,-1,,,68472.899999976,1,1765688465640
-1,-1,,,68530.899999976,1,1765688465698
-1,-1,,,68622.099999994,1,1765688465789
-1,-1,,,68800.599999994,1,1765688465968
-1,-1,,,68910.5,1,1765688466078
-1,-1,,,69039,1,1765688466206
48.63,28.33,"- Engages in",525,69222.899999976,1,1765688466390
66,61.68,"written several",565,69339.299999982,1,1765688466507
84.67,71.55,"political, econom",693,69541.799999982,1,1765688466709
121.75,155.52,"- **Chairman of the",775,69643.699999988,1,1765688466811
128.24,178.33,"oundation**",818,69707.699999988,1,1765688466875
137.88,356.17,"mbating climate chan",908,69822.299999982,1,1765688466989
164.8,416.44,"ating climate change",910,69966.399999976,1,1765688467134
-1,-1,,,70097.199999988,1,1765688467264
-1,-1,,,70249.199999988,1,1765688467416
-1,-1,,,70382,1,1765688467549
-1,-1,,,70502.899999976,1,1765688467670
-1,-1,,,70564.699999988,1,1765688467731
-1,-1,,,70626.099999994,1,1765688467793
-1,-1,,,70749.199999988,1,1765688467916
-1,-1,,,70877.699999988,1,1765688468045
-1,-1,,,71011.799999982,1,1765688468179
-1,-1,,,71147,1,1765688468314
-1,-1,,,71268.799999982,1,1765688468436
-1,-1,,,71397.899999976,1,1765688468565
-1,-1,,,71522.199999988,1,1765688468690
-1,-1,,,71635.399999976,1,1765688468803
-1,-1,,,71714.399999976,1,1765688468881
-1,-1,,,71806,1,1765688468973
-1,-1,,,71888.299999982,1,1765688469055
-1,-1,,,72092.799999982,1,1765688469260
-1,-1,,,72212.399999976,1,1765688469380
-1,-1,,,72336.699999988,1,1765688469504
-1,-1,,,72458,1,1765688469625
-1,-1,,,72594.099999994,1,1765688469761
-1,-1,,,72731.5,1,1765688469899
-1,-1,,,72849.299999982,1,1765688470016
107.35,123.61,"- **Chairman of the",774,72968.199999988,1,1765688470135
175.35,173.17,"undation**",819,73082.699999988,1,1765688470250
225.75,228.58,"ed in charitable ini",840,73142.799999982,1,1765688470310
231.82,274.49,"ed in charitable ini",840,73207.5,1,1765688470374
264.63,278.86,"oving global health",882,73274.699999988,1,1765688470442
-1,-1,,,73373.5,1,1765688470541
-1,-1,,,73544.899999976,1,1765688470712
-1,-1,,,73675.599999994,1,1765688470842
-1,-1,,,73823,1,1765688470990
-1,-1,,,73946.799999982,1,1765688471113
-1,-1,,,74066.299999982,1,1765688471233
-1,-1,,,74187.899999976,1,1765688471355
-1,-1,,,74250.699999988,1,1765688471417
-1,-1,,,74322.699999988,1,1765688471489
-1,-1,,,74383.099999994,1,1765688471550
-1,-1,,,74452.299999982,1,1765688471619
-1,-1,,,74520.699999988,1,1765688471687
-1,-1,,,74589.399999976,1,1765688471756
-1,-1,,,74657.299999982,1,1765688471824
-1,-1,,,74738.899999976,1,1765688471906
-1,-1,,,74810.299999982,1,1765688471977
-1,-1,,,74874.899999976,1,1765688472042
-1,-1,,,74942.299999982,1,1765688472109
-1,-1,,,75011.899999976,1,1765688472179
-1,-1,,,75074.299999982,1,1765688472241
-1,-1,,,75155.899999976,1,1765688472323
-1,-1,,,75228.5,1,1765688472395
-1,-1,,,75299.099999994,1,1765688472466
-1,-1,,,75379.5,1,1765688472546
-1,-1,,,75444.199999988,1,1765688472611
-1,-1,,,75530.599999994,1,1765688472697
-1,-1,,,75607.199999988,1,1765688472774
-1,-1,,,75675.5,1,1765688472842
-1,-1,,,75741.599999994,1,1765688472908
-1,-1,,,75845.299999982,1,1765688473012
-1,-1,,,75926.699999988,1,1765688473093
-1,-1,,,75995,1,1765688473162
-1,-1,,,76074.899999976,1,1765688473242
-1,-1,,,76141.799999982,1,1765688473308
-1,-1,,,76209.399999976,1,1765688473376
-1,-1,,,76290.299999982,1,1765688473457
-1,-1,,,76411.799999982,1,1765688473578
-1,-1,,,76479.699999988,1,1765688473646
-1,-1,,,76569.699999988,1,1765688473736
-1,-1,,,76632.199999988,1,1765688473799
-1,-1,,,76703.199999988,1,1765688473870
-1,-1,,,76767.699999988,1,1765688473934
-1,-1,,,76854.299999982,1,1765688474021
-1,-1,,,76927.399999976,1,1765688474094
-1,-1,,,77007.5,1,1765688474174
-1,-1,,,77097.699999988,1,1765688474264
-1,-1,,,77169.899999976,1,1765688474337
-1,-1,,,77237.799999982,1,1765688474405
-1,-1,,,77305.399999976,1,1765688474472
-1,-1,,,77376.799999982,1,1765688474543
-1,-1,,,77448.299999982,1,1765688474615
-1,-1,,,77514.099999994,1,1765688474681
-1,-1,,,77581.799999982,1,1765688474748
-1,-1,,,77658.5,1,1765688474825
-1,-1,,,77747.399999976,1,1765688474914
-1,-1,,,77816.699999988,1,1765688474983
-1,-1,,,77889.5,1,1765688475056
-1,-1,,,77960.099999994,1,1765688475127
-1,-1,,,78025.399999976,1,1765688475192
-1,-1,,,78101.399999976,1,1765688475268
-1,-1,,,78169.799999982,1,1765688475336
-1,-1,,,78235.899999976,1,1765688475403
-1,-1,,,78302.5,1,1765688475469
-1,-1,,,78379.099999994,1,1765688475546
-1,-1,,,78444.399999976,1,1765688475611
106.06,418.82,"combating climate c",905,78511.699999988,1,1765688475678
120.03,395.28,"combating climate ch",906,78585.099999994,1,1765688475752
112.88,364.64,"combating climate c",905,78672.5,1,1765688475839
106.57,55.04,"both domestically a",735,78828.099999994,1,1765688475995
-1,-1,,,78909.799999982,1,1765688476076
-1,-1,,,78990.199999988,1,1765688476157
-1,-1,,,79123,1,1765688476290
-1,-1,,,79283.899999976,1,1765688476451
-1,-1,,,79410.299999982,1,1765688476577
-1,-1,,,79494.5,1,1765688476661
-1,-1,,,79618.099999994,1,1765688476785
-1,-1,,,79750.599999994,1,1765688476917
-1,-1,,,79893.299999982,1,1765688477060
-1,-1,,,79964.099999994,1,1765688477131
-1,-1,,,80042.299999982,1,1765688477209
-1,-1,,,80109.199999988,1,1765688477276
-1,-1,,,80172.599999994,1,1765688477339
-1,-1,,,80231,1,1765688477398
-1,-1,,,80299.199999988,1,1765688477466
-1,-1,,,80366.399999976,1,1765688477533
-1,-1,,,80437.699999988,1,1765688477604
-1,-1,,,80522.199999988,1,1765688477689
-1,-1,,,80599.399999976,1,1765688477766
-1,-1,,,80666.799999982,1,1765688477833
-1,-1,,,80729.099999994,1,1765688477896
-1,-1,,,80801,1,1765688477968
-1,-1,,,80870.199999988,1,1765688478037
-1,-1,,,80930.399999976,1,1765688478097
-1,-1,,,81036.299999982,1,1765688478203
-1,-1,,,81137.299999982,1,1765688478304
-1,-1,,,81246.699999988,1,1765688478413
-1,-1,,,81356.799999982,1,1765688478523
-1,-1,,,81463.199999988,1,1765688478630
-1,-1,,,81573.299999982,1,1765688478740
-1,-1,,,81671.5,1,1765688478838
-1,-1,,,81773.099999994,1,1765688478940
-1,-1,,,81878.799999982,1,1765688479046
-1,-1,,,81987.599999994,1,1765688479154
-1,-1,,,82095.399999976,1,1765688479262
-1,-1,,,82206.599999994,0,1765688479373
-1,-1,,,82309.299999982,0,1765688479476
-1,-1,,,82413,0,1765688479580
-1,-1,,,82556.699999988,0,1765688479723
-1,-1,,,82656.699999988,0,1765688479823
-1,-1,,,82756.699999988,0,1765688479924
-1,-1,,,82844.299999982,0,1765688480011
-1,-1,,,82956.5,1,1765688480123
-1,-1,,,83048.599999994,1,1765688480215
-1,-1,,,83116.5,1,1765688480283
-1,-1,,,83180.399999976,1,1765688480347
-1,-1,,,83252,1,1765688480419
-1,-1,,,83344.5,1,1765688480511
-1,-1,,,83426,1,1765688480593
-1,-1,,,83491.399999976,1,1765688480658
-1,-1,,,83554.599999994,1,1765688480721
-1,-1,,,83612.699999988,1,1765688480780
-1,-1,,,83682.399999976,1,1765688480849
-1,-1,,,83753.199999988,1,1765688480920
-1,-1,,,83808.199999988,1,1765688480975
-1,-1,,,83875.399999976,1,1765688481042
-1,-1,,,83944.899999976,1,1765688481112
-1,-1,,,84026.199999988,1,1765688481193
-1,-1,,,84082.599999994,0,1765688481249
-1,-1,,,84155.599999994,0,1765688481322
-1,-1,,,84236.199999988,0,1765688481403
-1,-1,,,84290.899999976,0,1765688481458
-1,-1,,,84360.599999994,0,1765688481527
-1,-1,,,84424.799999982,0,1765688481592
-1,-1,,,84506.799999982,0,1765688481674
-1,-1,,,84568.199999988,0,1765688481735
-1,-1,,,84632.399999976,0,1765688481799
-1,-1,,,84699.399999976,0,1765688481866
-1,-1,,,84759.099999994,0,1765688481926
-1,-1,,,84827.799999982,0,1765688481995
-1,-1,,,84895.399999976,0,1765688482062
-1,-1,,,84960.5,0,1765688482127
-1,-1,,,85036.799999982,0,1765688482204
-1,-1,,,85103.199999988,0,1765688482270
-1,-1,,,85164.899999976,0,1765688482332
-1,-1,,,85234.899999976,0,1765688482402
-1,-1,,,85295.399999976,0,1765688482462
-1,-1,,,85361.699999988,0,1765688482529
-1,-1,,,85425.699999988,0,1765688482593
-1,-1,,,85507.899999976,0,1765688482675
-1,-1,,,85623.599999994,0,1765688482791
-1,-1,,,85726.399999976,0,1765688482893
-1,-1,,,85827,0,1765688482994
-1,-1,,,85933.799999982,0,1765688483101
-1,-1,,,86044.699999988,0,1765688483212
-1,-1,,,86153.699999988,0,1765688483321
-1,-1,,,86262.599999994,0,1765688483430
-1,-1,,,86370,0,1765688483537
-1,-1,,,86475.099999994,0,1765688483642
-1,-1,,,86578.299999982,0,1765688483745
-1,-1,,,86635.399999976,0,1765688483802
-1,-1,,,86687.899999976,0,1765688483855
-1,-1,,,86803.899999976,0,1765688483971
-1,-1,,,86904.399999976,0,1765688484071
-1,-1,,,87012.099999994,0,1765688484179
-1,-1,,,87118.399999976,0,1765688484285
-1,-1,,,87215,0,1765688484382
-1,-1,,,87269.299999982,0,1765688484436
-1,-1,,,87326.899999976,0,1765688484493
-1,-1,,,87383.199999988,0,1765688484550
-1,-1,,,87465.199999988,0,1765688484632
-1,-1,,,87551.299999982,0,1765688484718
-1,-1,,,87643.699999988,0,1765688484811
-1,-1,,,87750.299999982,0,1765688484917
-1,-1,,,87851.399999976,0,1765688485018
-1,-1,,,87947.299999982,0,1765688485114
-1,-1,,,88047.399999976,0,1765688485214
8.09,133.74,"- **Chairm",765,88149.699999988,0,1765688485317
82.44,138.85,"Foundation**",814,88257.099999994,0,1765688485424
67.9,139.48,"Foundation**",812,88362.199999988,0,1765688485529
30.96,156.26,"Foundation**",809,88463,0,1765688485630
-1,-1,,,88571.799999982,0,1765688485739
-1,-1,,,88676.899999976,0,1765688485844
-1,-1,,,88782.799999982,0,1765688485950
-1,-1,,,88878.199999988,0,1765688486045
-1,-1,,,88932.899999976,0,1765688486100
-1,-1,,,88988.5,0,1765688486155
-1,-1,,,89069.5,0,1765688486236
-1,-1,,,89130.699999988,0,1765688486298
-1,-1,,,89196.599999994,0,1765688486363
-1,-1,,,89268,0,1765688486435
-1,-1,,,89324,0,1765688486491
-1,-1,,,89393.5,0,1765688486560
-1,-1,,,89460.299999982,0,1765688486627
-1,-1,,,89532.199999988,0,1765688486699
-1,-1,,,89591.899999976,0,1765688486759
-1,-1,,,89669.299999982,0,1765688486836
-1,-1,,,89724,0,1765688486891
-1,-1,,,89794.099999994,0,1765688486961
-1,-1,,,89867.399999976,0,1765688487034
-1,-1,,,89932.899999976,0,1765688487100
-1,-1,,,90001.699999988,1,1765688487168
-1,-1,,,90058.399999976,1,1765688487225
-1,-1,,,90124.899999976,1,1765688487292
-1,-1,,,90216.899999976,1,1765688487384
-1,-1,,,90274.299999982,1,1765688487441
-1,-1,,,90371,1,1765688487538
-1,-1,,,90424,1,1765688487591
-1,-1,,,90493.099999994,1,1765688487660
-1,-1,,,90568.799999982,1,1765688487736
-1,-1,,,90671.5,1,1765688487838
-1,-1,,,90775.199999988,1,1765688487942
-1,-1,,,90884.5,1,1765688488051
-1,-1,,,90991.099999994,1,1765688488158
-1,-1,,,91095.5,1,1765688488263
-1,-1,,,91199.5,1,1765688488366
-1,-1,,,91300.699999988,0,1765688488467
39.54,75.99,"- **Chairman",768,91404.399999976,0,1765688488572
-1,-1,,,91502.599999994,0,1765688488669
-1,-1,,,91593.199999988,0,1765688488760
-1,-1,,,91656.799999982,0,1765688488824
-1,-1,,,91777.799999982,0,1765688488945
-1,-1,,,91883,0,1765688489050
-1,-1,,,92000,0,1765688489167
-1,-1,,,92107,0,1765688489274
-1,-1,,,92196.899999976,0,1765688489364
-1,-1,,,92254.199999988,0,1765688489421
-1,-1,,,92345.5,0,1765688489512
-1,-1,,,92447,0,1765688489614
-1,-1,,,92549,0,1765688489716
-1,-1,,,92643,0,1765688489810
-1,-1,,,92706.199999988,0,1765688489873
-1,-1,,,92810.899999976,0,1765688489978
-1,-1,,,92877.399999976,0,1765688490044
-1,-1,,,92984.099999994,0,1765688490151
-1,-1,,,93093,0,1765688490260
-1,-1,,,93186.199999988,0,1765688490353
-1,-1,,,93245.099999994,0,1765688490412
-1,-1,,,93310.5,0,1765688490477
-1,-1,,,93388.5,0,1765688490555
-1,-1,,,93448.799999982,0,1765688490616
-1,-1,,,93521,0,1765688490688
-1,-1,,,93621.599999994,0,1765688490789
-1,-1,,,93725.799999982,0,1765688490893
-1,-1,,,93829.699999988,0,1765688490997
-1,-1,,,93939.399999976,0,1765688491107
-1,-1,,,94047.099999994,0,1765688491214
-1,-1,,,94149.799999982,0,1765688491317
-1,-1,,,94262.299999982,0,1765688491429
-1,-1,,,94370.5,0,1765688491538
-1,-1,,,94480.899999976,0,1765688491648
-1,-1,,,94582.299999982,0,1765688491749
-1,-1,,,94682.099999994,0,1765688491849
-1,-1,,,94794.899999976,0,1765688491962
-1,-1,,,94898.899999976,0,1765688492066
-1,-1,,,95002.399999976,0,1765688492169
-1,-1,,,95107.699999988,0,1765688492275
-1,-1,,,95219.599999994,0,1765688492387
-1,-1,,,95328.199999988,0,1765688492495
-1,-1,,,95441.699999988,0,1765688492608
-1,-1,,,95554.399999976,0,1765688492721
-1,-1,,,95658.799999982,0,1765688492825
-1,-1,,,95760,0,1765688492927
-1,-1,,,95856.399999976,0,1765688493023
-1,-1,,,95921.399999976,0,1765688493088
-1,-1,,,95986.399999976,0,1765688493153
-1,-1,,,96041.699999988,0,1765688493209
-1,-1,,,96110.299999982,0,1765688493277
-1,-1,,,96175.299999982,0,1765688493342
-1,-1,,,96252.5,0,1765688493419
-1,-1,,,96317.099999994,0,1765688493484
-1,-1,,,96382.099999994,0,1765688493549
-1,-1,,,96447.099999994,0,1765688493614
-1,-1,,,96515.899999976,0,1765688493683
-1,-1,,,96592.799999982,0,1765688493760
-1,-1,,,96652.699999988,0,1765688493820
-1,-1,,,96713.399999976,0,1765688493880
-1,-1,,,96779.399999976,0,1765688493946
-1,-1,,,96842.799999982,0,1765688494010
-1,-1,,,96913.5,0,1765688494080
-1,-1,,,96979.099999994,0,1765688494146
-1,-1,,,97046.799999982,0,1765688494214
-1,-1,,,97117.799999982,0,1765688494285
-1,-1,,,97179.299999982,0,1765688494346
-1,-1,,,97250.699999988,0,1765688494417
-1,-1,,,97306.599999994,0,1765688494473
-1,-1,,,97373.299999982,0,1765688494540
-1,-1,,,97440.799999982,0,1765688494608
-1,-1,,,97508,0,1765688494675
49.77,1.42,"both domestica",730,97587.899999976,0,1765688494755
-1,-1,,,97706.199999988,0,1765688494873
-1,-1,,,97823.5,0,1765688494990
-1,-1,,,97931.799999982,1,1765688495099
-1,-1,,,98043.799999982,1,1765688495211
-1,-1,,,98176.799999982,1,1765688495344
-1,-1,,,98292.799999982,1,1765688495460
-1,-1,,,98370.699999988,1,1765688495537
-1,-1,,,98473.399999976,1,1765688495640
-1,-1,,,98553.699999988,1,1765688495721
-1,-1,,,98618.699999988,1,1765688495785
-1,-1,,,98680.699999988,1,1765688495847
-1,-1,,,98750.399999976,1,1765688495917
-1,-1,,,98821.799999982,1,1765688495988
-1,-1,,,98882.899999976,1,1765688496050
-1,-1,,,98945.299999982,1,1765688496112
-1,-1,,,99010.599999994,1,1765688496177
449.92,100.19,"the Clinton",805,99070.699999988,1,1765688496238
404.95,109.56,"for the Clinton",801,99126.099999994,1,1765688496293
376.56,123.93,"rd for the Clinton",798,99195.699999988,1,1765688496363
332.65,136.9,"Board for the Clint",794,99300.5,1,1765688496468
199.02,103.66,"irman of the Board f",782,99405.299999982,1,1765688496572
218.77,20.43,"stically and interna",745,99519.5,1,1765688496686
210.58,19.31,"estically and intern",744,99642.5,1,1765688496810
-1,-1,,,99739.5,1,1765688496906
-1,-1,,,99804.899999976,1,1765688496972
-1,-1,,,99866.099999994,1,1765688497033
-1,-1,,,99941.299999982,1,1765688497108
4.81,4.45,"l issues,",726,100008.89999998,1,1765688497176
3.27,43.35,"l issues,",726,100078.19999999,1,1765688497245
-1,-1,,,100209.89999998,1,1765688497377
-1,-1,,,100352.69999999,1,1765688497519
-1,-1,,,100499.19999999,1,1765688497666
-1,-1,,,100629.59999999,1,1765688497796
-1,-1,,,100743.79999998,1,1765688497911
-1,-1,,,100841.69999999,1,1765688498008
-1,-1,,,100913.69999999,1,1765688498080
-1,-1,,,100985.79999998,1,1765688498153
-1,-1,,,101059.5,1,1765688498226
-1,-1,,,101208.39999998,1,1765688498375
-1,-1,,,101400.59999999,1,1765688498568
-1,-1,,,101473.79999998,1,1765688498640
-1,-1,,,101554.09999999,1,1765688498721
-1,-1,,,101627.19999999,1,1765688498794
-1,-1,,,101731.59999999,1,1765688498899
-1,-1,,,101823.69999999,1,1765688498990
-1,-1,,,101875.19999999,1,1765688499042
-1,-1,,,101971.09999999,1,1765688499138
-1,-1,,,102066.89999998,1,1765688499234
-1,-1,,,102174.29999998,1,1765688499341
-1,-1,,,102269.39999998,1,1765688499436
-1,-1,,,102364.19999999,1,1765688499531
-1,-1,,,102428.69999999,1,1765688499595
-1,-1,,,102509.69999999,1,1765688499676
-1,-1,,,102575.09999999,1,1765688499742
-1,-1,,,102633.5,1,1765688499800
-1,-1,,,102702.29999998,1,1765688499869
-1,-1,,,102763.79999998,0,1765688499930
-1,-1,,,102825.09999999,0,1765688499992
-1,-1,,,102911.39999998,0,1765688500078
-1,-1,,,103005.79999998,0,1765688500173
-1,-1,,,103098.09999999,0,1765688500265
-1,-1,,,103212.09999999,0,1765688500379
-1,-1,,,103352.69999999,0,1765688500519
-1,-1,,,103446.09999999,0,1765688500613
-1,-1,,,103515.59999999,0,1765688500682
-1,-1,,,103620.59999999,0,1765688500787
-1,-1,,,103722.79999998,0,1765688500890
-1,-1,,,103822.5,0,1765688500989
-1,-1,,,103925.89999998,0,1765688501093
-1,-1,,,104026.89999998,0,1765688501194
-1,-1,,,104138.69999999,0,1765688501305
-1,-1,,,104242.39999998,0,1765688501409
-1,-1,,,104349.59999999,0,1765688501516
-1,-1,,,104450.69999999,0,1765688501618
-1,-1,,,104552.79999998,0,1765688501719
-1,-1,,,104655.79999998,0,1765688501822
-1,-1,,,104759.19999999,0,1765688501926
-1,-1,,,104853.79999998,0,1765688502020
-1,-1,,,104907.19999999,0,1765688502074
-1,-1,,,105023,0,1765688502190
-1,-1,,,105128.19999999,0,1765688502295
-1,-1,,,105239.5,0,1765688502406
-1,-1,,,105342.59999999,1,1765688502509
-1,-1,,,105446.59999999,1,1765688502613
-1,-1,,,105551.79999998,1,1765688502719
-1,-1,,,105660.79999998,1,1765688502827
-1,-1,,,105768.69999999,1,1765688502935
-1,-1,,,105881,1,1765688503048
470.92,11.76,"ationally.",764,105994.19999999,1,1765688503161
-1,-1,,,106092.39999998,1,1765688503259
-1,-1,,,106184.19999999,1,1765688503351
-1,-1,,,106302.39999998,1,1765688503469
-1,-1,,,106405.39999998,1,1765688503572
-1,-1,,,106514,1,1765688503681
-1,-1,,,106612.89999998,1,1765688503780
-1,-1,,,106719.69999999,1,1765688503886
-1,-1,,,106827.69999999,1,1765688503994
-1,-1,,,106927.19999999,1,1765688504094
-1,-1,,,107028.59999999,1,1765688504195
-1,-1,,,107133.39999998,1,1765688504300
-1,-1,,,107238.69999999,1,1765688504405
-1,-1,,,107344.19999999,1,1765688504511
-1,-1,,,107450.39999998,1,1765688504617
-1,-1,,,107554.5,1,1765688504721
-1,-1,,,107662.59999999,1,1765688504829
-1,-1,,,107759.69999999,1,1765688504926
-1,-1,,,107868,1,1765688505035
-1,-1,,,107955.09999999,1,1765688505122
-1,-1,,,108023.59999999,1,1765688505190
-1,-1,,,108086.89999998,1,1765688505254
-1,-1,,,108167.59999999,1,1765688505335
-1,-1,,,108254.39999998,1,1765688505421
-1,-1,,,108356.79999998,1,1765688505524
-1,-1,,,108462,1,1765688505629
-1,-1,,,108575.19999999,1,1765688505742
-1,-1,,,108682.5,1,1765688505849
-1,-1,,,108784.5,1,1765688505951
-1,-1,,,108888.69999999,1,1765688506056
-1,-1,,,108999.39999998,1,1765688506167
-1,-1,,,109103.59999999,1,1765688506271
-1,-1,,,109209.59999999,1,1765688506377
-1,-1,,,109324.39999998,1,1765688506491
-1,-1,,,109440.09999999,1,1765688506607
-1,-1,,,109544.5,1,1765688506711
-1,-1,,,109660.69999999,1,1765688506828
-1,-1,,,109757.19999999,1,1765688506924
-1,-1,,,109864.09999999,1,1765688507031
-1,-1,,,109976,1,1765688507143
-1,-1,,,110077.79999998,1,1765688507244
-1,-1,,,110184.39999998,1,1765688507351
-1,-1,,,110287.89999998,1,1765688507455
-1,-1,,,110377.39999998,1,1765688507544
-1,-1,,,110434,1,1765688507601
-1,-1,,,110496.09999999,1,1765688507663
-1,-1,,,110602.29999998,1,1765688507769
-1,-1,,,110706.69999999,1,1765688507873
-1,-1,,,110808.69999999,1,1765688507975
-1,-1,,,110914.89999998,1,1765688508082
-1,-1,,,111017.59999999,1,1765688508185
-1,-1,,,111113.29999998,1,1765688508280
-1,-1,,,111216,1,1765688508383
-1,-1,,,111311.89999998,0,1765688508479
-1,-1,,,111409.39999998,0,1765688508576
-1,-1,,,111506.29999998,0,1765688508673
-1,-1,,,111609.19999999,0,1765688508776
-1,-1,,,111731,1,1765688508898
-1,-1,,,111836.69999999,1,1765688509003
-1,-1,,,111944.89999998,1,1765688509112
-1,-1,,,112048.59999999,1,1765688509215
-1,-1,,,112145.69999999,1,1765688509312
-1,-1,,,112256.59999999,1,1765688509423
-1,-1,,,112359.59999999,1,1765688509526
-1,-1,,,112449.39999998,1,1765688509616
-1,-1,,,112556.09999999,1,1765688509723
-1,-1,,,112651.59999999,1,1765688509818
-1,-1,,,112743.59999999,1,1765688509910
-1,-1,,,112800.89999998,1,1765688509968
-1,-1,,,112856.29999998,1,1765688510023
-1,-1,,,112909.29999998,1,1765688510076
-1,-1,,,112988.09999999,1,1765688510155
-1,-1,,,113088.39999998,1,1765688510255
-1,-1,,,113189.89999998,1,1765688510357
-1,-1,,,113289.59999999,1,1765688510456
-1,-1,,,113389.5,1,1765688510556
-1,-1,,,113494.19999999,1,1765688510661
-1,-1,,,113594.59999999,1,1765688510761
-1,-1,,,113679.5,1,1765688510846
-1,-1,,,113783.79999998,1,1765688510951
-1,-1,,,113895,1,1765688511062
-1,-1,,,113997.09999999,1,1765688511164
-1,-1,,,114102.79999998,1,1765688511270
-1,-1,,,114207.5,1,1765688511375
-1,-1,,,114313.39999998,1,1765688511480
-1,-1,,,114411,1,1765688511578
-1,-1,,,114519.89999998,1,1765688511687
-1,-1,,,114628.59999999,1,1765688511796
-1,-1,,,114733.69999999,1,1765688511901
-1,-1,,,114838.29999998,1,1765688512005
-1,-1,,,114945.79999998,1,1765688512113
-1,-1,,,115045.29999998,1,1765688512213
-1,-1,,,115154.69999999,1,1765688512322
-1,-1,,,115265.39999998,1,1765688512432
-1,-1,,,115367.59999999,1,1765688512534
-1,-1,,,115470.59999999,1,1765688512637
-1,-1,,,115570.29999998,1,1765688512737
-1,-1,,,115659.59999999,1,1765688512826
-1,-1,,,115758.09999999,1,1765688512925
-1,-1,,,115855,1,1765688513022
-1,-1,,,115906.5,1,1765688513073
-1,-1,,,116005.19999999,1,1765688513172
-1,-1,,,116103.09999999,1,1765688513270
-1,-1,,,116213.19999999,1,1765688513380
-1,-1,,,116321.89999998,1,1765688513489
-1,-1,,,116429.5,1,1765688513596
-1,-1,,,116525.19999999,1,1765688513692
-1,-1,,,116576.69999999,1,1765688513743
-1,-1,,,116642.19999999,1,1765688513809
-1,-1,,,116707.19999999,1,1765688513874
-1,-1,,,116773.79999998,1,1765688513940
-1,-1,,,116876.59999999,1,1765688514043
-1,-1,,,116976.89999998,1,1765688514144
-1,-1,,,117065,1,1765688514232
-1,-1,,,117146.09999999,1,1765688514313
-1,-1,,,117244.29999998,1,1765688514411
-1,-1,,,117350.59999999,1,1765688514517
-1,-1,,,117455.19999999,1,1765688514622
-1,-1,,,117564.69999999,1,1765688514731
-1,-1,,,117671.39999998,1,1765688514838
-1,-1,,,117783,1,1765688514950
-1,-1,,,117903.09999999,1,1765688515070
-1,-1,,,118013.29999998,1,1765688515180
-1,-1,,,118127.19999999,1,1765688515294
-1,-1,,,118247.29999998,1,1765688515414
-1,-1,,,118372.59999999,1,1765688515539
-1,-1,,,118497.59999999,1,1765688515665
-1,-1,,,118639.59999999,1,1765688515807
-1,-1,,,118849.79999998,1,1765688516017
-1,-1,,,118985.69999999,1,1765688516153
-1,-1,,,119110.69999999,1,1765688516278
-1,-1,,,119239.5,1,1765688516407
21.42,342.7,"III).",144,119359.69999999,1,1765688516527
11.02,296.77,"on Blythe",143,119479.09999999,1,1765688516646
71.68,273.62,"(originally name",106,119601.09999999,1,1765688516768
158.15,180.54,"Full Name**: William",71,119718.29999998,1,1765688516886
220.99,134.16,"Arkansas.",56,119831.19999999,1,1765688516998
142.76,135.55,"pe, Arkansas.",53,119943.79999998,1,1765688517111
160.25,89.26,", Arkansas.",55,120051,1,1765688517218
180.41,37.83,"rth**: Born on Augus",16,120185.29999998,1,1765688517353
153.66,84.2,"e, Arkansas.",54,120299.19999999,1,1765688517466
261.57,96.57,"Arkansas.",56,120425.59999999,1,1765688517593
304.89,118.95,"Arkansas.",56,120486.89999998,1,1765688517654
347.96,161.23,"iam Jefferson Clinto",88,120610.09999999,1,1765688517778
293.94,161.83,"William Jefferson C",83,120748.29999998,1,1765688517916
236.98,177.81,"me**: William Jeffer",78,120862.59999999,1,1765688518030
322.37,172.38,"lliam Jefferson Clin",86,120976.79999998,1,1765688518144
279.84,163.99,": William Jefferson",82,121090.19999999,1,1765688518257
228.26,193.31,"ame**: William Jeffe",77,121216.59999999,1,1765688518384
144.37,292.59,"**Education**: Atten",161,121329.29999998,1,1765688518497
103.93,323.94,"- **Education**: At",158,121431.59999999,1,1765688518599
213.86,271.11,"tion**: Attended Geo",168,121545.89999998,1,1765688518713
203.2,170.6,"lly named William Je",118,121657.39999998,1,1765688518825
236.52,165.37,"named William Jeffe",121,121766.89999998,1,1765688518935
299.36,146.43,"d William Jefferson",126,121875.09999999,1,1765688519042
303.49,118.97,"William Jefferson B",127,121989.59999999,1,1765688519157
386.56,10.41,"Arkansas.",56,122095.5,1,1765688519263
402.37,74.55,"efferson Clinton",93,122207.5,1,1765688519375
358.78,122.78,"iam Jefferson Blythe",132,122323,1,1765688519490
344.64,88.72,"iam Jefferson Clinto",88,122444.29999998,1,1765688519612
353.76,164.26,"liam Jefferson Blyth",131,122549.59999999,1,1765688519717
334.95,195.05,"liam Jefferson Clint",87,122658.5,1,1765688519826
324.05,201.04,"lliam Jefferson Clin",86,122770.09999999,1,1765688519938
268.51,239.17,"med William Jefferso",124,122905.69999999,1,1765688520073
296.2,276.92,"Attended Georgetown",175,123106,1,1765688520274
230.98,257.32,", awarded a Rhodes S",206,123232.69999999,1,1765688520400
238.79,229.89,"awarded a Rhodes Sc",207,123335.59999999,1,1765688520503
261.34,141.73,"III).",148,123446.89999998,1,1765688520614
235.64,71.42,"named William Jeffe",121,123547.89999998,1,1765688520715
198.75,19.71,"ally named William J",117,123645.59999999,1,1765688520813
-1,-1,,,123772.79999998,1,1765688520940
239.42,9.14,"III).",148,123921,1,1765688521088
319.33,0.63,"III).",148,124020.89999998,1,1765688521188
338.09,13.89,"III).",148,124114.29999998,1,1765688521281
470.98,7.05,"III).",148,124186.69999999,1,1765688521354
-1,-1,,,124243.59999999,1,1765688521410
477.75,18.65,"III).",148,124312.19999999,1,1765688521479
416.16,30.98,"III).",148,124390.5,1,1765688521557
440.95,62.52,"eorgetown",186,124478.39999998,1,1765688521646
-1,-1,,,124593.59999999,1,1765688521761
349.67,157.97,"iversity, and earned",258,124702.79999998,1,1765688521870
221.38,217.62,"octor degree from Ya",288,124807.59999999,1,1765688521975
226.93,207.82,"ctor degree from Yal",289,124955.69999999,1,1765688522123
297.8,239.51,"rriage**:",329,125083.69999999,1,1765688522251
289.13,249.4,"rriage**:",329,125189,1,1765688522357
300.04,264.6,"rriage**:",329,125339.29999998,1,1765688522507
401.18,259.59,,,125472.39999998,1,1765688522639
259.13,302.36,"n in 1980.",442,125594.09999999,1,1765688522761
284.17,254.98,"has one daughter, Ch",404,125691.39999998,1,1765688522859
281.87,199.07,"1975.",378,125800.69999999,1,1765688522968
331.9,168.41,"1975.",378,125881.29999998,1,1765688523048
457.21,137.53,"ctober 11,",371,125985.29999998,1,1765688523152
434.12,79.49,"October 11,",369,126072.29999998,1,1765688523239
434.07,52.43,"rriage**:",329,126158.19999999,1,1765688523325
393.13,59.33,"rriage**:",329,126264.5,1,1765688523432
393.04,83.23,"m on October 11,",365,126376.19999999,1,1765688523543
336.73,62.52,"Rodham on October 11",360,126522.79999998,1,1765688523690
312.26,38.84,"rriage**:",329,126645.5,1,1765688523813
300.18,30.63,"ary Rodham on Octobe",356,126746.79999998,1,1765688523914
235.87,66.14,"1975.",378,126861.39999998,1,1765688524029
227.46,95.05,"1975.",378,126974.19999999,1,1765688524141
229.58,155.49,"uple has one daughte",399,127122.89999998,1,1765688524290
144.69,162.6,"inton, born in 1980.",432,127234.09999999,1,1765688524402
120.85,192.71,"- **Political Affili",453,127340.5,1,1765688524508
97.25,170.97,"- **Political Affi",451,127459.09999999,1,1765688524626
137.46,138.81,"inton, born in 1980.",432,127554.29999998,1,1765688524721
231.89,78.74,"uple has one daughte",399,127654.69999999,1,1765688524822
301.19,84.61,"s one daughter, Chel",406,127759.59999999,1,1765688524927
339.96,50.46,"ne daughter, Chelsea",409,127866.79999998,1,1765688525034
274.44,72.08,"n in 1980.",442,128010.29999998,1,1765688525178
151.21,80.1,"nton, born in 1980.",433,128139.79999998,1,1765688525307
14.34,104.27,"- **Politic",444,128269.69999999,1,1765688525438
-1,-1,,,128391.89999998,1,1765688525559
-1,-1,,,128510.5,1,1765688525678
-1,-1,,,128655.59999999,1,1765688525823
-1,-1,,,128796.09999999,1,1765688525963
-1,-1,,,128914.89999998,1,1765688526083
-1,-1,,,129055.59999999,1,1765688526223
-1,-1,,,129255.79999998,1,1765688526424
-1,-1,,,129429,1,1765688526596
-1,-1,,,129561,1,1765688526728
-1,-1,,,129681.19999999,1,1765688526848
-1,-1,,,129792.29999998,1,1765688526959
-1,-1,,,129946.59999999,1,1765688527115
-1,-1,,,130064.19999999,1,1765688527231
-1,-1,,,130187.19999999,1,1765688527355
-1,-1,,,130308.79999998,1,1765688527476
-1,-1,,,130426.89999998,1,1765688527594
-1,-1,,,130542.5,1,1765688527710
-1,-1,,,130663.39999998,1,1765688527831
-1,-1,,,130778.69999999,1,1765688527946
-1,-1,,,130902.5,1,1765688528070
-1,-1,,,131045.09999999,1,1765688528212
-1,-1,,,131160.29999998,1,1765688528328
-1,-1,,,131276.69999999,1,1765688528444
-1,-1,,,131406.89999998,1,1765688528574
-1,-1,,,131515.09999999,1,1765688528682
-1,-1,,,131624.69999999,1,1765688528792
-1,-1,,,131734.69999999,1,1765688528902
-1,-1,,,131843.09999999,1,1765688529012
71.72,30.08,"Clinton, born in",426,131951.79999998,1,1765688529119
-1,-1,,,132058,1,1765688529225
-1,-1,,,132173,1,1765688529340
29.84,127.13,"- **Politica",445,132287.79999998,1,1765688529455
-1,-1,,,132398.59999999,1,1765688529566
-1,-1,,,132507.89999998,1,1765688529675
-1,-1,,,132615.59999999,1,1765688529783
-1,-1,,,132737.09999999,1,1765688529905
-1,-1,,,132861.69999999,1,1765688530029
29.33,73.79,"- **Politica",445,132971.59999999,1,1765688530139
36.8,155.66,"the Democrati",486,133105,1,1765688530272
36.89,167.99,"the Democrati",486,133230,1,1765688530397
117.24,111.34,"- **Political Affili",453,133353.39999998,1,1765688530521
222.08,85.17,"ical Affiliations**:",462,133468.29999998,1,1765688530635
258.4,72.39,"Affiliations**: Mem",466,133531,1,1765688530698
298.95,64.85,"filiations**: Member",469,133613.19999999,1,1765688530780
290.45,45.11,"n in 1980.",442,133677.39999998,1,1765688530844
381,29.15,"n in 1980.",442,133751.09999999,1,1765688530918
-1,-1,,,133823.29999998,1,1765688530990
408.37,22.44,"n in 1980.",442,133891.5,1,1765688531059
373.46,63.74,"ons**: Member of",476,133965.09999999,1,1765688531132
344.2,58.54,"n in 1980.",442,134031.09999999,1,1765688531198
320.34,101.98,"liations**: Member o",471,134165.29999998,1,1765688531333
293.55,76.15,"n in 1980.",442,134283.5,1,1765688531451
279.57,100.36,"n in 1980.",442,134406.59999999,1,1765688531574
280.46,91.22,"n in 1980.",442,134540.19999999,1,1765688531708
354.48,9.11,"1975.",378,134625,1,1765688531792
-1,-1,,,134694.29999998,1,1765688531861
339.77,14.45,"1975.",378,134802.59999999,1,1765688531970
388.24,19.85,"ughter, Chelsea",414,134890,1,1765688532057
361.58,86.04,"daughter, Chelsea",411,134993.59999999,1,1765688532161
346.28,105.07,"n in 1980.",442,135102.29999998,1,1765688532270
416.94,65.54,"*: Member of",480,135212.29999998,1,1765688532380
358.5,129.92,"nd a prominent",515,135331.89999998,1,1765688532499
307.23,116.72,"rty and a prominent",510,135454.89999998,1,1765688532622
381.32,124.71,"New Democrat"",554,135561.79999998,1,1765688532729
387.54,146.13,"New Democrat"",554,135617.5,1,1765688532784
408.28,164.84,"w Democrat"",556,135747,1,1765688532914
397.13,194.08,"movement.",567,135845.19999999,1,1765688533012
293.74,194.96,"movement.",567,135906.39999998,1,1765688533074
246.02,194.97,"movement.",567,136001.09999999,1,1765688533168
202.19,245.49,"erests**:",585,136089.5,1,1765688533257
151.05,255.13,"z; he plays the saxo",640,136150.59999999,1,1765688533318
254.33,243.74,"ys the saxophone.",649,136240.69999999,1,1765688533408
208.57,288.11,"ys reading and is kn",675,136338,1,1765688533505
170.3,195.82,"he plays the saxoph",642,136443.79999998,1,1765688533611
223.36,164.77,"nate about music, pa",606,136548,1,1765688533715
213.16,153.59,"onate about music, p",605,136668.29999998,1,1765688533836
198.8,156.41,"oys reading and is k",674,136778.29999998,1,1765688533946
189.9,100.32,"he plays the saxopho",643,136886.09999999,1,1765688534053
184.19,129.84,"he plays the saxopho",643,137008.39999998,1,1765688534176
150.87,107.89,"z; he plays the saxo",640,137140.79999998,1,1765688534308
198.73,141.73,"lth**: Has faced hea",733,137271.09999999,1,1765688534439
170.8,178.77,"ears, including hear",774,137384.39999998,1,1765688534552
178.97,164.42,"ears, including hear",774,137490.59999999,1,1765688534658
169.33,123.26,"ealth**: Has faced h",731,137599.89999998,1,1765688534768
164.47,89.98,"rwent a quadruple by",811,137708.5,1,1765688534876
191.49,74.32,"nt a quadruple bypas",814,137811.79999998,1,1765688534979
176.8,53.69,"went a quadruple byp",812,137917.69999999,1,1765688535085
273.97,40.99,"adruple bypass surge",821,138012.19999999,1,1765688535179
272.02,55.36,"ies**: His presidenc",1049,138115.89999998,1,1765688535284
271.29,93.52,"ies**: His presidenc",1049,138226,1,1765688535393
204.58,78.97,"roversies**: His pre",1043,138322.59999999,1,1765688535490
191.9,44.74,"ment in 1998; he was",1163,138499.39999998,1,1765688535667
151.57,71.48,"he Senate.",1198,138639.69999999,1,1765688535807
185.53,295.6,"thropic work through",1296,138840.59999999,1,1765688536007
217.05,329.64,"opic work through th",1299,138961.69999999,1,1765688536129
255.16,332.6,"c work through the C",1302,139088,1,1765688536255
-1,-1,,,139217,1,1765688536384
-1,-1,,,139334.29999998,1,1765688536501
-1,-1,,,139449,1,1765688536616
-1,-1,,,139517.19999999,1,1765688536684
-1,-1,,,139590.29999998,1,1765688536757
-1,-1,,,139676,1,1765688536843
-1,-1,,,139749.59999999,1,1765688536917
-1,-1,,,139818.79999998,1,1765688536986
-1,-1,,,139922.5,1,1765688537090
-1,-1,,,140102.59999999,1,1765688537270
-1,-1,,,140227.09999999,1,1765688537394
-1,-1,,,140344.39999998,1,1765688537512
-1,-1,,,140433.19999999,1,1765688537600
-1,-1,,,140499.69999999,1,1765688537667
-1,-1,,,140630.79999998,1,1765688537798
-1,-1,,,140737.19999999,1,1765688537904
-1,-1,,,140812.59999999,1,1765688537980
-1,-1,,,140911.09999999,1,1765688538078
-1,-1,,,141055.69999999,1,1765688538223
-1,-1,,,141195.69999999,1,1765688538363
-1,-1,,,141314.29999998,1,1765688538481
-1,-1,,,141455.89999998,1,1765688538623
-1,-1,,,141606.89999998,1,1765688538774
-1,-1,,,141668.59999999,1,1765688538835
-1,-1,,,141808.5,1,1765688538976
-1,-1,,,141932.79999998,1,1765688539100
-1,-1,,,142050.79999998,1,1765688539218
-1,-1,,,142168,1,1765688539335
-1,-1,,,142282.59999999,1,1765688539450
-1,-1,,,142397.29999998,1,1765688539564
-1,-1,,,142539.69999999,1,1765688539707
-1,-1,,,142673.29999998,1,1765688539840
-1,-1,,,142785.59999999,1,1765688539953
-1,-1,,,142904.79999998,1,1765688540072
-1,-1,,,143039.69999999,1,1765688540207
-1,-1,,,143155.79999998,1,1765688540323
-1,-1,,,143268.69999999,1,1765688540436
-1,-1,,,143399.5,1,1765688540566
-1,-1,,,143532.89999998,1,1765688540700
-1,-1,,,143660.09999999,1,1765688540827
-1,-1,,,143801.19999999,1,1765688540968
-1,-1,,,143928.79999998,1,1765688541096
-1,-1,,,144064.29999998,1,1765688541231
-1,-1,,,144195,1,1765688541362
-1,-1,,,144342.59999999,1,1765688541509
-1,-1,,,144472.09999999,1,1765688541639
-1,-1,,,144606.59999999,1,1765688541773
-1,-1,,,144706.69999999,1,1765688541873
-1,-1,,,144820.5,1,1765688541987
-1,-1,,,144932.79999998,1,1765688542099
-1,-1,,,145042.69999999,1,1765688542209
-1,-1,,,145134.59999999,1,1765688542301
-1,-1,,,145248.59999999,1,1765688542415
-1,-1,,,145374.19999999,1,1765688542541
-1,-1,,,145493.5,1,1765688542660
-1,-1,,,145611.39999998,1,1765688542778
-1,-1,,,145728.69999999,1,1765688542895
-1,-1,,,145828,1,1765688542995
-1,-1,,,145890,1,1765688543057
-1,-1,,,146010.89999998,1,1765688543178
-1,-1,,,146131,1,1765688543298
-1,-1,,,146265.29999998,1,1765688543432
-1,-1,,,146396,1,1765688543563
-1,-1,,,146516.69999999,1,1765688543683
-1,-1,,,146641,1,1765688543808
-1,-1,,,146763.29999998,1,1765688543930
-1,-1,,,146866.09999999,1,1765688544033
-1,-1,,,146962.89999998,1,1765688544130
-1,-1,,,147044.89999998,1,1765688544212
-1,-1,,,147121.29999998,1,1765688544288
-1,-1,,,147186.09999999,1,1765688544353
-1,-1,,,147255.69999999,1,1765688544422
-1,-1,,,147330,1,1765688544497
-1,-1,,,147427.5,1,1765688544594
-1,-1,,,147503.19999999,1,1765688544670
-1,-1,,,147571.09999999,1,1765688544738
-1,-1,,,147635.89999998,1,1765688544803
-1,-1,,,147704.89999998,1,1765688544872
-1,-1,,,147771.79999998,1,1765688544938
-1,-1,,,147871.09999999,1,1765688545038
-1,-1,,,147951.69999999,1,1765688545118
-1,-1,,,148049.59999999,1,1765688545216
-1,-1,,,148126.79999998,1,1765688545293
-1,-1,,,148205.39999998,1,1765688545372
-1,-1,,,148282.89999998,1,1765688545450
-1,-1,,,148421.79999998,1,1765688545588
-1,-1,,,148550.59999999,1,1765688545717
-1,-1,,,148610.89999998,1,1765688545778
-1,-1,,,148673.79999998,1,1765688545840
-1,-1,,,148754.39999998,1,1765688545921
-1,-1,,,148886.89999998,1,1765688546054
-1,-1,,,148982.09999999,1,1765688546149
-1,-1,,,149064.59999999,1,1765688546231
-1,-1,,,149129.69999999,1,1765688546296
-1,-1,,,149194.59999999,1,1765688546361
-1,-1,,,149259.09999999,1,1765688546426
-1,-1,,,149335.19999999,1,1765688546502
-1,-1,,,149406.09999999,1,1765688546573
-1,-1,,,149474,1,1765688546641
-1,-1,,,149540.69999999,1,1765688546707
-1,-1,,,149676,1,1765688546843
-1,-1,,,149818,1,1765688546985
-1,-1,,,149952,1,1765688547119
-1,-1,,,150082.89999998,1,1765688547250
51.69,421.85,"Foundation.",1323,150224.09999999,1,1765688547391
-1,-1,,,150377.69999999,1,1765688547545
-1,-1,,,150495,1,1765688547662
-1,-1,,,150689.19999999,1,1765688547856
-1,-1,,,150825,1,1765688547992
-1,-1,,,150946.59999999,1,1765688548113
-1,-1,,,151079.59999999,1,1765688548246
-1,-1,,,151181.29999998,1,1765688548348
-1,-1,,,151299.69999999,1,1765688548466
-1,-1,,,151416.39999998,1,1765688548583
-1,-1,,,151510,1,1765688548677
-1,-1,,,151624,1,1765688548791
-1,-1,,,151734.69999999,1,1765688548901
-1,-1,,,151844.89999998,1,1765688549012
-1,-1,,,151944.69999999,1,1765688549111
-1,-1,,,152050.19999999,1,1765688549217
-1,-1,,,152153.39999998,1,1765688549320
-1,-1,,,152258.09999999,1,1765688549425
-1,-1,,,152366.79999998,1,1765688549533
-1,-1,,,152467.39999998,1,1765688549634
-1,-1,,,152569.5,1,1765688549736
-1,-1,,,152671.09999999,1,1765688549838
-1,-1,,,152766.89999998,1,1765688549934
-1,-1,,,152850,1,1765688550017
-1,-1,,,152954.89999998,1,1765688550122
-1,-1,,,153057.09999999,0,1765688550224
-1,-1,,,153157.19999999,0,1765688550324
-1,-1,,,153255.29999998,0,1765688550422
-1,-1,,,153338,1,1765688550505
-1,-1,,,153441.39999998,1,1765688550608
-1,-1,,,153543.39999998,1,1765688550710
-1,-1,,,153650.39999998,1,1765688550817
-1,-1,,,153756.79999998,1,1765688550923
-1,-1,,,153859,1,1765688551026
-1,-1,,,153961.79999998,1,1765688551129
-1,-1,,,154057.5,1,1765688551224
-1,-1,,,154161.29999998,1,1765688551328
-1,-1,,,154268.09999999,1,1765688551435
-1,-1,,,154371.59999999,1,1765688551538
-1,-1,,,154477.09999999,1,1765688551644
-1,-1,,,154580.5,1,1765688551747
-1,-1,,,154690.79999998,1,1765688551857
-1,-1,,,154801.29999998,1,1765688551968
-1,-1,,,154903.59999999,1,1765688552070
-1,-1,,,155013.29999998,1,1765688552180
-1,-1,,,155110.09999999,1,1765688552277
-1,-1,,,155221.19999999,1,1765688552389
-1,-1,,,155320.19999999,0,1765688552487
-1,-1,,,155424.39999998,0,1765688552591
-1,-1,,,155523,0,1765688552690
-1,-1,,,155624.29999998,0,1765688552792
-1,-1,,,155726.59999999,0,1765688552894
-1,-1,,,155824.29999998,0,1765688552991
-1,-1,,,155907.39999998,0,1765688553074
-1,-1,,,156006.69999999,0,1765688553174
-1,-1,,,156118.39999998,0,1765688553285
-1,-1,,,156216.5,0,1765688553384
-1,-1,,,156322.69999999,0,1765688553490
-1,-1,,,156419.79999998,0,1765688553587
-1,-1,,,156519.89999998,0,1765688553687
-1,-1,,,156624.39999998,0,1765688553791
-1,-1,,,156723.69999999,0,1765688553890
-1,-1,,,156776.59999999,0,1765688553943
-1,-1,,,156841,0,1765688554008
-1,-1,,,156911.89999998,0,1765688554079
-1,-1,,,156976.39999998,0,1765688554143
-1,-1,,,157032.39999998,0,1765688554199
-1,-1,,,157095.29999998,0,1765688554262
-1,-1,,,157191.59999999,0,1765688554358
-1,-1,,,157254.5,0,1765688554421
-1,-1,,,157308.59999999,0,1765688554475
-1,-1,,,157416.19999999,0,1765688554583
-1,-1,,,157517.69999999,0,1765688554684
-1,-1,,,157614.5,0,1765688554781
-1,-1,,,157710.19999999,0,1765688554877
-1,-1,,,157807.09999999,0,1765688554974
-1,-1,,,157894.39999998,0,1765688555061
-1,-1,,,157963.69999999,0,1765688555130
-1,-1,,,158076.19999999,0,1765688555243
-1,-1,,,158173.5,0,1765688555340
-1,-1,,,158272.69999999,0,1765688555439
-1,-1,,,158369.19999999,0,1765688555536
-1,-1,,,158482.29999998,0,1765688555649
-1,-1,,,158593.5,0,1765688555760
-1,-1,,,158702,0,1765688555869
-1,-1,,,158798.09999999,0,1765688555965
-1,-1,,,158900.69999999,0,1765688556067
-1,-1,,,159012.69999999,0,1765688556180
-1,-1,,,159117.79999998,0,1765688556285
-1,-1,,,159220.39999998,0,1765688556387
-1,-1,,,159319.69999999,0,1765688556486
-1,-1,,,159418.39999998,0,1765688556585
-1,-1,,,159519.89999998,0,1765688556687
-1,-1,,,159620.69999999,0,1765688556787
-1,-1,,,159723.59999999,0,1765688556890
-1,-1,,,159824.29999998,0,1765688556991
-1,-1,,,159919.29999998,0,1765688557086
-1,-1,,,160014.59999999,0,1765688557181
-1,-1,,,160111,0,1765688557278
-1,-1,,,160202.19999999,0,1765688557369
-1,-1,,,160296.5,0,1765688557463
-1,-1,,,160395.5,0,1765688557562
-1,-1,,,160497.69999999,0,1765688557664
-1,-1,,,160600.89999998,0,1765688557768
-1,-1,,,160707.09999999,0,1765688557874
-1,-1,,,160802.59999999,0,1765688557969
-1,-1,,,160854.39999998,0,1765688558021
-1,-1,,,160971.59999999,0,1765688558138
-1,-1,,,161074.89999998,0,1765688558242
-1,-1,,,161183.5,0,1765688558350
-1,-1,,,161284.69999999,0,1765688558451
-1,-1,,,161380.79999998,0,1765688558547
-1,-1,,,161481.39999998,0,1765688558648
-1,-1,,,161586.09999999,0,1765688558753
-1,-1,,,161685.19999999,0,1765688558852
-1,-1,,,161763.89999998,0,1765688558931
-1,-1,,,161853.19999999,0,1765688559020
-1,-1,,,161948,0,1765688559115
-1,-1,,,162042,0,1765688559209
-1,-1,,,162145.19999999,0,1765688559312
-1,-1,,,162236.5,0,1765688559403
-1,-1,,,162293.89999998,0,1765688559461
-1,-1,,,162390.69999999,0,1765688559557
-1,-1,,,162478.79999998,0,1765688559646
-1,-1,,,162582,0,1765688559749
-1,-1,,,162668.09999999,0,1765688559835
-1,-1,,,162726.19999999,0,1765688559893
-1,-1,,,162793.5,0,1765688559960
-1,-1,,,162899,0,1765688560066
-1,-1,,,163009.39999998,0,1765688560176
-1,-1,,,163113.59999999,0,1765688560280
-1,-1,,,163207.69999999,0,1765688560374
-1,-1,,,163302,0,1765688560469
-1,-1,,,163404.5,0,1765688560571
-1,-1,,,163504.39999998,0,1765688560671
-1,-1,,,163605,0,1765688560772
-1,-1,,,163699.39999998,0,1765688560866
-1,-1,,,163780.19999999,0,1765688560947
-1,-1,,,163882.29999998,0,1765688561049
-1,-1,,,163978.19999999,0,1765688561145
-1,-1,,,164032.89999998,0,1765688561199
-1,-1,,,164089.79999998,0,1765688561257
-1,-1,,,164164,0,1765688561331
-1,-1,,,164226.89999998,0,1765688561394
-1,-1,,,164323.29999998,0,1765688561490
-1,-1,,,164421,0,1765688561588
-1,-1,,,164510.69999999,0,1765688561677
-1,-1,,,164615.89999998,0,1765688561783
-1,-1,,,164712.59999999,0,1765688561879
-1,-1,,,164805.69999999,0,1765688561972
-1,-1,,,164890.39999998,0,1765688562057
-1,-1,,,164969.89999998,0,1765688562137
-1,-1,,,165053,0,1765688562220
-1,-1,,,165146.79999998,0,1765688562313
-1,-1,,,165254,0,1765688562421
-1,-1,,,165357.59999999,0,1765688562524
-1,-1,,,165448.79999998,0,1765688562615
-1,-1,,,165544.09999999,0,1765688562711
-1,-1,,,165647.09999999,0,1765688562814
-1,-1,,,165744.09999999,0,1765688562911
-1,-1,,,165846,0,1765688563013
-1,-1,,,165943.89999998,0,1765688563111
-1,-1,,,166053.09999999,0,1765688563220
-1,-1,,,166149.59999999,0,1765688563316
-1,-1,,,166255.69999999,0,1765688563422
-1,-1,,,166359.19999999,0,1765688563526
-1,-1,,,166454.59999999,0,1765688563621
-1,-1,,,166553.5,0,1765688563720
-1,-1,,,166666.59999999,0,1765688563833
-1,-1,,,166764.19999999,0,1765688563931
-1,-1,,,166858.5,0,1765688564025
-1,-1,,,166953.5,0,1765688564120
-1,-1,,,167059,0,1765688564226
-1,-1,,,167156.69999999,0,1765688564323
-1,-1,,,167249.09999999,0,1765688564416
-1,-1,,,167352.59999999,0,1765688564519
-1,-1,,,167441,0,1765688564608
-1,-1,,,167534.69999999,0,1765688564701
-1,-1,,,167626.89999998,0,1765688564794
-1,-1,,,167718.09999999,0,1765688564885
-1,-1,,,167804.59999999,0,1765688564971
-1,-1,,,167896.39999998,0,1765688565063
-1,-1,,,167996.19999999,0,1765688565163
-1,-1,,,168092.09999999,0,1765688565259
-1,-1,,,168152.29999998,0,1765688565319
-1,-1,,,168250.59999999,0,1765688565417
-1,-1,,,168344,0,1765688565511
-1,-1,,,168449.59999999,0,1765688565616
-1,-1,,,168549.29999998,0,1765688565716
-1,-1,,,168646.19999999,0,1765688565813
-1,-1,,,168748.39999998,0,1765688565915
-1,-1,,,168848.59999999,0,1765688566015
-1,-1,,,168960,0,1765688566127
-1,-1,,,169063.39999998,0,1765688566230
-1,-1,,,169151.19999999,0,1765688566318
-1,-1,,,169207.29999998,0,1765688566374
-1,-1,,,169275.29999998,0,1765688566442
-1,-1,,,169376.69999999,0,1765688566543
-1,-1,,,169481,0,1765688566648
-1,-1,,,169569.69999999,0,1765688566736
-1,-1,,,169627.5,0,1765688566794
-1,-1,,,169715.09999999,0,1765688566882
-1,-1,,,169805.09999999,0,1765688566972
-1,-1,,,169905.09999999,0,1765688567072
-1,-1,,,170002.09999999,0,1765688567169
-1,-1,,,170097.5,0,1765688567264
-1,-1,,,170196.59999999,0,1765688567363
-1,-1,,,170303.19999999,0,1765688567470
-1,-1,,,170397.5,0,1765688567564
-1,-1,,,170480.69999999,0,1765688567647
-1,-1,,,170587.69999999,0,1765688567754
-1,-1,,,170692.5,0,1765688567859
-1,-1,,,170793.89999998,0,1765688567961
-1,-1,,,170863.69999999,0,1765688568030
-1,-1,,,170959.19999999,0,1765688568126
-1,-1,,,171057.39999998,0,1765688568224
-1,-1,,,171154.09999999,0,1765688568321
-1,-1,,,171252.89999998,0,1765688568420
-1,-1,,,171340.29999998,0,1765688568507
-1,-1,,,171401.89999998,0,1765688568569
-1,-1,,,171463.69999999,0,1765688568630
-1,-1,,,171541,0,1765688568708
-1,-1,,,171660.79999998,0,1765688568827
-1,-1,,,171765.39999998,0,1765688568932
-1,-1,,,171875.09999999,0,1765688569042
-1,-1,,,172004.39999998,0,1765688569171
-1,-1,,,172107.59999999,0,1765688569274
-1,-1,,,172207.89999998,0,1765688569375
-1,-1,,,172298.79999998,0,1765688569465
-1,-1,,,172392.5,0,1765688569559
-1,-1,,,172499.09999999,0,1765688569666
-1,-1,,,172562.89999998,0,1765688569730
-1,-1,,,172620.5,0,1765688569787
-1,-1,,,172677.79999998,0,1765688569845
-1,-1,,,172732.79999998,0,1765688569899
-1,-1,,,172789.89999998,0,1765688569957
-1,-1,,,172858.19999999,0,1765688570025
-1,-1,,,172912.69999999,0,1765688570079
-1,-1,,,172963.69999999,0,1765688570130
-1,-1,,,173022.69999999,0,1765688570189
-1,-1,,,173073.5,0,1765688570240
-1,-1,,,173128.69999999,0,1765688570295
-1,-1,,,173178.89999998,0,1765688570346
-1,-1,,,173233.59999999,0,1765688570400
-1,-1,,,173293.5,0,1765688570460
-1,-1,,,173350.89999998,0,1765688570518
-1,-1,,,173409.59999999,0,1765688570576
-1,-1,,,173499.39999998,1,1765688570666
-1,-1,,,173599.59999999,1,1765688570766
-1,-1,,,173713.69999999,1,1765688570880
-1,-1,,,173841.29999998,1,1765688571008
-1,-1,,,173969,0,1765688571136
-1,-1,,,174077.89999998,0,1765688571245
-1,-1,,,174192.5,0,1765688571359
-1,-1,,,174326.79999998,1,1765688571494
-1,-1,,,174456.5,1,1765688571623
-1,-1,,,174587,1,1765688571754
-1,-1,,,174704.5,1,1765688571871
-1,-1,,,174809.89999998,1,1765688571977
-1,-1,,,174941.59999999,1,1765688572109
-1,-1,,,175073.89999998,1,1765688572241
-1,-1,,,175204.69999999,1,1765688572372
-1,-1,,,175322.39999998,1,1765688572489
-1,-1,,,175465.79999998,1,1765688572633
-1,-1,,,175587.09999999,1,1765688572755
-1,-1,,,175695.39999998,1,1765688572863
-1,-1,,,175826.89999998,1,1765688572994
-1,-1,,,175973,1,1765688573140
-1,-1,,,176096.59999999,1,1765688573264
-1,-1,,,176242.39999998,1,1765688573409
-1,-1,,,176377.29999998,1,1765688573544
-1,-1,,,176522.59999999,1,1765688573690
-1,-1,,,176656.5,1,1765688573823
-1,-1,,,176802.29999998,1,1765688573969
-1,-1,,,176894.69999999,1,1765688574061
-1,-1,,,177060.09999999,1,1765688574227
-1,-1,,,177192.79999998,1,1765688574360
-1,-1,,,177326.89999998,1,1765688574494
-1,-1,,,177489,1,1765688574656
-1,-1,,,177600.69999999,1,1765688574767
-1,-1,,,177726,1,1765688574893
-1,-1,,,177888.5,1,1765688575055
-1,-1,,,177989.89999998,1,1765688575157
-1,-1,,,178126.39999998,1,1765688575293
-1,-1,,,178232.89999998,1,1765688575400
-1,-1,,,178363.39999998,1,1765688575530
-1,-1,,,178526.79999998,1,1765688575693
-1,-1,,,178674.79999998,1,1765688575842
-1,-1,,,178785.29999998,1,1765688575952
-1,-1,,,178857.59999999,1,1765688576024
455.28,2.32,"uitted by",1187,178989.5,1,1765688576157
-1,-1,,,179138.79999998,1,1765688576305
-1,-1,,,179202.59999999,1,1765688576369
-1,-1,,,179283.79999998,1,1765688576450
-1,-1,,,179365.5,1,1765688576532
-1,-1,,,179509,1,1765688576676
-1,-1,,,179641.89999998,1,1765688576809
-1,-1,,,179790.09999999,1,1765688576957
-1,-1,,,179918,1,1765688577085
-1,-1,,,180043,1,1765688577210
-1,-1,,,180171.09999999,1,1765688577338
-1,-1,,,180285.29999998,1,1765688577452
-1,-1,,,180416.5,1,1765688577583
-1,-1,,,180550.69999999,1,1765688577717
-1,-1,,,180730.79999998,1,1765688577897
-1,-1,,,180834.39999998,1,1765688578001
-1,-1,,,180948.5,1,1765688578115
479.72,11.45,"uitted by",1187,181047.39999998,1,1765688578215
-1,-1,,,181157.19999999,1,1765688578324
84.08,45.66,"impeachment in 19",1153,181302.59999999,1,1765688578470
171.23,65.08,"chment in 1998; he w",1161,181421.29999998,1,1765688578588
237.07,71.98,"he Senate.",1198,181531.79999998,1,1765688578699
318.58,94.29,"he Senate.",1198,181664.19999999,1,1765688578831
373.08,93.47,"he Senate.",1198,181795.39999998,1,1765688578963
437.59,77.79,"he Senate.",1198,181929.69999999,1,1765688579097
446.96,61.78,"quitted by",1186,182054.69999999,1,1765688579222
465.15,46.23,"uitted by",1187,182137.79999998,1,1765688579305
-1,-1,,,182210.19999999,1,1765688579377
-1,-1,,,182317.09999999,1,1765688579484
-1,-1,,,182421.19999999,1,1765688579588
-1,-1,,,182513.5,1,1765688579680
-1,-1,,,182609.59999999,1,1765688579776
-1,-1,,,182713.19999999,1,1765688579880
-1,-1,,,182766.19999999,1,1765688579933
-1,-1,,,182818.29999998,1,1765688579985
-1,-1,,,182879.29999998,1,1765688580046
-1,-1,,,182941.69999999,1,1765688580108
-1,-1,,,183038,1,1765688580205
-1,-1,,,183165.39999998,1,1765688580332
-1,-1,,,183303.69999999,1,1765688580470
-1,-1,,,183488.69999999,1,1765688590396
268.51,26.29,"1998; he was acquit",1170,183609.69999999,1,1765688590517
-1,-1,,,183736,1,1765688590643
-1,-1,,,183871.69999999,1,1765688590779
-1,-1,,,184008.40000001,1,1765688590916
-1,-1,,,184154.5,1,1765688591062
-1,-1,,,184293.5,1,1765688591201
-1,-1,,,184440.09999999,1,1765688591347
-1,-1,,,184567.5,1,1765688591475
-1,-1,,,184716.5,1,1765688591624
-1,-1,,,184855.80000001,1,1765688591763
-1,-1,,,184993.90000001,1,1765688591902
-1,-1,,,185114.90000001,1,1765688592023
-1,-1,,,185252.09999999,1,1765688592160
-1,-1,,,185388,1,1765688592295
-1,-1,,,185540.19999999,1,1765688592448
-1,-1,,,185698.19999999,1,1765688592606
-1,-1,,,185838.30000001,1,1765688592746
-1,-1,,,185958.09999999,1,1765688592866
-1,-1,,,186097.5,1,1765688593005
-1,-1,,,186242.19999999,1,1765688593150
-1,-1,,,186367.40000001,1,1765688593275
-1,-1,,,186493.40000001,1,1765688593401
-1,-1,,,186586.90000001,1,1765688593494
-1,-1,,,186680.69999999,1,1765688593588
-1,-1,,,186812.09999999,1,1765688593720
-1,-1,,,186932.19999999,1,1765688593840
-1,-1,,,187041.40000001,1,1765688593949
-1,-1,,,187149.80000001,1,1765688594057
-1,-1,,,187228.5,1,1765688594136
-1,-1,,,187352.5,1,1765688594260
-1,-1,,,187485.40000001,1,1765688594393
-1,-1,,,187613.59999999,1,1765688594521
-1,-1,,,187694.90000001,1,1765688594602
-1,-1,,,187815.59999999,1,1765688594724
255.67,65.37,"in 1998; he was acqu",1168,187964,1,1765688594872
230.47,86.84,"he Senate.",1198,188057.90000001,1,1765688594966
202.01,105.54,"ent in 1998; he was",1164,188153.59999999,1,1765688595061
193.11,180.93,"by various scandals,",1082,188261.09999999,1,1765688595169
189.41,254.2,"Lewinsky case, whic",1123,188319.40000001,1,1765688595227
231.96,285.67,"various scandals, in",1085,188400.59999999,1,1765688595309
230.48,260.38,", focusing on global",969,188511,1,1765688595420
241.2,241.82,"hropy**: Actively in",893,188637.09999999,1,1765688595545
210.47,218.95,"anthropy**: Actively",890,188764.59999999,1,1765688595673
170.98,161.48,"ears, including hear",774,188896.09999999,1,1765688595804
171.95,118.18,"he plays the saxoph",642,189022.80000001,1,1765688595931
228.05,89.67,"erests**:",585,189169.09999999,1,1765688596077
160.44,77.35,"ton, born in 1980.",434,189303.90000001,1,1765688596212
58.04,53.01,"- **Marriage**",317,189436.90000001,1,1765688596345
-1,-1,,,189562.40000001,1,1765688596470
-1,-1,,,189696.40000001,1,1765688596604
-1,-1,,,189826.19999999,1,1765688596734
-1,-1,,,189956.90000001,1,1765688596865
-1,-1,,,190082.09999999,1,1765688596990
-1,-1,,,190207.19999999,1,1765688597115
-1,-1,,,190311.40000001,1,1765688597219
-1,-1,,,190414.80000001,1,1765688597323
-1,-1,,,190557,1,1765688597465
-1,-1,,,190670.5,1,1765688597578
-1,-1,,,190774.30000001,1,1765688597682
-1,-1,,,190889.69999999,1,1765688597798
-1,-1,,,191007.09999999,1,1765688597915
-1,-1,,,191118.80000001,1,1765688598027
-1,-1,,,191247,1,1765688598155
-1,-1,,,191378.19999999,1,1765688598286
-1,-1,,,191508.59999999,1,1765688598416
-1,-1,,,191617.69999999,1,1765688598525
-1,-1,,,191788.5,1,1765688598696
-1,-1,,,191906.09999999,1,1765688598814
-1,-1,,,192039.19999999,1,1765688598947
-1,-1,,,192169.5,1,1765688599077
-1,-1,,,192296.80000001,1,1765688599205
182.55,4.02,"School.",312,192388.59999999,1,1765688599296
200.71,10.84,"e limits on benefits",343,192466.80000001,1,1765688599375
279.44,8.71,"on benefits.",351,192553.09999999,1,1765688599461
77.3,27.74,"and time limits",332,192636,1,1765688599544
88.14,50.49,"- Implemented p",386,192756.09999999,1,1765688599664
187.74,85.57,"plemented policies t",395,192884,1,1765688599792
222.55,107.59,"nt reforms that impa",57,193011.59999999,1,1765688599920
-1,-1,,,193189.80000001,1,1765688600097
-1,-1,,,193313.59999999,1,1765688600221
-1,-1,,,193436.09999999,1,1765688600343
-1,-1,,,193566.90000001,1,1765688600474
-1,-1,,,193642.40000001,1,1765688600550
-1,-1,,,193775.69999999,1,1765688600683
-1,-1,,,193887.80000001,1,1765688600795
-1,-1,,,194008.69999999,1,1765688600916
-1,-1,,,194108.90000001,1,1765688601016
-1,-1,,,194256.40000001,1,1765688601164
-1,-1,,,194376.90000001,1,1765688601284
-1,-1,,,194507.5,1,1765688601415
-1,-1,,,194693.80000001,1,1765688601601
-1,-1,,,194816.80000001,1,1765688601724
-1,-1,,,194933.80000001,1,1765688601841
-1,-1,,,195068.59999999,1,1765688601976
-1,-1,,,195189.69999999,1,1765688602097
-1,-1,,,195328.69999999,1,1765688602236
-1,-1,,,195456.40000001,1,1765688602364
-1,-1,,,195573.09999999,1,1765688602481
-1,-1,,,195700.30000001,1,1765688602608
-1,-1,,,195820,1,1765688602727
-1,-1,,,195940.80000001,1,1765688602848
-1,-1,,,196067,1,1765688602974
340.15,208.72,"life. Here are some",110,196226.90000001,1,1765688603135
182.62,162.99,"s of American life.",96,196347.59999999,1,1765688603256
54.7,83.45,"significant re",42,196479.5,1,1765688603387
-1,-1,,,196604.19999999,1,1765688603512
-1,-1,,,196741.90000001,1,1765688603649
-1,-1,,,196876.69999999,1,1765688603784
-1,-1,,,196993,1,1765688603900
-1,-1,,,197102.09999999,1,1765688604009
-1,-1,,,197230.09999999,1,1765688604138
-1,-1,,,197353.30000001,1,1765688604261
-1,-1,,,197470.30000001,1,1765688604378
-1,-1,,,197600.59999999,1,1765688604508
-1,-1,,,197727,1,1765688604634
-1,-1,,,197806.09999999,1,1765688604714
-1,-1,,,197904.30000001,1,1765688604812
-1,-1,,,198029.5,1,1765688604937
-1,-1,,,198145.09999999,1,1765688605052
-1,-1,,,198282.19999999,1,1765688605190
-1,-1,,,198409.30000001,1,1765688605317
-1,-1,,,198550.40000001,1,1765688605458
-1,-1,,,198675.5,1,1765688605583
-1,-1,,,198843.40000001,1,1765688605751
-1,-1,,,198968.30000001,1,1765688605876
-1,-1,,,199087.09999999,1,1765688605994
-1,-1,,,199189.30000001,1,1765688606097
-1,-1,,,199300.59999999,1,1765688606208
-1,-1,,,199408.19999999,1,1765688606316
-1,-1,,,199542.90000001,1,1765688606450
-1,-1,,,199675.30000001,1,1765688606583
-1,-1,,,199819.80000001,1,1765688606727
132.16,47.28,"ill Clinton's presid",11,199929.69999999,1,1765688606838
47.81,96.7,"significant re",42,200071.09999999,1,1765688606979
12.19,115,"w several",38,200211.19999999,1,1765688607119
-1,-1,,,200336.40000001,1,1765688607244
-1,-1,,,200514.90000001,1,1765688607423
-1,-1,,,200640.40000001,1,1765688607548
-1,-1,,,200773.90000001,1,1765688607682
-1,-1,,,200906.40000001,1,1765688607814
-1,-1,,,201040.40000001,1,1765688607948
-1,-1,,,201174,1,1765688608082
-1,-1,,,201309.19999999,1,1765688608217
-1,-1,,,201436.19999999,1,1765688608344
-1,-1,,,201580.80000001,1,1765688608488
-1,-1,,,201717.19999999,1,1765688608625
-1,-1,,,201850.19999999,1,1765688608758
-1,-1,,,201966.30000001,1,1765688608874
-1,-1,,,202118,1,1765688609026
-1,-1,,,202233.09999999,1,1765688609141
-1,-1,,,202347.59999999,1,1765688609255
-1,-1,,,202467.19999999,1,1765688609375
-1,-1,,,202616.5,1,1765688609524
-1,-1,,,202732.69999999,1,1765688609640
-1,-1,,,202879.30000001,1,1765688609787
-1,-1,,,203018.30000001,1,1765688609926
-1,-1,,,203137.09999999,1,1765688610044
-1,-1,,,203273.59999999,1,1765688610181
-1,-1,,,203402.90000001,1,1765688610310
-1,-1,,,203539.59999999,1,1765688610447
-1,-1,,,203676.69999999,1,1765688610584
-1,-1,,,203812.09999999,1,1765688610719
-1,-1,,,203929.59999999,1,1765688610837
-1,-1,,,204033.69999999,1,1765688610941
-1,-1,,,204187.40000001,1,1765688611095
-1,-1,,,204297.5,1,1765688611205
-1,-1,,,204406.69999999,1,1765688611314
-1,-1,,,204535.90000001,1,1765688611443
-1,-1,,,204675.80000001,1,1765688611583
-1,-1,,,204822,1,1765688611729
-1,-1,,,204944.09999999,1,1765688611852
-1,-1,,,205086.09999999,1,1765688611994
-1,-1,,,205201.69999999,1,1765688612109
-1,-1,,,205313.59999999,1,1765688612221
-1,-1,,,205425.09999999,1,1765688612333
-1,-1,,,205535.59999999,1,1765688612443
-1,-1,,,205667,1,1765688612574
-1,-1,,,205778.30000001,1,1765688612686
-1,-1,,,205909.40000001,1,1765688612817
-1,-1,,,206050.69999999,1,1765688612958
-1,-1,,,206182.59999999,1,1765688613090
-1,-1,,,206318.80000001,1,1765688613226
-1,-1,,,206450.40000001,1,1765688613358
-1,-1,,,206572.69999999,1,1765688613480
-1,-1,,,206711.5,1,1765688613619
-1,-1,,,206833.30000001,1,1765688613741
-1,-1,,,206975.90000001,1,1765688613883
-1,-1,,,207118.5,1,1765688614026
-1,-1,,,207244.30000001,1,1765688614152
-1,-1,,,207380.09999999,1,1765688614288
-1,-1,,,207509,1,1765688614416
-1,-1,,,207638.69999999,1,1765688614546
-1,-1,,,207779,1,1765688614686
-1,-1,,,207907.59999999,1,1765688614815
-1,-1,,,208037,1,1765688614945
-1,-1,,,208172.30000001,1,1765688615080
-1,-1,,,208304,1,1765688615211
-1,-1,,,208449.69999999,1,1765688615357
-1,-1,,,208561.5,1,1765688615469
-1,-1,,,208673.19999999,1,1765688615581
-1,-1,,,208802.5,1,1765688615710
-1,-1,,,208941.19999999,1,1765688615849
-1,-1,,,209076.30000001,1,1765688615984
-1,-1,,,209203.5,1,1765688616111
-1,-1,,,209338.19999999,1,1765688616246
-1,-1,,,209476.59999999,1,1765688616384
-1,-1,,,209604.80000001,1,1765688616512
-1,-1,,,209739.30000001,1,1765688616647
-1,-1,,,209873.90000001,1,1765688616781
-1,-1,,,210008.59999999,1,1765688616916
-1,-1,,,210140.90000001,1,1765688617048
-1,-1,,,210268.40000001,1,1765688617176
-1,-1,,,210410.5,1,1765688617318
-1,-1,,,210569,1,1765688617476
-1,-1,,,210697.69999999,1,1765688617605
412.8,12.86,"aw several",37,210814.90000001,1,1765688617723
-1,-1,,,210958,1,1765688617865
-1,-1,,,211080.69999999,1,1765688617989
157.97,22.22,"Clinton's presidenc",14,211231.19999999,1,1765688618139
133.61,12.87,"ill Clinton's presid",11,211366.80000001,1,1765688618275
145.77,43.8,"ll Clinton's preside",12,211500.40000001,1,1765688618409
154.87,74.92,"l Clinton's presiden",13,211630.09999999,1,1765688618538
245.55,108.11,"reforms that impacte",60,211758.30000001,1,1765688618666
268,85.33,"forms that impacted",62,211911.5,1,1765688618819
238.56,107.01,"reforms that impact",59,212038.69999999,1,1765688618947
268.93,127.05,"forms that impacted",62,212169.09999999,1,1765688619077
384.08,133.46,"impacted various",72,212304,1,1765688619212
420.68,106.12,"pacted various",75,212424,1,1765688619332
452.11,74.03,"w several",38,212558.80000001,1,1765688619467
435.37,83.04,"cted various",77,212682.09999999,1,1765688619590
412.53,48.32,"aw several",37,212793.90000001,1,1765688619702
-1,-1,,,212934.59999999,1,1765688619842
-1,-1,,,213064.40000001,1,1765688619972
-1,-1,,,213194,1,1765688620102
-1,-1,,,213305.30000001,1,1765688620213
-1,-1,,,213429.19999999,1,1765688620337
166.66,16.19,"Clinton's presidenc",14,213551.09999999,1,1765688620459
111.04,3.16,"Bill Clinton's pres",9,213700.40000001,1,1765688620608
-1,-1,,,213828.09999999,1,1765688620735
-1,-1,,,213967.90000001,1,1765688620875
-1,-1,,,214087.5,1,1765688620995
-1,-1,,,214188.80000001,1,1765688621096
-1,-1,,,214291.69999999,1,1765688621199
-1,-1,,,214401.30000001,1,1765688621309
-1,-1,,,214575.80000001,1,1765688621483
-1,-1,,,214710.80000001,1,1765688621618
-1,-1,,,214853.40000001,1,1765688621761
-1,-1,,,214947.59999999,1,1765688621855
-1,-1,,,215074.59999999,1,1765688621982
-1,-1,,,215203.09999999,1,1765688622111
-1,-1,,,215344,1,1765688622251
-1,-1,,,215510.5,1,1765688622418
-1,-1,,,215633.5,1,1765688622541
-1,-1,,,215780.30000001,1,1765688622688
-1,-1,,,215891.59999999,1,1765688622799
-1,-1,,,216038.30000001,1,1765688622946
-1,-1,,,216174.40000001,1,1765688623082
-1,-1,,,216304.19999999,1,1765688623212
-1,-1,,,216420.19999999,1,1765688623328
-1,-1,,,216562.09999999,1,1765688623469
-1,-1,,,216695.09999999,1,1765688623602
-1,-1,,,216829.19999999,1,1765688623737
-1,-1,,,216958.90000001,1,1765688623866
-1,-1,,,217070.30000001,1,1765688623978
-1,-1,,,217173.5,1,1765688624081
-1,-1,,,217309.59999999,1,1765688624217
-1,-1,,,217437.19999999,1,1765688624345
-1,-1,,,217568.09999999,1,1765688624476
-1,-1,,,217702.09999999,1,1765688624610
-1,-1,,,217840,1,1765688624747
-1,-1,,,217977.80000001,1,1765688624885
-1,-1,,,218121.59999999,1,1765688625029
-1,-1,,,218239.19999999,1,1765688625147
-1,-1,,,218375.90000001,1,1765688625283
-1,-1,,,218537.80000001,1,1765688625445
465.02,29.25,"w several",38,218661.40000001,1,1765688625569
-1,-1,,,218787.59999999,1,1765688625695
-1,-1,,,218916.90000001,1,1765688625824
-1,-1,,,219038.19999999,1,1765688625946
-1,-1,,,219164.59999999,1,1765688626072
-1,-1,,,219298.19999999,1,1765688626206
-1,-1,,,219443.69999999,1,1765688626351
-1,-1,,,219603.19999999,1,1765688626511
-1,-1,,,219740.69999999,1,1765688626648
-1,-1,,,219873.59999999,1,1765688626781
-1,-1,,,220003.40000001,1,1765688626911
-1,-1,,,220151.90000001,1,1765688627059
-1,-1,,,220271.40000001,1,1765688627179
-1,-1,,,220399.19999999,1,1765688627307
-1,-1,,,220541.80000001,1,1765688627449
-1,-1,,,220666.19999999,1,1765688627574
-1,-1,,,220784.19999999,1,1765688627692
-1,-1,,,220911.5,1,1765688627819
369.78,12.86,"cy saw several",33,221019.69999999,1,1765688627927
366.59,72.64,"cy saw several",33,221118.09999999,1,1765688628026
374.01,137.83,"t impacted various",71,221216.30000001,1,1765688628124
349.54,134.99,"hat impacted various",69,221346.40000001,1,1765688628255
335.87,127.08,"that impacted variou",68,221490.59999999,1,1765688628399
249.67,109.87,"reforms that impacte",60,221598.5,1,1765688628507
219.74,88.72,"nt reforms that impa",57,221717.69999999,1,1765688628626
175.65,38.98,"Clinton's presidency",15,221832.40000001,1,1765688628741
178.29,8,"ficant reforms that",53,221947.59999999,1,1765688628856
128.3,4.8,"ignificant reforms t",49,222077.19999999,1,1765688628985
68.88,31.36,"significant ref",43,222215.09999999,1,1765688629123
-1,-1,,,222334.40000001,1,1765688629242
61.63,29.07,"significant ref",43,222448.69999999,1,1765688629357
-1,-1,,,222555.59999999,1,1765688629463
-1,-1,,,222617.90000001,1,1765688629525
123.08,2.31,"significant reforms",48,222677.40000001,1,1765688629585
133.73,13.22,"ignificant reforms t",49,222735.19999999,1,1765688629643
68.54,34.22,"significant ref",43,222800.5,1,1765688629708
45.94,65.64,"aspects of Am",83,222953,1,1765688629861
21.91,84.85,"aspects of",81,223060.90000001,1,1765688629969
22.51,61.78,"aspects of",81,223173,1,1765688630081
77.48,96.48,"aspects of Ameri",86,223288.5,1,1765688630197
54.1,91.07,"aspects of Ame",84,223411.5,1,1765688630319
80.24,112.25,"aspects of Ameri",86,223539.30000001,1,1765688630447
89.94,126.45,"the major reforms",130,223667.5,1,1765688630576
120.74,160.62,"the major reforms:",133,223789.19999999,1,1765688630697
179.25,158.27,"jor reforms:",139,223915.69999999,1,1765688630824
95.14,140.17,"the major reforms:",131,224033.09999999,1,1765688630941
18.45,95.85,"aspects of",81,224147.59999999,1,1765688631055
-1,-1,,,224281.90000001,1,1765688631190
-1,-1,,,224418.09999999,1,1765688631326
-1,-1,,,224547.69999999,1,1765688631455
-1,-1,,,224679.59999999,1,1765688631588
-1,-1,,,224820.69999999,1,1765688631729
-1,-1,,,224947.09999999,1,1765688631855
-1,-1,,,225070,1,1765688631978
-1,-1,,,225176,1,1765688632084
-1,-1,,,225286.69999999,1,1765688632195
-1,-1,,,225395.30000001,1,1765688632303
-1,-1,,,225502.90000001,1,1765688632411
26.21,74.5,"aspects of A",82,225608.5,1,1765688632517
37.06,106.25,"aspects of Am",83,225728.80000001,1,1765688632637
-1,-1,,,225852,1,1765688632760
-1,-1,,,225946.09999999,1,1765688632854
-1,-1,,,226023.90000001,1,1765688632932
-1,-1,,,226129.80000001,1,1765688633038
-1,-1,,,226239.19999999,1,1765688633147
-1,-1,,,226368.30000001,1,1765688633276
-1,-1,,,226464.80000001,1,1765688633372
-1,-1,,,226533.59999999,1,1765688633441
-1,-1,,,226717.90000001,1,1765688633626
-1,-1,,,226885.80000001,1,1765688633794
41.81,99.23,"aspects of Am",83,227043.30000001,1,1765688633951
65.01,112.4,"aspects of Amer",85,227170.09999999,1,1765688634078
82.01,117.61,"aspects of Americ",87,227289.5,1,1765688634198
115.02,125.47,"the major reforms:",133,227406.59999999,1,1765688634315
147.64,109.06,"major reforms:",136,227518,1,1765688634426
154.93,118.21,"Introduced the Pers",178,227579.30000001,1,1765688634487
196.06,130.82,"k Opportunity Reconc",225,227655.30000001,1,1765688634563
188.82,135.72,"rk Opportunity Recon",224,227722.5,1,1765688634630
194.35,117.38,"roduced the Personal",182,227780.30000001,1,1765688634688
198.22,119.81,"k Opportunity Reconc",225,227838,1,1765688634746
242.57,118.53,"portunity Reconcilia",229,227897.69999999,1,1765688634805
187.05,90.75,"rk Opportunity Recon",224,227984.90000001,1,1765688634893
196.93,47.52,"k Opportunity Reconc",225,228097.80000001,1,1765688635005
238.04,11.53,"ced the Personal Res",186,228235.40000001,1,1765688635143
-1,-1,,,228338.80000001,1,1765688635247
-1,-1,,,228436.40000001,1,1765688635344
256.62,14.71,"tituting work requir",309,228535.80000001,1,1765688635444
189.67,17.41,"by instituting work",302,228638.40000001,1,1765688635546
-1,-1,,,228730.59999999,1,1765688635638
250.02,14.43,"its on benefits.",348,228793.09999999,1,1765688635701
173.77,51.34,"mplemented policies",394,228845.40000001,1,1765688635753
142.91,55.13,"- Implemented polici",391,228899.30000001,1,1765688635807
70.94,105.72,"to economic grow",427,228948.59999999,1,1765688635856
22.8,123.56,"Budget Reco",464,229020.80000001,1,1765688635929
117.44,120.09,"Budget Reconciliatio",473,229090.5,1,1765688635998
99.17,141.55,"Budget Reconciliat",471,229181.59999999,1,1765688636090
64.6,133.67,"Budget Reconcil",468,229352.59999999,1,1765688636261
3.57,124.72,"e Omnibus",463,229465.19999999,1,1765688636374
-1,-1,,,229586.30000001,1,1765688636494
-1,-1,,,229704.19999999,1,1765688636612
-1,-1,,,229823.19999999,1,1765688636732
-1,-1,,,229944.90000001,1,1765688636853
-1,-1,,,230068.5,1,1765688636976
-1,-1,,,230178.69999999,1,1765688637086
-1,-1,,,230287.90000001,1,1765688637196
-1,-1,,,230413.80000001,1,1765688637322
-1,-1,,,230564.80000001,1,1765688637473
-1,-1,,,230689.19999999,1,1765688637597
-1,-1,,,230788.69999999,1,1765688637696
-1,-1,,,230893,1,1765688637801
-1,-1,,,231017.69999999,1,1765688637926
-1,-1,,,231149.5,1,1765688638058
-1,-1,,,231272.19999999,1,1765688638180
-1,-1,,,231378.40000001,1,1765688638286
-1,-1,,,231507.80000001,1,1765688638416
55.95,60.61,"(NAFTA)**:",631,231647.09999999,1,1765688638555
124.92,35.89,"- Signed into law i",650,231749.80000001,1,1765688638658
167.21,58.38,"Enacted the Violent",856,231839.90000001,1,1765688638748
208.57,28.44,"ted the Violent Crim",860,231982.59999999,1,1765688638891
217.8,58.16,"ed the Violent Crime",861,232117.80000001,1,1765688639026
258.72,65.77,"e Reform Attempt**:",1100,232242.40000001,1,1765688639151
211.07,108.17,"ched an ambitious bu",1129,232374,1,1765688639283
170.92,139.43,"y First Lady Hillary",1210,232505.19999999,1,1765688639414
