-1,-1,,,8950.3000000715,0,1760540879963
-1,-1,,,9448.7000000477,1,1760540880432
-1,-1,,,9764.3000000715,1,1760540880746
-1,-1,,,10004.800000072,1,1760540880988
-1,-1,,,10397.800000072,1,1760540881381
-1,-1,,,10809.800000072,1,1760540881791
-1,-1,,,11050.100000024,1,1760540882032
-1,-1,,,11284.800000072,1,1760540882266
-1,-1,,,11580,1,1760540882562
-1,-1,,,11849.300000072,1,1760540882830
-1,-1,,,12161.400000095,1,1760540883143
-1,-1,,,12322.800000072,1,1760540883304
-1,-1,,,12496.700000048,1,1760540883478
-1,-1,,,12701.800000072,1,1760540883683
-1,-1,,,12878.200000048,1,1760540883859
-1,-1,,,13066.800000072,1,1760540884048
-1,-1,,,13244.600000024,1,1760540884239
-1,-1,,,13440.100000024,1,1760540884421
-1,-1,,,13606.400000095,1,1760540884587
-1,-1,,,13776.600000024,1,1760540884758
-1,-1,,,13945,1,1760540884926
-1,-1,,,14528.100000024,1,1760540885511
-1,-1,,,14738.100000024,1,1760540885719
-1,-1,,,14972.800000072,1,1760540885954
-1,-1,,,15146.700000048,1,1760540886128
-1,-1,,,15322.600000024,1,1760540886304
-1,-1,,,15506.900000095,1,1760540886488
-1,-1,,,15661.100000024,1,1760540886642
-1,-1,,,15861.300000072,1,1760540886842
-1,-1,,,16042.800000072,1,1760540887024
-1,-1,,,16246,1,1760540887226
-1,-1,,,16433,1,1760540887414
-1,-1,,,16610.200000048,1,1760540887591
-1,-1,,,16770.600000024,1,1760540887752
-1,-1,,,16949.800000072,1,1760540887932
-1,-1,,,17135.700000048,1,1760540888117
-1,-1,,,17318.5,1,1760540888300
-1,-1,,,17623.300000072,1,1760540888605
-1,-1,,,17811.700000048,1,1760540888794
-1,-1,,,18036.900000095,1,1760540889018
-1,-1,,,18215.900000095,1,1760540889196
-1,-1,,,18388.900000095,1,1760540889369
-1,-1,,,18578.200000048,1,1760540889560
-1,-1,,,18799.5,1,1760540889781
-1,-1,,,19031.400000095,1,1760540890013
-1,-1,,,19194.700000048,1,1760540890176
-1,-1,,,19373.800000072,1,1760540890355
-1,-1,,,19549.800000072,1,1760540890530
-1,-1,,,19756.5,1,1760540890737
-1,-1,,,19934.800000072,1,1760540890915
-1,-1,,,20098.600000024,1,1760540891079
-1,-1,,,20265,1,1760540891246
-1,-1,,,20432.5,1,1760540891413
-1,-1,,,20596.400000095,1,1760540891578
-1,-1,,,20760.300000072,1,1760540891741
-1,-1,,,20955.5,1,1760540891937
-1,-1,,,21099.200000048,1,1760540892080
-1,-1,,,21264.100000024,1,1760540892245
-1,-1,,,21416.600000024,1,1760540892398
-1,-1,,,21589,1,1760540892570
-1,-1,,,21761.800000072,1,1760540892744
-1,-1,,,21941,1,1760540892922
-1,-1,,,22118.300000072,1,1760540893099
-1,-1,,,22283,1,1760540893264
-1,-1,,,22451.900000095,1,1760540893433
-1,-1,,,22612.100000024,1,1760540893593
-1,-1,,,22780,1,1760540893760
-1,-1,,,22949.600000024,1,1760540893931
-1,-1,,,23111.400000095,1,1760540894093
-1,-1,,,23277.600000024,1,1760540894259
-1,-1,,,23471.5,1,1760540894453
-1,-1,,,23627.800000072,1,1760540894610
-1,-1,,,23781.100000024,1,1760540894762
-1,-1,,,23978.600000024,1,1760540894960
-1,-1,,,24151.300000072,1,1760540895132
-1,-1,,,24320.900000095,1,1760540895302
-1,-1,,,24480,1,1760540895461
-1,-1,,,24661.800000072,1,1760540895645
-1,-1,,,24817.900000095,1,1760540895799
-1,-1,,,24981.700000048,1,1760540895963
-1,-1,,,25146.800000072,1,1760540896128
-1,-1,,,25320.400000095,1,1760540896302
-1,-1,,,25487.800000072,1,1760540896469
-1,-1,,,25655.300000072,1,1760540896637
-1,-1,,,25830.5,1,1760540896812
-1,-1,,,26032.800000072,1,1760540897013
-1,-1,,,26188.800000072,1,1760540897169
-1,-1,,,26343.900000095,1,1760540897324
-1,-1,,,26518.700000048,1,1760540897499
-1,-1,,,26831.600000024,1,1760540897812
-1,-1,,,27023.700000048,1,1760540898004
-1,-1,,,27200.300000072,1,1760540898181
-1,-1,,,27362.100000024,1,1760540898343
-1,-1,,,27523.400000095,1,1760540898505
-1,-1,,,27704.700000048,1,1760540898685
-1,-1,,,27870.200000048,1,1760540898851
-1,-1,,,28022.900000095,1,1760540899003
-1,-1,,,28192.300000072,1,1760540899173
-1,-1,,,28368.900000095,1,1760540899349
-1,-1,,,28539,1,1760540899519
-1,-1,,,28746.800000072,1,1760540899727
-1,-1,,,28972.600000024,1,1760540899953
-1,-1,,,29196.700000048,1,1760540900177
-1,-1,,,29405.900000095,1,1760540900386
-1,-1,,,29609.700000048,1,1760540900590
-1,-1,,,29798.900000095,1,1760540900779
-1,-1,,,30008.100000024,1,1760540900989
-1,-1,,,30193.800000072,1,1760540901175
-1,-1,,,30358.900000095,1,1760540901340
-1,-1,,,30523.100000024,1,1760540901504
-1,-1,,,30684.600000024,1,1760540901666
-1,-1,,,30854.700000048,1,1760540901836
-1,-1,,,31022.300000072,1,1760540902003
-1,-1,,,31206.200000048,1,1760540902187
-1,-1,,,31358.400000095,1,1760540902341
-1,-1,,,31535.900000095,1,1760540902517
-1,-1,,,31705.700000048,1,1760540902687
-1,-1,,,31899.300000072,1,1760540902880
-1,-1,,,32133,1,1760540903114
-1,-1,,,32323.300000072,1,1760540903304
-1,-1,,,32544,1,1760540903525
-1,-1,,,32839.800000072,1,1760540903820
-1,-1,,,33028.5,1,1760540904009
-1,-1,,,33211.300000072,1,1760540904192
-1,-1,,,33383.400000095,1,1760540904364
-1,-1,,,33576.700000048,1,1760540904557
-1,-1,,,33775,1,1760540904756
-1,-1,,,33942.300000072,1,1760540904923
-1,-1,,,34377.300000072,1,1760540905358
-1,-1,,,34743.5,1,1760540905725
-1,-1,,,34955.900000095,1,1760540905937
-1,-1,,,35123.400000095,1,1760540906105
-1,-1,,,35287,1,1760540906268
-1,-1,,,35441,1,1760540906422
-1,-1,,,35609.200000048,1,1760540906590
-1,-1,,,35771.900000095,1,1760540906753
-1,-1,,,35990.700000048,1,1760540906972
-1,-1,,,36179.5,1,1760540907161
-1,-1,,,36587.600000024,1,1760540907569
-1,-1,,,36779.900000095,1,1760540907760
-1,-1,,,37118.300000072,1,1760540908099
-1,-1,,,37300.100000024,1,1760540908281
-1,-1,,,37488.300000072,1,1760540908469
-1,-1,,,37744.300000072,1,1760540908725
-1,-1,,,37951.100000024,1,1760540908931
-1,-1,,,38165.5,1,1760540909146
-1,-1,,,38405.400000095,1,1760540909386
-1,-1,,,38644,1,1760540909624
-1,-1,,,38876.800000072,1,1760540909857
-1,-1,,,39065.200000048,1,1760540910046
-1,-1,,,39252.200000048,1,1760540910233
-1,-1,,,39415.300000072,1,1760540910396
-1,-1,,,39634.200000048,1,1760540910616
-1,-1,,,39837.900000095,1,1760540910820
-1,-1,,,40066.100000024,1,1760540911047
-1,-1,,,40213.200000048,1,1760540911194
-1,-1,,,40394.300000072,1,1760540911376
-1,-1,,,40550.5,1,1760540911531
-1,-1,,,40704.900000095,1,1760540911685
-1,-1,,,40875.700000048,1,1760540911856
-1,-1,,,41053.800000072,1,1760540912034
-1,-1,,,41305.800000072,1,1760540912287
-1,-1,,,41510.5,1,1760540912492
-1,-1,,,41686.600000024,1,1760540912668
-1,-1,,,41870.5,1,1760540912852
-1,-1,,,42052.200000048,1,1760540913033
-1,-1,,,42237.400000095,1,1760540913218
-1,-1,,,42409.700000048,1,1760540913390
-1,-1,,,42566.5,1,1760540913547
-1,-1,,,42731.400000095,1,1760540913712
-1,-1,,,42891.400000095,1,1760540913872
-1,-1,,,43055.600000024,1,1760540914036
-1,-1,,,43226.400000095,1,1760540914208
-1,-1,,,43392.700000048,1,1760540914373
-1,-1,,,43576.900000095,1,1760540914558
-1,-1,,,43772.700000048,1,1760540914753
-1,-1,,,43936.400000095,1,1760540914917
-1,-1,,,44094.600000024,1,1760540915075
-1,-1,,,44335.400000095,1,1760540915316
-1,-1,,,44536.100000024,1,1760540915517
-1,-1,,,44751.900000095,1,1760540915733
-1,-1,,,45046,1,1760540916027
-1,-1,,,45262,1,1760540916244
-1,-1,,,45463.800000072,1,1760540916445
-1,-1,,,45706,1,1760540916687
-1,-1,,,45969.600000024,1,1760540916950
-1,-1,,,46226.100000024,1,1760540917208
-1,-1,,,46465.700000048,1,1760540917447
-1,-1,,,46872.200000048,1,1760540917853
-1,-1,,,47219.300000072,1,1760540918201
-1,-1,,,47521.900000095,1,1760540918503
-1,-1,,,47738.100000024,1,1760540918719
-1,-1,,,47980.300000072,1,1760540918961
-1,-1,,,48223,1,1760540919206
-1,-1,,,48400.5,1,1760540919381
-1,-1,,,48617.700000048,1,1760540919598
-1,-1,,,48814.400000095,1,1760540919795
-1,-1,,,49026,1,1760540920006
-1,-1,,,49230.800000072,1,1760540920211
-1,-1,,,49438.900000095,1,1760540920419
-1,-1,,,49610.600000024,1,1760540920591
-1,-1,,,49775.700000048,1,1760540920756
-1,-1,,,49943,1,1760540920923
-1,-1,,,50088,1,1760540921068
-1,-1,,,50332,1,1760540921314
-1,-1,,,50501.300000072,1,1760540921484
-1,-1,,,50660.200000048,1,1760540921641
-1,-1,,,50808.800000072,1,1760540921789
-1,-1,,,50964.200000048,1,1760540921945
-1,-1,,,51127.600000024,1,1760540922108
-1,-1,,,51289.100000024,1,1760540922269
-1,-1,,,51453.700000048,1,1760540922434
-1,-1,,,51621.5,1,1760540922602
-1,-1,,,51788.600000024,1,1760540922769
-1,-1,,,51955.600000024,1,1760540922936
-1,-1,,,52111,1,1760540923092
-1,-1,,,52273.700000048,1,1760540923254
-1,-1,,,52425.5,1,1760540923406
-1,-1,,,52581.700000048,1,1760540923562
-1,-1,,,52736.800000072,1,1760540923717
-1,-1,,,52901.800000072,1,1760540923882
-1,-1,,,53070.700000048,1,1760540924077
-1,-1,,,53333.300000072,1,1760540924314
-1,-1,,,53526,1,1760540924506
-1,-1,,,53817.5,1,1760540924798
-1,-1,,,53991.800000072,1,1760540924972
-1,-1,,,54169.900000095,1,1760540925150
-1,-1,,,54323.700000048,1,1760540925304
-1,-1,,,54479.900000095,1,1760540925462
-1,-1,,,54648.700000048,1,1760540925629
-1,-1,,,54806.900000095,1,1760540925787
-1,-1,,,54975.700000048,1,1760540925956
-1,-1,,,55145.200000048,1,1760540926126
-1,-1,,,55343.5,1,1760540926326
599.01,112.97,"a notorious",99,55622,1,1760540926604
545.01,142.97,"ily, a notorious",95,55834.200000048,1,1760540926815
562.01,147.97,"ly, a notorious",96,56089.800000072,1,1760540927071
573.01,151.97,"e 1960s. Here",149,56297.900000095,1,1760540927279
579.01,154.97,"1960s. Here",150,56491.5,1,1760540927473
582.01,155.97,"1960s. Here",150,56687.700000048,1,1760540927669
584.01,159.97,"1960s. Here",150,56903.300000072,1,1760540927885
585.01,163.97,"1960s. Here",150,57113,1,1760540928095
597.01,160.97,"1960s. Here",151,57334.5,1,1760540928316
620.01,111.97,"notorious",101,57529.600000024,1,1760540928515
-1,-1,,,57750.200000048,1,1760540928732
-1,-1,,,57936.5,1,1760540928918
-1,-1,,,58167.900000095,1,1760540929150
-1,-1,,,58361,1,1760540929343
-1,-1,,,58594.700000048,1,1760540929578
-1,-1,,,58854.100000024,1,1760540929836
-1,-1,,,59035.5,1,1760540930018
-1,-1,,,59270.300000072,1,1760540930251
-1,-1,,,59472.800000072,1,1760540930454
-1,-1,,,59654.100000024,1,1760540930635
-1,-1,,,59859.300000072,1,1760540930842
-1,-1,,,60044.5,1,1760540931028
-1,-1,,,60252,1,1760540931234
-1,-1,,,60427.900000095,1,1760540931411
-1,-1,,,60611.5,1,1760540931593
-1,-1,,,60776.600000024,1,1760540931758
-1,-1,,,60962.600000024,1,1760540931945
-1,-1,,,61153.100000024,1,1760540932134
-1,-1,,,61321.100000024,1,1760540932303
-1,-1,,,61506.200000048,1,1760540932488
-1,-1,,,61691.700000048,1,1760540932673
-1,-1,,,61876.100000024,1,1760540932857
-1,-1,,,62045.5,1,1760540933027
-1,-1,,,62257.400000095,1,1760540933239
-1,-1,,,62457.300000072,1,1760540933438
-1,-1,,,62652.900000095,1,1760540933633
-1,-1,,,62851.800000072,1,1760540933832
-1,-1,,,63066.600000024,1,1760540934047
-1,-1,,,63230.800000072,1,1760540934211
-1,-1,,,63438.200000048,1,1760540934420
-1,-1,,,63600.300000072,1,1760540934581
-1,-1,,,63764.400000095,1,1760540934745
-1,-1,,,63925.200000048,1,1760540934907
-1,-1,,,64103.800000072,1,1760540935084
-1,-1,,,64286.200000048,1,1760540935268
-1,-1,,,64459,1,1760540935440
-1,-1,,,64723.600000024,1,1760540935705
-1,-1,,,64926.400000095,1,1760540935908
552.01,431.93,"ca, two of the",336,65145.700000048,1,1760540936127
555.01,306.93,"urders**",242,65360.600000024,1,1760540936342
554.01,306.93,"Murders**",241,65564.300000072,1,1760540936546
554.01,307.93,"Murders**",241,65796.600000024,1,1760540936778
554.01,307.93,"Murders**",241,65964.700000048,1,1760540936947
554.01,307.93,"Murders**",241,66152.400000095,1,1760540937134
554.01,307.93,"Murders**",241,66316.200000048,1,1760540937297
554.01,307.93,"Murders**",241,66490.800000072,1,1760540937472
554.01,307.93,"Murders**",241,66671.700000048,1,1760540937653
554.01,307.93,"Murders**",241,66855.900000095,1,1760540937838
554.01,307.93,"ca, two of the",336,67042.900000095,1,1760540938024
554.01,307.93,"ca, two of the",336,67202.400000095,1,1760540938184
554.01,307.93,"e part of",485,67382.700000048,1,1760540938364
554.01,307.93,"e part of",485,67543.400000095,1,1760540938525
554.01,307.93,"e part of",485,67738.700000048,1,1760540938721
554.01,307.93,"e part of",485,67920.100000024,1,1760540938902
554.01,307.93,"onment**",566,68109.800000072,1,1760540939091
554.01,307.93,"lty in 1972.",705,68292.700000048,1,1760540939275
554.01,307.93,"r 50 years in",805,68484.400000095,1,1760540939466
554.01,307.93,"ersies**",852,68656.800000072,1,1760540939639
554.01,307.93,"ersies**",852,68916.600000024,1,1760540939898
554.01,307.93,"multiple",944,69124.100000024,1,1760540940106
554.01,307.93,"California",989,69327.900000095,1,1760540940309
554.01,307.93,"n 2016).",1026,69516.200000048,1,1760540940498
554.01,307.93,"n 2016).",1026,69706.800000072,1,1760540940688
554.01,307.93,"r initial",1174,69891.5,1,1760540940873
554.01,307.93,"y granted",1234,70078.300000072,1,1760540941060
554.01,307.93,"cades-long",1324,70251.800000072,1,1760540941233
554.01,307.93,"y’s Legacy**",1385,70522.200000048,1,1760540941504
554.01,307.93,"murders.",1527,70827.300000072,1,1760540941809
554.01,307.93,"families.",1657,71024.400000095,1,1760540942006
554.01,307.93,"ed discussions",1801,71224.800000072,1,1760540942207
554.01,396.76,"n society.",1884,71398.200000048,1,1760540942380
-1,-1,,,71588.100000024,1,1760540942568
-1,-1,,,71755.400000095,1,1760540942736
-1,-1,,,71923.700000048,1,1760540942904
-1,-1,,,72082.400000095,1,1760540943063
-1,-1,,,72274.600000024,1,1760540943255
-1,-1,,,72462,1,1760540943442
-1,-1,,,72619.700000048,1,1760540943600
-1,-1,,,72917.300000072,1,1760540943898
-1,-1,,,73144.900000095,1,1760540944125
-1,-1,,,73375.600000024,1,1760540944356
-1,-1,,,73613.700000048,1,1760540944594
-1,-1,,,73905.400000095,1,1760540944886
-1,-1,,,74171,1,1760540945151
-1,-1,,,74521.5,1,1760540945502
-1,-1,,,74870.700000048,1,1760540945851
-1,-1,,,75134.200000048,1,1760540946115
-1,-1,,,75344.600000024,1,1760540946325
-1,-1,,,75690.800000072,1,1760540946671
-1,-1,,,76195.600000024,1,1760540947176
-1,-1,,,76477.600000024,1,1760540947458
-1,-1,,,76730.300000072,1,1760540947711
-1,-1,,,77079.800000072,1,1760540948060
-1,-1,,,77355.600000024,1,1760540948336
-1,-1,,,77565.200000048,1,1760540948546
-1,-1,,,77900.600000024,1,1760540948882
-1,-1,,,78210,1,1760540949192
-1,-1,,,78439.400000095,1,1760540949421
-1,-1,,,78661.100000024,1,1760540949643
-1,-1,,,78937,1,1760540949919
-1,-1,,,79162.700000048,1,1760540950145
-1,-1,,,79399.100000024,1,1760540950384
-1,-1,,,79571.5,1,1760540950555
-1,-1,,,79742.700000048,1,1760540950726
-1,-1,,,79922.800000072,1,1760540950904
-1,-1,,,80187.200000048,1,1760540951169
-1,-1,,,80382.400000095,1,1760540951364
-1,-1,,,80570,1,1760540951552
-1,-1,,,80765.600000024,1,1760540951747
-1,-1,,,80933.900000095,1,1760540951916
-1,-1,,,81091.400000095,1,1760540952076
-1,-1,,,81275.5,1,1760540952257
-1,-1,,,81454.900000095,1,1760540952436
-1,-1,,,81626,1,1760540952608
-1,-1,,,81798.200000048,1,1760540952780
-1,-1,,,81992.900000095,1,1760540952973
-1,-1,,,82186.300000072,1,1760540953167
-1,-1,,,82374.300000072,1,1760540953355
-1,-1,,,82557,1,1760540953537
-1,-1,,,82737.800000072,1,1760540953718
-1,-1,,,82917.400000095,1,1760540953898
-1,-1,,,83120.600000024,1,1760540954102
-1,-1,,,83327.700000048,1,1760540954308
-1,-1,,,83547,1,1760540954528
-1,-1,,,83727.600000024,1,1760540954708
-1,-1,,,83916.800000072,1,1760540954897
-1,-1,,,84115.900000095,1,1760540955096
-1,-1,,,84319.600000024,1,1760540955300
-1,-1,,,84523.600000024,1,1760540955504
-1,-1,,,84714.700000048,1,1760540955695
-1,-1,,,84955.800000072,1,1760540955936
-1,-1,,,85142.700000048,1,1760540956123
-1,-1,,,85326.900000095,1,1760540956307
-1,-1,,,85524.900000095,1,1760540956505
-1,-1,,,85718,1,1760540956698
-1,-1,,,86014.300000072,1,1760540956995
-1,-1,,,86219.400000095,1,1760540957200
-1,-1,,,86437.700000048,1,1760540957418
-1,-1,,,86595.700000048,1,1760540957576
-1,-1,,,86769.5,1,1760540957750
-1,-1,,,86979,1,1760540957959
-1,-1,,,87159,1,1760540958140
-1,-1,,,87324.700000048,1,1760540958305
-1,-1,,,87520.600000024,1,1760540958501
-1,-1,,,87704.5,1,1760540958685
-1,-1,,,87928.800000072,1,1760540958909
-1,-1,,,88101.900000095,1,1760540959082
-1,-1,,,88272.600000024,1,1760540959253
-1,-1,,,88467.900000095,1,1760540959448
-1,-1,,,88659.200000048,1,1760540959640
-1,-1,,,88860.700000048,1,1760540959841
-1,-1,,,89042.900000095,1,1760540960023
-1,-1,,,89217.5,1,1760540960198
-1,-1,,,89397,1,1760540960378
-1,-1,,,89561.800000072,1,1760540960542
-1,-1,,,89716.5,1,1760540960697
-1,-1,,,89885.100000024,1,1760540960866
-1,-1,,,90048.600000024,1,1760540961029
-1,-1,,,90202.800000072,1,1760540961183
-1,-1,,,90362.100000024,1,1760540961343
-1,-1,,,90545.100000024,1,1760540961525
-1,-1,,,90730.800000072,1,1760540961711
-1,-1,,,90940.700000048,1,1760540961921
-1,-1,,,91127.900000095,1,1760540962108
-1,-1,,,91321.100000024,1,1760540962301
-1,-1,,,91602.100000024,1,1760540962583
-1,-1,,,91797.200000048,1,1760540962779
-1,-1,,,92015.800000072,1,1760540962996
-1,-1,,,92179.800000072,1,1760540963161
-1,-1,,,92370.5,1,1760540963351
-1,-1,,,92561.800000072,1,1760540963542
-1,-1,,,92753.200000048,1,1760540963734
-1,-1,,,92961.200000048,1,1760540963943
-1,-1,,,93153.900000095,1,1760540964134
-1,-1,,,93355,1,1760540964335
-1,-1,,,93563.600000024,1,1760540964544
-1,-1,,,93739.600000024,1,1760540964720
-1,-1,,,93917.700000048,1,1760540964898
-1,-1,,,94114.800000072,1,1760540965095
-1,-1,,,94273.300000072,1,1760540965254
-1,-1,,,94456.900000095,1,1760540965437
-1,-1,,,94638.5,1,1760540965619
-1,-1,,,94793.100000024,1,1760540965774
-1,-1,,,94957.5,1,1760540965938
-1,-1,,,95140.700000048,1,1760540966121
-1,-1,,,95325.700000048,1,1760540966306
-1,-1,,,95525,1,1760540966506
-1,-1,,,95702.400000095,1,1760540966684
-1,-1,,,95893.400000095,1,1760540966876
-1,-1,,,96075.200000048,1,1760540967057
-1,-1,,,96272.200000048,1,1760540967254
-1,-1,,,96457.600000024,1,1760540967439
-1,-1,,,96628.300000072,1,1760540967610
-1,-1,,,96825.5,1,1760540967807
524.01,95.97,"families.",1657,97028.800000072,1,1760540968012
524.01,95.97,"families.",1657,97286.100000024,1,1760540968268
449.01,30.97,"aw her release as an",1613,97492.300000072,1,1760540968474
-1,-1,,,97701.400000095,1,1760540968683
-1,-1,,,97895.900000095,1,1760540968877
-1,-1,,,98092.100000024,1,1760540969074
-1,-1,,,98279.800000072,1,1760540969261
-1,-1,,,98496.600000024,1,1760540969479
-1,-1,,,98676.900000095,1,1760540969658
-1,-1,,,98850.600000024,1,1760540969832
-1,-1,,,99022.5,1,1760540970004
-1,-1,,,99191,1,1760540970172
-1,-1,,,99346.5,1,1760540970330
-1,-1,,,99504,1,1760540970485
-1,-1,,,99661.800000072,1,1760540970643
-1,-1,,,99833.100000024,1,1760540970814
-1,-1,,,100036.4000001,1,1760540971018
-1,-1,,,100201,1,1760540971182
-1,-1,,,100370.80000007,1,1760540971352
-1,-1,,,100529.70000005,1,1760540971511
-1,-1,,,100691.80000007,1,1760540971673
-1,-1,,,100840.4000001,1,1760540971822
-1,-1,,,101018.9000001,1,1760540972000
-1,-1,,,101219.5,1,1760540972201
-1,-1,,,101415,1,1760540972397
-1,-1,,,101609.9000001,1,1760540972592
-1,-1,,,101807,1,1760540972790
-1,-1,,,102022,1,1760540973003
608.01,94.97,"families.",1657,102215.4000001,1,1760540973197
604.01,94.97,"families.",1657,102400.20000005,1,1760540973381
604.01,94.97,"families.",1657,102608,1,1760540973590
604.01,94.97,"families.",1657,102923.70000005,1,1760540973906
604.01,94.97,"families.",1657,103123.20000005,1,1760540974105
604.01,94.97,"families.",1657,103299.5,1,1760540974281
604.01,94.97,"families.",1657,103463.80000007,1,1760540974446
604.01,94.97,"families.",1657,103610.60000002,1,1760540974592
604.01,94.97,"families.",1657,103772.4000001,1,1760540974754
604.01,94.97,"ase as an",1624,103941.80000007,1,1760540974924
604.01,94.97,"ase as an",1624,104116.30000007,1,1760540975097
604.01,94.97,"ase as an",1624,104294.4000001,1,1760540975276
604.01,94.97,"ase as an",1624,104503.10000002,1,1760540975484
604.01,94.97,"ase as an",1624,104666.5,1,1760540975651
604.01,94.97,"ase as an",1624,104839.80000007,1,1760540975821
604.01,94.97,"murders.",1527,105036.80000007,1,1760540976019
604.01,94.97,"murders.",1527,105200.9000001,1,1760540976183
604.01,94.97,"Legacy**",1389,105369.60000002,1,1760540976354
604.01,94.97,"Legacy**",1389,105537.20000005,1,1760540976520
604.01,94.97,"Legacy**",1389,105693.10000002,1,1760540976675
604.01,94.97,"Legacy**",1389,105863.4000001,1,1760540976848
604.01,94.97,"Legacy**",1389,106033.60000002,1,1760540977015
604.01,94.97,"Legacy**",1389,106184,1,1760540977166
604.01,94.97,"Legacy**",1389,106424.80000007,1,1760540977407
604.01,94.97,"Legacy**",1389,106591.60000002,1,1760540977573
604.01,94.97,"rceration.",1339,106771.80000007,1,1760540977754
604.01,94.97,"rceration.",1339,106934.30000007,1,1760540977916
604.01,94.97,"rceration.",1339,107094.5,1,1760540978076
604.01,94.97,"rceration.",1339,107271.20000005,1,1760540978253
604.01,94.97,"rceration.",1339,107431.10000002,1,1760540978412
604.01,94.97,"rceration.",1339,107594.5,1,1760540978577
604.01,94.97,"rceration.",1339,107757.70000005,1,1760540978740
604.01,94.97,"rceration.",1339,107927.60000002,1,1760540978909
604.01,94.97,"rceration.",1339,108091.10000002,1,1760540979073
-1,-1,,,108268,1,1760540979250
-1,-1,,,108444.4000001,1,1760540979427
-1,-1,,,108644.60000002,1,1760540979627
-1,-1,,,108882.60000002,1,1760540979866
-1,-1,,,109095,1,1760540980077
-1,-1,,,109306.4000001,1,1760540980288
-1,-1,,,109471.70000005,1,1760540980454
-1,-1,,,109635.30000007,1,1760540980617
-1,-1,,,109811.60000002,1,1760540980793
-1,-1,,,109983.60000002,1,1760540980965
-1,-1,,,110148.70000005,1,1760540981133
-1,-1,,,110330.4000001,1,1760540981312
-1,-1,,,110495.9000001,1,1760540981478
-1,-1,,,110657.80000007,1,1760540981639
-1,-1,,,110817.60000002,1,1760540981799
-1,-1,,,110980.30000007,1,1760540981962
-1,-1,,,111143.4000001,1,1760540982125
-1,-1,,,111307.4000001,1,1760540982288
-1,-1,,,111470.4000001,1,1760540982452
-1,-1,,,111630.70000005,1,1760540982614
-1,-1,,,111881.5,1,1760540982863
-1,-1,,,112057.70000005,1,1760540983039
-1,-1,,,112268.9000001,1,1760540983252
-1,-1,,,112423.80000007,1,1760540983405
-1,-1,,,112578.10000002,1,1760540983560
-1,-1,,,112729.80000007,1,1760540983712
-1,-1,,,112886.70000005,1,1760540983868
-1,-1,,,113061.9000001,1,1760540984043
-1,-1,,,113231.30000007,1,1760540984214
-1,-1,,,113381.10000002,1,1760540984362
-1,-1,,,113543.9000001,1,1760540984525
-1,-1,,,113695.80000007,1,1760540984677
-1,-1,,,113850.20000005,1,1760540984832
-1,-1,,,114041,1,1760540985022
-1,-1,,,114202.4000001,1,1760540985187
-1,-1,,,114365.4000001,1,1760540985347
-1,-1,,,114527.9000001,1,1760540985509
-1,-1,,,114688,1,1760540985669
-1,-1,,,114850.30000007,1,1760540985831
-1,-1,,,115005.30000007,1,1760540985987
-1,-1,,,115156.4000001,1,1760540986138
-1,-1,,,115334.4000001,1,1760540986316
-1,-1,,,115505.60000002,1,1760540986487
-1,-1,,,115659.80000007,1,1760540986641
-1,-1,,,115825.5,1,1760540986807
-1,-1,,,116001.60000002,1,1760540986983
-1,-1,,,116164.60000002,1,1760540987146
-1,-1,,,116315.5,1,1760540987296
-1,-1,,,116502,1,1760540987482
-1,-1,,,116676.20000005,1,1760540987657
614.01,390.45,"murders.",1527,116871.10000002,1,1760540987852
576.01,317.45,"e lingering",1485,117123.10000002,1,1760540988104
576.01,317.45,"e lingering",1485,117320,1,1760540988301
576.01,317.45,"e lingering",1485,117499.5,1,1760540988481
576.01,317.45,"e lingering",1485,117687.70000005,1,1760540988670
576.01,317.45,"e lingering",1485,117861.80000007,1,1760540988844
576.01,317.45,"e lingering",1485,118038.4000001,1,1760540989020
576.01,317.45,"e lingering",1485,118204.20000005,1,1760540989186
576.01,317.45,"e lingering",1485,118364.30000007,1,1760540989346
576.01,317.45,"e lingering",1485,118525.10000002,1,1760540989507
576.01,317.45,"e lingering",1485,118680.5,1,1760540989662
576.01,317.45,"e lingering",1485,118833.60000002,1,1760540989816
576.01,317.45,"e lingering",1485,119002.5,1,1760540989984
576.01,317.45,"e lingering",1485,119183.20000005,1,1760540990165
576.01,317.45,"e lingering",1485,119349.30000007,1,1760540990331
576.01,317.45,"e lingering",1485,119526.70000005,1,1760540990508
576.01,317.45,"murders.",1527,119694.60000002,1,1760540990676
576.01,317.45,"murders.",1527,119849.70000005,1,1760540990831
576.01,317.45,"murders.",1527,120012.60000002,1,1760540990994
576.01,317.45,"murders.",1527,120194.4000001,1,1760540991176
576.01,317.45,"murders.",1527,120363.30000007,1,1760540991344
576.01,317.45,"murders.",1527,120521.20000005,1,1760540991502
576.01,317.45,"murders.",1527,120684.9000001,1,1760540991666
576.01,317.45,"murders.",1527,120845.20000005,1,1760540991827
576.01,317.45,"murders.",1527,121005.5,1,1760540991987
576.01,317.45,"murders.",1527,121164.10000002,1,1760540992146
576.01,317.45,"murders.",1527,121340,1,1760540992322
576.01,317.45,"murders.",1527,121506,1,1760540992488
576.01,317.45,"murders.",1527,121674.9000001,1,1760540992659
576.01,317.45,"murders.",1527,121840.10000002,1,1760540992821
576.01,317.45,"murders.",1527,122004.60000002,1,1760540992988
576.01,317.45,"murders.",1527,122160.80000007,1,1760540993142
576.01,317.45,"murders.",1527,122415,1,1760540993396
576.01,317.45,"murders.",1527,122582.5,1,1760540993564
576.01,317.45,"murders.",1527,122748,1,1760540993729
576.01,317.45,"murders.",1527,122930.30000007,1,1760540993911
576.01,317.45,"murders.",1527,123120.30000007,1,1760540994101
576.01,317.45,"murders.",1527,123330.9000001,1,1760540994312
576.01,317.45,"murders.",1527,123495.70000005,1,1760540994477
576.01,317.45,"murders.",1527,123657.30000007,1,1760540994639
576.01,317.45,"murders.",1527,123812.9000001,1,1760540994794
576.01,317.45,"murders.",1527,123992.70000005,1,1760540994974
576.01,317.45,"murders.",1527,124156.9000001,1,1760540995138
576.01,317.45,"murders.",1527,124311,1,1760540995294
576.01,317.45,"murders.",1527,124475.4000001,1,1760540995457
576.01,317.45,"murders.",1527,124620.80000007,1,1760540995602
576.01,317.45,"murders.",1527,124772.10000002,1,1760540995753
576.01,317.45,"murders.",1527,124930.10000002,1,1760540995911
576.01,317.45,"murders.",1527,125095,1,1760540996078
576.01,317.45,"rmed model",1575,125258.60000002,1,1760540996240
576.01,317.45,"rmed model",1575,125433.60000002,1,1760540996415
576.01,317.45,"rmed model",1575,125603.9000001,1,1760540996585
576.01,317.45,"rmed model",1575,125767.70000005,1,1760540996749
576.01,317.45,"murders.",1527,125957.9000001,1,1760540996939
576.01,317.45,"murders.",1527,126127.60000002,1,1760540997109
576.01,317.45,"murders.",1527,126301.80000007,1,1760540997283
576.01,317.45,"s Legacy**",1387,126493.9000001,1,1760540997475
576.01,317.45,"ades-long",1325,126656.80000007,1,1760540997639
576.01,317.45,"y granted",1234,126831.30000007,1,1760540997813
576.01,317.45,"r initial",1174,127001.70000005,1,1760540997983
576.01,317.45,"tedly blocked",1074,127182.10000002,1,1760540998164
576.01,317.45,"alifornia",991,127372.80000007,1,1760540998355
576.01,317.45,"underwent",900,127561.80000007,1,1760540998544
576.01,317.45,"50 years in",807,127816.70000005,1,1760540998798
576.01,317.45,"50 years in",807,127986.70000005,1,1760540998969
576.01,317.45,"y in 1972.",707,128172,1,1760540999154
576.01,317.45,"1971, her",614,128338,1,1760540999320
576.01,317.45,"1971, her",614,128503.9000001,1,1760540999486
576.01,317.45,"onment**",566,128658.60000002,1,1760540999640
576.01,317.45,"onment**",566,128834.30000007,1,1760540999817
576.01,317.45,"onment**",566,129017.30000007,1,1760540999999
576.01,317.45,"conspiracy for",435,129254.20000005,1,1760541000237
576.01,317.45,"ugust 1969",290,129500.4000001,1,1760541000482
576.01,228.63,"nificance:",195,129683,1,1760541000666
576.01,50.97,"igure due to",47,129860.30000007,1,1760541000842
576.01,50.97,"igure due to",47,130037.70000005,1,1760541001019
576.01,50.97,"igure due to",47,130210.9000001,1,1760541001192
576.01,50.97,"igure due to",47,130402,1,1760541001384
576.01,50.97,"igure due to",47,130626.10000002,1,1760541001608
558.01,79.97,"ly, a notorious",96,130859.9000001,1,1760541001842
-1,-1,,,131146.20000005,1,1760541002130
-1,-1,,,131472.60000002,1,1760541002453
-1,-1,,,131721.30000007,1,1760541002702
-1,-1,,,131958.5,1,1760541002939
-1,-1,,,132259.20000005,1,1760541003240
-1,-1,,,132478.30000007,1,1760541003460
-1,-1,,,132691.80000007,1,1760541003673
-1,-1,,,132931.80000007,1,1760541003913
-1,-1,,,133169.30000007,1,1760541004151
-1,-1,,,133342.10000002,1,1760541004323
-1,-1,,,133564.5,1,1760541004546
-1,-1,,,133737.10000002,1,1760541004718
-1,-1,,,133941.5,1,1760541004923
-1,-1,,,134140.30000007,1,1760541005122
-1,-1,,,134482.60000002,1,1760541005464
-1,-1,,,134670.20000005,1,1760541005651
-1,-1,,,134936,1,1760541005917
-1,-1,,,135152.80000007,1,1760541006133
-1,-1,,,135335.10000002,1,1760541006316
-1,-1,,,135517.5,1,1760541006498
-1,-1,,,135684.30000007,1,1760541006668
-1,-1,,,135871.5,1,1760541006852
-1,-1,,,136067.4000001,1,1760541007048
-1,-1,,,136256.60000002,1,1760541007241
-1,-1,,,136449.10000002,1,1760541007430
-1,-1,,,136644.10000002,1,1760541007626
-1,-1,,,136871.10000002,1,1760541007852
-1,-1,,,137089.5,1,1760541008071
-1,-1,,,137320.5,1,1760541008302
-1,-1,,,137516.70000005,1,1760541008498
-1,-1,,,137679.4000001,1,1760541008660
-1,-1,,,137960,1,1760541008941
-1,-1,,,138111.70000005,1,1760541009094
-1,-1,,,138278.60000002,1,1760541009261
-1,-1,,,138438.80000007,1,1760541009420
-1,-1,,,138606.9000001,1,1760541009588
-1,-1,,,138783.4000001,1,1760541009765
-1,-1,,,138947.10000002,1,1760541009928
-1,-1,,,139136.70000005,1,1760541010118
-1,-1,,,139307.20000005,1,1760541010289
-1,-1,,,139465.70000005,1,1760541010447
-1,-1,,,139625.70000005,1,1760541010606
-1,-1,,,139787.9000001,1,1760541010768
-1,-1,,,139950.70000005,1,1760541010931
-1,-1,,,140108.80000007,1,1760541011089
-1,-1,,,140274.80000007,1,1760541011255
-1,-1,,,140431.10000002,1,1760541011415
-1,-1,,,140616.70000005,1,1760541011598
-1,-1,,,140796,1,1760541011776
-1,-1,,,140965.10000002,1,1760541011946
-1,-1,,,141131.30000007,1,1760541012113
-1,-1,,,141283.70000005,1,1760541012265
-1,-1,,,141432.10000002,1,1760541012413
-1,-1,,,141594.80000007,1,1760541012576
-1,-1,,,141794.4000001,1,1760541012776
-1,-1,,,142012.10000002,1,1760541012993
-1,-1,,,142183.30000007,1,1760541013165
-1,-1,,,142438.30000007,1,1760541013421
-1,-1,,,142688.9000001,1,1760541013670
-1,-1,,,142899.70000005,1,1760541013881
-1,-1,,,143116.5,1,1760541014098
-1,-1,,,143451.60000002,1,1760541014433
-1,-1,,,143792.70000005,1,1760541014774
-1,-1,,,143988.4000001,1,1760541014969
-1,-1,,,144203.60000002,1,1760541015185
-1,-1,,,144398.5,1,1760541015379
-1,-1,,,144568.80000007,1,1760541015550
-1,-1,,,144737.4000001,1,1760541015719
-1,-1,,,144909.20000005,1,1760541015891
-1,-1,,,145085.60000002,1,1760541016068
-1,-1,,,145294.60000002,1,1760541016276
-1,-1,,,145515.60000002,1,1760541016497
-1,-1,,,145692.30000007,1,1760541016674
-1,-1,,,145974.5,1,1760541016955
-1,-1,,,146250,1,1760541017230
-1,-1,,,146519.80000007,1,1760541017501
-1,-1,,,146748.70000005,1,1760541017730
-1,-1,,,146943.4000001,1,1760541017925
-1,-1,,,147124.9000001,1,1760541018107
-1,-1,,,147478,1,1760541018460
-1,-1,,,147693.70000005,1,1760541018675
-1,-1,,,147859,1,1760541018840
-1,-1,,,148027.4000001,1,1760541019008
-1,-1,,,148186.60000002,1,1760541019167
-1,-1,,,148353.70000005,1,1760541019335
-1,-1,,,148518.5,1,1760541019500
-1,-1,,,148698.80000007,1,1760541019681
-1,-1,,,148944.80000007,1,1760541019926
-1,-1,,,149177,1,1760541020159
-1,-1,,,149346.80000007,1,1760541020328
-1,-1,,,149531.9000001,1,1760541020513
-1,-1,,,149708.60000002,1,1760541020690
-1,-1,,,149995.9000001,1,1760541020977
-1,-1,,,150170.70000005,1,1760541021154
-1,-1,,,150326.20000005,1,1760541021308
-1,-1,,,150490.5,1,1760541021472
-1,-1,,,150784.80000007,1,1760541021766
-1,-1,,,150991.5,1,1760541021973
-1,-1,,,151182.20000005,1,1760541022164
-1,-1,,,151367.10000002,1,1760541022349
-1,-1,,,151532.70000005,1,1760541022514
-1,-1,,,151713.30000007,1,1760541022699
-1,-1,,,151935.20000005,1,1760541022916
-1,-1,,,152125.5,1,1760541023107
-1,-1,,,152332.4000001,1,1760541023313
-1,-1,,,152544.4000001,1,1760541023525
-1,-1,,,152778.60000002,1,1760541023759
-1,-1,,,153189.10000002,1,1760541024171
-1,-1,,,153493.80000007,1,1760541024474
-1,-1,,,153682.80000007,1,1760541024664
-1,-1,,,153889,1,1760541024869
-1,-1,,,154110.60000002,1,1760541025091
-1,-1,,,154424.9000001,1,1760541025405
-1,-1,,,154786.9000001,1,1760541025767
-1,-1,,,155135.70000005,1,1760541026126
-1,-1,,,155404.30000007,1,1760541026386
-1,-1,,,155691.70000005,1,1760541026673
-1,-1,,,156041.10000002,1,1760541027022
-1,-1,,,156219.80000007,1,1760541027201
-1,-1,,,156415.4000001,1,1760541027397
-1,-1,,,156678.10000002,1,1760541027661
-1,-1,,,157016.4000001,1,1760541027997
-1,-1,,,157243.10000002,1,1760541028224
-1,-1,,,157415.9000001,1,1760541028397
-1,-1,,,157583,1,1760541028564
-1,-1,,,157747.80000007,1,1760541028729
-1,-1,,,157900,1,1760541028881
-1,-1,,,158054.5,1,1760541029036
-1,-1,,,158217.5,1,1760541029199
-1,-1,,,158389.5,1,1760541029371
-1,-1,,,158551.9000001,1,1760541029533
-1,-1,,,158697.70000005,1,1760541029679
-1,-1,,,158864.70000005,1,1760541029846
-1,-1,,,159054.70000005,1,1760541030037
-1,-1,,,159220.5,1,1760541030202
-1,-1,,,159386.20000005,1,1760541030368
-1,-1,,,159558,1,1760541030539
-1,-1,,,159747.20000005,1,1760541030729
-1,-1,,,159907,1,1760541030889
-1,-1,,,160074.60000002,1,1760541031058
-1,-1,,,160236.9000001,1,1760541031218
-1,-1,,,160393.5,1,1760541031375
-1,-1,,,160629,1,1760541031611
-1,-1,,,160803.70000005,1,1760541031785
-1,-1,,,160991.9000001,1,1760541031973
-1,-1,,,161208.20000005,1,1760541032189
-1,-1,,,161372.30000007,1,1760541032353
-1,-1,,,161541.9000001,1,1760541032523
-1,-1,,,161712.10000002,1,1760541032693
-1,-1,,,161905.4000001,1,1760541032887
-1,-1,,,162089.9000001,1,1760541033072
-1,-1,,,162249.70000005,1,1760541033231
-1,-1,,,162408.60000002,1,1760541033390
-1,-1,,,162558.60000002,1,1760541033540
-1,-1,,,162710.9000001,1,1760541033692
-1,-1,,,162874.20000005,1,1760541033856
-1,-1,,,163034.60000002,1,1760541034016
-1,-1,,,163200.80000007,1,1760541034182
-1,-1,,,163383.70000005,1,1760541034365
-1,-1,,,163543.9000001,1,1760541034525
-1,-1,,,163699.10000002,1,1760541034681
-1,-1,,,163863.5,1,1760541034847
-1,-1,,,164034.70000005,1,1760541035016
-1,-1,,,164189.10000002,1,1760541035170
-1,-1,,,164373.9000001,1,1760541035355
-1,-1,,,164543.70000005,1,1760541035526
-1,-1,,,164718.5,1,1760541035700
-1,-1,,,164861.4000001,1,1760541035843
-1,-1,,,165020.80000007,1,1760541036001
-1,-1,,,165222.10000002,1,1760541036203
-1,-1,,,165429,1,1760541036410
-1,-1,,,165630.30000007,1,1760541036613
-1,-1,,,165948.30000007,1,1760541036930
-1,-1,,,166112,1,1760541037093
-1,-1,,,166282.80000007,1,1760541037264
-1,-1,,,166458.60000002,1,1760541037440
-1,-1,,,166639.70000005,1,1760541037625
-1,-1,,,166831.70000005,1,1760541037813
-1,-1,,,167044.30000007,1,1760541038026
-1,-1,,,167265.80000007,1,1760541038247
-1,-1,,,167437.80000007,1,1760541038419
-1,-1,,,167610.9000001,1,1760541038592
-1,-1,,,167768.10000002,1,1760541038749
-1,-1,,,167932,1,1760541038913
-1,-1,,,168097.4000001,1,1760541039079
-1,-1,,,168264.80000007,1,1760541039246
-1,-1,,,168483,1,1760541039464
-1,-1,,,168641.5,1,1760541039623
-1,-1,,,168806.20000005,1,1760541039788
-1,-1,,,169057.4000001,1,1760541040039
-1,-1,,,169220.70000005,1,1760541040202
-1,-1,,,169388.20000005,1,1760541040370
-1,-1,,,169586.9000001,1,1760541040568
-1,-1,,,169749.20000005,1,1760541040731
-1,-1,,,169917.60000002,1,1760541040900
-1,-1,,,170095.30000007,1,1760541041077
-1,-1,,,170244.30000007,1,1760541041226
-1,-1,,,170405.4000001,1,1760541041387
-1,-1,,,170564.9000001,1,1760541041546
-1,-1,,,170732.80000007,1,1760541041714
-1,-1,,,170912.80000007,1,1760541041894
-1,-1,,,171065.60000002,1,1760541042047
-1,-1,,,171235.60000002,1,1760541042217
-1,-1,,,171381.70000005,1,1760541042363
-1,-1,,,171533.5,1,1760541042515
-1,-1,,,171696.5,1,1760541042678
-1,-1,,,171868.80000007,1,1760541042850
-1,-1,,,172032.80000007,1,1760541043014
-1,-1,,,172194.20000005,1,1760541043178
-1,-1,,,172351.9000001,1,1760541043333
-1,-1,,,172510.80000007,1,1760541043492
-1,-1,,,172666.9000001,1,1760541043648
-1,-1,,,172815.30000007,1,1760541043796
-1,-1,,,172987.60000002,1,1760541043969
-1,-1,,,173147.60000002,1,1760541044129
-1,-1,,,173306.4000001,1,1760541044288
-1,-1,,,173493.5,1,1760541044475
-1,-1,,,173723.70000005,1,1760541044705
-1,-1,,,173885,1,1760541044866
-1,-1,,,174052.30000007,1,1760541045033
-1,-1,,,174226.10000002,1,1760541045208
-1,-1,,,174393.70000005,1,1760541045375
-1,-1,,,174558.80000007,1,1760541045540
-1,-1,,,174712.10000002,1,1760541045693
-1,-1,,,174875.5,1,1760541045857
-1,-1,,,175046.20000005,1,1760541046027
-1,-1,,,175234,1,1760541046216
-1,-1,,,175450.4000001,1,1760541046432
-1,-1,,,175626,1,1760541046608
-1,-1,,,175808.60000002,1,1760541046790
-1,-1,,,175997.60000002,1,1760541046980
-1,-1,,,176187.5,1,1760541047169
-1,-1,,,176371.30000007,1,1760541047352
-1,-1,,,176593.80000007,1,1760541047578
-1,-1,,,176779,1,1760541047761
-1,-1,,,176987,1,1760541047969
-1,-1,,,177163.60000002,1,1760541048146
-1,-1,,,177320.5,1,1760541048302
-1,-1,,,177486.10000002,1,1760541048468
-1,-1,,,177638.5,1,1760541048620
-1,-1,,,177795.5,1,1760541048777
-1,-1,,,177962.70000005,1,1760541048945
-1,-1,,,178132.10000002,1,1760541049114
-1,-1,,,178303,1,1760541049286
-1,-1,,,178460.5,1,1760541049442
-1,-1,,,178622.10000002,1,1760541049606
-1,-1,,,178790.70000005,1,1760541049772
-1,-1,,,179051.30000007,1,1760541050033
-1,-1,,,179238.5,1,1760541050220
-1,-1,,,179449.9000001,1,1760541050433
-1,-1,,,179614.10000002,1,1760541050596
-1,-1,,,179765.10000002,1,1760541050747
-1,-1,,,179947.10000002,1,1760541050929
-1,-1,,,180107.60000002,1,1760541051089
-1,-1,,,180280,1,1760541051262
-1,-1,,,180437,1,1760541051418
-1,-1,,,180609.10000002,1,1760541051592
-1,-1,,,180767.70000005,1,1760541051749
-1,-1,,,180933.9000001,1,1760541051916
-1,-1,,,181108.70000005,1,1760541052091
-1,-1,,,181273.60000002,1,1760541052255
-1,-1,,,181437,1,1760541052419
-1,-1,,,181601.70000005,1,1760541052584
-1,-1,,,181783,1,1760541052765
-1,-1,,,181970.20000005,1,1760541052951
-1,-1,,,182143.80000007,1,1760541053125
-1,-1,,,182307.30000007,1,1760541053289
-1,-1,,,182467.20000005,1,1760541053449
-1,-1,,,182613.5,1,1760541053595
-1,-1,,,182761.70000005,1,1760541053746
-1,-1,,,182920,1,1760541053902
-1,-1,,,183187.70000005,1,1760541054169
-1,-1,,,183372.80000007,1,1760541054354
-1,-1,,,183562.9000001,1,1760541054544
-1,-1,,,183718.70000005,1,1760541054700
-1,-1,,,183890.5,1,1760541054872
-1,-1,,,184040.20000005,1,1760541055025
-1,-1,,,184206.10000002,1,1760541055188
-1,-1,,,184384.5,1,1760541055366
-1,-1,,,184554.5,1,1760541055536
-1,-1,,,184733.80000007,1,1760541055718
-1,-1,,,184906.20000005,1,1760541055890
-1,-1,,,185058.5,1,1760541056040
-1,-1,,,185218.4000001,1,1760541056201
-1,-1,,,185386.5,1,1760541056368
-1,-1,,,185564.20000005,1,1760541056546
-1,-1,,,185738.4000001,1,1760541056723
-1,-1,,,185908.30000007,1,1760541056891
-1,-1,,,186087.30000007,1,1760541057069
-1,-1,,,186265.70000005,1,1760541057248
-1,-1,,,186419.9000001,1,1760541057402
-1,-1,,,186582.80000007,1,1760541057567
-1,-1,,,186765.10000002,1,1760541057747
-1,-1,,,186958.5,1,1760541057941
-1,-1,,,187123.20000005,1,1760541058105
-1,-1,,,187287.80000007,1,1760541058270
-1,-1,,,187448.70000005,1,1760541058431
-1,-1,,,187607,1,1760541058589
-1,-1,,,187770.4000001,1,1760541058752
-1,-1,,,187924.70000005,1,1760541058907
-1,-1,,,188077.70000005,1,1760541059059
-1,-1,,,188334.70000005,1,1760541059316
-1,-1,,,188500.30000007,1,1760541059482
-1,-1,,,188675.70000005,1,1760541059658
-1,-1,,,188849.70000005,1,1760541059831
338.01,218.39,"fe sentence for her",120,189032.60000002,1,1760541060014
323.01,215.39,"ife sentence for her",119,189304.20000005,1,1760541060296
485.01,250.39,"murders.",171,189532,1,1760541060514
497.01,257.39,"murders.",171,189746.10000002,1,1760541060728
497.01,257.39,"murders.",171,189949.30000007,1,1760541060931
497.01,257.39,"murders.",171,190127.60000002,1,1760541061109
497.01,257.39,"murders.",171,190332.30000007,1,1760541061314
497.01,257.39,"murders.",171,190495,1,1760541061477
497.01,257.39,"lease:**",212,190649.80000007,1,1760541061632
497.01,257.39,"lease:**",212,190824.70000005,1,1760541061807
497.01,257.39,"board recommended",299,191017.9000001,1,1760541062000
497.01,257.39,"in 2023.",390,191193.60000002,1,1760541062176
497.01,257.39,"in 2023.",390,191367.10000002,1,1760541062349
497.01,257.39,"ld be freed.",532,191540,1,1760541062522
497.01,257.39,"ld be freed.",532,191702.30000007,1,1760541062684
497.01,257.39,"ld be freed.",532,191865.60000002,1,1760541062848
497.01,257.39,"ld be freed.",532,192036.10000002,1,1760541063018
497.01,257.39,"ld be freed.",532,192206,1,1760541063188
497.01,257.39,"nson Family",677,192378,1,1760541063361
497.01,257.39,"oversial:**",754,192564.10000002,1,1760541063545
497.01,257.39,"ed due to the",850,192828.70000005,1,1760541063810
497.01,257.39,"ed due to the",850,192991.4000001,1,1760541063974
497.01,257.39,"Supporters pointed",922,193173.30000007,1,1760541064155
497.01,257.39,"Supporters pointed",922,193334.20000005,1,1760541064319
497.01,257.39,"Supporters pointed",922,193518.70000005,1,1760541064500
497.01,257.39,"Supporters pointed",922,193689.9000001,1,1760541064673
497.01,257.39,", therapy, and",972,193872,1,1760541064861
497.01,301.8,"the end of one of",1127,194075.4000001,1,1760541065057
-1,-1,,,194260,1,1760541065241
-1,-1,,,194437.30000007,1,1760541065418
-1,-1,,,194618.80000007,1,1760541065599
-1,-1,,,194806.4000001,1,1760541065787
-1,-1,,,194967.9000001,1,1760541065948
-1,-1,,,195155.10000002,1,1760541066136
-1,-1,,,195364.5,1,1760541066345
-1,-1,,,195544.80000007,1,1760541066525
-1,-1,,,195718.4000001,1,1760541066699
-1,-1,,,195917.4000001,1,1760541066898
-1,-1,,,196104.4000001,1,1760541067085
-1,-1,,,196297.30000007,1,1760541067278
-1,-1,,,196505.30000007,1,1760541067486
-1,-1,,,196682.70000005,1,1760541067665
-1,-1,,,196863.60000002,1,1760541067844
-1,-1,,,197049.5,1,1760541068030
-1,-1,,,197243.10000002,1,1760541068224
-1,-1,,,197440.4000001,1,1760541068421
-1,-1,,,197726.20000005,1,1760541068707
-1,-1,,,197909.60000002,1,1760541068890
-1,-1,,,198118,1,1760541069098
-1,-1,,,198332.10000002,1,1760541069312
-1,-1,,,198509.30000007,1,1760541069490
-1,-1,,,198686.70000005,1,1760541069667
-1,-1,,,198886.9000001,1,1760541069867
-1,-1,,,199054.4000001,1,1760541070035
-1,-1,,,199224.80000007,1,1760541070205
-1,-1,,,199391.60000002,1,1760541070372
-1,-1,,,199566.30000007,1,1760541070547
-1,-1,,,199734.4000001,1,1760541070715
-1,-1,,,199896.20000005,1,1760541070877
-1,-1,,,200061.80000007,1,1760541071042
-1,-1,,,200234.5,1,1760541071215
-1,-1,,,200407,1,1760541071387
-1,-1,,,200574.9000001,1,1760541071555
-1,-1,,,200772,1,1760541071752
-1,-1,,,200960.4000001,1,1760541071941
-1,-1,,,201174.80000007,1,1760541072155
-1,-1,,,201359.60000002,1,1760541072340
-1,-1,,,201537.9000001,1,1760541072518
-1,-1,,,201763.4000001,1,1760541072744
-1,-1,,,201968.80000007,1,1760541072949
-1,-1,,,202151.10000002,1,1760541073132
-1,-1,,,202332.9000001,1,1760541073313
-1,-1,,,202506.4000001,1,1760541073487
-1,-1,,,202668.20000005,1,1760541073649
-1,-1,,,202856.10000002,1,1760541073837
-1,-1,,,203134,1,1760541074114
-1,-1,,,203321.70000005,1,1760541074302
-1,-1,,,203522.10000002,1,1760541074504
-1,-1,,,203696.70000005,1,1760541074678
-1,-1,,,203870.4000001,1,1760541074852
-1,-1,,,204048.80000007,1,1760541075030
-1,-1,,,204207.5,1,1760541075189
-1,-1,,,204369.9000001,1,1760541075351
-1,-1,,,204560.80000007,1,1760541075542
576.01,87.97,"remorse.",987,204764.5,1,1760541075746
-1,-1,,,204947.4000001,1,1760541075928
-1,-1,,,205131.4000001,1,1760541076113
-1,-1,,,205386.20000005,1,1760541076367
-1,-1,,,205627.4000001,1,1760541076608
-1,-1,,,205789.10000002,1,1760541076769
-1,-1,,,205955,1,1760541076936
-1,-1,,,206113.4000001,1,1760541077095
-1,-1,,,206278.30000007,1,1760541077259
-1,-1,,,206453.4000001,1,1760541077435
-1,-1,,,206640.4000001,1,1760541077622
-1,-1,,,206834.80000007,1,1760541077816
-1,-1,,,207022.10000002,1,1760541078003
-1,-1,,,207219.30000007,1,1760541078200
-1,-1,,,207408,1,1760541078389
-1,-1,,,207595.9000001,1,1760541078578
-1,-1,,,207778.5,1,1760541078760
-1,-1,,,207966.10000002,1,1760541078947
-1,-1,,,208153.4000001,1,1760541079135
-1,-1,,,208308.4000001,1,1760541079290
-1,-1,,,208453.80000007,1,1760541079435
-1,-1,,,208599.5,1,1760541079581
-1,-1,,,208843.9000001,1,1760541079825
-1,-1,,,209011.80000007,1,1760541079993
-1,-1,,,209196.10000002,1,1760541080177
-1,-1,,,209387,1,1760541080369
-1,-1,,,209553.80000007,1,1760541080534
-1,-1,,,209717.70000005,1,1760541080698
-1,-1,,,209889.80000007,1,1760541080871
-1,-1,,,210051.9000001,1,1760541081033
-1,-1,,,210209.20000005,1,1760541081190
-1,-1,,,210363.4000001,1,1760541081344
-1,-1,,,210529.80000007,1,1760541081511
-1,-1,,,210692.60000002,1,1760541081674
-1,-1,,,210844.5,1,1760541081826
-1,-1,,,211055.4000001,1,1760541082036
-1,-1,,,211226.70000005,1,1760541082208
-1,-1,,,211412.10000002,1,1760541082393
-1,-1,,,211586.70000005,1,1760541082568
-1,-1,,,211761.60000002,1,1760541082743
-1,-1,,,211954.30000007,1,1760541082935
-1,-1,,,212130.4000001,1,1760541083111
-1,-1,,,212302.80000007,1,1760541083285
-1,-1,,,212486.10000002,1,1760541083467
-1,-1,,,212655.30000007,1,1760541083636
-1,-1,,,212840.5,1,1760541083822
-1,-1,,,213018,1,1760541083999
-1,-1,,,213185.5,1,1760541084169
-1,-1,,,213345.70000005,1,1760541084327
-1,-1,,,213537.70000005,1,1760541084519
-1,-1,,,213713.10000002,1,1760541084694
-1,-1,,,213893.80000007,1,1760541084875
-1,-1,,,214070.20000005,1,1760541085052
-1,-1,,,214303.9000001,1,1760541085285
-1,-1,,,214469,1,1760541085451
-1,-1,,,214659.70000005,1,1760541085641
-1,-1,,,214834.30000007,1,1760541085816
-1,-1,,,215011.20000005,1,1760541085993
-1,-1,,,215180.9000001,1,1760541086162
-1,-1,,,215357.70000005,1,1760541086339
-1,-1,,,215554.70000005,1,1760541086538
-1,-1,,,215727.30000007,1,1760541086709
-1,-1,,,215894.10000002,1,1760541086876
-1,-1,,,216070.80000007,1,1760541087051
-1,-1,,,216249.70000005,1,1760541087231
-1,-1,,,216415.9000001,1,1760541087397
-1,-1,,,216579.4000001,1,1760541087561
-1,-1,,,216744.30000007,1,1760541087726
-1,-1,,,216932.70000005,1,1760541087914
-1,-1,,,217119,1,1760541088099
-1,-1,,,217278.10000002,1,1760541088259
-1,-1,,,217434.30000007,1,1760541088416
-1,-1,,,217596,1,1760541088578
-1,-1,,,217791.30000007,1,1760541088773
-1,-1,,,217969.5,1,1760541088951
-1,-1,,,218138.10000002,1,1760541089120
-1,-1,,,218321.70000005,1,1760541089303
-1,-1,,,218495.20000005,1,1760541089477
-1,-1,,,218683.30000007,1,1760541089665
-1,-1,,,218862.5,1,1760541089844
-1,-1,,,219029.30000007,1,1760541090010
-1,-1,,,219193.60000002,1,1760541090174
-1,-1,,,219374.5,1,1760541090357
-1,-1,,,219545.80000007,1,1760541090526
-1,-1,,,219715.20000005,1,1760541090696
-1,-1,,,219957.10000002,1,1760541090938
-1,-1,,,220149.9000001,1,1760541091131
-1,-1,,,220321.10000002,1,1760541091302
-1,-1,,,220589.70000005,1,1760541091571
-1,-1,,,220810.80000007,1,1760541091792
-1,-1,,,221032.20000005,1,1760541092013
-1,-1,,,221302.30000007,1,1760541092284
-1,-1,,,221509.5,1,1760541092498
-1,-1,,,221726.9000001,1,1760541092708
-1,-1,,,222077.9000001,1,1760541093058
-1,-1,,,222263.20000005,1,1760541093244
-1,-1,,,222478.4000001,1,1760541093459
-1,-1,,,222649.30000007,1,1760541093630
-1,-1,,,222800,1,1760541093781
-1,-1,,,222970.4000001,1,1760541093951
-1,-1,,,223124.10000002,1,1760541094104
-1,-1,,,223279.70000005,1,1760541094260
-1,-1,,,223459.70000005,1,1760541094441
-1,-1,,,223658.4000001,1,1760541094640
-1,-1,,,223818.20000005,1,1760541094799
-1,-1,,,223978.10000002,1,1760541094959
-1,-1,,,224163.10000002,1,1760541095144
-1,-1,,,224328.5,1,1760541095310
-1,-1,,,224478.70000005,1,1760541095460
-1,-1,,,224624.30000007,1,1760541095606
-1,-1,,,224799,1,1760541095781
-1,-1,,,224966.9000001,1,1760541095948
-1,-1,,,225111,1,1760541096092
-1,-1,,,225264.9000001,1,1760541096246
-1,-1,,,225412,1,1760541096392
-1,-1,,,225654.60000002,1,1760541096635
-1,-1,,,225833.30000007,1,1760541096814
-1,-1,,,225989.5,1,1760541096970
-1,-1,,,226154.60000002,1,1760541097135
-1,-1,,,226308.60000002,1,1760541097289
-1,-1,,,226472.60000002,1,1760541097454
-1,-1,,,226635,1,1760541097616
-1,-1,,,226805.60000002,1,1760541097787
-1,-1,,,226983.70000005,1,1760541097965
-1,-1,,,227155.10000002,1,1760541098136
-1,-1,,,227323.10000002,1,1760541098304
-1,-1,,,227478.30000007,1,1760541098460
-1,-1,,,227639.10000002,1,1760541098622
-1,-1,,,227795.70000005,1,1760541098777
-1,-1,,,227958.20000005,1,1760541098952
-1,-1,,,228127.60000002,1,1760541099109
-1,-1,,,228280,1,1760541099261
-1,-1,,,228446.60000002,1,1760541099428
-1,-1,,,228600,1,1760541099581
-1,-1,,,228758.30000007,1,1760541099740
-1,-1,,,228919.70000005,1,1760541099901
-1,-1,,,229089.20000005,1,1760541100070
-1,-1,,,229240.70000005,1,1760541100223
-1,-1,,,229390.10000002,1,1760541100371
-1,-1,,,229546.9000001,1,1760541100528
-1,-1,,,229699.70000005,1,1760541100681
-1,-1,,,229851.30000007,1,1760541100832
-1,-1,,,230006.20000005,1,1760541100987
-1,-1,,,230181.70000005,1,1760541101163
-1,-1,,,230362.70000005,1,1760541101347
-1,-1,,,230522.60000002,1,1760541101504
-1,-1,,,230771.9000001,1,1760541101753
-1,-1,,,230929.5,1,1760541101911
-1,-1,,,231102.30000007,1,1760541102084
-1,-1,,,231282.9000001,1,1760541102264
-1,-1,,,231443.60000002,1,1760541102425
-1,-1,,,231597.10000002,1,1760541102578
-1,-1,,,231772.5,1,1760541102754
-1,-1,,,231942.4000001,1,1760541102924
-1,-1,,,232113.30000007,1,1760541103095
-1,-1,,,232270.20000005,1,1760541103252
-1,-1,,,232432.5,1,1760541103414
-1,-1,,,232611,1,1760541103592
-1,-1,,,232779,1,1760541103760
-1,-1,,,232940.20000005,1,1760541103922
-1,-1,,,233100.60000002,1,1760541104082
-1,-1,,,233268,1,1760541104249
-1,-1,,,233420.80000007,1,1760541104402
-1,-1,,,233582.80000007,1,1760541104564
-1,-1,,,233728.70000005,1,1760541104709
-1,-1,,,233891.30000007,1,1760541104873
-1,-1,,,234050.60000002,1,1760541105032
-1,-1,,,234215.10000002,1,1760541105196
-1,-1,,,234374.9000001,1,1760541105356
-1,-1,,,234529.10000002,1,1760541105512
-1,-1,,,234690.30000007,1,1760541105671
-1,-1,,,234891.70000005,1,1760541105873
-1,-1,,,235083.70000005,1,1760541106065
-1,-1,,,235274,1,1760541106256
-1,-1,,,235474.5,1,1760541106456
-1,-1,,,235673.9000001,1,1760541106657
-1,-1,,,235858.30000007,1,1760541106840
-1,-1,,,236139.30000007,1,1760541107122
-1,-1,,,236313.9000001,1,1760541107296
-1,-1,,,236478.80000007,1,1760541107461
-1,-1,,,236640.5,1,1760541107625
-1,-1,,,236800.20000005,1,1760541107783
-1,-1,,,236975.5,1,1760541107958
-1,-1,,,237142.80000007,1,1760541108125
-1,-1,,,237298.80000007,1,1760541108281
-1,-1,,,237483.70000005,1,1760541108466
-1,-1,,,237667.5,1,1760541108649
-1,-1,,,237883.60000002,1,1760541108865
-1,-1,,,238062.9000001,1,1760541109045
-1,-1,,,238237.70000005,1,1760541109222
-1,-1,,,238418.60000002,1,1760541109400
-1,-1,,,238600.60000002,1,1760541109582
-1,-1,,,238770.4000001,1,1760541109752
-1,-1,,,238950.10000002,1,1760541109932
-1,-1,,,239155.70000005,1,1760541110141
-1,-1,,,239344.70000005,1,1760541110326
-1,-1,,,239520.10000002,1,1760541110502
-1,-1,,,239689.10000002,1,1760541110672
-1,-1,,,239867.70000005,1,1760541110849
-1,-1,,,240048.30000007,1,1760541111031
-1,-1,,,240233.30000007,1,1760541111215
-1,-1,,,240419.10000002,1,1760541111401
-1,-1,,,240592.5,1,1760541111574
-1,-1,,,240795.5,1,1760541111778
-1,-1,,,241001.4000001,1,1760541111983
513.01,174.97,"epSeek-V3}",129,241198.5,1,1760541112180
548.01,189.97,"epSeek-V3}",129,241444,1,1760541112425
548.01,190.97,"epSeek-V3}",129,241670.5,1,1760541112652
567.01,194.97,"epSeek-V3}",129,241956.9000001,1,1760541112941
567.01,194.97,"epSeek-V3}",129,242140,1,1760541113121
567.01,194.97,"epSeek-V3}",129,242337.80000007,1,1760541113319
567.01,194.97,"epSeek-V3}",129,242498.30000007,1,1760541113480
567.01,239.39,"epSeek-V3}",129,242665.4000001,1,1760541113647
567.01,239.39,"epSeek-V3}",129,242841.9000001,1,1760541113823
567.01,283.8,"epSeek-V3}",129,243018.5,1,1760541114000
-1,-1,,,243199.9000001,1,1760541114180
-1,-1,,,243374.60000002,1,1760541114355
-1,-1,,,243535.5,1,1760541114516
-1,-1,,,243687.10000002,1,1760541114668
-1,-1,,,243851.60000002,1,1760541114832
-1,-1,,,244019.70000005,1,1760541115000
-1,-1,,,244194.80000007,1,1760541115176
-1,-1,,,244391.9000001,1,1760541115372
-1,-1,,,244561.5,1,1760541115542
-1,-1,,,244742.9000001,1,1760541115723
-1,-1,,,245035,1,1760541116016
-1,-1,,,245228.9000001,1,1760541116209
-1,-1,,,245430.9000001,1,1760541116411
-1,-1,,,245619.80000007,1,1760541116600
-1,-1,,,245818.30000007,1,1760541116799
-1,-1,,,246020.60000002,1,1760541117001
-1,-1,,,246187.60000002,1,1760541117168
-1,-1,,,246349,1,1760541117329
-1,-1,,,246500.20000005,1,1760541117481
-1,-1,,,246663.80000007,1,1760541117644
-1,-1,,,246826.5,1,1760541117807
-1,-1,,,246987.20000005,1,1760541117968
-1,-1,,,247147.30000007,1,1760541118128
-1,-1,,,247313.5,1,1760541118294
-1,-1,,,247491.5,1,1760541118472
-1,-1,,,247649.4000001,1,1760541118630
-1,-1,,,247804.70000005,1,1760541118785
-1,-1,,,247976.60000002,1,1760541118957
-1,-1,,,248155.20000005,1,1760541119136
-1,-1,,,248374.9000001,1,1760541119355
-1,-1,,,248566.60000002,1,1760541119547
-1,-1,,,248762.5,1,1760541119743
-1,-1,,,248943.20000005,1,1760541119924
-1,-1,,,249144.60000002,1,1760541120125
-1,-1,,,249351.30000007,1,1760541120332
-1,-1,,,249550.20000005,1,1760541120531
-1,-1,,,249813.5,1,1760541120794
-1,-1,,,250007.20000005,1,1760541120988
-1,-1,,,250213.30000007,1,1760541121194
-1,-1,,,250401.10000002,1,1760541121382
-1,-1,,,250601.9000001,1,1760541121582
-1,-1,,,250799.4000001,1,1760541121780
-1,-1,,,251022.30000007,1,1760541122003
-1,-1,,,251249.30000007,1,1760541122230
-1,-1,,,251434.5,1,1760541122415
-1,-1,,,251612.5,1,1760541122593
-1,-1,,,251905.4000001,1,1760541122886
-1,-1,,,252119.80000007,1,1760541123100
-1,-1,,,252317.30000007,1,1760541123298
-1,-1,,,252545.9000001,1,1760541123526
-1,-1,,,252735,1,1760541123715
-1,-1,,,252920.4000001,1,1760541123901
-1,-1,,,253094.60000002,1,1760541124077
-1,-1,,,253315.9000001,1,1760541124296
-1,-1,,,253542.10000002,1,1760541124522
-1,-1,,,253722.10000002,1,1760541124703
-1,-1,,,253883.30000007,1,1760541124864
-1,-1,,,254063.5,1,1760541125044
-1,-1,,,254215.9000001,1,1760541125196
-1,-1,,,254389.5,1,1760541125370
-1,-1,,,254549,1,1760541125530
-1,-1,,,254718.20000005,1,1760541125699
-1,-1,,,254893.9000001,1,1760541125874
-1,-1,,,255044,1,1760541126026
-1,-1,,,255196.4000001,1,1760541126177
-1,-1,,,255347.20000005,1,1760541126328
-1,-1,,,255594.80000007,1,1760541126576
-1,-1,,,255756.70000005,1,1760541126737
-1,-1,,,255937.80000007,1,1760541126918
-1,-1,,,256101.5,1,1760541127082
-1,-1,,,256262,1,1760541127242
-1,-1,,,256424.20000005,1,1760541127405
-1,-1,,,256582.4000001,1,1760541127563
-1,-1,,,256727.5,1,1760541127708
-1,-1,,,256885.80000007,1,1760541127866
-1,-1,,,257064,1,1760541128044
-1,-1,,,257215,1,1760541128195
-1,-1,,,257370.20000005,1,1760541128351
-1,-1,,,257535.60000002,1,1760541128516
-1,-1,,,257694.20000005,1,1760541128675
-1,-1,,,257839.60000002,1,1760541128820
-1,-1,,,258010.5,1,1760541128991
-1,-1,,,258163.4000001,1,1760541129144
-1,-1,,,258310.5,1,1760541129291
-1,-1,,,258464.4000001,1,1760541129445
-1,-1,,,258624.4000001,1,1760541129605
-1,-1,,,258782.60000002,1,1760541129763
-1,-1,,,258944.9000001,1,1760541129925
